rank,asset,market_id,market_slug,token_id,question,horizon_hours,feature_name,segment_type,segment_value,simplicity,sample_count,train_samples,test_samples,learned_direction,train_direction_match_rate,test_direction_match_rate,train_average_forward_return,test_average_forward_return,train_win_rate,test_win_rate,full_correlation,train_correlation,test_correlation,train_test_direction_match,stability,baseline_test_average_forward_return,test_improvement_over_baseline,net_test_improvement_after_cost,unique_flow_hours,active_wallet_coverage,non_zero_net_flow_coverage,score,grade,filter_reason,warnings
1,BTC,1345530,will-bitcoin-reach-80000-by-december-31-2026-195-842-488-785,57919935471407397521237084573781793510659396827525482575585173092467716045100,"Will Bitcoin reach $80,000 by December 31, 2026?",1,large_trade_count,all,all,0.8,11,6,5,-1,0.8333333333333334,0.8,0.001679344872608659,0.0034970068422598734,0.8333333333333334,0.8,nan,nan,nan,True,0.5,-0.00022659234022934702,0.0037235991824892205,-0.00027640081751077955,4,1.0,1.0,2.1147198364978443,REJECTED,insufficient_samples,duplicate_segment_competition;low_sample_warning
2,BTC,1345530,will-bitcoin-reach-80000-by-december-31-2026-195-842-488-785,57919935471407397521237084573781793510659396827525482575585173092467716045100,"Will Bitcoin reach $80,000 by December 31, 2026?",1,whale_flow_score,all,all,0.8,11,6,5,-1,0.8333333333333334,0.8,0.001679344872608659,0.0034970068422598734,0.8333333333333334,0.8,nan,nan,nan,True,0.5,-0.00022659234022934702,0.0037235991824892205,-0.00027640081751077955,4,1.0,1.0,2.1147198364978443,REJECTED,insufficient_samples,duplicate_segment_competition;low_sample_warning
3,ETH,1823795,will-ethereum-reach-2800-in-april-2026,103455081209713767851750094101142549597038869631663604903086082563273644697340,"Will Ethereum reach $2,800 in April?",4,copy_flow_count,all,all,0.7,15,9,6,-1,0.7777777777777778,0.6666666666666666,0.002339080361067967,0.0024132058062947236,0.7777777777777778,0.6666666666666666,nan,nan,nan,True,0.5,-0.0002828227956079873,0.002696028601902711,-0.0013039713980972892,1,1.0,1.0,1.6625390537138753,REJECTED,insufficient_samples,duplicate_segment_competition;low_sample_warning
4,ETH,1823795,will-ethereum-reach-2800-in-april-2026,103455081209713767851750094101142549597038869631663604903086082563273644697340,"Will Ethereum reach $2,800 in April?",24,copy_flow_count,all,all,0.7,15,9,6,-1,0.5555555555555556,0.6666666666666666,3.7150234464021774e-05,0.0016718225011782648,0.5555555555555556,0.6666666666666666,nan,nan,nan,True,0.5,-0.0006951825612745428,0.002367005062452808,-0.0016329949375471923,1,1.0,1.0,1.5967343458238947,REJECTED,insufficient_samples,duplicate_segment_competition;low_sample_warning
5,BTC,1393070,will-bitcoin-reach-1000000-by-december-31-2026-946,18571303954259773157233385333455041418270179723020753158306812650937565180666,"Will Bitcoin reach $1,000,000 by December 31, 2026?",4,net_flow_usdc,all,all,1.0,109,65,44,1,0.46153846153846156,0.5,2.8290930526871884e-05,0.00017080892125153672,0.46153846153846156,0.5,-0.018286487146820202,-0.02491325284494401,nan,True,0.5,-0.0020888587686207255,0.002259667689872262,-0.001740332310127738,2,1.0,1.0,2.1519335379744526,REJECTED,insufficient_unique_flow_hours,duplicate_segment_competition;low_sample_warning
6,BTC,1393070,will-bitcoin-reach-1000000-by-december-31-2026-946,18571303954259773157233385333455041418270179723020753158306812650937565180666,"Will Bitcoin reach $1,000,000 by December 31, 2026?",4,sell_volume_usdc,all,all,1.0,109,65,44,1,0.46153846153846156,0.5,2.8290930526871884e-05,0.00017080892125153672,0.46153846153846156,0.5,-0.018286487146820202,-0.02491325284494401,nan,True,0.5,-0.0020888587686207255,0.002259667689872262,-0.001740332310127738,2,1.0,1.0,2.1519335379744526,REJECTED,insufficient_unique_flow_hours,duplicate_segment_competition;low_sample_warning
7,BTC,1393070,will-bitcoin-reach-1000000-by-december-31-2026-946,18571303954259773157233385333455041418270179723020753158306812650937565180666,"Will Bitcoin reach $1,000,000 by December 31, 2026?",4,abs_net_flow_usdc,all,all,0.9,109,65,44,-1,0.46153846153846156,0.5,2.8290930526871884e-05,0.00017080892125153672,0.46153846153846156,0.5,0.018286487146820202,0.02491325284494401,nan,True,0.5,-0.0020888587686207255,0.002259667689872262,-0.001740332310127738,2,1.0,1.0,2.1319335379744526,REJECTED,insufficient_unique_flow_hours,duplicate_segment_competition;low_sample_warning
8,BTC,1393070,will-bitcoin-reach-1000000-by-december-31-2026-946,18571303954259773157233385333455041418270179723020753158306812650937565180666,"Will Bitcoin reach $1,000,000 by December 31, 2026?",4,unique_active_wallets,all,all,0.9,109,65,44,-1,0.46153846153846156,0.5,2.8290930526871884e-05,0.00017080892125153672,0.46153846153846156,0.5,nan,nan,nan,True,0.5,-0.0020888587686207255,0.002259667689872262,-0.001740332310127738,2,1.0,1.0,2.1319335379744526,REJECTED,insufficient_unique_flow_hours,duplicate_segment_competition;low_sample_warning
9,ETH,1823796,will-ethereum-reach-2600-in-april-2026,50308948122998050994686144925841639946050360545921215447281194779092729393480,"Will Ethereum reach $2,600 in April?",1,buy_volume_usdc,all,all,1.0,18,10,8,-1,0.6,0.25,0.0005560807688220071,0.0012820680880649795,0.6,0.25,-0.030838704451240984,0.033090344016320515,nan,True,0.5,-0.0009217349902877226,0.002203803078352702,-0.0017961969216472979,5,1.0,1.0,1.3207606156705405,REJECTED,insufficient_samples,duplicate_segment_competition;low_sample_warning
10,ETH,1823796,will-ethereum-reach-2600-in-april-2026,50308948122998050994686144925841639946050360545921215447281194779092729393480,"Will Ethereum reach $2,600 in April?",1,large_trade_count,all,all,0.8,25,15,10,-1,0.6,0.3,0.0015264608184872234,0.001210602959206556,0.6,0.3,nan,nan,nan,True,0.5,-0.0009217349902877226,0.0021323379494942785,-0.0018676620505057215,2,1.0,1.0,1.3364675898988558,REJECTED,insufficient_samples,duplicate_segment_competition;low_sample_warning
11,ETH,1823796,will-ethereum-reach-2600-in-april-2026,50308948122998050994686144925841639946050360545921215447281194779092729393480,"Will Ethereum reach $2,600 in April?",4,whale_flow_score,all,all,0.8,22,13,9,1,0.6153846153846154,0.8888888888888888,0.001449296657242344,0.0021168210154672087,0.6153846153846154,0.8888888888888888,0.2774189480621284,nan,0.6808971974017612,True,0.5,0.0003897649350862532,0.0017270560803809556,-0.0022729439196190445,2,1.0,1.0,2.003188993853969,REJECTED,insufficient_samples,duplicate_segment_competition;low_sample_warning
12,BTC,1823785,will-bitcoin-dip-to-35k-in-april-2026-269-515,55866919730905441060316639913713252112909337594136306040264616999652467664982,"Will Bitcoin dip to $35,000 in April?",1,net_flow_usdc,all,all,1.0,109,65,44,-1,0.47692307692307695,0.5,0.0001793973010825644,0.00017080892125153672,0.47692307692307695,0.5,-0.06445450181793742,-0.07178943186350492,-0.16136704272979083,True,0.814357886372701,-0.0014755168978630075,0.0016463258191145443,-0.002353674180885456,3,1.0,1.0,2.3436230501956103,REJECTED,insufficient_unique_flow_hours,duplicate_segment_competition;low_sample_warning
13,BTC,1823785,will-bitcoin-dip-to-35k-in-april-2026-269-515,55866919730905441060316639913713252112909337594136306040264616999652467664982,"Will Bitcoin dip to $35,000 in April?",1,abs_net_flow_usdc,all,all,0.9,109,65,44,-1,0.46153846153846156,0.5,2.8290930526871884e-05,0.00017080892125153672,0.46153846153846156,0.5,-0.0644010096107676,-0.07178943186350492,-0.16136704272979083,True,0.814357886372701,-0.0014755168978630075,0.0016463258191145443,-0.002353674180885456,3,1.0,1.0,2.3236230501956103,REJECTED,insufficient_unique_flow_hours,duplicate_segment_competition;low_sample_warning
14,BTC,1823785,will-bitcoin-dip-to-35k-in-april-2026-269-515,55866919730905441060316639913713252112909337594136306040264616999652467664982,"Will Bitcoin dip to $35,000 in April?",1,unique_active_wallets,all,all,0.9,109,65,44,-1,0.46153846153846156,0.5,2.8290930526871884e-05,0.00017080892125153672,0.46153846153846156,0.5,nan,nan,nan,True,0.5,-0.0014755168978630075,0.0016463258191145443,-0.002353674180885456,3,1.0,1.0,2.009265163822909,REJECTED,insufficient_unique_flow_hours,duplicate_segment_competition;low_sample_warning
15,BTC,701494,will-bitcoin-reach-120000-by-december-31-2026-625-425-562,65965214225073605704712365855887384729237451947822407248598722221769498441791,"Will Bitcoin reach $120,000 by December 31, 2026?",24,buy_volume_usdc,all,all,1.0,104,62,42,-1,0.46774193548387094,0.5,8.407734738699312e-05,0.00025916903598575535,0.46774193548387094,0.5,0.12696439414487076,nan,0.15432881896407594,True,0.5,-0.0013305566454758916,0.0015897256814616468,-0.0024102743185383533,2,1.0,1.0,2.0179451362923295,REJECTED,insufficient_unique_flow_hours,duplicate_segment_competition;low_sample_warning
16,BTC,701494,will-bitcoin-reach-120000-by-december-31-2026-625-425-562,65965214225073605704712365855887384729237451947822407248598722221769498441791,"Will Bitcoin reach $120,000 by December 31, 2026?",24,net_flow_usdc,all,all,1.0,104,62,42,-1,0.46774193548387094,0.5,8.407734738699312e-05,0.00025916903598575535,0.46774193548387094,0.5,0.12696439414487076,nan,0.15432881896407594,True,0.5,-0.0013305566454758916,0.0015897256814616468,-0.0024102743185383533,2,1.0,1.0,2.0179451362923295,REJECTED,insufficient_unique_flow_hours,duplicate_segment_competition;low_sample_warning
17,BTC,701494,will-bitcoin-reach-120000-by-december-31-2026-625-425-562,65965214225073605704712365855887384729237451947822407248598722221769498441791,"Will Bitcoin reach $120,000 by December 31, 2026?",24,abs_net_flow_usdc,all,all,0.9,104,62,42,-1,0.46774193548387094,0.5,8.407734738699312e-05,0.00025916903598575535,0.46774193548387094,0.5,0.12696439414487076,nan,0.15432881896407594,True,0.5,-0.0013305566454758916,0.0015897256814616468,-0.0024102743185383533,2,1.0,1.0,1.9979451362923293,REJECTED,insufficient_unique_flow_hours,duplicate_segment_competition;low_sample_warning
18,BTC,701494,will-bitcoin-reach-120000-by-december-31-2026-625-425-562,65965214225073605704712365855887384729237451947822407248598722221769498441791,"Will Bitcoin reach $120,000 by December 31, 2026?",24,unique_active_wallets,all,all,0.9,104,62,42,-1,0.46774193548387094,0.5,8.407734738699312e-05,0.00025916903598575535,0.46774193548387094,0.5,nan,nan,nan,True,0.5,-0.0013305566454758916,0.0015897256814616468,-0.0024102743185383533,2,1.0,1.0,1.9979451362923293,REJECTED,insufficient_unique_flow_hours,duplicate_segment_competition;low_sample_warning
19,ETH,1299187,megaeth-market-cap-fdv-1pt5b-one-day-after-launch-371-844-879-681,59361386662140736273790755583050126642583489495616165418126619457111736694733,MegaETH market cap (FDV) >$1.5B one day after launch?,4,flow_momentum_4h,all,all,0.6,77,46,31,1,0.5869565217391305,0.4838709677419355,0.00029823275388062036,0.0018982616773074465,0.5869565217391305,0.4838709677419355,0.25467653090897086,0.19516849672275446,0.2883449921429714,True,0.839033699344551,0.00033145925611960603,0.0015668024211878404,-0.0024331975788121595,13,1.0,1.0,2.042394183582119,REJECTED,insufficient_unique_flow_hours,duplicate_segment_competition;low_sample_warning
20,BTC,948958,bitcoin-all-time-high-by-december-31-2026,102959890468928530190954086704155483076852880798676895426376704430618826404382,"Bitcoin all time high by December 31, 2026?",4,buy_volume_usdc,all,all,1.0,126,75,51,-1,0.5066666666666667,0.47058823529411764,0.0002415302617412049,0.00010110379615068346,0.5066666666666667,0.47058823529411764,-0.0792062061205362,-0.1133421374427082,nan,True,0.5,-0.001446509373559759,0.0015476131697104425,-0.0024523868302895576,5,1.0,1.0,2.0095226339420886,REJECTED,insufficient_unique_flow_hours,duplicate_segment_competition;low_sample_warning
21,BTC,948958,bitcoin-all-time-high-by-december-31-2026,102959890468928530190954086704155483076852880798676895426376704430618826404382,"Bitcoin all time high by December 31, 2026?",4,net_flow_usdc,all,all,1.0,126,75,51,-1,0.5066666666666667,0.47058823529411764,0.0002415302617412049,0.00010110379615068346,0.5066666666666667,0.47058823529411764,-0.0792062061205362,-0.1133421374427082,nan,True,0.5,-0.001446509373559759,0.0015476131697104425,-0.0024523868302895576,5,1.0,1.0,2.0095226339420886,REJECTED,insufficient_unique_flow_hours,duplicate_segment_competition;low_sample_warning
22,BTC,948958,bitcoin-all-time-high-by-december-31-2026,102959890468928530190954086704155483076852880798676895426376704430618826404382,"Bitcoin all time high by December 31, 2026?",4,abs_net_flow_usdc,all,all,0.9,126,75,51,-1,0.5066666666666667,0.47058823529411764,0.0002415302617412049,0.00010110379615068346,0.5066666666666667,0.47058823529411764,-0.0792062061205362,-0.1133421374427082,nan,True,0.5,-0.001446509373559759,0.0015476131697104425,-0.0024523868302895576,5,1.0,1.0,1.9895226339420884,REJECTED,insufficient_unique_flow_hours,duplicate_segment_competition;low_sample_warning
23,BTC,948958,bitcoin-all-time-high-by-december-31-2026,102959890468928530190954086704155483076852880798676895426376704430618826404382,"Bitcoin all time high by December 31, 2026?",4,unique_active_wallets,all,all,0.9,126,75,51,-1,0.5066666666666667,0.47058823529411764,0.0002415302617412049,0.00010110379615068346,0.5066666666666667,0.47058823529411764,nan,nan,nan,True,0.5,-0.001446509373559759,0.0015476131697104425,-0.0024523868302895576,5,1.0,1.0,1.9895226339420884,REJECTED,insufficient_unique_flow_hours,duplicate_segment_competition;low_sample_warning
24,ETH,1383662,will-megaeth-launch-a-token-by-june-30-2026-676-993-477,29601542826076048097538062468538667893425689293490219370577801090612691914945,"Will MegaETH launch a token by June 30, 2026?",4,flow_momentum_4h,all,all,0.6,85,51,34,1,0.5490196078431373,0.5,3.346127177427742e-05,0.001323642821008136,0.5490196078431373,0.5,-0.0004340132681508845,-0.06673527938599923,0.10828184446584065,True,0.5133470558771999,-0.00019773589354041935,0.0015213787145485552,-0.002478621285451445,11,1.0,1.0,1.787622798786911,REJECTED,insufficient_unique_flow_hours,duplicate_segment_competition;low_sample_warning
25,ETH,1299187,megaeth-market-cap-fdv-1pt5b-one-day-after-launch-371-844-879-681,59361386662140736273790755583050126642583489495616165418126619457111736694733,MegaETH market cap (FDV) >$1.5B one day after launch?,24,sell_volume_usdc,all,all,1.0,28,16,12,-1,0.5,0.75,7.302311619017531e-05,0.0006769933165412656,0.5,0.75,-0.0031981104811963355,0.20041087113384895,nan,True,0.5,-0.0008243742898923202,0.0015013676064335858,-0.0024986323935664145,4,1.0,1.0,1.7802735212867171,REJECTED,insufficient_samples,duplicate_segment_competition;low_sample_warning
26,ETH,1299187,megaeth-market-cap-fdv-1pt5b-one-day-after-launch-371-844-879-681,59361386662140736273790755583050126642583489495616165418126619457111736694733,MegaETH market cap (FDV) >$1.5B one day after launch?,1,flow_momentum_4h,all,all,0.6,80,48,32,1,0.5416666666666666,0.5625,0.00045418533469241524,0.0014387907292667337,0.5416666666666666,0.5625,0.22714234944719752,0.22488113867172427,0.2213016496289267,True,0.8442603299257854,-2.9208936140114936e-05,0.0014679996654068485,-0.0025320003345931513,15,1.0,1.0,2.1828602630071554,REJECTED,insufficient_unique_flow_hours,duplicate_segment_competition;low_sample_warning
27,BTC,1343220,will-bitcoin-dip-to-10000-by-december-31-2026-888-644-567-258-946-853,42439528758178981890895605039938161151582654744978607695897321288347422769852,"Will Bitcoin dip to $10,000 by December 31, 2026?",24,flow_momentum_4h,all,all,0.6,69,41,28,-1,0.5609756097560976,0.5714285714285714,1.9834752820977035e-05,0.0006220326624760199,0.5609756097560976,0.5714285714285714,-0.10690560491106456,-0.12186545254074398,nan,True,0.5,-0.0008351919179676293,0.0014572245804436493,-0.0025427754195563508,15,1.0,1.0,1.7443020589458724,REJECTED,insufficient_unique_flow_hours,duplicate_segment_competition;low_sample_warning
28,ETH,1299187,megaeth-market-cap-fdv-1pt5b-one-day-after-launch-371-844-879-681,59361386662140736273790755583050126642583489495616165418126619457111736694733,MegaETH market cap (FDV) >$1.5B one day after launch?,24,net_flow_usdc,all,all,1.0,105,63,42,-1,0.5238095238095238,0.47619047619047616,8.106532515260215e-05,0.0006219171757402845,0.5238095238095238,0.47619047619047616,-0.024492718381450673,-0.038710079748805686,-0.012104940031576228,True,0.8024209880063153,-0.0008243742898923202,0.0014462914656326047,-0.0025537085343673954,15,1.0,1.0,2.2916792811328364,REJECTED,insufficient_unique_flow_hours,duplicate_segment_competition;low_sample_warning
29,ETH,1823794,will-ethereum-reach-3000-in-april-2026,98694887273478515891138203442549017191281454470497426834485838288268569808164,"Will Ethereum reach $3,000 in April?",1,buy_volume_usdc,all,all,1.0,17,10,7,1,0.7,0.7142857142857143,0.001258681920921896,0.0019428882907972216,0.7,0.7142857142857143,nan,nan,nan,True,0.5,0.0005049571793279453,0.0014379311114692764,-0.0025620688885307236,1,1.0,1.0,1.5861576508652837,REJECTED,insufficient_samples,duplicate_segment_competition;low_sample_warning
30,BTC,1339767,will-bitcoin-dip-to-50000-by-december-31-2026-454-325-222-878-949-487-451,13887983551129862992605123088744175927084435631400400451585519366058907542147,"Will Bitcoin dip to $50,000 by December 31, 2026?",1,flow_momentum_4h,all,all,0.6,27,16,11,-1,0.6875,0.36363636363636365,0.0014797534480215212,0.0010048355490920157,0.6875,0.36363636363636365,-0.1773514978858031,-0.1911619669644414,-0.10330454381474395,True,0.8206609087629488,-0.0003962324749712321,0.0014010680240632478,-0.002598931975936752,5,1.0,1.0,1.4908745135755983,REJECTED,insufficient_samples,duplicate_segment_competition;low_sample_warning
31,BTC,948958,bitcoin-all-time-high-by-december-31-2026,102959890468928530190954086704155483076852880798676895426376704430618826404382,"Bitcoin all time high by December 31, 2026?",1,buy_volume_usdc,all,all,1.0,129,77,52,-1,0.5064935064935064,0.46153846153846156,0.00025415958057059963,9.492890496390814e-05,0.5064935064935064,0.46153846153846156,0.13778934975010684,0.1961409163104944,nan,True,0.5,-0.001304284941382407,0.0013992138463463151,-0.002600786153653685,5,1.0,1.0,1.979842769269263,REJECTED,insufficient_unique_flow_hours,duplicate_segment_competition;low_sample_warning
32,BTC,948958,bitcoin-all-time-high-by-december-31-2026,102959890468928530190954086704155483076852880798676895426376704430618826404382,"Bitcoin all time high by December 31, 2026?",1,net_flow_usdc,all,all,1.0,129,77,52,-1,0.5064935064935064,0.46153846153846156,0.00025415958057059963,9.492890496390814e-05,0.5064935064935064,0.46153846153846156,0.13778934975010684,0.1961409163104944,nan,True,0.5,-0.001304284941382407,0.0013992138463463151,-0.002600786153653685,5,1.0,1.0,1.979842769269263,REJECTED,insufficient_unique_flow_hours,duplicate_segment_competition;low_sample_warning
33,BTC,948958,bitcoin-all-time-high-by-december-31-2026,102959890468928530190954086704155483076852880798676895426376704430618826404382,"Bitcoin all time high by December 31, 2026?",1,abs_net_flow_usdc,all,all,0.9,129,77,52,-1,0.5064935064935064,0.46153846153846156,0.00025415958057059963,9.492890496390814e-05,0.5064935064935064,0.46153846153846156,0.13778934975010684,0.1961409163104944,nan,True,0.5,-0.001304284941382407,0.0013992138463463151,-0.002600786153653685,5,1.0,1.0,1.959842769269263,REJECTED,insufficient_unique_flow_hours,duplicate_segment_competition;low_sample_warning
34,BTC,948958,bitcoin-all-time-high-by-december-31-2026,102959890468928530190954086704155483076852880798676895426376704430618826404382,"Bitcoin all time high by December 31, 2026?",1,unique_active_wallets,all,all,0.9,129,77,52,-1,0.5064935064935064,0.46153846153846156,0.00025415958057059963,9.492890496390814e-05,0.5064935064935064,0.46153846153846156,nan,nan,nan,True,0.5,-0.001304284941382407,0.0013992138463463151,-0.002600786153653685,5,1.0,1.0,1.959842769269263,REJECTED,insufficient_unique_flow_hours,duplicate_segment_competition;low_sample_warning
35,BTC,1823785,will-bitcoin-dip-to-35k-in-april-2026-269-515,55866919730905441060316639913713252112909337594136306040264616999652467664982,"Will Bitcoin dip to $35,000 in April?",1,sell_volume_usdc,all,all,1.0,29,17,12,-1,0.5882352941176471,0.4166666666666667,0.0003551829805571142,-9.392946886757792e-05,0.5882352941176471,0.4166666666666667,nan,nan,nan,False,0.0,-0.0014755168978630075,0.0013815874289954296,-0.0026184125710045705,1,1.0,1.0,0.7663174857990858,REJECTED,insufficient_samples,duplicate_segment_competition;low_sample_warning;unstable_train_test_warning
36,ETH,1823796,will-ethereum-reach-2600-in-april-2026,50308948122998050994686144925841639946050360545921215447281194779092729393480,"Will Ethereum reach $2,600 in April?",4,large_trade_count,all,all,0.8,22,13,9,-1,0.6153846153846154,0.5555555555555556,0.001449296657242344,0.0017236541512261271,0.6153846153846154,0.5555555555555556,nan,nan,nan,True,0.5,0.0003897649350862532,0.001333889216139874,-0.0026661107838601263,2,1.0,1.0,1.2578889543390859,REJECTED,insufficient_samples,duplicate_segment_competition;low_sample_warning
37,BTC,948957,bitcoin-all-time-high-by-september-30-2026,50388900663189748675936681554126016850520413670342348778716337126803310768728,"Bitcoin all time high by September 30, 2026?",24,buy_volume_usdc,all,all,1.0,39,23,16,-1,0.6086956521739131,0.4375,0.00022459343100860295,0.0006206867150489866,0.6086956521739131,0.4375,-0.022764061820271356,-0.03644484385259527,-0.2872459923155713,True,0.8072889687705191,-0.0006199442241211529,0.0012406309391701396,-0.0027593690608298605,3,1.0,1.0,1.6454151566045472,REJECTED,insufficient_unique_flow_hours,duplicate_segment_competition;low_sample_warning
38,BTC,948957,bitcoin-all-time-high-by-september-30-2026,50388900663189748675936681554126016850520413670342348778716337126803310768728,"Bitcoin all time high by September 30, 2026?",24,net_flow_usdc,all,all,1.0,39,23,16,-1,0.6086956521739131,0.4375,0.00022459343100860295,0.0006206867150489866,0.6086956521739131,0.4375,-0.022764061820271356,-0.03644484385259527,-0.2872459923155713,True,0.8072889687705191,-0.0006199442241211529,0.0012406309391701396,-0.0027593690608298605,3,1.0,1.0,1.6454151566045472,REJECTED,insufficient_unique_flow_hours,duplicate_segment_competition;low_sample_warning
39,BTC,948957,bitcoin-all-time-high-by-september-30-2026,50388900663189748675936681554126016850520413670342348778716337126803310768728,"Bitcoin all time high by September 30, 2026?",24,abs_net_flow_usdc,all,all,0.9,39,23,16,-1,0.6086956521739131,0.4375,0.00022459343100860295,0.0006206867150489866,0.6086956521739131,0.4375,-0.022764061820271356,-0.03644484385259527,-0.2872459923155713,True,0.8072889687705191,-0.0006199442241211529,0.0012406309391701396,-0.0027593690608298605,3,1.0,1.0,1.6254151566045472,REJECTED,insufficient_unique_flow_hours,duplicate_segment_competition;low_sample_warning
40,BTC,948957,bitcoin-all-time-high-by-september-30-2026,50388900663189748675936681554126016850520413670342348778716337126803310768728,"Bitcoin all time high by September 30, 2026?",24,unique_active_wallets,all,all,0.9,39,23,16,-1,0.6086956521739131,0.4375,0.00022459343100860295,0.0006206867150489866,0.6086956521739131,0.4375,nan,nan,nan,True,0.5,-0.0006199442241211529,0.0012406309391701396,-0.0027593690608298605,3,1.0,1.0,1.318126187834028,REJECTED,insufficient_unique_flow_hours,duplicate_segment_competition;low_sample_warning
41,ETH,1823795,will-ethereum-reach-2800-in-april-2026,103455081209713767851750094101142549597038869631663604903086082563273644697340,"Will Ethereum reach $2,800 in April?",1,copy_flow_count,all,all,0.7,15,9,6,-1,0.6666666666666666,0.5,0.0009047100960768536,0.001582050784669546,0.6666666666666666,0.5,nan,nan,nan,True,0.5,0.00046454083131356545,0.0011175099533559806,-0.0028824900466440195,1,1.0,1.0,1.013501990671196,REJECTED,insufficient_samples,duplicate_segment_competition;low_sample_warning
42,ETH,1299187,megaeth-market-cap-fdv-1pt5b-one-day-after-launch-371-844-879-681,59361386662140736273790755583050126642583489495616165418126619457111736694733,MegaETH market cap (FDV) >$1.5B one day after launch?,24,unique_active_wallets,all,all,0.9,105,63,42,-1,0.47619047619047616,0.35714285714285715,1.4238468172812223e-05,0.0002749387458326198,0.47619047619047616,0.35714285714285715,0.08719683802627289,0.06685710865603613,0.11835640013867686,True,0.8133714217312072,-0.0008243742898923202,0.0010993130357249401,-0.00290068696427506,15,1.0,1.0,2.2132340288761956,REJECTED,insufficient_unique_flow_hours,duplicate_segment_competition;low_sample_warning
43,ETH,1299187,megaeth-market-cap-fdv-1pt5b-one-day-after-launch-371-844-879-681,59361386662140736273790755583050126642583489495616165418126619457111736694733,MegaETH market cap (FDV) >$1.5B one day after launch?,24,abs_net_flow_usdc,all,all,0.9,105,63,42,-1,0.47619047619047616,0.35714285714285715,1.4238468172812223e-05,0.0002749387458326198,0.47619047619047616,0.35714285714285715,0.06631141212312898,-0.06697885079952942,0.11664840681335478,True,0.5133957701599059,-0.0008243742898923202,0.0010993130357249401,-0.00290068696427506,15,1.0,1.0,1.913258377304894,REJECTED,insufficient_unique_flow_hours,duplicate_segment_competition;low_sample_warning
44,ETH,1823796,will-ethereum-reach-2600-in-april-2026,50308948122998050994686144925841639946050360545921215447281194779092729393480,"Will Ethereum reach $2,600 in April?",1,abs_net_flow_usdc,all,all,0.9,128,76,52,-1,0.5394736842105263,0.36538461538461536,0.0005114526837694871,0.00017063749127411987,0.5394736842105263,0.36538461538461536,-0.11454884198117403,-0.14252362638407054,-0.09856992272758006,True,0.819713984545516,-0.0009217349902877226,0.0010923724815618424,-0.0029076275184381577,7,1.0,1.0,2.2181884808578847,REJECTED,insufficient_unique_flow_hours,duplicate_segment_competition;low_sample_warning
45,ETH,1823796,will-ethereum-reach-2600-in-april-2026,50308948122998050994686144925841639946050360545921215447281194779092729393480,"Will Ethereum reach $2,600 in April?",1,unique_active_wallets,all,all,0.9,128,76,52,-1,0.5394736842105263,0.36538461538461536,0.0005114526837694871,0.00017063749127411987,0.5394736842105263,0.36538461538461536,nan,nan,nan,True,0.5,-0.0009217349902877226,0.0010923724815618424,-0.0029076275184381577,7,1.0,1.0,1.8984744963123685,REJECTED,insufficient_unique_flow_hours,duplicate_segment_competition;low_sample_warning
46,BTC,948958,bitcoin-all-time-high-by-december-31-2026,102959890468928530190954086704155483076852880798676895426376704430618826404382,"Bitcoin all time high by December 31, 2026?",4,flow_momentum_4h,all,all,0.6,88,52,36,1,0.5576923076923077,0.4722222222222222,5.250587726244611e-05,-0.00038372682548068883,0.5576923076923077,0.4722222222222222,nan,nan,nan,False,0.0,-0.001446509373559759,0.0010627825480790702,-0.00293721745192093,1,1.0,1.0,1.2125565096158142,REJECTED,insufficient_unique_flow_hours,duplicate_segment_competition;low_sample_warning;unstable_train_test_warning
47,BTC,1823771,will-bitcoin-reach-105k-in-april-2026,5855998775638456008143009293415543579001929689452953587667154608243793082021,"Will Bitcoin reach $105,000 in April?",4,net_flow_usdc,all,all,1.0,81,48,33,1,0.4375,0.5454545454545454,3.096870181837475e-05,0.0004090372187734906,0.4375,0.5454545454545454,-0.002537831593588876,0.022278911648032217,nan,True,0.5,-0.0006353183227067634,0.001044355541480254,-0.002955644458519746,8,1.0,1.0,1.8097801992051417,REJECTED,insufficient_unique_flow_hours,duplicate_segment_competition;low_sample_warning
48,BTC,1823771,will-bitcoin-reach-105k-in-april-2026,5855998775638456008143009293415543579001929689452953587667154608243793082021,"Will Bitcoin reach $105,000 in April?",4,sell_volume_usdc,all,all,1.0,81,48,33,1,0.4375,0.5454545454545454,3.096870181837475e-05,0.0004090372187734906,0.4375,0.5454545454545454,-0.002537831593588876,0.022278911648032217,nan,True,0.5,-0.0006353183227067634,0.001044355541480254,-0.002955644458519746,8,1.0,1.0,1.8097801992051417,REJECTED,insufficient_unique_flow_hours,duplicate_segment_competition;low_sample_warning
49,BTC,1823771,will-bitcoin-reach-105k-in-april-2026,5855998775638456008143009293415543579001929689452953587667154608243793082021,"Will Bitcoin reach $105,000 in April?",4,abs_net_flow_usdc,all,all,0.9,81,48,33,-1,0.4375,0.5454545454545454,3.096870181837475e-05,0.0004090372187734906,0.4375,0.5454545454545454,0.002537831593588876,-0.022278911648032217,nan,True,0.5,-0.0006353183227067634,0.001044355541480254,-0.002955644458519746,8,1.0,1.0,1.7897801992051416,REJECTED,insufficient_unique_flow_hours,duplicate_segment_competition;low_sample_warning
50,BTC,1823771,will-bitcoin-reach-105k-in-april-2026,5855998775638456008143009293415543579001929689452953587667154608243793082021,"Will Bitcoin reach $105,000 in April?",4,unique_active_wallets,all,all,0.9,81,48,33,-1,0.4375,0.5454545454545454,3.096870181837475e-05,0.0004090372187734906,0.4375,0.5454545454545454,nan,nan,nan,True,0.5,-0.0006353183227067634,0.001044355541480254,-0.002955644458519746,8,1.0,1.0,1.7897801992051416,REJECTED,insufficient_unique_flow_hours,duplicate_segment_competition;low_sample_warning
51,BTC,1823779,will-bitcoin-dip-to-65k-in-april-2026-355-765,91891168804884935930999247357727984305771756132991676079520973027739343180431,"Will Bitcoin dip to $65,000 in April?",4,sell_volume_usdc,all,all,1.0,31,18,13,1,0.5555555555555556,0.46153846153846156,0.00015083840919355668,0.0009615589933253223,0.5555555555555556,0.46153846153846156,-0.039452670367909705,0.0923407989909612,-0.08363208958701673,True,0.5167264179174034,-6.142111260164832e-05,0.0010229801059269707,-0.002977019894073029,3,1.0,1.0,1.2313224391027975,REJECTED,insufficient_samples,duplicate_segment_competition;low_sample_warning
52,BTC,1823785,will-bitcoin-dip-to-35k-in-april-2026-269-515,55866919730905441060316639913713252112909337594136306040264616999652467664982,"Will Bitcoin dip to $35,000 in April?",1,buy_volume_usdc,all,all,1.0,80,48,32,1,0.5833333333333334,0.4375,1.548356507725789e-05,-0.0004690209745650836,0.5833333333333334,0.4375,-0.05408160261731571,0.0416284714154191,nan,False,0.0,-0.0014755168978630075,0.0010064959232979238,-0.0029935040767020762,2,1.0,1.0,1.2012991846595849,REJECTED,insufficient_unique_flow_hours,duplicate_segment_competition;low_sample_warning;unstable_train_test_warning
53,BTC,1823776,will-bitcoin-reach-80k-in-april-2026-794,22893138393795740138249503228269517733051888602506683062209713465144747482167,"Will Bitcoin reach $80,000 in April?",24,flow_momentum_4h,all,all,0.6,27,16,11,-1,0.6875,0.36363636363636365,0.00030187719734155844,0.0010713045175937267,0.6875,0.36363636363636365,nan,nan,nan,True,0.5,8.12365184750821e-05,0.0009900679991186447,-0.0030099320008813556,1,1.0,1.0,1.088013599823729,REJECTED,insufficient_samples,duplicate_segment_competition;low_sample_warning
54,ETH,1823795,will-ethereum-reach-2800-in-april-2026,103455081209713767851750094101142549597038869631663604903086082563273644697340,"Will Ethereum reach $2,800 in April?",24,net_flow_usdc,all,all,1.0,103,61,42,-1,0.5245901639344263,0.35714285714285715,0.00011409264268395696,0.0002749387458326198,0.5245901639344263,0.35714285714285715,-0.043022060789730844,-0.07805285752206276,nan,True,0.5,-0.0006951825612745428,0.0009701213071071626,-0.0030298786928928375,3,1.0,1.0,1.8940242614214324,REJECTED,insufficient_unique_flow_hours,duplicate_segment_competition;low_sample_warning
55,ETH,1823795,will-ethereum-reach-2800-in-april-2026,103455081209713767851750094101142549597038869631663604903086082563273644697340,"Will Ethereum reach $2,800 in April?",24,abs_net_flow_usdc,all,all,0.9,103,61,42,-1,0.47540983606557374,0.35714285714285715,0.00010940751402324074,0.0002749387458326198,0.47540983606557374,0.35714285714285715,0.012397191574233113,-0.009065072503404402,nan,True,0.5,-0.0006951825612745428,0.0009701213071071626,-0.0030298786928928375,3,1.0,1.0,1.8740242614214324,REJECTED,insufficient_unique_flow_hours,duplicate_segment_competition;low_sample_warning
56,ETH,1823795,will-ethereum-reach-2800-in-april-2026,103455081209713767851750094101142549597038869631663604903086082563273644697340,"Will Ethereum reach $2,800 in April?",24,unique_active_wallets,all,all,0.9,103,61,42,-1,0.47540983606557374,0.35714285714285715,0.00010940751402324074,0.0002749387458326198,0.47540983606557374,0.35714285714285715,-0.0540429763186209,-0.13441894406898988,nan,True,0.5,-0.0006951825612745428,0.0009701213071071626,-0.0030298786928928375,3,1.0,1.0,1.8740242614214324,REJECTED,insufficient_unique_flow_hours,duplicate_segment_competition;low_sample_warning
57,ETH,1823794,will-ethereum-reach-3000-in-april-2026,98694887273478515891138203442549017191281454470497426834485838288268569808164,"Will Ethereum reach $3,000 in April?",4,sell_volume_usdc,all,all,1.0,91,54,37,1,0.5,0.35135135135135137,3.652742735056927e-05,5.110586977275821e-05,0.5,0.35135135135135137,-0.16791970771281506,-0.3094539044069359,0.19998643240646324,True,0.5399972864812926,-0.0009176398628258503,0.0009687457325986085,-0.0030312542674013915,3,1.0,1.0,1.8437464330010143,REJECTED,insufficient_unique_flow_hours,duplicate_segment_competition;low_sample_warning
58,ETH,1823794,will-ethereum-reach-3000-in-april-2026,98694887273478515891138203442549017191281454470497426834485838288268569808164,"Will Ethereum reach $3,000 in April?",4,net_flow_usdc,all,all,1.0,108,64,44,-1,0.5,0.5681818181818182,7.155602340534609e-06,4.0605022667834374e-05,0.5,0.5681818181818182,-0.11259208747858739,-0.30359358919087903,0.02083980885551897,True,0.5041679617711038,-0.0009176398628258503,0.0009582448854936847,-0.003041755114506315,4,1.0,1.0,2.032180575233477,REJECTED,insufficient_unique_flow_hours,duplicate_segment_competition;low_sample_warning
59,ETH,1383662,will-megaeth-launch-a-token-by-june-30-2026-676-993-477,29601542826076048097538062468538667893425689293490219370577801090612691914945,"Will MegaETH launch a token by June 30, 2026?",24,flow_momentum_4h,all,all,0.6,65,39,26,-1,0.5384615384615384,0.5769230769230769,0.0003544050622871155,0.001595909740381302,0.5384615384615384,0.5769230769230769,0.0015717010906772303,-0.31264290499776753,-0.12669806813128684,True,0.8253396136262574,0.0006534731362041818,0.0009424366041771202,-0.00305756339582288,9,1.0,1.0,1.937673088307835,REJECTED,insufficient_unique_flow_hours,duplicate_segment_competition;low_sample_warning
60,BTC,948958,bitcoin-all-time-high-by-december-31-2026,102959890468928530190954086704155483076852880798676895426376704430618826404382,"Bitcoin all time high by December 31, 2026?",1,flow_momentum_4h,all,all,0.6,91,54,37,1,0.5370370370370371,0.4864864864864865,6.23412913521885e-05,-0.00037251038246718216,0.5370370370370371,0.4864864864864865,nan,nan,nan,False,0.0,-0.001304284941382407,0.0009317745589152249,-0.0030682254410847754,1,1.0,1.0,1.216354911783045,REJECTED,insufficient_unique_flow_hours,duplicate_segment_competition;low_sample_warning;unstable_train_test_warning
61,ETH,1383662,will-megaeth-launch-a-token-by-june-30-2026-676-993-477,29601542826076048097538062468538667893425689293490219370577801090612691914945,"Will MegaETH launch a token by June 30, 2026?",1,flow_momentum_4h,all,all,0.6,88,52,36,1,0.5769230769230769,0.4722222222222222,0.00010441804949925238,0.0008935217852652529,0.5769230769230769,0.4722222222222222,0.02324586301274524,-0.03527647168448814,0.2724053919641621,True,0.5070552943368977,-3.7119219684584775e-05,0.0009306410049498377,-0.0030693589950501624,11,1.0,1.0,1.6931834953268652,REJECTED,insufficient_unique_flow_hours,duplicate_segment_competition;low_sample_warning
62,BTC,1823776,will-bitcoin-reach-80k-in-april-2026-794,22893138393795740138249503228269517733051888602506683062209713465144747482167,"Will Bitcoin reach $80,000 in April?",24,buy_volume_usdc,all,all,1.0,29,17,12,-1,0.6470588235294118,0.4166666666666667,0.0001272263849826422,0.0009881843665817292,0.6470588235294118,0.4166666666666667,-0.16716484548700117,-0.19605399724509212,nan,True,0.5,8.12365184750821e-05,0.000906947848106647,-0.003093052151893353,3,1.0,1.0,1.1713895696213295,REJECTED,insufficient_samples,duplicate_segment_competition;low_sample_warning
63,BTC,1393070,will-bitcoin-reach-1000000-by-december-31-2026-946,18571303954259773157233385333455041418270179723020753158306812650937565180666,"Will Bitcoin reach $1,000,000 by December 31, 2026?",24,net_flow_usdc,all,all,1.0,89,53,36,-1,0.5471698113207547,0.4722222222222222,1.1844180012012773e-05,-0.00038372682548068883,0.5471698113207547,0.4722222222222222,0.09617705665055834,0.2087936486074955,nan,False,0.0,-0.0012704425436997795,0.0008867157182190907,-0.0031132842817809094,2,1.0,1.0,1.267343143643818,REJECTED,insufficient_unique_flow_hours,duplicate_segment_competition;low_sample_warning;unstable_train_test_warning
64,BTC,1393070,will-bitcoin-reach-1000000-by-december-31-2026-946,18571303954259773157233385333455041418270179723020753158306812650937565180666,"Will Bitcoin reach $1,000,000 by December 31, 2026?",24,sell_volume_usdc,all,all,1.0,89,53,36,-1,0.5471698113207547,0.4722222222222222,1.1844180012012773e-05,-0.00038372682548068883,0.5471698113207547,0.4722222222222222,0.09617705665055834,0.2087936486074955,nan,False,0.0,-0.0012704425436997795,0.0008867157182190907,-0.0031132842817809094,2,1.0,1.0,1.267343143643818,REJECTED,insufficient_unique_flow_hours,duplicate_segment_competition;low_sample_warning;unstable_train_test_warning
65,BTC,1393070,will-bitcoin-reach-1000000-by-december-31-2026-946,18571303954259773157233385333455041418270179723020753158306812650937565180666,"Will Bitcoin reach $1,000,000 by December 31, 2026?",24,abs_net_flow_usdc,all,all,0.9,89,53,36,1,0.5471698113207547,0.4722222222222222,1.1844180012012773e-05,-0.00038372682548068883,0.5471698113207547,0.4722222222222222,-0.09617705665055834,-0.2087936486074955,nan,False,0.0,-0.0012704425436997795,0.0008867157182190907,-0.0031132842817809094,2,1.0,1.0,1.247343143643818,REJECTED,insufficient_unique_flow_hours,duplicate_segment_competition;low_sample_warning;unstable_train_test_warning
66,BTC,1393070,will-bitcoin-reach-1000000-by-december-31-2026-946,18571303954259773157233385333455041418270179723020753158306812650937565180666,"Will Bitcoin reach $1,000,000 by December 31, 2026?",24,unique_active_wallets,all,all,0.9,89,53,36,1,0.5471698113207547,0.4722222222222222,1.1844180012012773e-05,-0.00038372682548068883,0.5471698113207547,0.4722222222222222,nan,nan,nan,False,0.0,-0.0012704425436997795,0.0008867157182190907,-0.0031132842817809094,2,1.0,1.0,1.247343143643818,REJECTED,insufficient_unique_flow_hours,duplicate_segment_competition;low_sample_warning;unstable_train_test_warning
67,ETH,1823796,will-ethereum-reach-2600-in-april-2026,50308948122998050994686144925841639946050360545921215447281194779092729393480,"Will Ethereum reach $2,600 in April?",1,sell_volume_usdc,all,all,1.0,110,66,44,1,0.5303030303030303,0.38636363636363635,0.0005102323414973685,-3.975303224615831e-05,0.5303030303030303,0.38636363636363635,0.12406178086932838,0.15613151008635068,nan,False,0.0,-0.0009217349902877226,0.0008819819580415643,-0.003118018041958436,2,1.0,1.0,1.3763963916083128,REJECTED,insufficient_unique_flow_hours,duplicate_segment_competition;low_sample_warning;unstable_train_test_warning
68,BTC,1339767,will-bitcoin-dip-to-50000-by-december-31-2026-454-325-222-878-949-487-451,13887983551129862992605123088744175927084435631400400451585519366058907542147,"Will Bitcoin dip to $50,000 by December 31, 2026?",4,flow_momentum_4h,all,all,0.6,24,14,10,-1,0.7142857142857143,0.3,0.0023063517180655323,0.0009509277563201927,0.7142857142857143,0.3,-0.40239780118260965,-0.5212616788107018,nan,True,0.5,6.998697892190646e-05,0.0008809407773982862,-0.003119059222601714,4,1.0,1.0,1.0361881554796573,REJECTED,insufficient_samples,duplicate_segment_competition;low_sample_warning
69,ETH,1823794,will-ethereum-reach-3000-in-april-2026,98694887273478515891138203442549017191281454470497426834485838288268569808164,"Will Ethereum reach $3,000 in April?",1,net_flow_usdc,all,all,1.0,111,66,45,1,0.5151515151515151,0.5111111111111111,0.0001989317899487536,0.0013831496155747214,0.5151515151515151,0.5111111111111111,-0.017968970550368443,0.07373184626775083,-0.02319139145042309,True,0.5046382782900846,0.0005049571793279453,0.0008781924362467761,-0.003121807563753224,5,1.0,1.0,1.902498987761662,REJECTED,insufficient_unique_flow_hours,duplicate_segment_competition;low_sample_warning
70,BTC,1823779,will-bitcoin-dip-to-65k-in-april-2026-355-765,91891168804884935930999247357727984305771756132991676079520973027739343180431,"Will Bitcoin dip to $65,000 in April?",1,sell_volume_usdc,all,all,1.0,34,20,14,1,0.65,0.42857142857142855,0.0003382059553208806,0.0008050999540714197,0.65,0.42857142857142855,-0.11148931382358519,-0.08666958347135995,-0.12293494503169897,True,0.817333916694272,-5.466492421232234e-05,0.000859764878283742,-0.003140235121716258,3,1.0,1.0,1.5292868923510203,REJECTED,insufficient_samples,duplicate_segment_competition;low_sample_warning
71,ETH,1299187,megaeth-market-cap-fdv-1pt5b-one-day-after-launch-371-844-879-681,59361386662140736273790755583050126642583489495616165418126619457111736694733,MegaETH market cap (FDV) >$1.5B one day after launch?,1,large_trade_count,all,all,0.8,21,12,9,-1,0.5833333333333334,0.6666666666666666,0.0007399774093411925,0.000826378398326368,0.5833333333333334,0.6666666666666666,0.0666106965616121,nan,0.153998866405952,True,0.5,-2.9208936140114936e-05,0.0008555873344664829,-0.0031444126655335173,7,1.0,1.0,1.3744508002266298,REJECTED,insufficient_samples,duplicate_segment_competition;low_sample_warning
72,ETH,556062,megaeth-market-cap-fdv-2b-one-day-after-launch-738-867-649-272-765-733,57301498276970257025109591078431189727442302532145853906375186182281603517458,MegaETH market cap (FDV) >$2B one day after launch?,24,whale_flow_score,all,all,0.8,32,19,13,-1,0.47368421052631576,0.38461538461538464,0.0008747354167735442,0.0010358123306687043,0.47368421052631576,0.38461538461538464,-0.09573748158756146,-0.11152050437975435,nan,True,0.5,0.00018288868580046907,0.0008529236448682352,-0.0031470763551317647,4,1.0,1.0,1.150584728973647,REJECTED,insufficient_samples,duplicate_segment_competition;low_sample_warning
73,BTC,665258,will-china-unban-bitcoin-by-2027,91810646921497227084241579668235102205462718984593674693010693975258849328842,Will China unban Bitcoin by 2027?,24,net_flow_usdc,all,all,1.0,34,20,14,-1,0.55,0.35714285714285715,0.00019334777717118842,0.0007538332911315008,0.55,0.35714285714285715,-0.07743797363365959,-0.016046102976251708,nan,True,0.5,-8.921491742878031e-05,0.0008430482085602811,-0.003156951791439719,2,1.0,1.0,1.2086096417120562,REJECTED,insufficient_samples,duplicate_segment_competition;low_sample_warning
74,BTC,665258,will-china-unban-bitcoin-by-2027,91810646921497227084241579668235102205462718984593674693010693975258849328842,Will China unban Bitcoin by 2027?,24,sell_volume_usdc,all,all,1.0,34,20,14,-1,0.55,0.35714285714285715,0.00019334777717118842,0.0007538332911315008,0.55,0.35714285714285715,-0.07743797363365959,-0.016046102976251708,nan,True,0.5,-8.921491742878031e-05,0.0008430482085602811,-0.003156951791439719,2,1.0,1.0,1.2086096417120562,REJECTED,insufficient_samples,duplicate_segment_competition;low_sample_warning
75,BTC,665258,will-china-unban-bitcoin-by-2027,91810646921497227084241579668235102205462718984593674693010693975258849328842,Will China unban Bitcoin by 2027?,24,abs_net_flow_usdc,all,all,0.9,34,20,14,1,0.55,0.35714285714285715,0.00019334777717118842,0.0007538332911315008,0.55,0.35714285714285715,0.07743797363365959,0.016046102976251708,nan,True,0.5,-8.921491742878031e-05,0.0008430482085602811,-0.003156951791439719,2,1.0,1.0,1.1886096417120562,REJECTED,insufficient_samples,duplicate_segment_competition;low_sample_warning
76,ETH,701552,will-ethereum-dip-to-1500-by-december-31-2026,101639751789549589765350117072740510018809594718571111931328241076831078702528,"Will Ethereum dip to $1,500 by December 31, 2026?",24,buy_volume_usdc,all,all,1.0,56,33,23,-1,0.42424242424242425,0.391304347826087,0.00014103248799293353,0.00043120847080084875,0.42424242424242425,0.391304347826087,0.10642957693731875,nan,0.12184477698578118,True,0.5,-0.0004029073076509781,0.0008341157784518268,-0.0031658842215481734,2,1.0,1.0,1.4268231556903654,REJECTED,insufficient_unique_flow_hours,duplicate_segment_competition;low_sample_warning
77,BTC,1345530,will-bitcoin-reach-80000-by-december-31-2026-195-842-488-785,57919935471407397521237084573781793510659396827525482575585173092467716045100,"Will Bitcoin reach $80,000 by December 31, 2026?",1,flow_momentum_4h,all,all,0.6,80,48,32,-1,0.5833333333333334,0.625,1.548356507725789e-05,0.0005854496608883269,0.5833333333333334,0.625,-0.17085666361107868,-0.13032285244938974,-0.1643476856474454,True,0.826064570489878,-0.00022659234022934702,0.0008120420011176739,-0.003187957998882326,11,1.0,1.0,2.158472970713413,REJECTED,insufficient_unique_flow_hours,duplicate_segment_competition;low_sample_warning
78,ETH,1823795,will-ethereum-reach-2800-in-april-2026,103455081209713767851750094101142549597038869631663604903086082563273644697340,"Will Ethereum reach $2,800 in April?",4,buy_volume_usdc,all,all,1.0,89,53,36,-1,0.5094339622641509,0.3888888888888889,0.0006179149853538272,0.0005024559870844942,0.5094339622641509,0.3888888888888889,-0.1893928553937711,-0.38320018790228694,nan,True,0.5,-0.0002828227956079873,0.0007852787826924815,-0.0032147212173075186,2,1.0,1.0,1.7470557565384963,REJECTED,insufficient_unique_flow_hours,duplicate_segment_competition;low_sample_warning
79,BTC,1345530,will-bitcoin-reach-80000-by-december-31-2026-195-842-488-785,57919935471407397521237084573781793510659396827525482575585173092467716045100,"Will Bitcoin reach $80,000 by December 31, 2026?",4,flow_momentum_4h,all,all,0.6,77,46,31,-1,0.5869565217391305,0.5806451612903226,0.00010254342283731964,0.0006352145225404207,0.5869565217391305,0.5806451612903226,-0.07844285922655636,0.14987983553380638,-0.044739627499693874,True,0.5089479254999387,-8.582107144991882e-05,0.0007210355939903395,-0.0032789644060096605,9,1.0,1.0,1.7044453668786517,REJECTED,insufficient_unique_flow_hours,duplicate_segment_competition;low_sample_warning
80,ETH,556062,megaeth-market-cap-fdv-2b-one-day-after-launch-738-867-649-272-765-733,57301498276970257025109591078431189727442302532145853906375186182281603517458,MegaETH market cap (FDV) >$2B one day after launch?,24,large_trade_count,all,all,0.8,33,19,14,-1,0.42105263157894735,0.35714285714285715,0.00023800656978150962,0.0008845785349197227,0.42105263157894735,0.35714285714285715,0.1253376857972202,0.1354110678734561,nan,True,0.5,0.00018288868580046907,0.0007016898491192536,-0.0032983101508807467,5,1.0,0.9696969696969697,1.130337969823851,REJECTED,insufficient_samples,duplicate_segment_competition;low_sample_warning
81,BTC,1823779,will-bitcoin-dip-to-65k-in-april-2026-355-765,91891168804884935930999247357727984305771756132991676079520973027739343180431,"Will Bitcoin dip to $65,000 in April?",4,flow_momentum_4h,all,all,0.6,68,40,28,1,0.625,0.5714285714285714,0.00024951891126147535,0.0006220326624760199,0.625,0.5714285714285714,-0.008112083449963335,0.09548756601978789,-0.08821756203593412,True,0.5176435124071869,-6.142111260164832e-05,0.0006834537750776683,-0.0033165462249223317,4,1.0,1.0,1.5971914102798634,REJECTED,insufficient_unique_flow_hours,duplicate_segment_competition;low_sample_warning
82,ETH,1823794,will-ethereum-reach-3000-in-april-2026,98694887273478515891138203442549017191281454470497426834485838288268569808164,"Will Ethereum reach $3,000 in April?",4,abs_net_flow_usdc,all,all,0.9,108,64,44,1,0.5,0.6363636363636364,7.155602340534609e-06,-0.00023703033213678937,0.5,0.6363636363636364,0.09246410881656467,0.30359358919087903,-0.08559291660563202,False,0.017118583321126406,-0.0009176398628258503,0.0006806095306890609,-0.0033193904693109393,4,1.0,1.0,1.6059677621862114,REJECTED,insufficient_unique_flow_hours,duplicate_segment_competition;low_sample_warning;unstable_train_test_warning
83,ETH,1823794,will-ethereum-reach-3000-in-april-2026,98694887273478515891138203442549017191281454470497426834485838288268569808164,"Will Ethereum reach $3,000 in April?",4,unique_active_wallets,all,all,0.9,108,64,44,1,0.5,0.6363636363636364,7.155602340534609e-06,-0.00023703033213678937,0.5,0.6363636363636364,nan,nan,nan,False,0.0,-0.0009176398628258503,0.0006806095306890609,-0.0033193904693109393,4,1.0,1.0,1.588849178865085,REJECTED,insufficient_unique_flow_hours,duplicate_segment_competition;low_sample_warning;unstable_train_test_warning
84,XRP,1823902,will-xrp-reach-2-in-april-2026,67556301124097607260152199396403959080839673893054926374870558197278260784915,Will XRP reach $2.00 in April?,1,buy_volume_usdc,all,all,1.0,111,66,45,-1,0.4696969696969697,0.5555555555555556,1.600455958627124e-05,0.0004363949084312047,0.4696969696969697,0.5555555555555556,nan,nan,nan,True,0.5,-0.0002112300123287908,0.0006476249207599954,-0.0033523750792400046,1,1.0,1.0,1.94063609526311,REJECTED,insufficient_unique_flow_hours,duplicate_segment_competition;low_sample_warning
85,XRP,1823902,will-xrp-reach-2-in-april-2026,67556301124097607260152199396403959080839673893054926374870558197278260784915,Will XRP reach $2.00 in April?,1,net_flow_usdc,all,all,1.0,111,66,45,-1,0.4696969696969697,0.5555555555555556,1.600455958627124e-05,0.0004363949084312047,0.4696969696969697,0.5555555555555556,nan,nan,nan,True,0.5,-0.0002112300123287908,0.0006476249207599954,-0.0033523750792400046,1,1.0,1.0,1.94063609526311,REJECTED,insufficient_unique_flow_hours,duplicate_segment_competition;low_sample_warning
86,XRP,1823902,will-xrp-reach-2-in-april-2026,67556301124097607260152199396403959080839673893054926374870558197278260784915,Will XRP reach $2.00 in April?,1,abs_net_flow_usdc,all,all,0.9,111,66,45,-1,0.4696969696969697,0.5555555555555556,1.600455958627124e-05,0.0004363949084312047,0.4696969696969697,0.5555555555555556,nan,nan,nan,True,0.5,-0.0002112300123287908,0.0006476249207599954,-0.0033523750792400046,1,1.0,1.0,1.92063609526311,REJECTED,insufficient_unique_flow_hours,duplicate_segment_competition;low_sample_warning
87,XRP,1823902,will-xrp-reach-2-in-april-2026,67556301124097607260152199396403959080839673893054926374870558197278260784915,Will XRP reach $2.00 in April?,1,unique_active_wallets,all,all,0.9,111,66,45,-1,0.4696969696969697,0.5555555555555556,1.600455958627124e-05,0.0004363949084312047,0.4696969696969697,0.5555555555555556,nan,nan,nan,True,0.5,-0.0002112300123287908,0.0006476249207599954,-0.0033523750792400046,1,1.0,1.0,1.92063609526311,REJECTED,insufficient_unique_flow_hours,duplicate_segment_competition;low_sample_warning
88,ETH,1823799,will-ethereum-dip-to-2000-in-april-2026,115443844896518160070261607488184121309794437412699113546532889479676113001808,"Will Ethereum dip to $2,000 in April?",1,net_flow_usdc,all,all,1.0,129,77,52,-1,0.5324675324675324,0.6153846153846154,0.0005226709588021912,0.0010134462367705943,0.5324675324675324,0.6153846153846154,-0.14976724139196718,-0.254276379990427,-0.0849958360333052,True,0.8169991672066611,0.0003732483545646167,0.0006401978822059777,-0.003359802117794022,10,1.0,1.0,2.3758079744170875,REJECTED,insufficient_unique_flow_hours,duplicate_segment_competition;low_sample_warning
89,BTC,665258,will-china-unban-bitcoin-by-2027,91810646921497227084241579668235102205462718984593674693010693975258849328842,Will China unban Bitcoin by 2027?,1,net_flow_usdc,all,all,1.0,34,20,14,-1,0.5,0.7142857142857143,3.71396271620962e-05,0.0006006777575469659,0.5,0.7142857142857143,0.01960062323052191,0.16579646104553936,nan,True,0.5,-3.3530754875970834e-05,0.0006342085124229367,-0.0033657914875770633,2,1.0,1.0,1.5954131310560158,REJECTED,insufficient_samples,duplicate_segment_competition;low_sample_warning
90,BTC,665258,will-china-unban-bitcoin-by-2027,91810646921497227084241579668235102205462718984593674693010693975258849328842,Will China unban Bitcoin by 2027?,1,sell_volume_usdc,all,all,1.0,34,20,14,-1,0.5,0.7142857142857143,3.71396271620962e-05,0.0006006777575469659,0.5,0.7142857142857143,0.01960062323052191,0.16579646104553936,nan,True,0.5,-3.3530754875970834e-05,0.0006342085124229367,-0.0033657914875770633,2,1.0,1.0,1.5954131310560158,REJECTED,insufficient_samples,duplicate_segment_competition;low_sample_warning
91,BTC,665258,will-china-unban-bitcoin-by-2027,91810646921497227084241579668235102205462718984593674693010693975258849328842,Will China unban Bitcoin by 2027?,1,abs_net_flow_usdc,all,all,0.9,34,20,14,1,0.5,0.7142857142857143,3.71396271620962e-05,0.0006006777575469659,0.5,0.7142857142857143,-0.01960062323052191,-0.16579646104553936,nan,True,0.5,-3.3530754875970834e-05,0.0006342085124229367,-0.0033657914875770633,2,1.0,1.0,1.5754131310560158,REJECTED,insufficient_samples,duplicate_segment_competition;low_sample_warning
92,BTC,701495,will-bitcoin-reach-110000-by-december-31-2026-658-339-969,74843373582432484858627201602003648342208168490128239235522790524493414154441,"Will Bitcoin reach $110,000 by December 31, 2026?",24,abs_net_flow_usdc,all,all,0.9,103,61,42,-1,0.47540983606557374,0.5,0.00012650067207753128,0.00025916903598575535,0.47540983606557374,0.5,0.0069231403312583605,0.19674934269687763,nan,True,0.5,-0.0003725282063220456,0.000631697242307801,-0.003368302757692199,5,1.0,1.0,1.80633944846156,REJECTED,insufficient_unique_flow_hours,duplicate_segment_competition;low_sample_warning
93,BTC,701495,will-bitcoin-reach-110000-by-december-31-2026-658-339-969,74843373582432484858627201602003648342208168490128239235522790524493414154441,"Will Bitcoin reach $110,000 by December 31, 2026?",24,unique_active_wallets,all,all,0.9,103,61,42,-1,0.47540983606557374,0.5,0.00012650067207753128,0.00025916903598575535,0.47540983606557374,0.5,nan,nan,nan,True,0.5,-0.0003725282063220456,0.000631697242307801,-0.003368302757692199,5,1.0,1.0,1.80633944846156,REJECTED,insufficient_unique_flow_hours,duplicate_segment_competition;low_sample_warning
94,ETH,556062,megaeth-market-cap-fdv-2b-one-day-after-launch-738-867-649-272-765-733,57301498276970257025109591078431189727442302532145853906375186182281603517458,MegaETH market cap (FDV) >$2B one day after launch?,24,flow_momentum_4h,all,all,0.6,38,22,16,-1,0.45454545454545453,0.375,0.0004745699954276287,0.0008095613531750179,0.45454545454545453,0.375,0.02225011882279852,0.02386252066643108,nan,True,0.5,0.00018288868580046907,0.0006266726673745488,-0.0033733273326254512,6,1.0,0.9736842105263158,1.1253345334749096,REJECTED,insufficient_unique_flow_hours,duplicate_segment_competition;low_sample_warning
95,ETH,701552,will-ethereum-dip-to-1500-by-december-31-2026,101639751789549589765350117072740510018809594718571111931328241076831078702528,"Will Ethereum dip to $1,500 by December 31, 2026?",1,sell_volume_usdc,all,all,1.0,39,23,16,-1,0.5217391304347826,0.6875,5.180520132670975e-05,0.0007625069115330112,0.5217391304347826,0.6875,nan,nan,nan,True,0.5,0.00016039061309521097,0.0006021162984378003,-0.0033978837015622,1,1.0,1.0,1.5854232596875601,REJECTED,insufficient_unique_flow_hours,duplicate_segment_competition;low_sample_warning
96,ETH,701552,will-ethereum-dip-to-1500-by-december-31-2026,101639751789549589765350117072740510018809594718571111931328241076831078702528,"Will Ethereum dip to $1,500 by December 31, 2026?",1,net_flow_usdc,all,all,1.0,118,70,48,-1,0.5428571428571428,0.5,0.00037034675382271017,0.0007489992298439816,0.5428571428571428,0.5,-0.11227403510805833,-0.08914654606136004,-0.13974207812418482,True,0.817829309212272,0.00016039061309521097,0.0005886086167487707,-0.0034113913832512295,3,1.0,1.0,2.1355510325620264,REJECTED,insufficient_unique_flow_hours,duplicate_segment_competition;low_sample_warning
97,ETH,701552,will-ethereum-dip-to-1500-by-december-31-2026,101639751789549589765350117072740510018809594718571111931328241076831078702528,"Will Ethereum dip to $1,500 by December 31, 2026?",1,buy_volume_usdc,all,all,1.0,79,47,32,-1,0.5531914893617021,0.40625,0.0005262287901505402,0.0007422453889994666,0.5531914893617021,0.40625,0.022512116178043304,nan,nan,True,0.5,0.00016039061309521097,0.0005818547759042557,-0.0034181452240957446,2,1.0,1.0,1.6063709551808512,REJECTED,insufficient_unique_flow_hours,duplicate_segment_competition;low_sample_warning
98,BTC,1823779,will-bitcoin-dip-to-65k-in-april-2026-355-765,91891168804884935930999247357727984305771756132991676079520973027739343180431,"Will Bitcoin dip to $65,000 in April?",24,abs_net_flow_usdc,all,all,0.9,114,68,46,-1,0.47058823529411764,0.5,7.904280503923212e-05,0.00016050194105600985,0.47058823529411764,0.5,0.020073476921172582,0.025216758940831023,-0.18819579964197272,True,0.5050433517881662,-0.0004120446728077987,0.0005725466138638086,-0.0034274533861361916,6,1.0,1.0,1.799552674560928,REJECTED,insufficient_unique_flow_hours,duplicate_segment_competition;low_sample_warning
99,BTC,1823779,will-bitcoin-dip-to-65k-in-april-2026-355-765,91891168804884935930999247357727984305771756132991676079520973027739343180431,"Will Bitcoin dip to $65,000 in April?",24,unique_active_wallets,all,all,0.9,114,68,46,-1,0.47058823529411764,0.5,7.904280503923212e-05,0.00016050194105600985,0.47058823529411764,0.5,nan,nan,nan,True,0.5,-0.0004120446728077987,0.0005725466138638086,-0.0034274533861361916,6,1.0,1.0,1.7945093227727618,REJECTED,insufficient_unique_flow_hours,duplicate_segment_competition;low_sample_warning
100,BTC,701495,will-bitcoin-reach-110000-by-december-31-2026-658-339-969,74843373582432484858627201602003648342208168490128239235522790524493414154441,"Will Bitcoin reach $110,000 by December 31, 2026?",24,sell_volume_usdc,all,all,1.0,31,18,13,1,0.5555555555555556,0.5384615384615384,0.0006051273318003542,0.00019748306018766923,0.5555555555555556,0.5384615384615384,nan,nan,nan,True,0.5,-0.0003725282063220456,0.0005700112665097148,-0.003429988733490285,1,1.0,1.0,1.2009253302250198,REJECTED,insufficient_samples,duplicate_segment_competition;low_sample_warning
101,BTC,1339767,will-bitcoin-dip-to-50000-by-december-31-2026-454-325-222-878-949-487-451,13887983551129862992605123088744175927084435631400400451585519366058907542147,"Will Bitcoin dip to $50,000 by December 31, 2026?",1,buy_volume_usdc,all,all,1.0,118,70,48,-1,0.4857142857142857,0.5,0.0001588631709745327,0.00016848884372498092,0.4857142857142857,0.5,-0.07589967448047023,-0.10454537249062397,-0.24021016270915588,True,0.8209090744981249,-0.0003962324749712321,0.000564721318696213,-0.003435278681303787,9,1.0,1.0,2.1338533382373677,REJECTED,insufficient_unique_flow_hours,duplicate_segment_competition;low_sample_warning
102,BTC,1339767,will-bitcoin-dip-to-50000-by-december-31-2026-454-325-222-878-949-487-451,13887983551129862992605123088744175927084435631400400451585519366058907542147,"Will Bitcoin dip to $50,000 by December 31, 2026?",1,net_flow_usdc,all,all,1.0,118,70,48,-1,0.4857142857142857,0.5,0.0001588631709745327,0.00016848884372498092,0.4857142857142857,0.5,-0.07589967448047023,-0.10454537249062397,-0.24021016270915588,True,0.8209090744981249,-0.0003962324749712321,0.000564721318696213,-0.003435278681303787,9,1.0,1.0,2.1338533382373677,REJECTED,insufficient_unique_flow_hours,duplicate_segment_competition;low_sample_warning
103,BTC,1339767,will-bitcoin-dip-to-50000-by-december-31-2026-454-325-222-878-949-487-451,13887983551129862992605123088744175927084435631400400451585519366058907542147,"Will Bitcoin dip to $50,000 by December 31, 2026?",1,abs_net_flow_usdc,all,all,0.9,118,70,48,-1,0.4857142857142857,0.5,0.0001588631709745327,0.00016848884372498092,0.4857142857142857,0.5,-0.07589967448047023,-0.10454537249062397,-0.24021016270915588,True,0.8209090744981249,-0.0003962324749712321,0.000564721318696213,-0.003435278681303787,9,1.0,1.0,2.1138533382373677,REJECTED,insufficient_unique_flow_hours,duplicate_segment_competition;low_sample_warning
104,BTC,1339767,will-bitcoin-dip-to-50000-by-december-31-2026-454-325-222-878-949-487-451,13887983551129862992605123088744175927084435631400400451585519366058907542147,"Will Bitcoin dip to $50,000 by December 31, 2026?",1,unique_active_wallets,all,all,0.9,118,70,48,-1,0.4857142857142857,0.5,0.0001588631709745327,0.00016848884372498092,0.4857142857142857,0.5,nan,nan,nan,True,0.5,-0.0003962324749712321,0.000564721318696213,-0.003435278681303787,9,1.0,1.0,1.7929442637392425,REJECTED,insufficient_unique_flow_hours,duplicate_segment_competition;low_sample_warning
105,ETH,1823796,will-ethereum-reach-2600-in-april-2026,50308948122998050994686144925841639946050360545921215447281194779092729393480,"Will Ethereum reach $2,600 in April?",1,net_flow_usdc,all,all,1.0,128,76,52,1,0.5263157894736842,0.4230769230769231,0.0004607800196015182,-0.000363662168508845,0.5263157894736842,0.4230769230769231,0.0030543412474940156,0.14125457636780148,-0.09969509144327089,False,0.01993901828865418,-0.0009217349902877226,0.0005580728217788775,-0.0034419271782211228,7,1.0,1.0,1.3315535826444296,REJECTED,insufficient_unique_flow_hours,duplicate_segment_competition;low_sample_warning;unstable_train_test_warning
106,BTC,1823779,will-bitcoin-dip-to-65k-in-april-2026-355-765,91891168804884935930999247357727984305771756132991676079520973027739343180431,"Will Bitcoin dip to $65,000 in April?",1,flow_momentum_4h,all,all,0.6,71,42,29,1,0.5476190476190477,0.5517241379310345,2.6385194121594395e-05,0.000483484860127092,0.5476190476190477,0.5517241379310345,-0.060490580904773265,-0.06260118788872351,-0.09942389290466826,True,0.8125202375777447,-5.466492421232234e-05,0.0005381497843394143,-0.0034618502156605856,4,1.0,1.0,1.8535984703076966,REJECTED,insufficient_unique_flow_hours,duplicate_segment_competition;low_sample_warning
107,ETH,1823800,will-ethereum-dip-to-1800-in-april-2026,88623813947148129759226599572615258910454701043061032464667581751883927272067,"Will Ethereum dip to $1,800 in April?",4,buy_volume_usdc,all,all,1.0,111,66,45,-1,0.5151515151515151,0.35555555555555557,0.0001989317899487536,0.00021928129358363209,0.5151515151515151,0.35555555555555557,-0.00011652614861484442,-0.003465526318627211,nan,True,0.5,-0.0003014003926084775,0.0005206816861921096,-0.0034793183138078906,2,1.0,1.0,1.8041363372384218,REJECTED,insufficient_unique_flow_hours,duplicate_segment_competition;low_sample_warning
108,ETH,1823800,will-ethereum-dip-to-1800-in-april-2026,88623813947148129759226599572615258910454701043061032464667581751883927272067,"Will Ethereum dip to $1,800 in April?",4,net_flow_usdc,all,all,1.0,111,66,45,-1,0.5151515151515151,0.35555555555555557,0.0001989317899487536,0.00021928129358363209,0.5151515151515151,0.35555555555555557,-0.00011652614861484442,-0.003465526318627211,nan,True,0.5,-0.0003014003926084775,0.0005206816861921096,-0.0034793183138078906,2,1.0,1.0,1.8041363372384218,REJECTED,insufficient_unique_flow_hours,duplicate_segment_competition;low_sample_warning
109,ETH,1823800,will-ethereum-dip-to-1800-in-april-2026,88623813947148129759226599572615258910454701043061032464667581751883927272067,"Will Ethereum dip to $1,800 in April?",4,abs_net_flow_usdc,all,all,0.9,111,66,45,-1,0.5151515151515151,0.35555555555555557,0.0001989317899487536,0.00021928129358363209,0.5151515151515151,0.35555555555555557,-0.00011652614861484442,-0.003465526318627211,nan,True,0.5,-0.0003014003926084775,0.0005206816861921096,-0.0034793183138078906,2,1.0,1.0,1.7841363372384218,REJECTED,insufficient_unique_flow_hours,duplicate_segment_competition;low_sample_warning
110,ETH,1823800,will-ethereum-dip-to-1800-in-april-2026,88623813947148129759226599572615258910454701043061032464667581751883927272067,"Will Ethereum dip to $1,800 in April?",4,unique_active_wallets,all,all,0.9,111,66,45,-1,0.5151515151515151,0.35555555555555557,0.0001989317899487536,0.00021928129358363209,0.5151515151515151,0.35555555555555557,nan,nan,nan,True,0.5,-0.0003014003926084775,0.0005206816861921096,-0.0034793183138078906,2,1.0,1.0,1.7841363372384218,REJECTED,insufficient_unique_flow_hours,duplicate_segment_competition;low_sample_warning
111,ETH,1823796,will-ethereum-reach-2600-in-april-2026,50308948122998050994686144925841639946050360545921215447281194779092729393480,"Will Ethereum reach $2,600 in April?",24,net_flow_usdc,all,all,1.0,105,63,42,1,0.49206349206349204,0.35714285714285715,4.762764901440973e-05,0.0002749387458326198,0.49206349206349204,0.35714285714285715,0.020415652831682476,0.06684007652144562,nan,True,0.5,-0.00024284427906902395,0.0005177830249016437,-0.0034822169750983564,3,1.0,1.0,1.8035566049803287,REJECTED,insufficient_unique_flow_hours,duplicate_segment_competition;low_sample_warning
112,ETH,1823796,will-ethereum-reach-2600-in-april-2026,50308948122998050994686144925841639946050360545921215447281194779092729393480,"Will Ethereum reach $2,600 in April?",24,sell_volume_usdc,all,all,1.0,104,62,42,1,0.4838709677419355,0.35714285714285715,3.143197889350793e-05,0.0002749387458326198,0.4838709677419355,0.35714285714285715,0.015657986473975233,0.05696182616650285,nan,True,0.5,-0.00024284427906902395,0.0005177830249016437,-0.0034822169750983564,2,1.0,1.0,1.8035566049803287,REJECTED,insufficient_unique_flow_hours,duplicate_segment_competition;low_sample_warning
113,ETH,1823796,will-ethereum-reach-2600-in-april-2026,50308948122998050994686144925841639946050360545921215447281194779092729393480,"Will Ethereum reach $2,600 in April?",24,abs_net_flow_usdc,all,all,0.9,105,63,42,-1,0.47619047619047616,0.35714285714285715,1.4238468172812223e-05,0.0002749387458326198,0.47619047619047616,0.35714285714285715,-0.019991950677867083,-0.0661541676825943,nan,True,0.5,-0.00024284427906902395,0.0005177830249016437,-0.0034822169750983564,3,1.0,1.0,1.7835566049803286,REJECTED,insufficient_unique_flow_hours,duplicate_segment_competition;low_sample_warning
114,ETH,1823796,will-ethereum-reach-2600-in-april-2026,50308948122998050994686144925841639946050360545921215447281194779092729393480,"Will Ethereum reach $2,600 in April?",24,unique_active_wallets,all,all,0.9,105,63,42,-1,0.47619047619047616,0.35714285714285715,1.4238468172812223e-05,0.0002749387458326198,0.47619047619047616,0.35714285714285715,nan,nan,nan,True,0.5,-0.00024284427906902395,0.0005177830249016437,-0.0034822169750983564,3,1.0,1.0,1.7835566049803286,REJECTED,insufficient_unique_flow_hours,duplicate_segment_competition;low_sample_warning
115,ETH,1823799,will-ethereum-dip-to-2000-in-april-2026,115443844896518160070261607488184121309794437412699113546532889479676113001808,"Will Ethereum dip to $2,000 in April?",1,buy_volume_usdc,all,all,1.0,88,52,36,-1,0.5961538461538461,0.4444444444444444,0.0007941889504436756,0.000888842417991907,0.5961538461538461,0.4444444444444444,-0.12507032399477871,-0.2639337565895526,-0.02022932172763438,True,0.8040458643455269,0.0003732483545646167,0.0005155940634272902,-0.00348440593657271,8,1.0,1.0,1.987164677030985,REJECTED,insufficient_unique_flow_hours,duplicate_segment_competition;low_sample_warning
116,BTC,1823771,will-bitcoin-reach-105k-in-april-2026,5855998775638456008143009293415543579001929689452953587667154608243793082021,"Will Bitcoin reach $105,000 in April?",1,net_flow_usdc,all,all,1.0,84,50,34,-1,0.56,0.47058823529411764,2.0752586422588824e-05,-0.0003423740965996645,0.56,0.47058823529411764,-0.017270668044650394,-0.01240634882250916,nan,False,0.0,-0.0008519808181148422,0.0005096067215151776,-0.0034903932784848225,8,1.0,1.0,1.1419213443030354,REJECTED,insufficient_unique_flow_hours,duplicate_segment_competition;low_sample_warning;unstable_train_test_warning
117,BTC,1823771,will-bitcoin-reach-105k-in-april-2026,5855998775638456008143009293415543579001929689452953587667154608243793082021,"Will Bitcoin reach $105,000 in April?",1,sell_volume_usdc,all,all,1.0,84,50,34,-1,0.56,0.47058823529411764,2.0752586422588824e-05,-0.0003423740965996645,0.56,0.47058823529411764,-0.017270668044650394,-0.01240634882250916,nan,False,0.0,-0.0008519808181148422,0.0005096067215151776,-0.0034903932784848225,8,1.0,1.0,1.1419213443030354,REJECTED,insufficient_unique_flow_hours,duplicate_segment_competition;low_sample_warning;unstable_train_test_warning
118,BTC,1823771,will-bitcoin-reach-105k-in-april-2026,5855998775638456008143009293415543579001929689452953587667154608243793082021,"Will Bitcoin reach $105,000 in April?",1,abs_net_flow_usdc,all,all,0.9,84,50,34,1,0.56,0.47058823529411764,2.0752586422588824e-05,-0.0003423740965996645,0.56,0.47058823529411764,0.017270668044650394,0.01240634882250916,nan,False,0.0,-0.0008519808181148422,0.0005096067215151776,-0.0034903932784848225,8,1.0,1.0,1.1219213443030354,REJECTED,insufficient_unique_flow_hours,duplicate_segment_competition;low_sample_warning;unstable_train_test_warning
119,BTC,1823771,will-bitcoin-reach-105k-in-april-2026,5855998775638456008143009293415543579001929689452953587667154608243793082021,"Will Bitcoin reach $105,000 in April?",1,unique_active_wallets,all,all,0.9,84,50,34,1,0.56,0.47058823529411764,2.0752586422588824e-05,-0.0003423740965996645,0.56,0.47058823529411764,nan,nan,nan,False,0.0,-0.0008519808181148422,0.0005096067215151776,-0.0034903932784848225,8,1.0,1.0,1.1219213443030354,REJECTED,insufficient_unique_flow_hours,duplicate_segment_competition;low_sample_warning;unstable_train_test_warning
120,BTC,1339767,will-bitcoin-dip-to-50000-by-december-31-2026-454-325-222-878-949-487-451,13887983551129862992605123088744175927084435631400400451585519366058907542147,"Will Bitcoin dip to $50,000 by December 31, 2026?",24,buy_volume_usdc,all,all,1.0,95,57,38,-1,0.45614035087719296,0.5263157894736842,5.04887011634157e-05,0.0003737038317515266,0.45614035087719296,0.5263157894736842,-0.010769486264210737,-0.10552372566756903,0.06951552738865881,True,0.5139031054777318,-0.00011695743928802607,0.0004906612710395527,-0.0035093387289604474,6,1.0,1.0,1.8146669386330108,REJECTED,insufficient_unique_flow_hours,duplicate_segment_competition;low_sample_warning
121,BTC,1339767,will-bitcoin-dip-to-50000-by-december-31-2026-454-325-222-878-949-487-451,13887983551129862992605123088744175927084435631400400451585519366058907542147,"Will Bitcoin dip to $50,000 by December 31, 2026?",24,net_flow_usdc,all,all,1.0,95,57,38,-1,0.45614035087719296,0.5263157894736842,5.04887011634157e-05,0.0003737038317515266,0.45614035087719296,0.5263157894736842,-0.010769486264210737,-0.10552372566756903,0.06951552738865881,True,0.5139031054777318,-0.00011695743928802607,0.0004906612710395527,-0.0035093387289604474,6,1.0,1.0,1.8146669386330108,REJECTED,insufficient_unique_flow_hours,duplicate_segment_competition;low_sample_warning
122,BTC,1339767,will-bitcoin-dip-to-50000-by-december-31-2026-454-325-222-878-949-487-451,13887983551129862992605123088744175927084435631400400451585519366058907542147,"Will Bitcoin dip to $50,000 by December 31, 2026?",24,abs_net_flow_usdc,all,all,0.9,95,57,38,-1,0.45614035087719296,0.5263157894736842,5.04887011634157e-05,0.0003737038317515266,0.45614035087719296,0.5263157894736842,-0.010769486264210737,-0.10552372566756903,0.06951552738865881,True,0.5139031054777318,-0.00011695743928802607,0.0004906612710395527,-0.0035093387289604474,6,1.0,1.0,1.7946669386330107,REJECTED,insufficient_unique_flow_hours,duplicate_segment_competition;low_sample_warning
123,BTC,1339767,will-bitcoin-dip-to-50000-by-december-31-2026-454-325-222-878-949-487-451,13887983551129862992605123088744175927084435631400400451585519366058907542147,"Will Bitcoin dip to $50,000 by December 31, 2026?",24,unique_active_wallets,all,all,0.9,95,57,38,-1,0.45614035087719296,0.5263157894736842,5.04887011634157e-05,0.0003737038317515266,0.45614035087719296,0.5263157894736842,nan,nan,nan,True,0.5,-0.00011695743928802607,0.0004906612710395527,-0.0035093387289604474,6,1.0,1.0,1.7807638331552789,REJECTED,insufficient_unique_flow_hours,duplicate_segment_competition;low_sample_warning
124,ETH,1823799,will-ethereum-dip-to-2000-in-april-2026,115443844896518160070261607488184121309794437412699113546532889479676113001808,"Will Ethereum dip to $2,000 in April?",24,buy_volume_usdc,all,all,1.0,72,43,29,-1,0.4883720930232558,0.41379310344827586,0.0001240553319550668,0.0004134542307280074,0.4883720930232558,0.41379310344827586,-0.07229415589589673,-0.029154795291577232,-0.11321277729032908,True,0.8058309590583155,-7.028119907042425e-05,0.00048373542979843166,-0.0035162645702015685,7,1.0,1.0,1.8225780450180016,REJECTED,insufficient_unique_flow_hours,duplicate_segment_competition;low_sample_warning
125,ETH,1823795,will-ethereum-reach-2800-in-april-2026,103455081209713767851750094101142549597038869631663604903086082563273644697340,"Will Ethereum reach $2,800 in April?",4,net_flow_usdc,all,all,1.0,123,73,50,-1,0.547945205479452,0.36,0.000638175119254226,0.00019173403320852427,0.547945205479452,0.36,-0.12049342967905445,-0.2342112771350424,nan,True,0.5,-0.0002828227956079873,0.0004745568288165116,-0.0035254431711834885,3,1.0,1.0,1.7949113657633022,REJECTED,insufficient_unique_flow_hours,duplicate_segment_competition;low_sample_warning
126,ETH,1823795,will-ethereum-reach-2800-in-april-2026,103455081209713767851750094101142549597038869631663604903086082563273644697340,"Will Ethereum reach $2,800 in April?",4,abs_net_flow_usdc,all,all,0.9,123,73,50,-1,0.547945205479452,0.36,0.00049199496563258,0.00019173403320852427,0.547945205479452,0.36,0.012697764899898361,0.07466281410326574,nan,True,0.5,-0.0002828227956079873,0.0004745568288165116,-0.0035254431711834885,3,1.0,1.0,1.7749113657633022,REJECTED,insufficient_unique_flow_hours,duplicate_segment_competition;low_sample_warning
127,ETH,1823795,will-ethereum-reach-2800-in-april-2026,103455081209713767851750094101142549597038869631663604903086082563273644697340,"Will Ethereum reach $2,800 in April?",4,unique_active_wallets,all,all,0.9,123,73,50,-1,0.547945205479452,0.36,0.00049199496563258,0.00019173403320852427,0.547945205479452,0.36,-0.18355482609745624,-0.2913604869058598,nan,True,0.5,-0.0002828227956079873,0.0004745568288165116,-0.0035254431711834885,3,1.0,1.0,1.7749113657633022,REJECTED,insufficient_unique_flow_hours,duplicate_segment_competition;low_sample_warning
128,ETH,1823795,will-ethereum-reach-2800-in-april-2026,103455081209713767851750094101142549597038869631663604903086082563273644697340,"Will Ethereum reach $2,800 in April?",24,sell_volume_usdc,all,all,1.0,34,20,14,-1,0.6,0.42857142857142855,0.00017723616880916854,-0.0002429876394308233,0.6,0.42857142857142855,nan,nan,nan,False,0.0,-0.0006951825612745428,0.0004521949218437195,-0.0035478050781562807,1,1.0,1.0,0.6304389843687439,REJECTED,insufficient_samples,duplicate_segment_competition;low_sample_warning;unstable_train_test_warning
129,ETH,556062,megaeth-market-cap-fdv-2b-one-day-after-launch-738-867-649-272-765-733,57301498276970257025109591078431189727442302532145853906375186182281603517458,MegaETH market cap (FDV) >$2B one day after launch?,4,abs_net_flow_usdc,all,all,0.9,104,62,42,-1,0.4838709677419355,0.35714285714285715,3.258671595156061e-05,0.0002749387458326198,0.4838709677419355,0.35714285714285715,-0.00025166771641763644,0.030930456597283926,nan,True,0.5,-0.00015589954957865904,0.00043083829541127884,-0.003569161704588721,9,1.0,1.0,1.7661676590822557,REJECTED,insufficient_unique_flow_hours,duplicate_segment_competition;low_sample_warning
130,ETH,556062,megaeth-market-cap-fdv-2b-one-day-after-launch-738-867-649-272-765-733,57301498276970257025109591078431189727442302532145853906375186182281603517458,MegaETH market cap (FDV) >$2B one day after launch?,4,unique_active_wallets,all,all,0.9,105,63,42,-1,0.47619047619047616,0.35714285714285715,1.4238468172812223e-05,0.0002749387458326198,0.47619047619047616,0.35714285714285715,nan,nan,nan,True,0.5,-0.00015589954957865904,0.00043083829541127884,-0.003569161704588721,10,1.0,0.9904761904761905,1.7661676590822557,REJECTED,insufficient_unique_flow_hours,duplicate_segment_competition;low_sample_warning
131,ETH,1373744,megaeth-market-cap-fdv-800m-one-day-after-launch-987-114-655,61268780060811317912125567165718241493378747385698282791855508063291413917546,MegaETH market cap (FDV) >$800M one day after launch?,1,large_trade_count,all,all,0.8,95,57,38,-1,0.43859649122807015,0.39473684210526316,1.3621549432659939e-05,0.0004695805218180216,0.43859649122807015,0.39473684210526316,nan,nan,nan,True,0.5,4.0099708599761655e-05,0.00042948081321825997,-0.00357051918678174,3,1.0,1.0,1.6958961626436522,REJECTED,insufficient_unique_flow_hours,duplicate_segment_competition;low_sample_warning
132,ETH,1373744,megaeth-market-cap-fdv-800m-one-day-after-launch-987-114-655,61268780060811317912125567165718241493378747385698282791855508063291413917546,MegaETH market cap (FDV) >$800M one day after launch?,1,whale_flow_score,all,all,0.8,95,57,38,1,0.43859649122807015,0.39473684210526316,1.3621549432659939e-05,0.0004695805218180216,0.43859649122807015,0.39473684210526316,nan,nan,nan,True,0.5,4.0099708599761655e-05,0.00042948081321825997,-0.00357051918678174,3,1.0,1.0,1.6958961626436522,REJECTED,insufficient_unique_flow_hours,duplicate_segment_competition;low_sample_warning
133,ETH,701552,will-ethereum-dip-to-1500-by-december-31-2026,101639751789549589765350117072740510018809594718571111931328241076831078702528,"Will Ethereum dip to $1,500 by December 31, 2026?",24,net_flow_usdc,all,all,1.0,95,57,38,-1,0.49122807017543857,0.47368421052631576,0.00020482947009898005,1.404606250695365e-05,0.49122807017543857,0.47368421052631576,-0.02436383603205142,-0.12999718302598062,-0.05488603912695352,True,0.8109772078253907,-0.0004029073076509781,0.0004169533701579317,-0.0035830466298420686,3,1.0,1.0,2.044367881856977,REJECTED,insufficient_unique_flow_hours,duplicate_segment_competition;low_sample_warning
134,BTC,1343220,will-bitcoin-dip-to-10000-by-december-31-2026-888-644-567-258-946-853,42439528758178981890895605039938161151582654744978607695897321288347422769852,"Will Bitcoin dip to $10,000 by December 31, 2026?",24,net_flow_usdc,all,all,1.0,75,45,30,-1,0.5777777777777777,0.4666666666666667,8.302683700465257e-05,-0.0004249843259760593,0.5777777777777777,0.4666666666666667,-0.10694272518554895,-0.3423166870059197,nan,False,0.0,-0.0008351919179676293,0.00041020759199157,-0.00358979240800843,19,1.0,1.0,1.032041518398314,REJECTED,insufficient_unique_flow_hours,duplicate_segment_competition;low_sample_warning;unstable_train_test_warning
135,BTC,1343220,will-bitcoin-dip-to-10000-by-december-31-2026-888-644-567-258-946-853,42439528758178981890895605039938161151582654744978607695897321288347422769852,"Will Bitcoin dip to $10,000 by December 31, 2026?",24,sell_volume_usdc,all,all,1.0,75,45,30,-1,0.5777777777777777,0.4666666666666667,8.302683700465257e-05,-0.0004249843259760593,0.5777777777777777,0.4666666666666667,-0.10694272518554895,-0.3423166870059197,nan,False,0.0,-0.0008351919179676293,0.00041020759199157,-0.00358979240800843,19,1.0,1.0,1.032041518398314,REJECTED,insufficient_unique_flow_hours,duplicate_segment_competition;low_sample_warning;unstable_train_test_warning
136,BTC,1343220,will-bitcoin-dip-to-10000-by-december-31-2026-888-644-567-258-946-853,42439528758178981890895605039938161151582654744978607695897321288347422769852,"Will Bitcoin dip to $10,000 by December 31, 2026?",24,abs_net_flow_usdc,all,all,0.9,75,45,30,1,0.5777777777777777,0.4666666666666667,8.302683700465257e-05,-0.0004249843259760593,0.5777777777777777,0.4666666666666667,0.10694272518554895,0.3423166870059197,nan,False,0.0,-0.0008351919179676293,0.00041020759199157,-0.00358979240800843,19,1.0,1.0,1.012041518398314,REJECTED,insufficient_unique_flow_hours,duplicate_segment_competition;low_sample_warning;unstable_train_test_warning
137,BTC,1343220,will-bitcoin-dip-to-10000-by-december-31-2026-888-644-567-258-946-853,42439528758178981890895605039938161151582654744978607695897321288347422769852,"Will Bitcoin dip to $10,000 by December 31, 2026?",24,unique_active_wallets,all,all,0.9,75,45,30,1,0.5777777777777777,0.4666666666666667,8.302683700465257e-05,-0.0004249843259760593,0.5777777777777777,0.4666666666666667,nan,nan,nan,False,0.0,-0.0008351919179676293,0.00041020759199157,-0.00358979240800843,19,1.0,1.0,1.012041518398314,REJECTED,insufficient_unique_flow_hours,duplicate_segment_competition;low_sample_warning;unstable_train_test_warning
138,BTC,701495,will-bitcoin-reach-110000-by-december-31-2026-658-339-969,74843373582432484858627201602003648342208168490128239235522790524493414154441,"Will Bitcoin reach $110,000 by December 31, 2026?",4,buy_volume_usdc,all,all,1.0,92,55,37,-1,0.4727272727272727,0.5135135135135135,2.926780977271802e-05,0.00037251038246718216,0.4727272727272727,0.5135135135135135,0.023937290086364076,0.12445804977248785,nan,True,0.5,-3.6187854128741216e-05,0.0004086982365959234,-0.003591301763404077,4,1.0,1.0,1.7287666743462116,REJECTED,insufficient_unique_flow_hours,duplicate_segment_competition;low_sample_warning
139,BTC,1823776,will-bitcoin-reach-80k-in-april-2026-794,22893138393795740138249503228269517733051888602506683062209713465144747482167,"Will Bitcoin reach $80,000 in April?",1,sell_volume_usdc,all,all,1.0,75,45,30,1,0.5111111111111111,0.5333333333333333,0.0002813251337660717,0.0004124860532184127,0.5111111111111111,0.5333333333333333,0.26391389392391057,0.28521753129496175,nan,True,0.5,4.283575042744895e-06,0.00040820247817566777,-0.0035917975218243323,2,1.0,1.0,1.5983071623018001,REJECTED,insufficient_unique_flow_hours,duplicate_segment_competition;low_sample_warning
140,ETH,1373744,megaeth-market-cap-fdv-800m-one-day-after-launch-987-114-655,61268780060811317912125567165718241493378747385698282791855508063291413917546,MegaETH market cap (FDV) >$800M one day after launch?,1,net_flow_usdc,all,all,1.0,96,57,39,1,0.43859649122807015,0.38461538461538464,5.492790437699914e-06,0.00044500433884750185,0.43859649122807015,0.38461538461538464,0.011778729166115817,-0.014535672499594591,nan,True,0.5,4.0099708599761655e-05,0.0004049046302477402,-0.00359509536975226,4,1.0,1.0,1.740980926049548,REJECTED,insufficient_unique_flow_hours,duplicate_segment_competition;low_sample_warning
141,ETH,1373744,megaeth-market-cap-fdv-800m-one-day-after-launch-987-114-655,61268780060811317912125567165718241493378747385698282791855508063291413917546,MegaETH market cap (FDV) >$800M one day after launch?,1,sell_volume_usdc,all,all,1.0,96,57,39,1,0.43859649122807015,0.38461538461538464,5.492790437699914e-06,0.00044500433884750185,0.43859649122807015,0.38461538461538464,0.011778729166115817,-0.014535672499594591,nan,True,0.5,4.0099708599761655e-05,0.0004049046302477402,-0.00359509536975226,4,1.0,1.0,1.740980926049548,REJECTED,insufficient_unique_flow_hours,duplicate_segment_competition;low_sample_warning
142,ETH,1373744,megaeth-market-cap-fdv-800m-one-day-after-launch-987-114-655,61268780060811317912125567165718241493378747385698282791855508063291413917546,MegaETH market cap (FDV) >$800M one day after launch?,1,abs_net_flow_usdc,all,all,0.9,96,57,39,-1,0.43859649122807015,0.38461538461538464,5.492790437699914e-06,0.00044500433884750185,0.43859649122807015,0.38461538461538464,-0.011778729166115817,0.014535672499594591,nan,True,0.5,4.0099708599761655e-05,0.0004049046302477402,-0.00359509536975226,4,1.0,1.0,1.7209809260495479,REJECTED,insufficient_unique_flow_hours,duplicate_segment_competition;low_sample_warning
143,ETH,1373744,megaeth-market-cap-fdv-800m-one-day-after-launch-987-114-655,61268780060811317912125567165718241493378747385698282791855508063291413917546,MegaETH market cap (FDV) >$800M one day after launch?,1,unique_active_wallets,all,all,0.9,96,57,39,-1,0.43859649122807015,0.38461538461538464,5.492790437699914e-06,0.00044500433884750185,0.43859649122807015,0.38461538461538464,nan,nan,nan,True,0.5,4.0099708599761655e-05,0.0004049046302477402,-0.00359509536975226,4,1.0,1.0,1.7209809260495479,REJECTED,insufficient_unique_flow_hours,duplicate_segment_competition;low_sample_warning
144,XRP,1823902,will-xrp-reach-2-in-april-2026,67556301124097607260152199396403959080839673893054926374870558197278260784915,Will XRP reach $2.00 in April?,4,buy_volume_usdc,all,all,1.0,108,64,44,1,0.546875,0.4318181818181818,0.0001224631158582148,-0.00048631029703579163,0.546875,0.4318181818181818,nan,nan,nan,False,0.0,-0.0008865783182521964,0.00040026802121640473,-0.0035997319787835955,1,1.0,1.0,1.2800536042432809,REJECTED,insufficient_unique_flow_hours,duplicate_segment_competition;low_sample_warning;unstable_train_test_warning
145,XRP,1823902,will-xrp-reach-2-in-april-2026,67556301124097607260152199396403959080839673893054926374870558197278260784915,Will XRP reach $2.00 in April?,4,net_flow_usdc,all,all,1.0,108,64,44,1,0.546875,0.4318181818181818,0.0001224631158582148,-0.00048631029703579163,0.546875,0.4318181818181818,nan,nan,nan,False,0.0,-0.0008865783182521964,0.00040026802121640473,-0.0035997319787835955,1,1.0,1.0,1.2800536042432809,REJECTED,insufficient_unique_flow_hours,duplicate_segment_competition;low_sample_warning;unstable_train_test_warning
146,XRP,1823902,will-xrp-reach-2-in-april-2026,67556301124097607260152199396403959080839673893054926374870558197278260784915,Will XRP reach $2.00 in April?,4,abs_net_flow_usdc,all,all,0.9,108,64,44,1,0.546875,0.4318181818181818,0.0001224631158582148,-0.00048631029703579163,0.546875,0.4318181818181818,nan,nan,nan,False,0.0,-0.0008865783182521964,0.00040026802121640473,-0.0035997319787835955,1,1.0,1.0,1.2600536042432808,REJECTED,insufficient_unique_flow_hours,duplicate_segment_competition;low_sample_warning;unstable_train_test_warning
147,XRP,1823902,will-xrp-reach-2-in-april-2026,67556301124097607260152199396403959080839673893054926374870558197278260784915,Will XRP reach $2.00 in April?,4,unique_active_wallets,all,all,0.9,108,64,44,1,0.546875,0.4318181818181818,0.0001224631158582148,-0.00048631029703579163,0.546875,0.4318181818181818,nan,nan,nan,False,0.0,-0.0008865783182521964,0.00040026802121640473,-0.0035997319787835955,1,1.0,1.0,1.2600536042432808,REJECTED,insufficient_unique_flow_hours,duplicate_segment_competition;low_sample_warning;unstable_train_test_warning
148,ETH,556062,megaeth-market-cap-fdv-2b-one-day-after-launch-738-867-649-272-765-733,57301498276970257025109591078431189727442302532145853906375186182281603517458,MegaETH market cap (FDV) >$2B one day after launch?,1,net_flow_usdc,all,all,1.0,107,64,43,-1,0.5,0.3488372093023256,7.889113878230359e-05,0.00019075299749307485,0.5,0.3488372093023256,-0.01211257468585499,-0.004971980413121102,nan,True,0.5,-0.00020442595697548794,0.0003951789544685628,-0.0036048210455314374,9,1.0,1.0,1.7790357908937124,REJECTED,insufficient_unique_flow_hours,duplicate_segment_competition;low_sample_warning
149,ETH,556062,megaeth-market-cap-fdv-2b-one-day-after-launch-738-867-649-272-765-733,57301498276970257025109591078431189727442302532145853906375186182281603517458,MegaETH market cap (FDV) >$2B one day after launch?,1,abs_net_flow_usdc,all,all,0.9,107,64,43,-1,0.5,0.3488372093023256,4.245097641110971e-05,0.00019075299749307485,0.5,0.3488372093023256,0.004383626311960622,0.027473795115773376,nan,True,0.5,-0.00020442595697548794,0.0003951789544685628,-0.0036048210455314374,9,1.0,1.0,1.7590357908937124,REJECTED,insufficient_unique_flow_hours,duplicate_segment_competition;low_sample_warning
150,BTC,1823785,will-bitcoin-dip-to-35k-in-april-2026-269-515,55866919730905441060316639913713252112909337594136306040264616999652467664982,"Will Bitcoin dip to $35,000 in April?",4,net_flow_usdc,all,all,1.0,106,63,43,-1,0.4603174603174603,0.4883720930232558,1.9088963596199615e-05,0.00014101580086339012,0.4603174603174603,0.4883720930232558,-0.06281313537330464,-0.00475381939525393,-0.1730939316906146,True,0.8009507638790508,-0.00024798538800808534,0.00038900118887147546,-0.0036109988111285244,3,1.0,1.0,2.078751001653346,REJECTED,insufficient_unique_flow_hours,duplicate_segment_competition;low_sample_warning
151,BTC,1823785,will-bitcoin-dip-to-35k-in-april-2026-269-515,55866919730905441060316639913713252112909337594136306040264616999652467664982,"Will Bitcoin dip to $35,000 in April?",4,abs_net_flow_usdc,all,all,0.9,106,63,43,-1,0.47619047619047616,0.4883720930232558,9.616003191944387e-05,0.00014101580086339012,0.47619047619047616,0.4883720930232558,-0.0628922359200866,-0.00475381939525393,-0.1730939316906146,True,0.8009507638790508,-0.00024798538800808534,0.00038900118887147546,-0.0036109988111285244,3,1.0,1.0,2.058751001653346,REJECTED,insufficient_unique_flow_hours,duplicate_segment_competition;low_sample_warning
152,BTC,1823785,will-bitcoin-dip-to-35k-in-april-2026-269-515,55866919730905441060316639913713252112909337594136306040264616999652467664982,"Will Bitcoin dip to $35,000 in April?",4,unique_active_wallets,all,all,0.9,106,63,43,-1,0.47619047619047616,0.4883720930232558,9.616003191944387e-05,0.00014101580086339012,0.47619047619047616,0.4883720930232558,nan,nan,nan,True,0.5,-0.00024798538800808534,0.00038900118887147546,-0.0036109988111285244,3,1.0,1.0,1.757800237774295,REJECTED,insufficient_unique_flow_hours,duplicate_segment_competition;low_sample_warning
153,BTC,1823771,will-bitcoin-reach-105k-in-april-2026,5855998775638456008143009293415543579001929689452953587667154608243793082021,"Will Bitcoin reach $105,000 in April?",1,flow_momentum_4h,all,all,0.6,80,48,32,1,0.6041666666666666,0.4375,0.00020596011784833083,-0.0004690209745650836,0.6041666666666666,0.4375,0.07989602988171432,0.21063892206906565,nan,False,0.0,-0.0008519808181148422,0.00038295984354975857,-0.0036170401564502414,4,1.0,1.0,0.9965919687099517,REJECTED,insufficient_unique_flow_hours,duplicate_segment_competition;low_sample_warning;unstable_train_test_warning
154,ETH,1299187,megaeth-market-cap-fdv-1pt5b-one-day-after-launch-371-844-879-681,59361386662140736273790755583050126642583489495616165418126619457111736694733,MegaETH market cap (FDV) >$1.5B one day after launch?,24,buy_volume_usdc,all,all,1.0,96,57,39,1,0.543859649122807,0.6153846153846154,0.00012241934527250294,-0.00044500433884750185,0.543859649122807,0.6153846153846154,0.013536591254049506,-0.11409600720083439,0.07907419682201354,False,0.01581483936440271,-0.0008243742898923202,0.00037936995104481837,-0.0036206300489551816,13,1.0,1.0,1.482458060342597,REJECTED,insufficient_unique_flow_hours,duplicate_segment_competition;low_sample_warning;unstable_train_test_warning
155,ETH,1823794,will-ethereum-reach-3000-in-april-2026,98694887273478515891138203442549017191281454470497426834485838288268569808164,"Will Ethereum reach $3,000 in April?",1,sell_volume_usdc,all,all,1.0,94,56,38,1,0.5357142857142857,0.39473684210526316,0.0002789635589841398,0.0008832166918307596,0.5357142857142857,0.39473684210526316,-0.03469743224553796,0.07114615781987335,-0.06506130340660446,True,0.5130122606813209,0.0005049571793279453,0.0003782595125028143,-0.003621740487497186,4,1.0,1.0,1.7286641631818835,REJECTED,insufficient_unique_flow_hours,duplicate_segment_competition;low_sample_warning
156,BTC,1823771,will-bitcoin-reach-105k-in-april-2026,5855998775638456008143009293415543579001929689452953587667154608243793082021,"Will Bitcoin reach $105,000 in April?",24,net_flow_usdc,all,all,1.0,61,36,25,-1,0.5833333333333334,0.44,0.00025009640276874137,-0.0007648061878658456,0.5833333333333334,0.44,0.00493201966029555,0.09339214159082988,nan,False,0.0,-0.0011323899574901609,0.0003675837696243152,-0.003632416230375685,8,1.0,1.0,0.883516753924863,REJECTED,insufficient_unique_flow_hours,duplicate_segment_competition;low_sample_warning;unstable_train_test_warning
157,BTC,1823771,will-bitcoin-reach-105k-in-april-2026,5855998775638456008143009293415543579001929689452953587667154608243793082021,"Will Bitcoin reach $105,000 in April?",24,sell_volume_usdc,all,all,1.0,61,36,25,-1,0.5833333333333334,0.44,0.00025009640276874137,-0.0007648061878658456,0.5833333333333334,0.44,0.00493201966029555,0.09339214159082988,nan,False,0.0,-0.0011323899574901609,0.0003675837696243152,-0.003632416230375685,8,1.0,1.0,0.883516753924863,REJECTED,insufficient_unique_flow_hours,duplicate_segment_competition;low_sample_warning;unstable_train_test_warning
158,BTC,1823771,will-bitcoin-reach-105k-in-april-2026,5855998775638456008143009293415543579001929689452953587667154608243793082021,"Will Bitcoin reach $105,000 in April?",24,abs_net_flow_usdc,all,all,0.9,61,36,25,1,0.5833333333333334,0.44,0.00025009640276874137,-0.0007648061878658456,0.5833333333333334,0.44,-0.00493201966029555,-0.09339214159082988,nan,False,0.0,-0.0011323899574901609,0.0003675837696243152,-0.003632416230375685,8,1.0,1.0,0.863516753924863,REJECTED,insufficient_unique_flow_hours,duplicate_segment_competition;low_sample_warning;unstable_train_test_warning
159,BTC,1823771,will-bitcoin-reach-105k-in-april-2026,5855998775638456008143009293415543579001929689452953587667154608243793082021,"Will Bitcoin reach $105,000 in April?",24,unique_active_wallets,all,all,0.9,61,36,25,1,0.5833333333333334,0.44,0.00025009640276874137,-0.0007648061878658456,0.5833333333333334,0.44,nan,nan,nan,False,0.0,-0.0011323899574901609,0.0003675837696243152,-0.003632416230375685,8,1.0,1.0,0.863516753924863,REJECTED,insufficient_unique_flow_hours,duplicate_segment_competition;low_sample_warning;unstable_train_test_warning
160,BTC,1823776,will-bitcoin-reach-80k-in-april-2026-794,22893138393795740138249503228269517733051888602506683062209713465144747482167,"Will Bitcoin reach $80,000 in April?",1,whale_flow_score,all,all,0.8,117,70,47,1,0.5142857142857142,0.5531914893617021,0.00028782897371721104,0.0003538225756946319,0.5142857142857142,0.5531914893617021,0.14202319343742126,0.27075251349722546,0.23669558435689464,True,0.847339116871379,4.283575042744895e-06,0.00034953900065188697,-0.0036504609993481133,6,1.0,1.0,2.1836298957251605,REJECTED,insufficient_unique_flow_hours,duplicate_segment_competition;low_sample_warning
161,ETH,1383662,will-megaeth-launch-a-token-by-june-30-2026-676-993-477,29601542826076048097538062468538667893425689293490219370577801090612691914945,"Will MegaETH launch a token by June 30, 2026?",4,abs_net_flow_usdc,all,all,0.9,134,80,54,-1,0.525,0.37037037037037035,0.00041880347451606965,0.00014812768494988475,0.525,0.37037037037037035,-0.02308010889941627,-0.004873868527761347,0.00798099672013312,True,0.5009747737055523,-0.00019773589354041935,0.0003458635784903041,-0.0036541364215096957,16,1.0,1.0,1.750147489403613,REJECTED,insufficient_unique_flow_hours,duplicate_segment_competition;low_sample_warning
162,ETH,1383662,will-megaeth-launch-a-token-by-june-30-2026-676-993-477,29601542826076048097538062468538667893425689293490219370577801090612691914945,"Will MegaETH launch a token by June 30, 2026?",4,unique_active_wallets,all,all,0.9,134,80,54,-1,0.525,0.37037037037037035,0.00041880347451606965,0.00014812768494988475,0.525,0.37037037037037035,nan,nan,nan,True,0.5,-0.00019773589354041935,0.0003458635784903041,-0.0036541364215096957,16,1.0,1.0,1.7491727156980608,REJECTED,insufficient_unique_flow_hours,duplicate_segment_competition;low_sample_warning
163,ETH,1299187,megaeth-market-cap-fdv-1pt5b-one-day-after-launch-371-844-879-681,59361386662140736273790755583050126642583489495616165418126619457111736694733,MegaETH market cap (FDV) >$1.5B one day after launch?,1,sell_volume_usdc,all,all,1.0,28,16,12,-1,0.625,0.5833333333333334,0.00048434995811315307,0.0003108489771603234,0.625,0.5833333333333334,0.4595049199591762,0.5166363836636808,nan,True,0.5,-2.9208936140114936e-05,0.0003400579133004383,-0.003659942086699562,4,1.0,1.0,1.2146782493267543,REJECTED,insufficient_samples,duplicate_segment_competition;low_sample_warning
164,BTC,1345530,will-bitcoin-reach-80000-by-december-31-2026-195-842-488-785,57919935471407397521237084573781793510659396827525482575585173092467716045100,"Will Bitcoin reach $80,000 by December 31, 2026?",1,buy_volume_usdc,all,all,1.0,128,76,52,-1,0.5131578947368421,0.46153846153846156,0.00016397713378391712,0.00011278231808708367,0.5131578947368421,0.46153846153846156,-0.138347675357252,-0.11459188372066118,-0.1841868525453269,True,0.8229183767441323,-0.00022659234022934702,0.0003393746583164307,-0.0036606253416835693,13,1.0,1.0,2.0907933084074184,REJECTED,insufficient_unique_flow_hours,duplicate_segment_competition;low_sample_warning
165,BTC,1345530,will-bitcoin-reach-80000-by-december-31-2026-195-842-488-785,57919935471407397521237084573781793510659396827525482575585173092467716045100,"Will Bitcoin reach $80,000 by December 31, 2026?",1,net_flow_usdc,all,all,1.0,131,78,53,-1,0.5128205128205128,0.4716981132075472,0.00017378776922681016,0.00010333303307419603,0.5128205128205128,0.4716981132075472,-0.1392199923716326,-0.11326323122124071,-0.1889023384111548,True,0.8226526462442482,-0.00022659234022934702,0.00032992537330354304,-0.003670074626696457,15,1.0,1.0,2.088637720904957,REJECTED,insufficient_unique_flow_hours,duplicate_segment_competition;low_sample_warning
166,ETH,1383662,will-megaeth-launch-a-token-by-june-30-2026-676-993-477,29601542826076048097538062468538667893425689293490219370577801090612691914945,"Will MegaETH launch a token by June 30, 2026?",1,buy_volume_usdc,all,all,1.0,72,43,29,-1,0.6046511627906976,0.4827586206896552,0.0006327117988369344,0.00029243752101575093,0.6046511627906976,0.4827586206896552,0.05906959088585217,0.009431344067537999,0.09632299135923027,True,0.8018862688135077,-3.7119219684584775e-05,0.0003295567407003357,-0.0036704432592996644,6,1.0,1.0,1.7877976169535748,REJECTED,insufficient_unique_flow_hours,duplicate_segment_competition;low_sample_warning
167,BTC,1823779,will-bitcoin-dip-to-65k-in-april-2026-355-765,91891168804884935930999247357727984305771756132991676079520973027739343180431,"Will Bitcoin dip to $65,000 in April?",24,buy_volume_usdc,all,all,1.0,103,61,42,-1,0.5081967213114754,0.5,0.00014248618634994927,-0.00010509760732894797,0.5081967213114754,0.5,-0.003888606162657296,0.13231541506947284,-0.0910205413881704,False,0.01820410827763408,-0.0004120446728077987,0.00030694706547885076,-0.0036930529345211493,4,1.0,1.0,1.2795935213734042,REJECTED,insufficient_unique_flow_hours,duplicate_segment_competition;low_sample_warning;unstable_train_test_warning
168,ETH,1823799,will-ethereum-dip-to-2000-in-april-2026,115443844896518160070261607488184121309794437412699113546532889479676113001808,"Will Ethereum dip to $2,000 in April?",24,net_flow_usdc,all,all,1.0,106,63,43,-1,0.49206349206349204,0.5348837209302325,0.000129137251793739,0.00023663793749178696,0.49206349206349204,0.5348837209302325,-0.05762625498112499,-0.020203883374029487,-0.07991283386750903,True,0.8040407766748059,-7.028119907042425e-05,0.0003069191365622112,-0.0036930808634377888,8,1.0,1.0,2.135192045847713,REJECTED,insufficient_unique_flow_hours,duplicate_segment_competition;low_sample_warning
169,BTC,1345530,will-bitcoin-reach-80000-by-december-31-2026-195-842-488-785,57919935471407397521237084573781793510659396827525482575585173092467716045100,"Will Bitcoin reach $80,000 by December 31, 2026?",1,abs_net_flow_usdc,all,all,0.9,131,78,53,-1,0.5128205128205128,0.4528301886792453,0.00017378776922681016,7.672344648862892e-05,0.5128205128205128,0.4528301886792453,-0.13861356236400582,-0.11326323122124071,-0.18817730997221507,True,0.8226526462442482,-0.00022659234022934702,0.00030331578671797594,-0.003696684213282024,15,1.0,1.0,2.0633158035878436,REJECTED,insufficient_unique_flow_hours,duplicate_segment_competition;low_sample_warning
170,BTC,1345530,will-bitcoin-reach-80000-by-december-31-2026-195-842-488-785,57919935471407397521237084573781793510659396827525482575585173092467716045100,"Will Bitcoin reach $80,000 by December 31, 2026?",1,unique_active_wallets,all,all,0.9,131,78,53,-1,0.5128205128205128,0.4528301886792453,0.00017378776922681016,7.672344648862892e-05,0.5128205128205128,0.4528301886792453,nan,nan,nan,True,0.5,-0.00022659234022934702,0.00030331578671797594,-0.003696684213282024,15,1.0,1.0,1.7406631573435951,REJECTED,insufficient_unique_flow_hours,duplicate_segment_competition;low_sample_warning
171,ETH,1383662,will-megaeth-launch-a-token-by-june-30-2026-676-993-477,29601542826076048097538062468538667893425689293490219370577801090612691914945,"Will MegaETH launch a token by June 30, 2026?",1,large_trade_count,all,all,0.8,64,38,26,-1,0.6052631578947368,0.46153846153846156,0.0008385921437464678,0.0002383145000942876,0.6052631578947368,0.46153846153846156,nan,nan,nan,True,0.5,-3.7119219684584775e-05,0.00027543371977887236,-0.003724566280221128,4,1.0,1.0,1.3550867439557748,REJECTED,insufficient_unique_flow_hours,duplicate_segment_competition;low_sample_warning
172,ETH,1383662,will-megaeth-launch-a-token-by-june-30-2026-676-993-477,29601542826076048097538062468538667893425689293490219370577801090612691914945,"Will MegaETH launch a token by June 30, 2026?",1,whale_flow_score,all,all,0.8,64,38,26,-1,0.6052631578947368,0.46153846153846156,0.0008385921437464678,0.0002383145000942876,0.6052631578947368,0.46153846153846156,nan,nan,nan,True,0.5,-3.7119219684584775e-05,0.00027543371977887236,-0.003724566280221128,4,1.0,1.0,1.3550867439557748,REJECTED,insufficient_unique_flow_hours,duplicate_segment_competition;low_sample_warning
173,ETH,1299187,megaeth-market-cap-fdv-1pt5b-one-day-after-launch-371-844-879-681,59361386662140736273790755583050126642583489495616165418126619457111736694733,MegaETH market cap (FDV) >$1.5B one day after launch?,1,buy_volume_usdc,all,all,1.0,119,71,48,-1,0.5352112676056338,0.375,0.0005846256205402375,0.00024066128882197405,0.5352112676056338,0.375,-0.043041608616913286,-0.029370449771402875,-0.09251410408929986,True,0.8058740899542807,-2.9208936140114936e-05,0.00026987022496208896,-0.003730129775037911,17,1.0,1.0,2.0598481349466984,REJECTED,insufficient_unique_flow_hours,duplicate_segment_competition;low_sample_warning
174,ETH,1823799,will-ethereum-dip-to-2000-in-april-2026,115443844896518160070261607488184121309794437412699113546532889479676113001808,"Will Ethereum dip to $2,000 in April?",24,abs_net_flow_usdc,all,all,0.9,106,63,43,-1,0.49206349206349204,0.3488372093023256,0.000129137251793739,0.00019075299749307485,0.49206349206349204,0.3488372093023256,-0.057931236681583155,-0.020203883374029487,-0.07991283386750903,True,0.8040407766748059,-7.028119907042425e-05,0.0002610341965634991,-0.003738965803436501,8,1.0,1.0,2.036247615987506,REJECTED,insufficient_unique_flow_hours,duplicate_segment_competition;low_sample_warning
175,ETH,1823799,will-ethereum-dip-to-2000-in-april-2026,115443844896518160070261607488184121309794437412699113546532889479676113001808,"Will Ethereum dip to $2,000 in April?",24,unique_active_wallets,all,all,0.9,106,63,43,-1,0.49206349206349204,0.3488372093023256,0.000129137251793739,0.00019075299749307485,0.49206349206349204,0.3488372093023256,nan,nan,nan,True,0.5,-7.028119907042425e-05,0.0002610341965634991,-0.003738965803436501,8,1.0,1.0,1.7322068393126997,REJECTED,insufficient_unique_flow_hours,duplicate_segment_competition;low_sample_warning
176,ETH,1823796,will-ethereum-reach-2600-in-april-2026,50308948122998050994686144925841639946050360545921215447281194779092729393480,"Will Ethereum reach $2,600 in April?",24,buy_volume_usdc,all,all,1.0,1,0,0,0,0.0,0.0,0.0,0.0,0.0,0.0,nan,nan,nan,False,0.0,-0.00024284427906902395,0.00024284427906902395,-0.0037571557209309762,1,1.0,1.0,0.2585688558138048,REJECTED,insufficient_samples,duplicate_segment_competition;low_sample_warning;unstable_train_test_warning
177,BTC,665258,will-china-unban-bitcoin-by-2027,91810646921497227084241579668235102205462718984593674693010693975258849328842,Will China unban Bitcoin by 2027?,24,unique_active_wallets,all,all,0.9,111,66,45,-1,0.48484848484848486,0.4888888888888889,0.00011447449069258477,0.00015224078027813816,0.48484848484848486,0.4888888888888889,nan,nan,nan,True,0.5,-8.921491742878031e-05,0.00024145569770691846,-0.0037585443022930816,4,1.0,0.3063063063063063,1.7282911395413836,REJECTED,insufficient_unique_flow_hours,duplicate_segment_competition;low_non_zero_net_flow_coverage;low_sample_warning
178,BTC,824952,microstrategy-sells-any-bitcoin-by-december-31-2026,111128191581505463501777127559667396812474366956707382672202929745167742497287,"MicroStrategy sells any Bitcoin by December 31, 2026?",1,buy_volume_usdc,all,all,1.0,7,4,3,1,0.75,0.6666666666666666,0.00027649953531466443,0.0002350513481725095,0.75,0.6666666666666666,nan,nan,nan,True,0.5,0.0,0.0002350513481725095,-0.0037649486518274906,1,1.0,1.0,1.150343602967835,REJECTED,insufficient_samples,duplicate_segment_competition;low_sample_warning
179,BTC,824952,microstrategy-sells-any-bitcoin-by-december-31-2026,111128191581505463501777127559667396812474366956707382672202929745167742497287,"MicroStrategy sells any Bitcoin by December 31, 2026?",1,net_flow_usdc,all,all,1.0,7,4,3,1,0.75,0.6666666666666666,0.00027649953531466443,0.0002350513481725095,0.75,0.6666666666666666,nan,nan,nan,True,0.5,0.0,0.0002350513481725095,-0.0037649486518274906,1,1.0,1.0,1.150343602967835,REJECTED,insufficient_samples,duplicate_segment_competition;low_sample_warning
180,BTC,824952,microstrategy-sells-any-bitcoin-by-december-31-2026,111128191581505463501777127559667396812474366956707382672202929745167742497287,"MicroStrategy sells any Bitcoin by December 31, 2026?",1,abs_net_flow_usdc,all,all,0.9,7,4,3,1,0.75,0.6666666666666666,0.00027649953531466443,0.0002350513481725095,0.75,0.6666666666666666,nan,nan,nan,True,0.5,0.0,0.0002350513481725095,-0.0037649486518274906,1,1.0,1.0,1.130343602967835,REJECTED,insufficient_samples,duplicate_segment_competition;low_sample_warning
181,BTC,824952,microstrategy-sells-any-bitcoin-by-december-31-2026,111128191581505463501777127559667396812474366956707382672202929745167742497287,"MicroStrategy sells any Bitcoin by December 31, 2026?",1,unique_active_wallets,all,all,0.9,7,4,3,1,0.75,0.6666666666666666,0.00027649953531466443,0.0002350513481725095,0.75,0.6666666666666666,nan,nan,nan,True,0.5,0.0,0.0002350513481725095,-0.0037649486518274906,1,1.0,1.0,1.130343602967835,REJECTED,insufficient_samples,duplicate_segment_competition;low_sample_warning
182,BTC,1823779,will-bitcoin-dip-to-65k-in-april-2026-355-765,91891168804884935930999247357727984305771756132991676079520973027739343180431,"Will Bitcoin dip to $65,000 in April?",24,large_trade_count,all,all,0.8,57,34,23,1,0.5,0.5217391304347826,4.433705973911936e-05,-0.0001931727194969667,0.5,0.5217391304347826,nan,nan,nan,False,0.0,-0.0004120446728077987,0.000218871953310832,-0.003781128046689168,1,1.0,1.0,0.8172526515317315,REJECTED,insufficient_unique_flow_hours,duplicate_segment_competition;low_sample_warning;unstable_train_test_warning
183,BTC,1823779,will-bitcoin-dip-to-65k-in-april-2026-355-765,91891168804884935930999247357727984305771756132991676079520973027739343180431,"Will Bitcoin dip to $65,000 in April?",24,whale_flow_score,all,all,0.8,57,34,23,1,0.5,0.5217391304347826,4.433705973911936e-05,-0.0001931727194969667,0.5,0.5217391304347826,nan,nan,nan,False,0.0,-0.0004120446728077987,0.000218871953310832,-0.003781128046689168,1,1.0,1.0,0.8172526515317315,REJECTED,insufficient_unique_flow_hours,duplicate_segment_competition;low_sample_warning;unstable_train_test_warning
184,ETH,1299187,megaeth-market-cap-fdv-1pt5b-one-day-after-launch-371-844-879-681,59361386662140736273790755583050126642583489495616165418126619457111736694733,MegaETH market cap (FDV) >$1.5B one day after launch?,1,net_flow_usdc,all,all,1.0,128,76,52,-1,0.618421052631579,0.36538461538461536,0.0006955140920290752,0.00017063749127411987,0.618421052631579,0.36538461538461536,-0.07082079294127966,-0.10400888346729868,-0.1047197690831622,True,0.8208017766934598,-2.9208936140114936e-05,0.0001998464274142348,-0.0038001535725857654,19,1.0,1.0,2.060771062176307,REJECTED,insufficient_unique_flow_hours,duplicate_segment_competition;low_sample_warning
185,ETH,1299187,megaeth-market-cap-fdv-1pt5b-one-day-after-launch-371-844-879-681,59361386662140736273790755583050126642583489495616165418126619457111736694733,MegaETH market cap (FDV) >$1.5B one day after launch?,1,abs_net_flow_usdc,all,all,0.9,128,76,52,-1,0.5394736842105263,0.36538461538461536,0.0005114526837694871,0.00017063749127411987,0.5394736842105263,0.36538461538461536,-0.01879106853346452,0.07946272505255829,-0.1047197690831622,True,0.5158925450105116,-2.9208936140114936e-05,0.0001998464274142348,-0.0038001535725857654,19,1.0,1.0,1.7358618304933586,REJECTED,insufficient_unique_flow_hours,duplicate_segment_competition;low_sample_warning
186,ETH,1299187,megaeth-market-cap-fdv-1pt5b-one-day-after-launch-371-844-879-681,59361386662140736273790755583050126642583489495616165418126619457111736694733,MegaETH market cap (FDV) >$1.5B one day after launch?,1,unique_active_wallets,all,all,0.9,128,76,52,-1,0.5394736842105263,0.36538461538461536,0.0005114526837694871,0.00017063749127411987,0.5394736842105263,0.36538461538461536,0.04644646235985254,0.0998832194790594,nan,True,0.5,-2.9208936140114936e-05,0.0001998464274142348,-0.0038001535725857654,19,1.0,1.0,1.719969285482847,REJECTED,insufficient_unique_flow_hours,duplicate_segment_competition;low_sample_warning
187,BTC,1343220,will-bitcoin-dip-to-10000-by-december-31-2026-888-644-567-258-946-853,42439528758178981890895605039938161151582654744978607695897321288347422769852,"Will Bitcoin dip to $10,000 by December 31, 2026?",1,flow_momentum_4h,all,all,0.6,92,55,37,-1,0.43636363636363634,0.5135135135135135,2.4748042048144105e-05,0.00037251038246718216,0.43636363636363634,0.5135135135135135,-0.0035978083661040534,-3.333277979298931e-05,0.056793329311348895,True,0.5000066665559586,0.00018291097113192026,0.0001895994113352619,-0.0038104005886647383,18,1.0,1.0,1.604953575850038,REJECTED,insufficient_unique_flow_hours,duplicate_segment_competition;low_sample_warning
188,BTC,1345530,will-bitcoin-reach-80000-by-december-31-2026-195-842-488-785,57919935471407397521237084573781793510659396827525482575585173092467716045100,"Will Bitcoin reach $80,000 by December 31, 2026?",4,buy_volume_usdc,all,all,1.0,128,76,52,-1,0.5131578947368421,0.46153846153846156,0.00029164054444767034,9.492890496390814e-05,0.5131578947368421,0.46153846153846156,-0.047090544918700905,-0.10050280239800226,-0.054867434636976305,True,0.8109734869273953,-8.582107144991882e-05,0.00018074997641382698,-0.003819250023586173,13,1.0,1.0,2.0471234822101607,REJECTED,insufficient_unique_flow_hours,duplicate_segment_competition;low_sample_warning
189,BTC,1345530,will-bitcoin-reach-80000-by-december-31-2026-195-842-488-785,57919935471407397521237084573781793510659396827525482575585173092467716045100,"Will Bitcoin reach $80,000 by December 31, 2026?",4,net_flow_usdc,all,all,1.0,128,76,52,-1,0.5131578947368421,0.46153846153846156,0.00029164054444767034,9.492890496390814e-05,0.5131578947368421,0.46153846153846156,-0.047090544918700905,-0.10050280239800226,-0.054867434636976305,True,0.8109734869273953,-8.582107144991882e-05,0.00018074997641382698,-0.003819250023586173,13,1.0,1.0,2.0471234822101607,REJECTED,insufficient_unique_flow_hours,duplicate_segment_competition;low_sample_warning
190,BTC,1345530,will-bitcoin-reach-80000-by-december-31-2026-195-842-488-785,57919935471407397521237084573781793510659396827525482575585173092467716045100,"Will Bitcoin reach $80,000 by December 31, 2026?",4,abs_net_flow_usdc,all,all,0.9,128,76,52,-1,0.5131578947368421,0.46153846153846156,0.00029164054444767034,9.492890496390814e-05,0.5131578947368421,0.46153846153846156,-0.047090544918700905,-0.10050280239800226,-0.054867434636976305,True,0.8109734869273953,-8.582107144991882e-05,0.00018074997641382698,-0.003819250023586173,13,1.0,1.0,2.0271234822101607,REJECTED,insufficient_unique_flow_hours,duplicate_segment_competition;low_sample_warning
191,BTC,1345530,will-bitcoin-reach-80000-by-december-31-2026-195-842-488-785,57919935471407397521237084573781793510659396827525482575585173092467716045100,"Will Bitcoin reach $80,000 by December 31, 2026?",4,unique_active_wallets,all,all,0.9,128,76,52,-1,0.5131578947368421,0.46153846153846156,0.00029164054444767034,9.492890496390814e-05,0.5131578947368421,0.46153846153846156,nan,nan,nan,True,0.5,-8.582107144991882e-05,0.00018074997641382698,-0.003819250023586173,13,1.0,1.0,1.7161499952827652,REJECTED,insufficient_unique_flow_hours,duplicate_segment_competition;low_sample_warning
192,BTC,1823776,will-bitcoin-reach-80k-in-april-2026-794,22893138393795740138249503228269517733051888602506683062209713465144747482167,"Will Bitcoin reach $80,000 in April?",24,abs_net_flow_usdc,all,all,0.9,104,62,42,-1,0.46774193548387094,0.5,8.407734738699312e-05,0.00025916903598575535,0.46774193548387094,0.5,-0.04548100728899286,0.14980401394380183,-0.17554457993123432,True,0.5299608027887603,8.12365184750821e-05,0.00017793251751067326,-0.003822067482489327,5,1.0,1.0,1.7455473062908948,REJECTED,insufficient_unique_flow_hours,duplicate_segment_competition;low_sample_warning
193,BTC,1823776,will-bitcoin-reach-80k-in-april-2026-794,22893138393795740138249503228269517733051888602506683062209713465144747482167,"Will Bitcoin reach $80,000 in April?",24,unique_active_wallets,all,all,0.9,104,62,42,-1,0.46774193548387094,0.5,8.407734738699312e-05,0.00025916903598575535,0.46774193548387094,0.5,nan,nan,nan,True,0.5,8.12365184750821e-05,0.00017793251751067326,-0.003822067482489327,5,1.0,1.0,1.7155865035021345,REJECTED,insufficient_unique_flow_hours,duplicate_segment_competition;low_sample_warning
194,BTC,701495,will-bitcoin-reach-110000-by-december-31-2026-658-339-969,74843373582432484858627201602003648342208168490128239235522790524493414154441,"Will Bitcoin reach $110,000 by December 31, 2026?",4,abs_net_flow_usdc,all,all,0.9,123,73,50,-1,0.5068493150684932,0.48,0.0002396689933841946,0.00014165590876803053,0.5068493150684932,0.48,0.026338401444783336,0.033059735005213385,nan,True,0.5,-3.6187854128741216e-05,0.00017784376289677175,-0.0038221562371032283,5,1.0,1.0,1.7155687525793544,REJECTED,insufficient_unique_flow_hours,duplicate_segment_competition;low_sample_warning
195,BTC,701495,will-bitcoin-reach-110000-by-december-31-2026-658-339-969,74843373582432484858627201602003648342208168490128239235522790524493414154441,"Will Bitcoin reach $110,000 by December 31, 2026?",4,unique_active_wallets,all,all,0.9,123,73,50,-1,0.5068493150684932,0.48,0.0002396689933841946,0.00014165590876803053,0.5068493150684932,0.48,nan,nan,nan,True,0.5,-3.6187854128741216e-05,0.00017784376289677175,-0.0038221562371032283,5,1.0,1.0,1.7155687525793544,REJECTED,insufficient_unique_flow_hours,duplicate_segment_competition;low_sample_warning
196,BTC,1823779,will-bitcoin-dip-to-65k-in-april-2026-355-765,91891168804884935930999247357727984305771756132991676079520973027739343180431,"Will Bitcoin dip to $65,000 in April?",4,abs_net_flow_usdc,all,all,0.9,134,80,54,-1,0.5,0.46296296296296297,9.871635293377999e-05,0.00011158693190064758,0.5,0.46296296296296297,0.008381217600807102,0.013260990177083282,0.07359156621806319,True,0.8026521980354167,-6.142111260164832e-05,0.00017300804450229589,-0.003826991955497704,7,1.0,1.0,2.017253806935876,REJECTED,insufficient_unique_flow_hours,duplicate_segment_competition;low_sample_warning
197,BTC,1823779,will-bitcoin-dip-to-65k-in-april-2026-355-765,91891168804884935930999247357727984305771756132991676079520973027739343180431,"Will Bitcoin dip to $65,000 in April?",4,unique_active_wallets,all,all,0.9,134,80,54,-1,0.5,0.46296296296296297,9.871635293377999e-05,0.00011158693190064758,0.5,0.46296296296296297,nan,nan,nan,True,0.5,-6.142111260164832e-05,0.00017300804450229589,-0.003826991955497704,7,1.0,1.0,1.7146016089004592,REJECTED,insufficient_unique_flow_hours,duplicate_segment_competition;low_sample_warning
198,ETH,1299187,megaeth-market-cap-fdv-1pt5b-one-day-after-launch-371-844-879-681,59361386662140736273790755583050126642583489495616165418126619457111736694733,MegaETH market cap (FDV) >$1.5B one day after launch?,1,whale_flow_score,all,all,0.8,21,12,9,-1,0.5833333333333334,0.5555555555555556,0.0007399774093411925,0.0001425405545011476,0.5833333333333334,0.5555555555555556,0.12600370139065728,nan,0.2737234894353992,True,0.5,-2.9208936140114936e-05,0.00017174949064126255,-0.0038282505093587375,7,1.0,1.0,1.0154610092393637,REJECTED,insufficient_samples,duplicate_segment_competition;low_sample_warning
199,ETH,1383662,will-megaeth-launch-a-token-by-june-30-2026-676-993-477,29601542826076048097538062468538667893425689293490219370577801090612691914945,"Will MegaETH launch a token by June 30, 2026?",1,abs_net_flow_usdc,all,all,0.9,137,82,55,-1,0.5487804878048781,0.36363636363636365,0.0004599798033589067,0.00013409449172307913,0.5487804878048781,0.36363636363636365,-0.009007441977945637,0.038624886487779946,-0.30403367472953935,True,0.507724977297556,-3.7119219684584775e-05,0.0001712137114076639,-0.003828786288592336,16,1.0,1.0,1.7219677195790888,REJECTED,insufficient_unique_flow_hours,duplicate_segment_competition;low_sample_warning
200,ETH,1383662,will-megaeth-launch-a-token-by-june-30-2026-676-993-477,29601542826076048097538062468538667893425689293490219370577801090612691914945,"Will MegaETH launch a token by June 30, 2026?",1,unique_active_wallets,all,all,0.9,137,82,55,-1,0.5487804878048781,0.36363636363636365,0.0004599798033589067,0.00013409449172307913,0.5487804878048781,0.36363636363636365,nan,nan,nan,True,0.5,-3.7119219684584775e-05,0.0001712137114076639,-0.003828786288592336,16,1.0,1.0,1.7142427422815327,REJECTED,insufficient_unique_flow_hours,duplicate_segment_competition;low_sample_warning
201,BTC,1823771,will-bitcoin-reach-105k-in-april-2026,5855998775638456008143009293415543579001929689452953587667154608243793082021,"Will Bitcoin reach $105,000 in April?",4,flow_momentum_4h,all,all,0.6,77,46,31,1,0.5652173913043478,0.45161290322580644,8.206331765780951e-05,-0.00046487162085113705,0.5652173913043478,0.45161290322580644,-0.026070025264385933,-0.025296788323510226,nan,False,0.0,-0.0006353183227067634,0.00017044670185562634,-0.0038295532981443736,4,1.0,1.0,0.9240893403711253,REJECTED,insufficient_unique_flow_hours,duplicate_segment_competition;low_sample_warning;unstable_train_test_warning
202,ETH,1823799,will-ethereum-dip-to-2000-in-april-2026,115443844896518160070261607488184121309794437412699113546532889479676113001808,"Will Ethereum dip to $2,000 in April?",4,net_flow_usdc,all,all,1.0,126,75,51,-1,0.52,0.5882352941176471,0.00035803882052223444,0.000864813813599339,0.52,0.5882352941176471,-0.09261960209310346,-0.0711604918430787,-0.10614469494802876,True,0.8142320983686158,0.000696606416731694,0.00016820739686764505,-0.003831792603132355,10,1.0,1.0,2.2243441659774392,REJECTED,insufficient_unique_flow_hours,duplicate_segment_competition;low_sample_warning
203,BTC,1823771,will-bitcoin-reach-105k-in-april-2026,5855998775638456008143009293415543579001929689452953587667154608243793082021,"Will Bitcoin reach $105,000 in April?",24,flow_momentum_4h,all,all,0.6,57,34,23,1,0.6176470588235294,0.43478260869565216,0.0005867324807867962,-0.000964252412090302,0.6176470588235294,0.43478260869565216,0.047620118659416524,0.19117079711636964,nan,False,0.0,-0.0011323899574901609,0.0001681375453998589,-0.003831862454600141,4,1.0,1.0,0.7236275090799718,REJECTED,insufficient_unique_flow_hours,duplicate_segment_competition;low_sample_warning;unstable_train_test_warning
204,ETH,1383662,will-megaeth-launch-a-token-by-june-30-2026-676-993-477,29601542826076048097538062468538667893425689293490219370577801090612691914945,"Will MegaETH launch a token by June 30, 2026?",24,sell_volume_usdc,all,all,1.0,42,25,17,1,0.36,0.4117647058823529,0.00034746817993318405,0.0008171641855504168,0.36,0.4117647058823529,0.283933084518118,0.3042392785656664,0.234399635688797,True,0.8468799271377594,0.0006534731362041818,0.00016369104934623499,-0.003836308950653765,8,1.0,1.0,1.4996181370070063,REJECTED,insufficient_unique_flow_hours,duplicate_segment_competition;low_sample_warning
205,ETH,1823799,will-ethereum-dip-to-2000-in-april-2026,115443844896518160070261607488184121309794437412699113546532889479676113001808,"Will Ethereum dip to $2,000 in April?",4,buy_volume_usdc,all,all,1.0,88,52,36,-1,0.5576923076923077,0.4444444444444444,0.00048701731248414513,0.0008463953813190683,0.5576923076923077,0.4444444444444444,-0.055024912458394575,-0.0821476780966293,-0.014271082659402558,True,0.8028542165318806,0.000696606416731694,0.00014978896458737437,-0.0038502110354126256,8,1.0,1.0,1.9128120094493555,REJECTED,insufficient_unique_flow_hours,duplicate_segment_competition;low_sample_warning
206,BTC,1823779,will-bitcoin-dip-to-65k-in-april-2026-355-765,91891168804884935930999247357727984305771756132991676079520973027739343180431,"Will Bitcoin dip to $65,000 in April?",1,abs_net_flow_usdc,all,all,0.9,137,82,55,-1,0.5,0.45454545454545453,0.00010437175302220019,9.380957265474224e-05,0.5,0.45454545454545453,0.030531236655222293,0.0600585427472064,0.09977205805188169,True,0.8120117085494414,-5.466492421232234e-05,0.00014847449686706458,-0.0038515255031329357,7,1.0,1.0,2.0217066079228543,REJECTED,insufficient_unique_flow_hours,duplicate_segment_competition;low_sample_warning
207,BTC,1823779,will-bitcoin-dip-to-65k-in-april-2026-355-765,91891168804884935930999247357727984305771756132991676079520973027739343180431,"Will Bitcoin dip to $65,000 in April?",1,unique_active_wallets,all,all,0.9,137,82,55,-1,0.5,0.45454545454545453,0.00010437175302220019,9.380957265474224e-05,0.5,0.45454545454545453,nan,nan,nan,True,0.5,-5.466492421232234e-05,0.00014847449686706458,-0.0038515255031329357,7,1.0,1.0,1.709694899373413,REJECTED,insufficient_unique_flow_hours,duplicate_segment_competition;low_sample_warning
208,BTC,665258,will-china-unban-bitcoin-by-2027,91810646921497227084241579668235102205462718984593674693010693975258849328842,Will China unban Bitcoin by 2027?,1,unique_active_wallets,all,all,0.9,134,80,54,-1,0.5,0.46296296296296297,9.871635293377999e-05,0.00011158693190064758,0.5,0.46296296296296297,nan,nan,nan,True,0.5,-3.3530754875970834e-05,0.0001451176867766184,-0.0038548823132233817,4,1.0,0.2537313432835821,1.7090235373553235,REJECTED,insufficient_unique_flow_hours,duplicate_segment_competition;low_non_zero_net_flow_coverage;low_sample_warning
209,BTC,1823779,will-bitcoin-dip-to-65k-in-april-2026-355-765,91891168804884935930999247357727984305771756132991676079520973027739343180431,"Will Bitcoin dip to $65,000 in April?",24,flow_momentum_4h,all,all,0.6,48,28,20,1,0.4642857142857143,0.35,0.0002804412481402844,-0.0002671577764295077,0.4642857142857143,0.35,-0.11273596711612174,0.03277242764941155,0.0033902800005768934,False,0.3006780560001154,-0.0004120446728077987,0.00014488689637829103,-0.003855113103621709,3,1.0,1.0,0.9296554352757737,REJECTED,insufficient_unique_flow_hours,duplicate_segment_competition;low_sample_warning;unstable_train_test_warning
210,BTC,1823776,will-bitcoin-reach-80k-in-april-2026-794,22893138393795740138249503228269517733051888602506683062209713465144747482167,"Will Bitcoin reach $80,000 in April?",24,large_trade_count,all,all,0.8,103,61,42,-1,0.47540983606557374,0.5,0.00016449533790605775,0.00022522697720877768,0.47540983606557374,0.5,-0.06354671609833938,0.16111248954722315,-0.13134505066010405,True,0.5262690101320208,8.12365184750821e-05,0.0001439904587336956,-0.0038560095412663044,4,1.0,1.0,1.71506710187876,REJECTED,insufficient_unique_flow_hours,duplicate_segment_competition;low_sample_warning
211,BTC,1345530,will-bitcoin-reach-80000-by-december-31-2026-195-842-488-785,57919935471407397521237084573781793510659396827525482575585173092467716045100,"Will Bitcoin reach $80,000 by December 31, 2026?",24,flow_momentum_4h,all,all,0.6,57,34,23,-1,0.5882352941176471,0.34782608695652173,0.00036339170482743775,2.806176763381758e-05,0.5882352941176471,0.34782608695652173,-0.04584232762533955,0.2828658700500099,-0.07455111286171179,True,0.5149102225723423,-0.00011532074372968118,0.00014338251136349875,-0.003856617488636501,4,1.0,1.0,1.233586724845042,REJECTED,insufficient_unique_flow_hours,duplicate_segment_competition;low_sample_warning
212,BTC,701495,will-bitcoin-reach-110000-by-december-31-2026-658-339-969,74843373582432484858627201602003648342208168490128239235522790524493414154441,"Will Bitcoin reach $110,000 by December 31, 2026?",24,net_flow_usdc,all,all,1.0,103,61,42,1,0.5737704918032787,0.5,0.00031479676250758593,-0.00025916903598575535,0.5737704918032787,0.5,0.027490878858795736,0.2840275871867176,nan,False,0.0,-0.0003725282063220456,0.00011335917033629026,-0.00388664082966371,5,1.0,1.0,1.222671834067258,REJECTED,insufficient_unique_flow_hours,duplicate_segment_competition;low_sample_warning;unstable_train_test_warning
213,XRP,1823902,will-xrp-reach-2-in-april-2026,67556301124097607260152199396403959080839673893054926374870558197278260784915,Will XRP reach $2.00 in April?,24,buy_volume_usdc,all,all,1.0,88,52,36,-1,0.4423076923076923,0.6111111111111112,3.230253149899439e-05,0.0007074636441721454,0.4423076923076923,0.6111111111111112,nan,nan,nan,True,0.5,0.0006048464998142098,0.0001026171443579356,-0.0038973828556420646,1,1.0,1.0,1.8227456510938094,REJECTED,insufficient_unique_flow_hours,duplicate_segment_competition;low_sample_warning
214,XRP,1823902,will-xrp-reach-2-in-april-2026,67556301124097607260152199396403959080839673893054926374870558197278260784915,Will XRP reach $2.00 in April?,24,net_flow_usdc,all,all,1.0,88,52,36,-1,0.4423076923076923,0.6111111111111112,3.230253149899439e-05,0.0007074636441721454,0.4423076923076923,0.6111111111111112,nan,nan,nan,True,0.5,0.0006048464998142098,0.0001026171443579356,-0.0038973828556420646,1,1.0,1.0,1.8227456510938094,REJECTED,insufficient_unique_flow_hours,duplicate_segment_competition;low_sample_warning
215,XRP,1823902,will-xrp-reach-2-in-april-2026,67556301124097607260152199396403959080839673893054926374870558197278260784915,Will XRP reach $2.00 in April?,24,abs_net_flow_usdc,all,all,0.9,88,52,36,-1,0.4423076923076923,0.6111111111111112,3.230253149899439e-05,0.0007074636441721454,0.4423076923076923,0.6111111111111112,nan,nan,nan,True,0.5,0.0006048464998142098,0.0001026171443579356,-0.0038973828556420646,1,1.0,1.0,1.8027456510938094,REJECTED,insufficient_unique_flow_hours,duplicate_segment_competition;low_sample_warning
216,XRP,1823902,will-xrp-reach-2-in-april-2026,67556301124097607260152199396403959080839673893054926374870558197278260784915,Will XRP reach $2.00 in April?,24,unique_active_wallets,all,all,0.9,88,52,36,-1,0.4423076923076923,0.6111111111111112,3.230253149899439e-05,0.0007074636441721454,0.4423076923076923,0.6111111111111112,nan,nan,nan,True,0.5,0.0006048464998142098,0.0001026171443579356,-0.0038973828556420646,1,1.0,1.0,1.8027456510938094,REJECTED,insufficient_unique_flow_hours,duplicate_segment_competition;low_sample_warning
217,BTC,1823776,will-bitcoin-reach-80k-in-april-2026-794,22893138393795740138249503228269517733051888602506683062209713465144747482167,"Will Bitcoin reach $80,000 in April?",1,abs_net_flow_usdc,all,all,0.9,127,76,51,-1,0.5131578947368421,0.47058823529411764,0.00032650292197978917,0.00010110379615068346,0.5131578947368421,0.47058823529411764,0.12280328093495103,-0.25476845310790797,0.3265197065299471,True,0.5509536906215816,4.283575042744895e-06,9.682022110793857e-05,-0.0039031797788920616,10,1.0,1.0,1.750317734843169,REJECTED,insufficient_unique_flow_hours,duplicate_segment_competition;low_sample_warning
218,BTC,1823776,will-bitcoin-reach-80k-in-april-2026-794,22893138393795740138249503228269517733051888602506683062209713465144747482167,"Will Bitcoin reach $80,000 in April?",1,unique_active_wallets,all,all,0.9,127,76,51,-1,0.5131578947368421,0.47058823529411764,0.00032650292197978917,0.00010110379615068346,0.5131578947368421,0.47058823529411764,-0.2667512675551797,nan,-0.3966228134099935,True,0.5,4.283575042744895e-06,9.682022110793857e-05,-0.0039031797788920616,10,1.0,1.0,1.6993640442215876,REJECTED,insufficient_unique_flow_hours,duplicate_segment_competition;low_sample_warning
219,BTC,1339767,will-bitcoin-dip-to-50000-by-december-31-2026-454-325-222-878-949-487-451,13887983551129862992605123088744175927084435631400400451585519366058907542147,"Will Bitcoin dip to $50,000 by December 31, 2026?",4,buy_volume_usdc,all,all,1.0,115,69,46,-1,0.463768115942029,0.5,4.556689644097587e-05,0.00016050194105600985,0.463768115942029,0.5,0.05971163363282869,0.08404175624840003,0.05067999470123866,True,0.8101359989402478,6.998697892190646e-05,9.05149621341034e-05,-0.003909485037865897,8,1.0,1.0,2.028238991367069,REJECTED,insufficient_unique_flow_hours,duplicate_segment_competition;low_sample_warning
220,BTC,1339767,will-bitcoin-dip-to-50000-by-december-31-2026-454-325-222-878-949-487-451,13887983551129862992605123088744175927084435631400400451585519366058907542147,"Will Bitcoin dip to $50,000 by December 31, 2026?",4,net_flow_usdc,all,all,1.0,115,69,46,-1,0.463768115942029,0.5,4.556689644097587e-05,0.00016050194105600985,0.463768115942029,0.5,0.05971163363282869,0.08404175624840003,0.05067999470123866,True,0.8101359989402478,6.998697892190646e-05,9.05149621341034e-05,-0.003909485037865897,8,1.0,1.0,2.028238991367069,REJECTED,insufficient_unique_flow_hours,duplicate_segment_competition;low_sample_warning
221,BTC,1339767,will-bitcoin-dip-to-50000-by-december-31-2026-454-325-222-878-949-487-451,13887983551129862992605123088744175927084435631400400451585519366058907542147,"Will Bitcoin dip to $50,000 by December 31, 2026?",4,abs_net_flow_usdc,all,all,0.9,115,69,46,-1,0.463768115942029,0.5,4.556689644097587e-05,0.00016050194105600985,0.463768115942029,0.5,0.05971163363282869,0.08404175624840003,0.05067999470123866,True,0.8101359989402478,6.998697892190646e-05,9.05149621341034e-05,-0.003909485037865897,8,1.0,1.0,2.008238991367069,REJECTED,insufficient_unique_flow_hours,duplicate_segment_competition;low_sample_warning
222,BTC,1339767,will-bitcoin-dip-to-50000-by-december-31-2026-454-325-222-878-949-487-451,13887983551129862992605123088744175927084435631400400451585519366058907542147,"Will Bitcoin dip to $50,000 by December 31, 2026?",4,unique_active_wallets,all,all,0.9,115,69,46,-1,0.463768115942029,0.5,4.556689644097587e-05,0.00016050194105600985,0.463768115942029,0.5,nan,nan,nan,True,0.5,6.998697892190646e-05,9.05149621341034e-05,-0.003909485037865897,8,1.0,1.0,1.6981029924268207,REJECTED,insufficient_unique_flow_hours,duplicate_segment_competition;low_sample_warning
223,BTC,665258,will-china-unban-bitcoin-by-2027,91810646921497227084241579668235102205462718984593674693010693975258849328842,Will China unban Bitcoin by 2027?,4,unique_active_wallets,all,all,0.9,131,78,53,-1,0.5128205128205128,0.4528301886792453,0.00017378776922681016,7.672344648862892e-05,0.5128205128205128,0.4528301886792453,nan,nan,nan,True,0.5,-1.2567530404594955e-05,8.929097689322387e-05,-0.003910709023106776,4,1.0,0.2595419847328244,1.6978581953786447,REJECTED,insufficient_unique_flow_hours,duplicate_segment_competition;low_non_zero_net_flow_coverage;low_sample_warning
224,ETH,1823796,will-ethereum-reach-2600-in-april-2026,50308948122998050994686144925841639946050360545921215447281194779092729393480,"Will Ethereum reach $2,600 in April?",1,whale_flow_score,all,all,0.8,25,15,10,1,0.6,0.7,0.0015264608184872234,-0.0008407059816974113,0.6,0.7,0.016451150680568804,nan,-0.024849613707030357,False,0.0,-0.0009217349902877226,8.102900859031134e-05,-0.003918970991409689,2,1.0,1.0,0.8262058017180622,REJECTED,insufficient_samples,duplicate_segment_competition;low_sample_warning;unstable_train_test_warning
225,ETH,701552,will-ethereum-dip-to-1500-by-december-31-2026,101639751789549589765350117072740510018809594718571111931328241076831078702528,"Will Ethereum dip to $1,500 by December 31, 2026?",1,abs_net_flow_usdc,all,all,0.9,118,70,48,-1,0.5142857142857142,0.375,0.00033630333580801517,0.00024066128882197405,0.5142857142857142,0.375,0.11448390448858665,0.08914654606136004,0.13974207812418482,True,0.817829309212272,0.00016039061309521097,8.027067572676308e-05,-0.003919729324273237,3,1.0,1.0,2.013883444357625,REJECTED,insufficient_unique_flow_hours,duplicate_segment_competition;low_sample_warning
226,ETH,701552,will-ethereum-dip-to-1500-by-december-31-2026,101639751789549589765350117072740510018809594718571111931328241076831078702528,"Will Ethereum dip to $1,500 by December 31, 2026?",1,unique_active_wallets,all,all,0.9,118,70,48,-1,0.5142857142857142,0.375,0.00033630333580801517,0.00024066128882197405,0.5142857142857142,0.375,nan,nan,nan,True,0.5,0.00016039061309521097,8.027067572676308e-05,-0.003919729324273237,3,1.0,1.0,1.6960541351453526,REJECTED,insufficient_unique_flow_hours,duplicate_segment_competition;low_sample_warning
227,ETH,556062,megaeth-market-cap-fdv-2b-one-day-after-launch-738-867-649-272-765-733,57301498276970257025109591078431189727442302532145853906375186182281603517458,MegaETH market cap (FDV) >$2B one day after launch?,4,sell_volume_usdc,all,all,1.0,42,25,17,1,0.56,0.35294117647058826,0.00011067879798145743,-7.800974181289058e-05,0.56,0.35294117647058826,-0.21957719771085596,-0.2535000366547539,nan,False,0.0,-0.00015589954957865904,7.788980776576846e-05,-0.0039221101922342315,3,1.0,1.0,0.6355779615531536,REJECTED,insufficient_unique_flow_hours,duplicate_segment_competition;low_sample_warning;unstable_train_test_warning
228,BTC,1823779,will-bitcoin-dip-to-65k-in-april-2026-355-765,91891168804884935930999247357727984305771756132991676079520973027739343180431,"Will Bitcoin dip to $65,000 in April?",24,net_flow_usdc,all,all,1.0,114,68,46,-1,0.5147058823529411,0.5434782608695652,0.00016525371371906234,-0.0003356551488060499,0.5147058823529411,0.5434782608695652,0.020727153405671977,0.025207543339590768,0.1408703851833074,False,0.3050415086679181,-0.0004120446728077987,7.638952400174879e-05,-0.003923610475998251,6,1.0,1.0,1.6072759352073982,REJECTED,insufficient_unique_flow_hours,duplicate_segment_competition;low_sample_warning;unstable_train_test_warning
229,BTC,1823779,will-bitcoin-dip-to-65k-in-april-2026-355-765,91891168804884935930999247357727984305771756132991676079520973027739343180431,"Will Bitcoin dip to $65,000 in April?",4,large_trade_count,all,all,0.8,57,34,23,-1,0.5294117647058824,0.4782608695652174,0.00012554035438778433,-1.7127081615584558e-06,0.5294117647058824,0.4782608695652174,nan,nan,nan,False,0.0,-6.142111260164832e-05,5.970840444008987e-05,-0.00394029159555991,1,1.0,1.0,0.7419416808880179,REJECTED,insufficient_unique_flow_hours,duplicate_segment_competition;low_sample_warning;unstable_train_test_warning
230,BTC,1823779,will-bitcoin-dip-to-65k-in-april-2026-355-765,91891168804884935930999247357727984305771756132991676079520973027739343180431,"Will Bitcoin dip to $65,000 in April?",4,whale_flow_score,all,all,0.8,57,34,23,-1,0.5294117647058824,0.4782608695652174,0.00012554035438778433,-1.7127081615584558e-06,0.5294117647058824,0.4782608695652174,nan,nan,nan,False,0.0,-6.142111260164832e-05,5.970840444008987e-05,-0.00394029159555991,1,1.0,1.0,0.7419416808880179,REJECTED,insufficient_unique_flow_hours,duplicate_segment_competition;low_sample_warning;unstable_train_test_warning
231,ETH,1383662,will-megaeth-launch-a-token-by-june-30-2026-676-993-477,29601542826076048097538062468538667893425689293490219370577801090612691914945,"Will MegaETH launch a token by June 30, 2026?",4,buy_volume_usdc,all,all,1.0,72,43,29,-1,0.5813953488372093,0.4482758620689655,0.0007881328377504757,-0.00014846081499523864,0.5813953488372093,0.4482758620689655,-0.00885997040293678,-0.23923506390247118,-0.0476763761442742,False,0.3095352752288548,-0.00019773589354041935,4.9275078545180713e-05,-0.00395072492145482,6,1.0,1.0,1.2393902909378909,REJECTED,insufficient_unique_flow_hours,duplicate_segment_competition;low_sample_warning;unstable_train_test_warning
232,BTC,948958,bitcoin-all-time-high-by-december-31-2026,102959890468928530190954086704155483076852880798676895426376704430618826404382,"Bitcoin all time high by December 31, 2026?",24,buy_volume_usdc,all,all,1.0,106,63,43,-1,0.47619047619047616,0.4883720930232558,9.616003191944387e-05,0.00014101580086339012,0.47619047619047616,0.4883720930232558,-0.10070231174620119,-0.16325522909324264,nan,True,0.5,9.195491317083092e-05,4.90608876925592e-05,-0.003950939112307441,5,1.0,1.0,1.7098121775385118,REJECTED,insufficient_unique_flow_hours,duplicate_segment_competition;low_sample_warning
233,BTC,948958,bitcoin-all-time-high-by-december-31-2026,102959890468928530190954086704155483076852880798676895426376704430618826404382,"Bitcoin all time high by December 31, 2026?",24,net_flow_usdc,all,all,1.0,106,63,43,-1,0.47619047619047616,0.4883720930232558,9.616003191944387e-05,0.00014101580086339012,0.47619047619047616,0.4883720930232558,-0.10070231174620119,-0.16325522909324264,nan,True,0.5,9.195491317083092e-05,4.90608876925592e-05,-0.003950939112307441,5,1.0,1.0,1.7098121775385118,REJECTED,insufficient_unique_flow_hours,duplicate_segment_competition;low_sample_warning
234,BTC,948958,bitcoin-all-time-high-by-december-31-2026,102959890468928530190954086704155483076852880798676895426376704430618826404382,"Bitcoin all time high by December 31, 2026?",24,abs_net_flow_usdc,all,all,0.9,106,63,43,-1,0.47619047619047616,0.4883720930232558,9.616003191944387e-05,0.00014101580086339012,0.47619047619047616,0.4883720930232558,-0.10070231174620119,-0.16325522909324264,nan,True,0.5,9.195491317083092e-05,4.90608876925592e-05,-0.003950939112307441,5,1.0,1.0,1.6898121775385118,REJECTED,insufficient_unique_flow_hours,duplicate_segment_competition;low_sample_warning
235,BTC,948958,bitcoin-all-time-high-by-december-31-2026,102959890468928530190954086704155483076852880798676895426376704430618826404382,"Bitcoin all time high by December 31, 2026?",24,unique_active_wallets,all,all,0.9,106,63,43,-1,0.47619047619047616,0.4883720930232558,9.616003191944387e-05,0.00014101580086339012,0.47619047619047616,0.4883720930232558,nan,nan,nan,True,0.5,9.195491317083092e-05,4.90608876925592e-05,-0.003950939112307441,5,1.0,1.0,1.6898121775385118,REJECTED,insufficient_unique_flow_hours,duplicate_segment_competition;low_sample_warning
236,ETH,1823795,will-ethereum-reach-2800-in-april-2026,103455081209713767851750094101142549597038869631663604903086082563273644697340,"Will Ethereum reach $2,800 in April?",1,buy_volume_usdc,all,all,1.0,92,55,37,-1,0.43636363636363634,0.40540540540540543,0.0002027333199695776,0.0005090263338657024,0.43636363636363634,0.40540540540540543,-0.09072374715115752,-0.22606021317461764,nan,True,0.5,0.00046454083131356545,4.448550255213698e-05,-0.003955514497447863,2,1.0,1.0,1.6288971005104274,REJECTED,insufficient_unique_flow_hours,duplicate_segment_competition;low_sample_warning
237,BTC,1345530,will-bitcoin-reach-80000-by-december-31-2026-195-842-488-785,57919935471407397521237084573781793510659396827525482575585173092467716045100,"Will Bitcoin reach $80,000 by December 31, 2026?",1,sell_volume_usdc,all,all,1.0,3,1,2,-1,1.0,0.5,0.001070733371276939,-0.0001827896633797053,1.0,0.5,-0.7410318498421683,nan,nan,False,0.0,-0.00022659234022934702,4.380267684964172e-05,-0.003956197323150359,2,1.0,1.0,0.23876053536992836,REJECTED,insufficient_samples,duplicate_segment_competition;low_sample_warning;unstable_train_test_warning
238,BTC,1823776,will-bitcoin-reach-80k-in-april-2026-794,22893138393795740138249503228269517733051888602506683062209713465144747482167,"Will Bitcoin reach $80,000 in April?",4,sell_volume_usdc,all,all,1.0,75,45,30,1,0.5333333333333333,0.4666666666666667,0.0002783866149806614,0.00021975107389789195,0.5333333333333333,0.4666666666666667,0.08495343294273117,0.09063290281938763,nan,True,0.5,0.00018212207783239526,3.7628996065496685e-05,-0.003962371003934503,2,1.0,1.0,1.4575257992130994,REJECTED,insufficient_unique_flow_hours,duplicate_segment_competition;low_sample_warning
239,ETH,1383662,will-megaeth-launch-a-token-by-june-30-2026-676-993-477,29601542826076048097538062468538667893425689293490219370577801090612691914945,"Will MegaETH launch a token by June 30, 2026?",4,large_trade_count,all,all,0.8,64,38,26,-1,0.6578947368421053,0.4230769230769231,0.0010993903102035822,-0.00016392591675900547,0.6578947368421053,0.4230769230769231,nan,nan,nan,False,0.0,-0.00019773589354041935,3.380997678141388e-05,-0.003966190023218586,4,1.0,1.0,0.8067619953562828,REJECTED,insufficient_unique_flow_hours,duplicate_segment_competition;low_sample_warning;unstable_train_test_warning
240,ETH,1383662,will-megaeth-launch-a-token-by-june-30-2026-676-993-477,29601542826076048097538062468538667893425689293490219370577801090612691914945,"Will MegaETH launch a token by June 30, 2026?",4,whale_flow_score,all,all,0.8,64,38,26,-1,0.6578947368421053,0.4230769230769231,0.0010993903102035822,-0.00016392591675900547,0.6578947368421053,0.4230769230769231,nan,nan,nan,False,0.0,-0.00019773589354041935,3.380997678141388e-05,-0.003966190023218586,4,1.0,1.0,0.8067619953562828,REJECTED,insufficient_unique_flow_hours,duplicate_segment_competition;low_sample_warning;unstable_train_test_warning
241,ETH,1373744,megaeth-market-cap-fdv-800m-one-day-after-launch-987-114-655,61268780060811317912125567165718241493378747385698282791855508063291413917546,MegaETH market cap (FDV) >$800M one day after launch?,4,net_flow_usdc,all,all,1.0,93,55,38,1,0.43636363636363634,0.39473684210526316,3.5855271094430556e-06,0.0004695805218180216,0.43636363636363634,0.39473684210526316,-0.06725303407302993,-0.21280579211687375,nan,True,0.5,0.00045692040384605955,1.2660117971962064e-05,-0.003987339882028038,4,1.0,1.0,1.6325320235943923,REJECTED,insufficient_unique_flow_hours,duplicate_segment_competition;low_sample_warning
242,ETH,1373744,megaeth-market-cap-fdv-800m-one-day-after-launch-987-114-655,61268780060811317912125567165718241493378747385698282791855508063291413917546,MegaETH market cap (FDV) >$800M one day after launch?,4,sell_volume_usdc,all,all,1.0,93,55,38,1,0.43636363636363634,0.39473684210526316,3.5855271094430556e-06,0.0004695805218180216,0.43636363636363634,0.39473684210526316,-0.06725303407302993,-0.21280579211687375,nan,True,0.5,0.00045692040384605955,1.2660117971962064e-05,-0.003987339882028038,4,1.0,1.0,1.6325320235943923,REJECTED,insufficient_unique_flow_hours,duplicate_segment_competition;low_sample_warning
243,ETH,1373744,megaeth-market-cap-fdv-800m-one-day-after-launch-987-114-655,61268780060811317912125567165718241493378747385698282791855508063291413917546,MegaETH market cap (FDV) >$800M one day after launch?,4,abs_net_flow_usdc,all,all,0.9,93,55,38,-1,0.43636363636363634,0.39473684210526316,3.5855271094430556e-06,0.0004695805218180216,0.43636363636363634,0.39473684210526316,0.06725303407302993,0.21280579211687375,nan,True,0.5,0.00045692040384605955,1.2660117971962064e-05,-0.003987339882028038,4,1.0,1.0,1.6125320235943923,REJECTED,insufficient_unique_flow_hours,duplicate_segment_competition;low_sample_warning
244,ETH,1373744,megaeth-market-cap-fdv-800m-one-day-after-launch-987-114-655,61268780060811317912125567165718241493378747385698282791855508063291413917546,MegaETH market cap (FDV) >$800M one day after launch?,4,unique_active_wallets,all,all,0.9,93,55,38,-1,0.43636363636363634,0.39473684210526316,3.5855271094430556e-06,0.0004695805218180216,0.43636363636363634,0.39473684210526316,nan,nan,nan,True,0.5,0.00045692040384605955,1.2660117971962064e-05,-0.003987339882028038,4,1.0,1.0,1.6125320235943923,REJECTED,insufficient_unique_flow_hours,duplicate_segment_competition;low_sample_warning
245,ETH,1383662,will-megaeth-launch-a-token-by-june-30-2026-676-993-477,29601542826076048097538062468538667893425689293490219370577801090612691914945,"Will MegaETH launch a token by June 30, 2026?",4,net_flow_usdc,all,all,1.0,134,80,54,-1,0.525,0.6296296296296297,0.0003487575529679262,-0.00018953852609622916,0.525,0.6296296296296297,-0.023905183935843986,-0.004992398588937457,-0.006986370168146658,False,0.3009984797177875,-0.00019773589354041935,8.19736744419019e-06,-0.00399180263255581,16,1.0,1.0,1.7618972124658847,REJECTED,insufficient_unique_flow_hours,duplicate_segment_competition;low_sample_warning;unstable_train_test_warning
246,ETH,1383662,will-megaeth-launch-a-token-by-june-30-2026-676-993-477,29601542826076048097538062468538667893425689293490219370577801090612691914945,"Will MegaETH launch a token by June 30, 2026?",1,net_flow_usdc,all,all,1.0,137,82,55,-1,0.5121951219512195,0.6727272727272727,0.0003509581015812638,-4.540935147224398e-05,0.5121951219512195,0.6727272727272727,-0.0021497629750149116,0.037544930593542455,0.3002108025149076,False,0.30750898611870847,-3.7119219684584775e-05,-8.290131787659206e-06,-0.004008290131787659,16,1.0,1.0,1.8529635315732538,REJECTED,insufficient_unique_flow_hours,duplicate_segment_competition;low_sample_warning;unstable_train_test_warning
247,ETH,556062,megaeth-market-cap-fdv-2b-one-day-after-launch-738-867-649-272-765-733,57301498276970257025109591078431189727442302532145853906375186182281603517458,MegaETH market cap (FDV) >$2B one day after launch?,1,unique_active_wallets,all,all,0.9,108,64,44,1,0.5,0.6363636363636364,7.155602340534609e-06,-0.00023703033213678937,0.5,0.6363636363636364,nan,nan,nan,False,0.0,-0.00020442595697548794,-3.260437516130143e-05,-0.004032604375161302,10,1.0,0.9907407407407407,1.4527272727272726,REJECTED,insufficient_unique_flow_hours,duplicate_segment_competition;low_sample_warning;unstable_train_test_warning
248,BTC,1823776,will-bitcoin-reach-80k-in-april-2026-794,22893138393795740138249503228269517733051888602506683062209713465144747482167,"Will Bitcoin reach $80,000 in April?",4,abs_net_flow_usdc,all,all,0.9,124,74,50,-1,0.5135135135135135,0.48,0.00026652189542911376,0.00014165590876803053,0.5135135135135135,0.48,0.14240490427786592,-0.08451954811002707,0.259913287199799,True,0.5169039096220054,0.00018212207783239526,-4.046616906436474e-05,-0.0040404661690643644,9,1.0,1.0,1.6969039096220053,REJECTED,insufficient_unique_flow_hours,duplicate_segment_competition;low_sample_warning
249,BTC,1823776,will-bitcoin-reach-80k-in-april-2026-794,22893138393795740138249503228269517733051888602506683062209713465144747482167,"Will Bitcoin reach $80,000 in April?",4,unique_active_wallets,all,all,0.9,124,74,50,-1,0.5135135135135135,0.48,0.00026652189542911376,0.00014165590876803053,0.5135135135135135,0.48,-0.20186541642467973,nan,-0.2927960817723016,True,0.5,0.00018212207783239526,-4.046616906436474e-05,-0.0040404661690643644,9,1.0,1.0,1.68,REJECTED,insufficient_unique_flow_hours,duplicate_segment_competition;low_sample_warning
250,BTC,1823785,will-bitcoin-dip-to-35k-in-april-2026-269-515,55866919730905441060316639913713252112909337594136306040264616999652467664982,"Will Bitcoin dip to $35,000 in April?",4,sell_volume_usdc,all,all,1.0,29,17,12,-1,0.5294117647058824,0.4166666666666667,6.26272193304343e-05,-0.00029103344839996473,0.5294117647058824,0.4166666666666667,nan,nan,nan,False,0.0,-0.00024798538800808534,-4.304806039187939e-05,-0.0040430480603918795,1,1.0,1.0,0.49,REJECTED,insufficient_samples,duplicate_segment_competition;low_sample_warning;unstable_train_test_warning
251,BTC,1345530,will-bitcoin-reach-80000-by-december-31-2026-195-842-488-785,57919935471407397521237084573781793510659396827525482575585173092467716045100,"Will Bitcoin reach $80,000 by December 31, 2026?",24,buy_volume_usdc,all,all,1.0,108,64,44,1,0.546875,0.5,2.1995752304427337e-05,-0.00017080892125153672,0.546875,0.5,0.0215419481118194,0.07552656686089783,-0.17452302895311989,False,0.015105313372179567,-0.00011532074372968118,-5.548817752185554e-05,-0.004055488177521856,8,1.0,1.0,1.2151053133721794,REJECTED,insufficient_unique_flow_hours,duplicate_segment_competition;low_sample_warning;unstable_train_test_warning
252,BTC,1345530,will-bitcoin-reach-80000-by-december-31-2026-195-842-488-785,57919935471407397521237084573781793510659396827525482575585173092467716045100,"Will Bitcoin reach $80,000 by December 31, 2026?",24,net_flow_usdc,all,all,1.0,108,64,44,1,0.546875,0.5,2.1995752304427337e-05,-0.00017080892125153672,0.546875,0.5,0.0215419481118194,0.07552656686089783,-0.17452302895311989,False,0.015105313372179567,-0.00011532074372968118,-5.548817752185554e-05,-0.004055488177521856,8,1.0,1.0,1.2151053133721794,REJECTED,insufficient_unique_flow_hours,duplicate_segment_competition;low_sample_warning;unstable_train_test_warning
253,BTC,1345530,will-bitcoin-reach-80000-by-december-31-2026-195-842-488-785,57919935471407397521237084573781793510659396827525482575585173092467716045100,"Will Bitcoin reach $80,000 by December 31, 2026?",24,abs_net_flow_usdc,all,all,0.9,108,64,44,1,0.546875,0.5,2.1995752304427337e-05,-0.00017080892125153672,0.546875,0.5,0.0215419481118194,0.07552656686089783,-0.17452302895311989,False,0.015105313372179567,-0.00011532074372968118,-5.548817752185554e-05,-0.004055488177521856,8,1.0,1.0,1.1951053133721794,REJECTED,insufficient_unique_flow_hours,duplicate_segment_competition;low_sample_warning;unstable_train_test_warning
254,BTC,1345530,will-bitcoin-reach-80000-by-december-31-2026-195-842-488-785,57919935471407397521237084573781793510659396827525482575585173092467716045100,"Will Bitcoin reach $80,000 by December 31, 2026?",24,unique_active_wallets,all,all,0.9,108,64,44,1,0.546875,0.5,2.1995752304427337e-05,-0.00017080892125153672,0.546875,0.5,nan,nan,nan,False,0.0,-0.00011532074372968118,-5.548817752185554e-05,-0.004055488177521856,8,1.0,1.0,1.18,REJECTED,insufficient_unique_flow_hours,duplicate_segment_competition;low_sample_warning;unstable_train_test_warning
255,ETH,701552,will-ethereum-dip-to-1500-by-december-31-2026,101639751789549589765350117072740510018809594718571111931328241076831078702528,"Will Ethereum dip to $1,500 by December 31, 2026?",24,abs_net_flow_usdc,all,all,0.9,95,57,38,1,0.5614035087719298,0.6052631578947368,1.5953616414355565e-05,-0.0004695805218180216,0.5614035087719298,0.6052631578947368,0.03092143534372083,0.12999718302598065,0.05488603912695353,False,0.3109772078253907,-0.0004029073076509781,-6.667321416704353e-05,-0.004066673214167043,3,1.0,1.0,1.6515035236148643,REJECTED,insufficient_unique_flow_hours,duplicate_segment_competition;low_sample_warning;unstable_train_test_warning
256,ETH,701552,will-ethereum-dip-to-1500-by-december-31-2026,101639751789549589765350117072740510018809594718571111931328241076831078702528,"Will Ethereum dip to $1,500 by December 31, 2026?",24,unique_active_wallets,all,all,0.9,95,57,38,1,0.5614035087719298,0.6052631578947368,1.5953616414355565e-05,-0.0004695805218180216,0.5614035087719298,0.6052631578947368,nan,nan,nan,False,0.0,-0.0004029073076509781,-6.667321416704353e-05,-0.004066673214167043,3,1.0,1.0,1.3405263157894736,REJECTED,insufficient_unique_flow_hours,duplicate_segment_competition;low_sample_warning;unstable_train_test_warning
257,ETH,1299187,megaeth-market-cap-fdv-1pt5b-one-day-after-launch-371-844-879-681,59361386662140736273790755583050126642583489495616165418126619457111736694733,MegaETH market cap (FDV) >$1.5B one day after launch?,4,buy_volume_usdc,all,all,1.0,116,69,47,-1,0.5362318840579711,0.3829787234042553,0.0005265689046412298,0.0002618404163438598,0.5362318840579711,0.3829787234042553,-0.007136291026245488,0.01142565605625271,-0.042479265906378474,True,0.5022851312112505,0.00033145925611960603,-6.961883977574625e-05,-0.004069618839775746,15,1.0,1.0,1.7022851312112504,REJECTED,insufficient_unique_flow_hours,duplicate_segment_competition;low_sample_warning
258,BTC,1823779,will-bitcoin-dip-to-65k-in-april-2026-355-765,91891168804884935930999247357727984305771756132991676079520973027739343180431,"Will Bitcoin dip to $65,000 in April?",24,sell_volume_usdc,all,all,1.0,11,6,5,1,0.3333333333333333,0.2,0.0018234920154304108,-0.0004921019841738636,0.3333333333333333,0.2,0.2616134425385695,0.5309240364438066,nan,False,0.0,-0.0004120446728077987,-8.00573113660649e-05,-0.004080057311366065,2,1.0,1.0,0.31,REJECTED,insufficient_samples,duplicate_segment_competition;low_sample_warning;unstable_train_test_warning
259,ETH,556062,megaeth-market-cap-fdv-2b-one-day-after-launch-738-867-649-272-765-733,57301498276970257025109591078431189727442302532145853906375186182281603517458,MegaETH market cap (FDV) >$2B one day after launch?,1,sell_volume_usdc,all,all,1.0,42,25,17,-1,0.48,0.5294117647058824,0.00024143850269496908,-0.0002864633747938837,0.48,0.5294117647058824,-0.22087675972077866,-0.23372625480607367,nan,False,0.0,-0.00020442595697548794,-8.203741781839574e-05,-0.0040820374178183955,3,1.0,1.0,0.6788235294117647,REJECTED,insufficient_unique_flow_hours,duplicate_segment_competition;low_sample_warning;unstable_train_test_warning
260,ETH,1823796,will-ethereum-reach-2600-in-april-2026,50308948122998050994686144925841639946050360545921215447281194779092729393480,"Will Ethereum reach $2,600 in April?",1,flow_momentum_4h,all,all,0.6,16,9,7,-1,0.5555555555555556,0.14285714285714285,0.002220811792442214,-0.0010049034973113767,0.5555555555555556,0.14285714285714285,-0.038204285154598734,-0.31972785308611834,nan,False,0.0,-0.0009217349902877226,-8.316850702365407e-05,-0.004083168507023654,3,1.0,1.0,0.28,REJECTED,insufficient_samples,duplicate_segment_competition;low_sample_warning;unstable_train_test_warning
261,BTC,1823776,will-bitcoin-reach-80k-in-april-2026-794,22893138393795740138249503228269517733051888602506683062209713465144747482167,"Will Bitcoin reach $80,000 in April?",1,net_flow_usdc,all,all,1.0,127,76,51,1,0.5263157894736842,0.5294117647058824,0.00033229214686299,-0.00010110379615068346,0.5263157894736842,0.5294117647058824,0.1669115437242599,0.25421639019901343,0.3265197065299471,False,0.3508432780398027,4.283575042744895e-06,-0.00010538737119342836,-0.004105387371193429,10,1.0,1.0,1.6096668074515674,REJECTED,insufficient_unique_flow_hours,duplicate_segment_competition;low_sample_warning;unstable_train_test_warning
262,BTC,701495,will-bitcoin-reach-110000-by-december-31-2026-658-339-969,74843373582432484858627201602003648342208168490128239235522790524493414154441,"Will Bitcoin reach $110,000 by December 31, 2026?",4,net_flow_usdc,all,all,1.0,123,73,50,1,0.5068493150684932,0.52,1.2002739949024616e-05,-0.00014165590876803053,0.5068493150684932,0.52,0.026988900851202417,0.034312458603011145,nan,False,0.0,-3.6187854128741216e-05,-0.00010546805463928931,-0.00410546805463929,5,1.0,1.0,1.24,REJECTED,insufficient_unique_flow_hours,duplicate_segment_competition;low_sample_warning;unstable_train_test_warning
263,BTC,701495,will-bitcoin-reach-110000-by-december-31-2026-658-339-969,74843373582432484858627201602003648342208168490128239235522790524493414154441,"Will Bitcoin reach $110,000 by December 31, 2026?",24,buy_volume_usdc,all,all,1.0,72,43,29,1,0.6046511627906976,0.4482758620689655,0.0002064881904744328,-0.000483484860127092,0.6046511627906976,0.4482758620689655,-0.023260852944428503,0.1734543301778099,nan,False,0.0,-0.0003725282063220456,-0.0001109566538050464,-0.004110956653805046,4,1.0,1.0,0.9199999999999999,REJECTED,insufficient_unique_flow_hours,duplicate_segment_competition;low_sample_warning;unstable_train_test_warning
264,BTC,1823779,will-bitcoin-dip-to-65k-in-april-2026-355-765,91891168804884935930999247357727984305771756132991676079520973027739343180431,"Will Bitcoin dip to $65,000 in April?",4,buy_volume_usdc,all,all,1.0,103,61,42,-1,0.5081967213114754,0.42857142857142855,0.00010000461643990155,-0.00017601517438594846,0.5081967213114754,0.42857142857142855,-0.03548602693431032,0.03033720513454329,0.13897501958083522,False,0.30606744102690864,-6.142111260164832e-05,-0.00011459406178430014,-0.0041145940617843,4,1.0,1.0,1.5060674410269086,REJECTED,insufficient_unique_flow_hours,duplicate_segment_competition;low_sample_warning;unstable_train_test_warning
265,ETH,556062,megaeth-market-cap-fdv-2b-one-day-after-launch-738-867-649-272-765-733,57301498276970257025109591078431189727442302532145853906375186182281603517458,MegaETH market cap (FDV) >$2B one day after launch?,4,net_flow_usdc,all,all,1.0,104,62,42,1,0.4838709677419355,0.6428571428571429,1.3890843361900558e-05,-0.0002749387458326198,0.4838709677419355,0.6428571428571429,-0.013853648445934973,0.006855722959746428,nan,False,0.0,-0.00015589954957865904,-0.00011903919625396077,-0.004119039196253961,9,1.0,1.0,1.4857142857142858,REJECTED,insufficient_unique_flow_hours,duplicate_segment_competition;low_sample_warning;unstable_train_test_warning
266,BTC,1343220,will-bitcoin-dip-to-10000-by-december-31-2026-888-644-567-258-946-853,42439528758178981890895605039938161151582654744978607695897321288347422769852,"Will Bitcoin dip to $10,000 by December 31, 2026?",4,net_flow_usdc,all,all,1.0,95,57,38,1,0.45614035087719296,0.5263157894736842,5.04887011634157e-05,0.0003737038317515266,0.45614035087719296,0.5263157894736842,-0.04708525711866675,-0.1955123994291379,0.07805093216271095,True,0.5156101864325422,0.0005023129458350411,-0.00012860911408351451,-0.0041286091140835144,21,1.0,1.0,1.7182417653799105,REJECTED,insufficient_unique_flow_hours,duplicate_segment_competition;low_sample_warning
267,BTC,1343220,will-bitcoin-dip-to-10000-by-december-31-2026-888-644-567-258-946-853,42439528758178981890895605039938161151582654744978607695897321288347422769852,"Will Bitcoin dip to $10,000 by December 31, 2026?",4,sell_volume_usdc,all,all,1.0,95,57,38,1,0.45614035087719296,0.5263157894736842,5.04887011634157e-05,0.0003737038317515266,0.45614035087719296,0.5263157894736842,-0.04708525711866675,-0.1955123994291379,0.07805093216271095,True,0.5156101864325422,0.0005023129458350411,-0.00012860911408351451,-0.0041286091140835144,21,1.0,1.0,1.7182417653799105,REJECTED,insufficient_unique_flow_hours,duplicate_segment_competition;low_sample_warning
268,BTC,1343220,will-bitcoin-dip-to-10000-by-december-31-2026-888-644-567-258-946-853,42439528758178981890895605039938161151582654744978607695897321288347422769852,"Will Bitcoin dip to $10,000 by December 31, 2026?",4,abs_net_flow_usdc,all,all,0.9,95,57,38,-1,0.45614035087719296,0.5263157894736842,5.04887011634157e-05,0.0003737038317515266,0.45614035087719296,0.5263157894736842,0.04708525711866675,0.1955123994291379,-0.07805093216271095,True,0.5156101864325422,0.0005023129458350411,-0.00012860911408351451,-0.0041286091140835144,21,1.0,1.0,1.6982417653799105,REJECTED,insufficient_unique_flow_hours,duplicate_segment_competition;low_sample_warning
269,BTC,1343220,will-bitcoin-dip-to-10000-by-december-31-2026-888-644-567-258-946-853,42439528758178981890895605039938161151582654744978607695897321288347422769852,"Will Bitcoin dip to $10,000 by December 31, 2026?",4,unique_active_wallets,all,all,0.9,95,57,38,-1,0.45614035087719296,0.5263157894736842,5.04887011634157e-05,0.0003737038317515266,0.45614035087719296,0.5263157894736842,nan,nan,nan,True,0.5,0.0005023129458350411,-0.00012860911408351451,-0.0041286091140835144,21,1.0,1.0,1.6826315789473683,REJECTED,insufficient_unique_flow_hours,duplicate_segment_competition;low_sample_warning
270,BTC,1823776,will-bitcoin-reach-80k-in-april-2026-794,22893138393795740138249503228269517733051888602506683062209713465144747482167,"Will Bitcoin reach $80,000 in April?",4,whale_flow_score,all,all,0.8,115,69,46,1,0.5362318840579711,0.45652173913043476,0.00031370853919050897,5.2168069226015646e-05,0.5362318840579711,0.45652173913043476,0.09531006133116848,0.08334312536437978,0.06715651794322368,True,0.8134313035886448,0.00018212207783239526,-0.0001299540086063796,-0.004129954008606379,5,1.0,1.0,1.973431303588645,REJECTED,insufficient_unique_flow_hours,duplicate_segment_competition;low_sample_warning
271,BTC,1823779,will-bitcoin-dip-to-65k-in-april-2026-355-765,91891168804884935930999247357727984305771756132991676079520973027739343180431,"Will Bitcoin dip to $65,000 in April?",1,large_trade_count,all,all,0.8,57,34,23,1,0.5294117647058824,0.4782608695652174,0.0001436361842441145,-0.00018852958459812335,0.5294117647058824,0.4782608695652174,nan,nan,nan,False,0.0,-5.466492421232234e-05,-0.000133864660385801,-0.004133864660385801,1,1.0,1.0,0.73,REJECTED,insufficient_unique_flow_hours,duplicate_segment_competition;low_sample_warning;unstable_train_test_warning
272,BTC,1823779,will-bitcoin-dip-to-65k-in-april-2026-355-765,91891168804884935930999247357727984305771756132991676079520973027739343180431,"Will Bitcoin dip to $65,000 in April?",1,whale_flow_score,all,all,0.8,57,34,23,1,0.5294117647058824,0.4782608695652174,0.0001436361842441145,-0.00018852958459812335,0.5294117647058824,0.4782608695652174,nan,nan,nan,False,0.0,-5.466492421232234e-05,-0.000133864660385801,-0.004133864660385801,1,1.0,1.0,0.73,REJECTED,insufficient_unique_flow_hours,duplicate_segment_competition;low_sample_warning;unstable_train_test_warning
273,ETH,1299187,megaeth-market-cap-fdv-1pt5b-one-day-after-launch-371-844-879-681,59361386662140736273790755583050126642583489495616165418126619457111736694733,MegaETH market cap (FDV) >$1.5B one day after launch?,24,large_trade_count,all,all,0.8,20,12,8,-1,0.4166666666666667,0.625,0.000479058868997532,-0.0009608799632812306,0.4166666666666667,0.625,nan,nan,nan,False,0.0,-0.0008243742898923202,-0.00013650567338891037,-0.00413650567338891,6,1.0,1.0,0.6100000000000001,REJECTED,insufficient_samples,duplicate_segment_competition;low_sample_warning;unstable_train_test_warning
274,ETH,1299187,megaeth-market-cap-fdv-1pt5b-one-day-after-launch-371-844-879-681,59361386662140736273790755583050126642583489495616165418126619457111736694733,MegaETH market cap (FDV) >$1.5B one day after launch?,4,net_flow_usdc,all,all,1.0,125,75,50,-1,0.5733333333333334,0.36,0.0004931230186291154,0.00019173403320852427,0.5733333333333334,0.36,-0.036445748060018254,-0.059963398191782286,-0.059638119503991976,True,0.8119276239007984,0.00033145925611960603,-0.00013972522291108176,-0.0041397252229110814,17,1.0,1.0,2.0119276239007986,REJECTED,insufficient_unique_flow_hours,duplicate_segment_competition;low_sample_warning
275,ETH,1299187,megaeth-market-cap-fdv-1pt5b-one-day-after-launch-371-844-879-681,59361386662140736273790755583050126642583489495616165418126619457111736694733,MegaETH market cap (FDV) >$1.5B one day after launch?,4,abs_net_flow_usdc,all,all,0.9,125,75,50,-1,0.5466666666666666,0.36,0.0004867689226409171,0.00019173403320852427,0.5466666666666666,0.36,0.015548776447981751,0.11248126993152409,-0.059638119503991976,True,0.5119276239007984,0.00033145925611960603,-0.00013972522291108176,-0.0041397252229110814,17,1.0,1.0,1.6919276239007983,REJECTED,insufficient_unique_flow_hours,duplicate_segment_competition;low_sample_warning
276,ETH,1299187,megaeth-market-cap-fdv-1pt5b-one-day-after-launch-371-844-879-681,59361386662140736273790755583050126642583489495616165418126619457111736694733,MegaETH market cap (FDV) >$1.5B one day after launch?,4,unique_active_wallets,all,all,0.9,125,75,50,-1,0.5466666666666666,0.36,0.0004867689226409171,0.00019173403320852427,0.5466666666666666,0.36,0.024506410486669895,0.06231686546867558,nan,True,0.5,0.00033145925611960603,-0.00013972522291108176,-0.0041397252229110814,17,1.0,1.0,1.68,REJECTED,insufficient_unique_flow_hours,duplicate_segment_competition;low_sample_warning
277,BTC,701495,will-bitcoin-reach-110000-by-december-31-2026-658-339-969,74843373582432484858627201602003648342208168490128239235522790524493414154441,"Will Bitcoin reach $110,000 by December 31, 2026?",1,buy_volume_usdc,all,all,1.0,95,57,38,-1,0.45614035087719296,0.5263157894736842,5.04887011634157e-05,0.0003737038317515266,0.45614035087719296,0.5263157894736842,0.023989626589055103,0.11415483030684574,nan,True,0.5,0.0005136487366729421,-0.00013994490492141544,-0.004139944904921415,4,1.0,1.0,1.7026315789473683,REJECTED,insufficient_unique_flow_hours,duplicate_segment_competition;low_sample_warning
278,BTC,1823776,will-bitcoin-reach-80k-in-april-2026-794,22893138393795740138249503228269517733051888602506683062209713465144747482167,"Will Bitcoin reach $80,000 in April?",1,large_trade_count,all,all,0.8,117,70,47,-1,0.5142857142857142,0.46808510638297873,0.00028782897371721104,-0.00014589983289374525,0.5142857142857142,0.46808510638297873,0.14828897238338679,-0.2707525134972254,0.2762351811194351,False,0.05415050269944508,4.283575042744895e-06,-0.00015018340793649014,-0.00415018340793649,6,1.0,1.0,1.2141505026994452,REJECTED,insufficient_unique_flow_hours,duplicate_segment_competition;low_sample_warning;unstable_train_test_warning
279,BTC,1823779,will-bitcoin-dip-to-65k-in-april-2026-355-765,91891168804884935930999247357727984305771756132991676079520973027739343180431,"Will Bitcoin dip to $65,000 in April?",1,buy_volume_usdc,all,all,1.0,103,61,42,-1,0.5081967213114754,0.38095238095238093,7.936677806102419e-05,-0.00021806861145973156,0.5081967213114754,0.38095238095238093,-0.013437611592542616,0.10511876286801064,-0.08352061270430283,False,0.016704122540860566,-5.466492421232234e-05,-0.00016340368724740922,-0.00416340368724741,4,1.0,1.0,1.2167041225408606,REJECTED,insufficient_unique_flow_hours,duplicate_segment_competition;low_sample_warning;unstable_train_test_warning
280,ETH,1823794,will-ethereum-reach-3000-in-april-2026,98694887273478515891138203442549017191281454470497426834485838288268569808164,"Will Ethereum reach $3,000 in April?",24,net_flow_usdc,all,all,1.0,88,52,36,-1,0.5769230769230769,0.5277777777777778,0.00019677724945961272,0.00024563069617623666,0.5769230769230769,0.5277777777777778,-0.07598874911983924,-0.0621071251257858,-0.06980081539736008,True,0.8124214250251572,0.0004235307036599589,-0.00017790000748372223,-0.004177900007483722,3,1.0,1.0,1.9479769805807128,REJECTED,insufficient_unique_flow_hours,duplicate_segment_competition;low_sample_warning
281,BTC,824952,microstrategy-sells-any-bitcoin-by-december-31-2026,111128191581505463501777127559667396812474366956707382672202929745167742497287,"MicroStrategy sells any Bitcoin by December 31, 2026?",4,buy_volume_usdc,all,all,1.0,4,2,2,1,1.0,0.5,0.0008216811177044091,-0.0001827896633797053,1.0,0.5,nan,nan,nan,False,0.0,0.0,-0.0001827896633797053,-0.0041827896633797055,1,1.0,1.0,0.24000000000000002,REJECTED,insufficient_samples,duplicate_segment_competition;low_sample_warning;unstable_train_test_warning
282,BTC,824952,microstrategy-sells-any-bitcoin-by-december-31-2026,111128191581505463501777127559667396812474366956707382672202929745167742497287,"MicroStrategy sells any Bitcoin by December 31, 2026?",4,net_flow_usdc,all,all,1.0,4,2,2,1,1.0,0.5,0.0008216811177044091,-0.0001827896633797053,1.0,0.5,nan,nan,nan,False,0.0,0.0,-0.0001827896633797053,-0.0041827896633797055,1,1.0,1.0,0.24000000000000002,REJECTED,insufficient_samples,duplicate_segment_competition;low_sample_warning;unstable_train_test_warning
283,BTC,824952,microstrategy-sells-any-bitcoin-by-december-31-2026,111128191581505463501777127559667396812474366956707382672202929745167742497287,"MicroStrategy sells any Bitcoin by December 31, 2026?",4,abs_net_flow_usdc,all,all,0.9,4,2,2,1,1.0,0.5,0.0008216811177044091,-0.0001827896633797053,1.0,0.5,nan,nan,nan,False,0.0,0.0,-0.0001827896633797053,-0.0041827896633797055,1,1.0,1.0,0.22000000000000003,REJECTED,insufficient_samples,duplicate_segment_competition;low_sample_warning;unstable_train_test_warning
284,BTC,824952,microstrategy-sells-any-bitcoin-by-december-31-2026,111128191581505463501777127559667396812474366956707382672202929745167742497287,"MicroStrategy sells any Bitcoin by December 31, 2026?",4,unique_active_wallets,all,all,0.9,4,2,2,1,1.0,0.5,0.0008216811177044091,-0.0001827896633797053,1.0,0.5,nan,nan,nan,False,0.0,0.0,-0.0001827896633797053,-0.0041827896633797055,1,1.0,1.0,0.22000000000000003,REJECTED,insufficient_samples,duplicate_segment_competition;low_sample_warning;unstable_train_test_warning
285,ETH,1823796,will-ethereum-reach-2600-in-april-2026,50308948122998050994686144925841639946050360545921215447281194779092729393480,"Will Ethereum reach $2,600 in April?",4,abs_net_flow_usdc,all,all,0.9,125,75,50,-1,0.5466666666666666,0.36,0.0004867689226409171,0.00019173403320852427,0.5466666666666666,0.36,-0.18268818935740314,-0.2993609101448031,-0.08548202393417509,True,0.8170964047868351,0.0003897649350862532,-0.0001980309018777289,-0.004198030901877729,7,1.0,1.0,1.997096404786835,REJECTED,insufficient_unique_flow_hours,duplicate_segment_competition;low_sample_warning
286,ETH,1823796,will-ethereum-reach-2600-in-april-2026,50308948122998050994686144925841639946050360545921215447281194779092729393480,"Will Ethereum reach $2,600 in April?",4,unique_active_wallets,all,all,0.9,125,75,50,-1,0.5466666666666666,0.36,0.0004867689226409171,0.00019173403320852427,0.5466666666666666,0.36,nan,nan,nan,True,0.5,0.0003897649350862532,-0.0001980309018777289,-0.004198030901877729,7,1.0,1.0,1.68,REJECTED,insufficient_unique_flow_hours,duplicate_segment_competition;low_sample_warning
287,ETH,1823799,will-ethereum-dip-to-2000-in-april-2026,115443844896518160070261607488184121309794437412699113546532889479676113001808,"Will Ethereum dip to $2,000 in April?",1,abs_net_flow_usdc,all,all,0.9,129,77,52,-1,0.5454545454545454,0.36538461538461536,0.0005814842500709831,0.00017063749127411987,0.5454545454545454,0.36538461538461536,-0.14560909061741184,-0.2621102298992976,-0.07588309601552418,True,0.8151766192031049,0.0003732483545646167,-0.00020261086329049685,-0.004202610863290497,10,1.0,1.0,1.9951766192031049,REJECTED,insufficient_unique_flow_hours,duplicate_segment_competition;low_sample_warning
288,ETH,1823799,will-ethereum-dip-to-2000-in-april-2026,115443844896518160070261607488184121309794437412699113546532889479676113001808,"Will Ethereum dip to $2,000 in April?",1,unique_active_wallets,all,all,0.9,129,77,52,-1,0.5454545454545454,0.36538461538461536,0.0005814842500709831,0.00017063749127411987,0.5454545454545454,0.36538461538461536,nan,nan,nan,True,0.5,0.0003732483545646167,-0.00020261086329049685,-0.004202610863290497,10,1.0,1.0,1.68,REJECTED,insufficient_unique_flow_hours,duplicate_segment_competition;low_sample_warning
289,BTC,1823785,will-bitcoin-dip-to-35k-in-april-2026-269-515,55866919730905441060316639913713252112909337594136306040264616999652467664982,"Will Bitcoin dip to $35,000 in April?",4,buy_volume_usdc,all,all,1.0,77,46,31,1,0.5869565217391305,0.45161290322580644,0.00010254342283731964,-0.00046487162085113705,0.5869565217391305,0.45161290322580644,-0.08364796076040794,-0.01897491403356285,nan,False,0.0,-0.00024798538800808534,-0.0002168862328430517,-0.004216886232843052,2,1.0,1.0,0.97,REJECTED,insufficient_unique_flow_hours,duplicate_segment_competition;low_sample_warning;unstable_train_test_warning
290,BTC,1823776,will-bitcoin-reach-80k-in-april-2026-794,22893138393795740138249503228269517733051888602506683062209713465144747482167,"Will Bitcoin reach $80,000 in April?",24,sell_volume_usdc,all,all,1.0,75,45,30,1,0.4888888888888889,0.4,0.00014213949304327537,-0.00014398143604125874,0.4888888888888889,0.4,-0.1387030089298461,-0.17261195054911296,nan,False,0.0,8.12365184750821e-05,-0.00022521795451634085,-0.004225217954516341,2,1.0,1.0,0.95,REJECTED,insufficient_unique_flow_hours,duplicate_segment_competition;low_sample_warning;unstable_train_test_warning
291,ETH,1823794,will-ethereum-reach-3000-in-april-2026,98694887273478515891138203442549017191281454470497426834485838288268569808164,"Will Ethereum reach $3,000 in April?",24,sell_volume_usdc,all,all,1.0,75,45,30,-1,0.5333333333333333,0.6666666666666666,7.697340645784163e-06,0.00017543938021636463,0.5333333333333333,0.6666666666666666,-0.03020262986831633,-0.08289858614726069,nan,True,0.5,0.0004235307036599589,-0.00024809132344359426,-0.004248091323443595,2,1.0,1.0,1.7833333333333332,REJECTED,insufficient_unique_flow_hours,duplicate_segment_competition;low_sample_warning
292,ETH,1823795,will-ethereum-reach-2800-in-april-2026,103455081209713767851750094101142549597038869631663604903086082563273644697340,"Will Ethereum reach $2,800 in April?",4,sell_volume_usdc,all,all,1.0,34,20,14,1,0.6,0.35714285714285715,0.00010576887505412928,-0.0005322109363051901,0.6,0.35714285714285715,nan,nan,nan,False,0.0,-0.0002828227956079873,-0.0002493881406972028,-0.004249388140697203,1,1.0,1.0,0.54,REJECTED,insufficient_samples,duplicate_segment_competition;low_sample_warning;unstable_train_test_warning
293,ETH,1823800,will-ethereum-dip-to-1800-in-april-2026,88623813947148129759226599572615258910454701043061032464667581751883927272067,"Will Ethereum dip to $1,800 in April?",1,buy_volume_usdc,all,all,1.0,114,68,46,-1,0.5,0.3695652173913043,0.000204797861212955,0.00022879035520678077,0.5,0.3695652173913043,-0.019564556479495405,-0.04572450121874574,nan,True,0.5,0.0005141616757238036,-0.00028537132051702284,-0.004285371320517023,2,1.0,1.0,1.7,REJECTED,insufficient_unique_flow_hours,duplicate_segment_competition;low_sample_warning
294,ETH,1823800,will-ethereum-dip-to-1800-in-april-2026,88623813947148129759226599572615258910454701043061032464667581751883927272067,"Will Ethereum dip to $1,800 in April?",1,net_flow_usdc,all,all,1.0,114,68,46,-1,0.5,0.3695652173913043,0.000204797861212955,0.00022879035520678077,0.5,0.3695652173913043,-0.019564556479495405,-0.04572450121874574,nan,True,0.5,0.0005141616757238036,-0.00028537132051702284,-0.004285371320517023,2,1.0,1.0,1.7,REJECTED,insufficient_unique_flow_hours,duplicate_segment_competition;low_sample_warning
295,ETH,1823800,will-ethereum-dip-to-1800-in-april-2026,88623813947148129759226599572615258910454701043061032464667581751883927272067,"Will Ethereum dip to $1,800 in April?",1,abs_net_flow_usdc,all,all,0.9,114,68,46,-1,0.5,0.3695652173913043,0.000204797861212955,0.00022879035520678077,0.5,0.3695652173913043,-0.019564556479495405,-0.04572450121874574,nan,True,0.5,0.0005141616757238036,-0.00028537132051702284,-0.004285371320517023,2,1.0,1.0,1.68,REJECTED,insufficient_unique_flow_hours,duplicate_segment_competition;low_sample_warning
296,ETH,1823800,will-ethereum-dip-to-1800-in-april-2026,88623813947148129759226599572615258910454701043061032464667581751883927272067,"Will Ethereum dip to $1,800 in April?",1,unique_active_wallets,all,all,0.9,114,68,46,-1,0.5,0.3695652173913043,0.000204797861212955,0.00022879035520678077,0.5,0.3695652173913043,nan,nan,nan,True,0.5,0.0005141616757238036,-0.00028537132051702284,-0.004285371320517023,2,1.0,1.0,1.68,REJECTED,insufficient_unique_flow_hours,duplicate_segment_competition;low_sample_warning
297,ETH,1823794,will-ethereum-reach-3000-in-april-2026,98694887273478515891138203442549017191281454470497426834485838288268569808164,"Will Ethereum reach $3,000 in April?",1,abs_net_flow_usdc,all,all,0.9,111,66,45,-1,0.5151515151515151,0.35555555555555557,0.0001989317899487536,0.00021928129358363209,0.5151515151515151,0.35555555555555557,0.020389950612594018,-0.07373184626775083,0.02622784554442162,True,0.5052455691088843,0.0005049571793279453,-0.00028567588574431317,-0.004285675885744313,5,1.0,1.0,1.6852455691088843,REJECTED,insufficient_unique_flow_hours,duplicate_segment_competition;low_sample_warning
298,ETH,1823794,will-ethereum-reach-3000-in-april-2026,98694887273478515891138203442549017191281454470497426834485838288268569808164,"Will Ethereum reach $3,000 in April?",1,unique_active_wallets,all,all,0.9,111,66,45,-1,0.5151515151515151,0.35555555555555557,0.0001989317899487536,0.00021928129358363209,0.5151515151515151,0.35555555555555557,nan,nan,nan,True,0.5,0.0005049571793279453,-0.00028567588574431317,-0.004285675885744313,5,1.0,1.0,1.68,REJECTED,insufficient_unique_flow_hours,duplicate_segment_competition;low_sample_warning
299,ETH,1823795,will-ethereum-reach-2800-in-april-2026,103455081209713767851750094101142549597038869631663604903086082563273644697340,"Will Ethereum reach $2,800 in April?",1,net_flow_usdc,all,all,1.0,126,75,51,-1,0.4666666666666667,0.35294117647058826,0.00014811212535024168,0.0001613402466834755,0.4666666666666667,0.35294117647058826,-0.021389655479012556,-0.05797540313375887,nan,True,0.5,0.00046454083131356545,-0.00030320058463008994,-0.00430320058463009,3,1.0,1.0,1.7,REJECTED,insufficient_unique_flow_hours,duplicate_segment_competition;low_sample_warning
300,ETH,1823795,will-ethereum-reach-2800-in-april-2026,103455081209713767851750094101142549597038869631663604903086082563273644697340,"Will Ethereum reach $2,800 in April?",1,abs_net_flow_usdc,all,all,0.9,126,75,51,-1,0.5466666666666666,0.35294117647058826,0.0004320466578631052,0.0001613402466834755,0.5466666666666666,0.35294117647058826,-0.02755300536702116,-0.014438245136540684,nan,True,0.5,0.00046454083131356545,-0.00030320058463008994,-0.00430320058463009,3,1.0,1.0,1.68,REJECTED,insufficient_unique_flow_hours,duplicate_segment_competition;low_sample_warning
301,ETH,1823795,will-ethereum-reach-2800-in-april-2026,103455081209713767851750094101142549597038869631663604903086082563273644697340,"Will Ethereum reach $2,800 in April?",1,unique_active_wallets,all,all,0.9,126,75,51,-1,0.5466666666666666,0.35294117647058826,0.0004320466578631052,0.0001613402466834755,0.5466666666666666,0.35294117647058826,-0.07755989330735585,-0.11271671122682815,nan,True,0.5,0.00046454083131356545,-0.00030320058463008994,-0.00430320058463009,3,1.0,1.0,1.68,REJECTED,insufficient_unique_flow_hours,duplicate_segment_competition;low_sample_warning
302,ETH,1299187,megaeth-market-cap-fdv-1pt5b-one-day-after-launch-371-844-879-681,59361386662140736273790755583050126642583489495616165418126619457111736694733,MegaETH market cap (FDV) >$1.5B one day after launch?,4,large_trade_count,all,all,0.8,21,12,9,1,0.5,0.6666666666666666,0.00024109137645890151,2.1441390035177672e-05,0.5,0.6666666666666666,-0.12307375347910239,nan,-0.281702678909185,True,0.5,0.00033145925611960603,-0.00031001786608442835,-0.004310017866084428,7,1.0,1.0,1.2033333333333331,REJECTED,insufficient_samples,duplicate_segment_competition;low_sample_warning
303,BTC,1823776,will-bitcoin-reach-80k-in-april-2026-794,22893138393795740138249503228269517733051888602506683062209713465144747482167,"Will Bitcoin reach $80,000 in April?",4,large_trade_count,all,all,0.8,115,69,46,-1,0.5362318840579711,0.45652173913043476,0.00031370853919050897,-0.00016199238718595473,0.5362318840579711,0.45652173913043476,0.14566785787991612,-0.08334312536437978,0.2142008582669959,False,0.016668625072875958,0.00018212207783239526,-0.00034411446501834996,-0.00434411446501835,5,1.0,1.0,1.176668625072876,REJECTED,insufficient_unique_flow_hours,duplicate_segment_competition;low_sample_warning;unstable_train_test_warning
304,BTC,1823776,will-bitcoin-reach-80k-in-april-2026-794,22893138393795740138249503228269517733051888602506683062209713465144747482167,"Will Bitcoin reach $80,000 in April?",4,net_flow_usdc,all,all,1.0,124,74,50,1,0.5135135135135135,0.5,0.00026652189542911376,-0.00016576352359554635,0.5135135135135135,0.5,0.1024938300161476,0.08451954811002707,0.231320057742021,False,0.31690390962200543,0.00018212207783239526,-0.0003478856014279416,-0.004347885601427941,9,1.0,1.0,1.5169039096220054,REJECTED,insufficient_unique_flow_hours,duplicate_segment_competition;low_sample_warning;unstable_train_test_warning
305,BTC,1823779,will-bitcoin-dip-to-65k-in-april-2026-355-765,91891168804884935930999247357727984305771756132991676079520973027739343180431,"Will Bitcoin dip to $65,000 in April?",1,net_flow_usdc,all,all,1.0,137,82,55,-1,0.4878048780487805,0.4,1.5969357484828495e-05,-0.00043022752721381225,0.4878048780487805,0.4,0.030495958102535924,0.060062274948630874,0.06367553565597228,False,0.3120124549897262,-5.466492421232234e-05,-0.0003755626030014899,-0.00437556260300149,7,1.0,1.0,1.512012454989726,REJECTED,insufficient_unique_flow_hours,duplicate_segment_competition;low_sample_warning;unstable_train_test_warning
306,BTC,1345530,will-bitcoin-reach-80000-by-december-31-2026-195-842-488-785,57919935471407397521237084573781793510659396827525482575585173092467716045100,"Will Bitcoin reach $80,000 by December 31, 2026?",24,large_trade_count,all,all,0.8,3,1,2,1,1.0,0.5,0.003881036344664162,-0.000493011214629099,1.0,0.5,nan,nan,nan,False,0.0,-0.00011532074372968118,-0.00037769047089941785,-0.004377690470899418,2,1.0,1.0,0.19000000000000003,REJECTED,insufficient_samples,duplicate_segment_competition;low_sample_warning;unstable_train_test_warning
307,BTC,1345530,will-bitcoin-reach-80000-by-december-31-2026-195-842-488-785,57919935471407397521237084573781793510659396827525482575585173092467716045100,"Will Bitcoin reach $80,000 by December 31, 2026?",24,whale_flow_score,all,all,0.8,3,1,2,1,1.0,0.5,0.003881036344664162,-0.000493011214629099,1.0,0.5,nan,nan,nan,False,0.0,-0.00011532074372968118,-0.00037769047089941785,-0.004377690470899418,2,1.0,1.0,0.19000000000000003,REJECTED,insufficient_samples,duplicate_segment_competition;low_sample_warning;unstable_train_test_warning
308,ETH,1823800,will-ethereum-dip-to-1800-in-april-2026,88623813947148129759226599572615258910454701043061032464667581751883927272067,"Will Ethereum dip to $1,800 in April?",24,buy_volume_usdc,all,all,1.0,91,54,37,1,0.5740740740740741,0.5945945945945946,0.00020778728569855736,-0.0005090263338657024,0.5740740740740741,0.5945945945945946,0.019767287318826814,-0.14659695417187413,nan,False,0.0,-0.00011837882729963262,-0.00039064750656606984,-0.00439064750656607,2,1.0,1.0,1.2991891891891891,REJECTED,insufficient_unique_flow_hours,duplicate_segment_competition;low_sample_warning;unstable_train_test_warning
309,ETH,1823800,will-ethereum-dip-to-1800-in-april-2026,88623813947148129759226599572615258910454701043061032464667581751883927272067,"Will Ethereum dip to $1,800 in April?",24,net_flow_usdc,all,all,1.0,91,54,37,1,0.5740740740740741,0.5945945945945946,0.00020778728569855736,-0.0005090263338657024,0.5740740740740741,0.5945945945945946,0.019767287318826814,-0.14659695417187413,nan,False,0.0,-0.00011837882729963262,-0.00039064750656606984,-0.00439064750656607,2,1.0,1.0,1.2991891891891891,REJECTED,insufficient_unique_flow_hours,duplicate_segment_competition;low_sample_warning;unstable_train_test_warning
310,ETH,1823800,will-ethereum-dip-to-1800-in-april-2026,88623813947148129759226599572615258910454701043061032464667581751883927272067,"Will Ethereum dip to $1,800 in April?",24,abs_net_flow_usdc,all,all,0.9,91,54,37,1,0.5740740740740741,0.5945945945945946,0.00020778728569855736,-0.0005090263338657024,0.5740740740740741,0.5945945945945946,0.019767287318826814,-0.14659695417187413,nan,False,0.0,-0.00011837882729963262,-0.00039064750656606984,-0.00439064750656607,2,1.0,1.0,1.2791891891891891,REJECTED,insufficient_unique_flow_hours,duplicate_segment_competition;low_sample_warning;unstable_train_test_warning
311,ETH,1823800,will-ethereum-dip-to-1800-in-april-2026,88623813947148129759226599572615258910454701043061032464667581751883927272067,"Will Ethereum dip to $1,800 in April?",24,unique_active_wallets,all,all,0.9,91,54,37,1,0.5740740740740741,0.5945945945945946,0.00020778728569855736,-0.0005090263338657024,0.5740740740740741,0.5945945945945946,nan,nan,nan,False,0.0,-0.00011837882729963262,-0.00039064750656606984,-0.00439064750656607,2,1.0,1.0,1.2791891891891891,REJECTED,insufficient_unique_flow_hours,duplicate_segment_competition;low_sample_warning;unstable_train_test_warning
312,ETH,1823795,will-ethereum-reach-2800-in-april-2026,103455081209713767851750094101142549597038869631663604903086082563273644697340,"Will Ethereum reach $2,800 in April?",24,buy_volume_usdc,all,all,1.0,69,41,28,1,0.5853658536585366,0.5714285714285714,0.00029500381268084873,-0.0010878335151590843,0.5853658536585366,0.5714285714285714,-0.049024939389647706,-0.26582119114323605,nan,False,0.0,-0.0006951825612745428,-0.0003926509538845415,-0.004392650953884541,2,1.0,1.0,1.0328571428571427,REJECTED,insufficient_unique_flow_hours,duplicate_segment_competition;low_sample_warning;unstable_train_test_warning
313,ETH,1299187,megaeth-market-cap-fdv-1pt5b-one-day-after-launch-371-844-879-681,59361386662140736273790755583050126642583489495616165418126619457111736694733,MegaETH market cap (FDV) >$1.5B one day after launch?,4,sell_volume_usdc,all,all,1.0,28,16,12,-1,0.625,0.4166666666666667,7.071688778690061e-05,-6.293719167728663e-05,0.625,0.4166666666666667,0.04885146404263058,0.03922446158458358,nan,False,0.0,0.00033145925611960603,-0.00039439644779689265,-0.0043943964477968925,4,1.0,1.0,0.48000000000000004,REJECTED,insufficient_samples,duplicate_segment_competition;low_sample_warning;unstable_train_test_warning
314,BTC,1823776,will-bitcoin-reach-80k-in-april-2026-794,22893138393795740138249503228269517733051888602506683062209713465144747482167,"Will Bitcoin reach $80,000 in April?",4,flow_momentum_4h,all,all,0.6,47,28,19,1,0.5,0.42105263157894735,0.0006747406402470216,-0.00021938986342770185,0.5,0.42105263157894735,0.2623195602205109,nan,-0.06473589532166067,False,0.0,0.00018212207783239526,-0.0004015119412600971,-0.004401511941260097,5,1.0,1.0,0.59,REJECTED,insufficient_unique_flow_hours,duplicate_segment_competition;low_sample_warning;unstable_train_test_warning
315,BTC,701495,will-bitcoin-reach-110000-by-december-31-2026-658-339-969,74843373582432484858627201602003648342208168490128239235522790524493414154441,"Will Bitcoin reach $110,000 by December 31, 2026?",1,net_flow_usdc,all,all,1.0,126,75,51,-1,0.49333333333333335,0.47058823529411764,7.63979507704711e-05,0.00010110379615068346,0.49333333333333335,0.47058823529411764,0.015557165905438831,-0.004581480790077059,nan,True,0.5,0.0005136487366729421,-0.0004125449405222586,-0.004412544940522259,5,1.0,1.0,1.7,REJECTED,insufficient_unique_flow_hours,duplicate_segment_competition;low_sample_warning
316,BTC,701495,will-bitcoin-reach-110000-by-december-31-2026-658-339-969,74843373582432484858627201602003648342208168490128239235522790524493414154441,"Will Bitcoin reach $110,000 by December 31, 2026?",1,abs_net_flow_usdc,all,all,0.9,126,75,51,-1,0.5066666666666667,0.47058823529411764,0.0002415302617412049,0.00010110379615068346,0.5066666666666667,0.47058823529411764,0.01882217532585503,0.0024459982206497463,nan,True,0.5,0.0005136487366729421,-0.0004125449405222586,-0.004412544940522259,5,1.0,1.0,1.68,REJECTED,insufficient_unique_flow_hours,duplicate_segment_competition;low_sample_warning
317,BTC,701495,will-bitcoin-reach-110000-by-december-31-2026-658-339-969,74843373582432484858627201602003648342208168490128239235522790524493414154441,"Will Bitcoin reach $110,000 by December 31, 2026?",1,unique_active_wallets,all,all,0.9,126,75,51,-1,0.5066666666666667,0.47058823529411764,0.0002415302617412049,0.00010110379615068346,0.5066666666666667,0.47058823529411764,nan,nan,nan,True,0.5,0.0005136487366729421,-0.0004125449405222586,-0.004412544940522259,5,1.0,1.0,1.68,REJECTED,insufficient_unique_flow_hours,duplicate_segment_competition;low_sample_warning
318,ETH,1383662,will-megaeth-launch-a-token-by-june-30-2026-676-993-477,29601542826076048097538062468538667893425689293490219370577801090612691914945,"Will MegaETH launch a token by June 30, 2026?",24,abs_net_flow_usdc,all,all,0.9,114,68,46,-1,0.5,0.3695652173913043,0.000204797861212955,0.00022879035520678077,0.5,0.3695652173913043,0.014381545884918339,0.03376170500575787,-0.0030983330148077444,True,0.5006196666029615,0.0006534731362041818,-0.0004246827809974011,-0.004424682780997401,14,1.0,1.0,1.6806196666029616,REJECTED,insufficient_unique_flow_hours,duplicate_segment_competition;low_sample_warning
319,ETH,1383662,will-megaeth-launch-a-token-by-june-30-2026-676-993-477,29601542826076048097538062468538667893425689293490219370577801090612691914945,"Will MegaETH launch a token by June 30, 2026?",24,unique_active_wallets,all,all,0.9,114,68,46,-1,0.5,0.3695652173913043,0.000204797861212955,0.00022879035520678077,0.5,0.3695652173913043,nan,nan,nan,True,0.5,0.0006534731362041818,-0.0004246827809974011,-0.004424682780997401,14,1.0,1.0,1.68,REJECTED,insufficient_unique_flow_hours,duplicate_segment_competition;low_sample_warning
320,BTC,1823784,will-bitcoin-dip-to-40k-in-april-2026-795-619,98951083891762751529749372132438032148715175020829409124970659708693351854318,"Will Bitcoin dip to $40,000 in April?",1,buy_volume_usdc,all,all,1.0,9,5,4,-1,0.4,0.25,0.002361717899063398,-0.00031944572716235194,0.4,0.25,nan,nan,nan,False,0.0,0.00011881887658552614,-0.0004382646037478781,-0.004438264603747878,1,1.0,1.0,0.29000000000000004,REJECTED,insufficient_samples,duplicate_segment_competition;low_sample_warning;unstable_train_test_warning
321,BTC,1823784,will-bitcoin-dip-to-40k-in-april-2026-795-619,98951083891762751529749372132438032148715175020829409124970659708693351854318,"Will Bitcoin dip to $40,000 in April?",1,net_flow_usdc,all,all,1.0,9,5,4,-1,0.4,0.25,0.002361717899063398,-0.00031944572716235194,0.4,0.25,nan,nan,nan,False,0.0,0.00011881887658552614,-0.0004382646037478781,-0.004438264603747878,1,1.0,1.0,0.29000000000000004,REJECTED,insufficient_samples,duplicate_segment_competition;low_sample_warning;unstable_train_test_warning
322,BTC,1823784,will-bitcoin-dip-to-40k-in-april-2026-795-619,98951083891762751529749372132438032148715175020829409124970659708693351854318,"Will Bitcoin dip to $40,000 in April?",1,abs_net_flow_usdc,all,all,0.9,9,5,4,-1,0.4,0.25,0.002361717899063398,-0.00031944572716235194,0.4,0.25,nan,nan,nan,False,0.0,0.00011881887658552614,-0.0004382646037478781,-0.004438264603747878,1,1.0,1.0,0.27,REJECTED,insufficient_samples,duplicate_segment_competition;low_sample_warning;unstable_train_test_warning
323,BTC,1823784,will-bitcoin-dip-to-40k-in-april-2026-795-619,98951083891762751529749372132438032148715175020829409124970659708693351854318,"Will Bitcoin dip to $40,000 in April?",1,unique_active_wallets,all,all,0.9,9,5,4,-1,0.4,0.25,0.002361717899063398,-0.00031944572716235194,0.4,0.25,nan,nan,nan,False,0.0,0.00011881887658552614,-0.0004382646037478781,-0.004438264603747878,1,1.0,1.0,0.27,REJECTED,insufficient_samples,duplicate_segment_competition;low_sample_warning;unstable_train_test_warning
324,BTC,1823784,will-bitcoin-dip-to-40k-in-april-2026-795-619,98951083891762751529749372132438032148715175020829409124970659708693351854318,"Will Bitcoin dip to $40,000 in April?",1,large_trade_count,all,all,0.8,9,5,4,-1,0.4,0.25,0.002361717899063398,-0.00031944572716235194,0.4,0.25,nan,nan,nan,False,0.0,0.00011881887658552614,-0.0004382646037478781,-0.004438264603747878,1,1.0,1.0,0.25,REJECTED,insufficient_samples,duplicate_segment_competition;low_sample_warning;unstable_train_test_warning
325,BTC,1823784,will-bitcoin-dip-to-40k-in-april-2026-795-619,98951083891762751529749372132438032148715175020829409124970659708693351854318,"Will Bitcoin dip to $40,000 in April?",1,whale_flow_score,all,all,0.8,9,5,4,-1,0.4,0.25,0.002361717899063398,-0.00031944572716235194,0.4,0.25,nan,nan,nan,False,0.0,0.00011881887658552614,-0.0004382646037478781,-0.004438264603747878,1,1.0,1.0,0.25,REJECTED,insufficient_samples,duplicate_segment_competition;low_sample_warning;unstable_train_test_warning
326,ETH,1823796,will-ethereum-reach-2600-in-april-2026,50308948122998050994686144925841639946050360545921215447281194779092729393480,"Will Ethereum reach $2,600 in April?",4,sell_volume_usdc,all,all,1.0,110,66,44,1,0.5606060606060606,0.38636363636363635,0.0006479691385080289,-6.0138720982443966e-05,0.5606060606060606,0.38636363636363635,0.1939999310330717,0.26401616297096253,nan,False,0.0,0.0003897649350862532,-0.0004499036560686972,-0.0044499036560686975,2,1.0,1.0,1.2,REJECTED,insufficient_unique_flow_hours,duplicate_segment_competition;low_sample_warning;unstable_train_test_warning
327,ETH,556062,megaeth-market-cap-fdv-2b-one-day-after-launch-738-867-649-272-765-733,57301498276970257025109591078431189727442302532145853906375186182281603517458,MegaETH market cap (FDV) >$2B one day after launch?,24,sell_volume_usdc,all,all,1.0,42,25,17,-1,0.56,0.47058823529411764,0.00017932369141631686,-0.0002682947839742955,0.56,0.47058823529411764,-0.4534707599500822,-0.5064910616820745,nan,False,0.0,0.00018288868580046907,-0.0004511834697747646,-0.004451183469774764,3,1.0,1.0,0.62,REJECTED,insufficient_unique_flow_hours,duplicate_segment_competition;low_sample_warning;unstable_train_test_warning
328,ETH,1373744,megaeth-market-cap-fdv-800m-one-day-after-launch-987-114-655,61268780060811317912125567165718241493378747385698282791855508063291413917546,MegaETH market cap (FDV) >$800M one day after launch?,24,net_flow_usdc,all,all,1.0,73,43,30,-1,0.5813953488372093,0.6,0.00027699014855829784,-0.00074509563472446,0.5813953488372093,0.6,0.04252382799423215,-0.011352445461447251,nan,False,0.0,-0.0002916378969797257,-0.0004534577377447343,-0.004453457737744734,4,1.0,1.0,1.13,REJECTED,insufficient_unique_flow_hours,duplicate_segment_competition;low_sample_warning;unstable_train_test_warning
329,ETH,1373744,megaeth-market-cap-fdv-800m-one-day-after-launch-987-114-655,61268780060811317912125567165718241493378747385698282791855508063291413917546,MegaETH market cap (FDV) >$800M one day after launch?,24,sell_volume_usdc,all,all,1.0,73,43,30,-1,0.5813953488372093,0.6,0.00027699014855829784,-0.00074509563472446,0.5813953488372093,0.6,0.04252382799423215,-0.011352445461447251,nan,False,0.0,-0.0002916378969797257,-0.0004534577377447343,-0.004453457737744734,4,1.0,1.0,1.13,REJECTED,insufficient_unique_flow_hours,duplicate_segment_competition;low_sample_warning;unstable_train_test_warning
330,ETH,1373744,megaeth-market-cap-fdv-800m-one-day-after-launch-987-114-655,61268780060811317912125567165718241493378747385698282791855508063291413917546,MegaETH market cap (FDV) >$800M one day after launch?,24,abs_net_flow_usdc,all,all,0.9,73,43,30,1,0.5813953488372093,0.6,0.00027699014855829784,-0.00074509563472446,0.5813953488372093,0.6,-0.04252382799423215,0.011352445461447251,nan,False,0.0,-0.0002916378969797257,-0.0004534577377447343,-0.004453457737744734,4,1.0,1.0,1.1099999999999999,REJECTED,insufficient_unique_flow_hours,duplicate_segment_competition;low_sample_warning;unstable_train_test_warning
331,ETH,1373744,megaeth-market-cap-fdv-800m-one-day-after-launch-987-114-655,61268780060811317912125567165718241493378747385698282791855508063291413917546,MegaETH market cap (FDV) >$800M one day after launch?,24,unique_active_wallets,all,all,0.9,73,43,30,1,0.5813953488372093,0.6,0.00027699014855829784,-0.00074509563472446,0.5813953488372093,0.6,nan,nan,nan,False,0.0,-0.0002916378969797257,-0.0004534577377447343,-0.004453457737744734,4,1.0,1.0,1.1099999999999999,REJECTED,insufficient_unique_flow_hours,duplicate_segment_competition;low_sample_warning;unstable_train_test_warning
332,BTC,1823784,will-bitcoin-dip-to-40k-in-april-2026-795-619,98951083891762751529749372132438032148715175020829409124970659708693351854318,"Will Bitcoin dip to $40,000 in April?",4,buy_volume_usdc,all,all,1.0,6,3,3,1,1.0,0.6666666666666666,0.0011269745637836094,0.0002350513481725095,1.0,0.6666666666666666,nan,nan,nan,True,0.5,0.000692252185165605,-0.00045720083699309555,-0.004457200836993096,1,1.0,1.0,1.0933333333333333,REJECTED,insufficient_samples,duplicate_segment_competition;low_sample_warning
333,BTC,1823784,will-bitcoin-dip-to-40k-in-april-2026-795-619,98951083891762751529749372132438032148715175020829409124970659708693351854318,"Will Bitcoin dip to $40,000 in April?",4,net_flow_usdc,all,all,1.0,6,3,3,1,1.0,0.6666666666666666,0.0011269745637836094,0.0002350513481725095,1.0,0.6666666666666666,nan,nan,nan,True,0.5,0.000692252185165605,-0.00045720083699309555,-0.004457200836993096,1,1.0,1.0,1.0933333333333333,REJECTED,insufficient_samples,duplicate_segment_competition;low_sample_warning
334,BTC,1823784,will-bitcoin-dip-to-40k-in-april-2026-795-619,98951083891762751529749372132438032148715175020829409124970659708693351854318,"Will Bitcoin dip to $40,000 in April?",4,abs_net_flow_usdc,all,all,0.9,6,3,3,1,1.0,0.6666666666666666,0.0011269745637836094,0.0002350513481725095,1.0,0.6666666666666666,nan,nan,nan,True,0.5,0.000692252185165605,-0.00045720083699309555,-0.004457200836993096,1,1.0,1.0,1.0733333333333333,REJECTED,insufficient_samples,duplicate_segment_competition;low_sample_warning
335,BTC,1823784,will-bitcoin-dip-to-40k-in-april-2026-795-619,98951083891762751529749372132438032148715175020829409124970659708693351854318,"Will Bitcoin dip to $40,000 in April?",4,unique_active_wallets,all,all,0.9,6,3,3,1,1.0,0.6666666666666666,0.0011269745637836094,0.0002350513481725095,1.0,0.6666666666666666,nan,nan,nan,True,0.5,0.000692252185165605,-0.00045720083699309555,-0.004457200836993096,1,1.0,1.0,1.0733333333333333,REJECTED,insufficient_samples,duplicate_segment_competition;low_sample_warning
336,BTC,1823784,will-bitcoin-dip-to-40k-in-april-2026-795-619,98951083891762751529749372132438032148715175020829409124970659708693351854318,"Will Bitcoin dip to $40,000 in April?",4,large_trade_count,all,all,0.8,6,3,3,1,1.0,0.6666666666666666,0.0011269745637836094,0.0002350513481725095,1.0,0.6666666666666666,nan,nan,nan,True,0.5,0.000692252185165605,-0.00045720083699309555,-0.004457200836993096,1,1.0,1.0,1.0533333333333332,REJECTED,insufficient_samples,duplicate_segment_competition;low_sample_warning
337,BTC,1823784,will-bitcoin-dip-to-40k-in-april-2026-795-619,98951083891762751529749372132438032148715175020829409124970659708693351854318,"Will Bitcoin dip to $40,000 in April?",4,whale_flow_score,all,all,0.8,6,3,3,1,1.0,0.6666666666666666,0.0011269745637836094,0.0002350513481725095,1.0,0.6666666666666666,nan,nan,nan,True,0.5,0.000692252185165605,-0.00045720083699309555,-0.004457200836993096,1,1.0,1.0,1.0533333333333332,REJECTED,insufficient_samples,duplicate_segment_competition;low_sample_warning
338,ETH,1299187,megaeth-market-cap-fdv-1pt5b-one-day-after-launch-371-844-879-681,59361386662140736273790755583050126642583489495616165418126619457111736694733,MegaETH market cap (FDV) >$1.5B one day after launch?,4,whale_flow_score,all,all,0.8,21,12,9,1,0.5,0.5555555555555556,0.00024109137645890151,-0.00013942545946091857,0.5,0.5555555555555556,-0.007276740766090479,nan,-0.05026854792328652,False,0.0,0.00033145925611960603,-0.0004708847155805246,-0.004470884715580525,7,1.0,1.0,0.48111111111111116,REJECTED,insufficient_samples,duplicate_segment_competition;low_sample_warning;unstable_train_test_warning
339,BTC,1823779,will-bitcoin-dip-to-65k-in-april-2026-355-765,91891168804884935930999247357727984305771756132991676079520973027739343180431,"Will Bitcoin dip to $65,000 in April?",4,net_flow_usdc,all,all,1.0,134,80,54,-1,0.5375,0.3888888888888889,0.00015375525969916367,-0.0005334839773337434,0.5375,0.3888888888888889,0.008630651993555092,0.013256921380540968,0.10567746555399561,False,0.30265138427610816,-6.142111260164832e-05,-0.0004720628647320951,-0.0044720628647320956,7,1.0,1.0,1.5026513842761082,REJECTED,insufficient_unique_flow_hours,duplicate_segment_competition;low_sample_warning;unstable_train_test_warning
340,BTC,1823776,will-bitcoin-reach-80k-in-april-2026-794,22893138393795740138249503228269517733051888602506683062209713465144747482167,"Will Bitcoin reach $80,000 in April?",24,net_flow_usdc,all,all,1.0,104,62,42,1,0.46774193548387094,0.42857142857142855,8.407734738699312e-05,-0.0004085005327611812,0.46774193548387094,0.42857142857142855,-0.10452791780069651,-0.14980401394380183,-0.12375889848632958,False,0.32475177969726593,8.12365184750821e-05,-0.0004897370512362634,-0.004489737051236263,5,1.0,1.0,1.5247517796972658,REJECTED,insufficient_unique_flow_hours,duplicate_segment_competition;low_sample_warning;unstable_train_test_warning
341,BTC,1343220,will-bitcoin-dip-to-10000-by-december-31-2026-888-644-567-258-946-853,42439528758178981890895605039938161151582654744978607695897321288347422769852,"Will Bitcoin dip to $10,000 by December 31, 2026?",1,net_flow_usdc,all,all,1.0,98,58,40,-1,0.5517241379310345,0.475,2.4790444148292395e-05,-0.0003442676147093497,0.5517241379310345,0.475,-0.038932530627545106,0.0336262345802628,-0.10253444001833041,False,0.006725246916052561,0.00018291097113192026,-0.0005271785858412699,-0.00452717858584127,22,1.0,1.0,1.1867252469160525,REJECTED,insufficient_unique_flow_hours,duplicate_segment_competition;low_sample_warning;unstable_train_test_warning
342,BTC,1343220,will-bitcoin-dip-to-10000-by-december-31-2026-888-644-567-258-946-853,42439528758178981890895605039938161151582654744978607695897321288347422769852,"Will Bitcoin dip to $10,000 by December 31, 2026?",1,sell_volume_usdc,all,all,1.0,98,58,40,-1,0.5517241379310345,0.475,2.4790444148292395e-05,-0.0003442676147093497,0.5517241379310345,0.475,-0.038932530627545106,0.0336262345802628,-0.10253444001833041,False,0.006725246916052561,0.00018291097113192026,-0.0005271785858412699,-0.00452717858584127,22,1.0,1.0,1.1867252469160525,REJECTED,insufficient_unique_flow_hours,duplicate_segment_competition;low_sample_warning;unstable_train_test_warning
343,BTC,1343220,will-bitcoin-dip-to-10000-by-december-31-2026-888-644-567-258-946-853,42439528758178981890895605039938161151582654744978607695897321288347422769852,"Will Bitcoin dip to $10,000 by December 31, 2026?",1,abs_net_flow_usdc,all,all,0.9,98,58,40,1,0.5517241379310345,0.475,2.4790444148292395e-05,-0.0003442676147093497,0.5517241379310345,0.475,0.038932530627545106,-0.0336262345802628,0.10253444001833041,False,0.006725246916052561,0.00018291097113192026,-0.0005271785858412699,-0.00452717858584127,22,1.0,1.0,1.1667252469160525,REJECTED,insufficient_unique_flow_hours,duplicate_segment_competition;low_sample_warning;unstable_train_test_warning
344,BTC,1343220,will-bitcoin-dip-to-10000-by-december-31-2026-888-644-567-258-946-853,42439528758178981890895605039938161151582654744978607695897321288347422769852,"Will Bitcoin dip to $10,000 by December 31, 2026?",1,unique_active_wallets,all,all,0.9,98,58,40,1,0.5517241379310345,0.475,2.4790444148292395e-05,-0.0003442676147093497,0.5517241379310345,0.475,nan,nan,nan,False,0.0,0.00018291097113192026,-0.0005271785858412699,-0.00452717858584127,22,1.0,1.0,1.16,REJECTED,insufficient_unique_flow_hours,duplicate_segment_competition;low_sample_warning;unstable_train_test_warning
345,ETH,701552,will-ethereum-dip-to-1500-by-december-31-2026,101639751789549589765350117072740510018809594718571111931328241076831078702528,"Will Ethereum dip to $1,500 by December 31, 2026?",4,net_flow_usdc,all,all,1.0,115,69,46,-1,0.5072463768115942,0.5217391304347826,0.00013296797301021838,0.0008637139883712823,0.5072463768115942,0.5217391304347826,-0.09592933105673475,-0.02772585901755314,-0.1608407970675819,True,0.8055451718035107,0.0013913137343357872,-0.0005275997459645049,-0.004527599745964505,3,1.0,1.0,2.049023432673076,REJECTED,insufficient_unique_flow_hours,duplicate_segment_competition;low_sample_warning
346,ETH,1823799,will-ethereum-dip-to-2000-in-april-2026,115443844896518160070261607488184121309794437412699113546532889479676113001808,"Will Ethereum dip to $2,000 in April?",4,abs_net_flow_usdc,all,all,0.9,126,75,51,-1,0.5466666666666666,0.35294117647058826,0.0004320466578631052,0.0001613402466834755,0.5466666666666666,0.35294117647058826,-0.08621802216605323,-0.07193677584911563,-0.09719030670347815,True,0.8143873551698232,0.000696606416731694,-0.0005352661700482185,-0.004535266170048218,10,1.0,1.0,1.9943873551698232,REJECTED,insufficient_unique_flow_hours,duplicate_segment_competition;low_sample_warning
347,ETH,1823799,will-ethereum-dip-to-2000-in-april-2026,115443844896518160070261607488184121309794437412699113546532889479676113001808,"Will Ethereum dip to $2,000 in April?",4,unique_active_wallets,all,all,0.9,126,75,51,-1,0.5466666666666666,0.35294117647058826,0.0004320466578631052,0.0001613402466834755,0.5466666666666666,0.35294117647058826,nan,nan,nan,True,0.5,0.000696606416731694,-0.0005352661700482185,-0.004535266170048218,10,1.0,1.0,1.68,REJECTED,insufficient_unique_flow_hours,duplicate_segment_competition;low_sample_warning
348,BTC,1339767,will-bitcoin-dip-to-50000-by-december-31-2026-454-325-222-878-949-487-451,13887983551129862992605123088744175927084435631400400451585519366058907542147,"Will Bitcoin dip to $50,000 by December 31, 2026?",24,flow_momentum_4h,all,all,0.6,4,2,2,-1,1.0,0.0,0.0008216811177044091,-0.0006557848092413221,1.0,0.0,0.12558867862504855,nan,nan,False,0.0,-0.00011695743928802607,-0.000538827369953296,-0.004538827369953296,2,1.0,1.0,0.16,REJECTED,insufficient_samples,duplicate_segment_competition;low_sample_warning;unstable_train_test_warning
349,BTC,701495,will-bitcoin-reach-110000-by-december-31-2026-658-339-969,74843373582432484858627201602003648342208168490128239235522790524493414154441,"Will Bitcoin reach $110,000 by December 31, 2026?",4,sell_volume_usdc,all,all,1.0,31,18,13,1,0.6111111111111112,0.38461538461538464,0.0009339291895520733,-0.0005865159342519091,0.6111111111111112,0.38461538461538464,nan,nan,nan,False,0.0,-3.6187854128741216e-05,-0.000550328080123168,-0.004550328080123168,1,1.0,1.0,0.51,REJECTED,insufficient_samples,duplicate_segment_competition;low_sample_warning;unstable_train_test_warning
350,BTC,1823776,will-bitcoin-reach-80k-in-april-2026-794,22893138393795740138249503228269517733051888602506683062209713465144747482167,"Will Bitcoin reach $80,000 in April?",1,flow_momentum_4h,all,all,0.6,50,30,20,1,0.5666666666666667,0.35,0.0007027862074614459,-0.0005693957313647241,0.5666666666666667,0.35,0.30727018240700404,0.21107484707049023,-0.043039848339569954,False,0.008607969667913992,4.283575042744895e-06,-0.000573679306407469,-0.0045736793064074695,6,1.0,1.0,0.628607969667914,REJECTED,insufficient_unique_flow_hours,duplicate_segment_competition;low_sample_warning;unstable_train_test_warning
351,ETH,1373744,megaeth-market-cap-fdv-800m-one-day-after-launch-987-114-655,61268780060811317912125567165718241493378747385698282791855508063291413917546,MegaETH market cap (FDV) >$800M one day after launch?,24,large_trade_count,all,all,0.8,72,43,29,1,0.5813953488372093,0.5862068965517241,0.0003106578490574276,-0.000866468962148119,0.5813953488372093,0.5862068965517241,nan,nan,nan,False,0.0,-0.0002916378969797257,-0.0005748310651683933,-0.004574831065168393,3,1.0,1.0,1.0524137931034483,REJECTED,insufficient_unique_flow_hours,duplicate_segment_competition;low_sample_warning;unstable_train_test_warning
352,ETH,1373744,megaeth-market-cap-fdv-800m-one-day-after-launch-987-114-655,61268780060811317912125567165718241493378747385698282791855508063291413917546,MegaETH market cap (FDV) >$800M one day after launch?,24,whale_flow_score,all,all,0.8,72,43,29,-1,0.5813953488372093,0.5862068965517241,0.0003106578490574276,-0.000866468962148119,0.5813953488372093,0.5862068965517241,nan,nan,nan,False,0.0,-0.0002916378969797257,-0.0005748310651683933,-0.004574831065168393,3,1.0,1.0,1.0524137931034483,REJECTED,insufficient_unique_flow_hours,duplicate_segment_competition;low_sample_warning;unstable_train_test_warning
353,BTC,701495,will-bitcoin-reach-110000-by-december-31-2026-658-339-969,74843373582432484858627201602003648342208168490128239235522790524493414154441,"Will Bitcoin reach $110,000 by December 31, 2026?",4,large_trade_count,all,all,0.8,63,37,26,1,0.5945945945945946,0.46153846153846156,0.0002406065052961264,-0.0006257660554966841,0.5945945945945946,0.46153846153846156,nan,nan,nan,False,0.0,-3.6187854128741216e-05,-0.0005895782013679429,-0.004589578201367943,1,1.0,1.0,0.79,REJECTED,insufficient_unique_flow_hours,duplicate_segment_competition;low_sample_warning;unstable_train_test_warning
354,BTC,701495,will-bitcoin-reach-110000-by-december-31-2026-658-339-969,74843373582432484858627201602003648342208168490128239235522790524493414154441,"Will Bitcoin reach $110,000 by December 31, 2026?",4,whale_flow_score,all,all,0.8,63,37,26,1,0.5945945945945946,0.46153846153846156,0.0002406065052961264,-0.0006257660554966841,0.5945945945945946,0.46153846153846156,nan,nan,nan,False,0.0,-3.6187854128741216e-05,-0.0005895782013679429,-0.004589578201367943,1,1.0,1.0,0.79,REJECTED,insufficient_unique_flow_hours,duplicate_segment_competition;low_sample_warning;unstable_train_test_warning
355,BTC,701495,will-bitcoin-reach-110000-by-december-31-2026-658-339-969,74843373582432484858627201602003648342208168490128239235522790524493414154441,"Will Bitcoin reach $110,000 by December 31, 2026?",4,flow_momentum_4h,all,all,0.6,63,37,26,1,0.5945945945945946,0.46153846153846156,0.0002406065052961264,-0.0006257660554966841,0.5945945945945946,0.46153846153846156,nan,nan,nan,False,0.0,-3.6187854128741216e-05,-0.0005895782013679429,-0.004589578201367943,1,1.0,1.0,0.75,REJECTED,insufficient_unique_flow_hours,duplicate_segment_competition;low_sample_warning;unstable_train_test_warning
356,ETH,701552,will-ethereum-dip-to-1500-by-december-31-2026,101639751789549589765350117072740510018809594718571111931328241076831078702528,"Will Ethereum dip to $1,500 by December 31, 2026?",4,buy_volume_usdc,all,all,1.0,76,45,31,-1,0.5111111111111111,0.41935483870967744,0.00023640427999048266,0.000791631065814264,0.5111111111111111,0.41935483870967744,0.06732016412158898,nan,0.04730120445890389,True,0.5,0.0013913137343357872,-0.0005996826685215232,-0.004599682668521524,2,1.0,1.0,1.46,REJECTED,insufficient_unique_flow_hours,duplicate_segment_competition;low_sample_warning
357,BTC,701494,will-bitcoin-reach-120000-by-december-31-2026-625-425-562,65965214225073605704712365855887384729237451947822407248598722221769498441791,"Will Bitcoin reach $120,000 by December 31, 2026?",1,buy_volume_usdc,all,all,1.0,127,76,51,-1,0.5131578947368421,0.47058823529411764,0.00032650292197978917,0.00010110379615068346,0.5131578947368421,0.47058823529411764,0.027010394794705274,nan,0.09812397741258248,True,0.5,0.0007223424655004767,-0.0006212386693497932,-0.004621238669349793,3,1.0,1.0,1.7,REJECTED,insufficient_unique_flow_hours,duplicate_segment_competition;low_sample_warning
358,BTC,701494,will-bitcoin-reach-120000-by-december-31-2026-625-425-562,65965214225073605704712365855887384729237451947822407248598722221769498441791,"Will Bitcoin reach $120,000 by December 31, 2026?",1,net_flow_usdc,all,all,1.0,127,76,51,-1,0.5131578947368421,0.47058823529411764,0.00032650292197978917,0.00010110379615068346,0.5131578947368421,0.47058823529411764,0.027010394794705274,nan,0.09812397741258248,True,0.5,0.0007223424655004767,-0.0006212386693497932,-0.004621238669349793,3,1.0,1.0,1.7,REJECTED,insufficient_unique_flow_hours,duplicate_segment_competition;low_sample_warning
359,BTC,701494,will-bitcoin-reach-120000-by-december-31-2026-625-425-562,65965214225073605704712365855887384729237451947822407248598722221769498441791,"Will Bitcoin reach $120,000 by December 31, 2026?",1,abs_net_flow_usdc,all,all,0.9,127,76,51,-1,0.5131578947368421,0.47058823529411764,0.00032650292197978917,0.00010110379615068346,0.5131578947368421,0.47058823529411764,0.027010394794705274,nan,0.09812397741258248,True,0.5,0.0007223424655004767,-0.0006212386693497932,-0.004621238669349793,3,1.0,1.0,1.68,REJECTED,insufficient_unique_flow_hours,duplicate_segment_competition;low_sample_warning
360,BTC,701494,will-bitcoin-reach-120000-by-december-31-2026-625-425-562,65965214225073605704712365855887384729237451947822407248598722221769498441791,"Will Bitcoin reach $120,000 by December 31, 2026?",1,unique_active_wallets,all,all,0.9,127,76,51,-1,0.5131578947368421,0.47058823529411764,0.00032650292197978917,0.00010110379615068346,0.5131578947368421,0.47058823529411764,nan,nan,nan,True,0.5,0.0007223424655004767,-0.0006212386693497932,-0.004621238669349793,3,1.0,1.0,1.68,REJECTED,insufficient_unique_flow_hours,duplicate_segment_competition;low_sample_warning
361,ETH,1823794,will-ethereum-reach-3000-in-april-2026,98694887273478515891138203442549017191281454470497426834485838288268569808164,"Will Ethereum reach $3,000 in April?",1,large_trade_count,all,all,0.8,3,1,2,1,1.0,0.5,0.0011176990536698966,-0.00012437729589333442,1.0,0.5,nan,nan,nan,False,0.0,0.0005049571793279453,-0.0006293344752212797,-0.00462933447522128,1,1.0,1.0,0.19000000000000003,REJECTED,insufficient_samples,duplicate_segment_competition;low_sample_warning;unstable_train_test_warning
362,ETH,1823794,will-ethereum-reach-3000-in-april-2026,98694887273478515891138203442549017191281454470497426834485838288268569808164,"Will Ethereum reach $3,000 in April?",1,whale_flow_score,all,all,0.8,3,1,2,-1,1.0,0.5,0.0011176990536698966,-0.00012437729589333442,1.0,0.5,nan,nan,nan,False,0.0,0.0005049571793279453,-0.0006293344752212797,-0.00462933447522128,1,1.0,1.0,0.19000000000000003,REJECTED,insufficient_samples,duplicate_segment_competition;low_sample_warning;unstable_train_test_warning
363,ETH,1823794,will-ethereum-reach-3000-in-april-2026,98694887273478515891138203442549017191281454470497426834485838288268569808164,"Will Ethereum reach $3,000 in April?",1,flow_momentum_4h,all,all,0.6,3,1,2,-1,1.0,0.5,0.0011176990536698966,-0.00012437729589333442,1.0,0.5,nan,nan,nan,False,0.0,0.0005049571793279453,-0.0006293344752212797,-0.00462933447522128,1,1.0,1.0,0.15,REJECTED,insufficient_samples,duplicate_segment_competition;low_sample_warning;unstable_train_test_warning
364,ETH,1383662,will-megaeth-launch-a-token-by-june-30-2026-676-993-477,29601542826076048097538062468538667893425689293490219370577801090612691914945,"Will MegaETH launch a token by June 30, 2026?",24,large_trade_count,all,all,0.8,64,38,26,-1,0.5,0.46153846153846156,0.00013608549216320855,1.4782710125127097e-05,0.5,0.46153846153846156,nan,nan,nan,True,0.5,0.0006534731362041818,-0.0006386904260790548,-0.004638690426079055,4,1.0,1.0,1.3000000000000003,REJECTED,insufficient_unique_flow_hours,duplicate_segment_competition;low_sample_warning
365,ETH,1383662,will-megaeth-launch-a-token-by-june-30-2026-676-993-477,29601542826076048097538062468538667893425689293490219370577801090612691914945,"Will MegaETH launch a token by June 30, 2026?",24,whale_flow_score,all,all,0.8,64,38,26,-1,0.5,0.46153846153846156,0.00013608549216320855,1.4782710125127097e-05,0.5,0.46153846153846156,nan,nan,nan,True,0.5,0.0006534731362041818,-0.0006386904260790548,-0.004638690426079055,4,1.0,1.0,1.3000000000000003,REJECTED,insufficient_unique_flow_hours,duplicate_segment_competition;low_sample_warning
366,BTC,665258,will-china-unban-bitcoin-by-2027,91810646921497227084241579668235102205462718984593674693010693975258849328842,Will China unban Bitcoin by 2027?,4,net_flow_usdc,all,all,1.0,34,20,14,1,0.55,0.2857142857142857,0.0005765470235678698,-0.0006617458963167705,0.55,0.2857142857142857,-0.11554136042993852,0.07228232620338255,nan,False,0.0,-1.2567530404594955e-05,-0.0006491783659121756,-0.004649178365912176,2,1.0,1.0,0.54,REJECTED,insufficient_samples,duplicate_segment_competition;low_sample_warning;unstable_train_test_warning
367,BTC,665258,will-china-unban-bitcoin-by-2027,91810646921497227084241579668235102205462718984593674693010693975258849328842,Will China unban Bitcoin by 2027?,4,sell_volume_usdc,all,all,1.0,34,20,14,1,0.55,0.2857142857142857,0.0005765470235678698,-0.0006617458963167705,0.55,0.2857142857142857,-0.11554136042993852,0.07228232620338255,nan,False,0.0,-1.2567530404594955e-05,-0.0006491783659121756,-0.004649178365912176,2,1.0,1.0,0.54,REJECTED,insufficient_samples,duplicate_segment_competition;low_sample_warning;unstable_train_test_warning
368,BTC,665258,will-china-unban-bitcoin-by-2027,91810646921497227084241579668235102205462718984593674693010693975258849328842,Will China unban Bitcoin by 2027?,4,abs_net_flow_usdc,all,all,0.9,34,20,14,-1,0.55,0.2857142857142857,0.0005765470235678698,-0.0006617458963167705,0.55,0.2857142857142857,0.11554136042993852,-0.07228232620338255,nan,False,0.0,-1.2567530404594955e-05,-0.0006491783659121756,-0.004649178365912176,2,1.0,1.0,0.52,REJECTED,insufficient_samples,duplicate_segment_competition;low_sample_warning;unstable_train_test_warning
369,ETH,556062,megaeth-market-cap-fdv-2b-one-day-after-launch-738-867-649-272-765-733,57301498276970257025109591078431189727442302532145853906375186182281603517458,MegaETH market cap (FDV) >$2B one day after launch?,24,unique_active_wallets,all,all,0.9,85,51,34,1,0.5686274509803921,0.6176470588235294,0.00015816305176250125,-0.00048078275218367306,0.5686274509803921,0.6176470588235294,nan,nan,nan,False,0.0,0.00018288868580046907,-0.0006636714379841421,-0.004663671437984142,10,1.0,0.9882352941176471,1.265294117647059,REJECTED,insufficient_unique_flow_hours,duplicate_segment_competition;low_sample_warning;unstable_train_test_warning
370,ETH,1823799,will-ethereum-dip-to-2000-in-april-2026,115443844896518160070261607488184121309794437412699113546532889479676113001808,"Will Ethereum dip to $2,000 in April?",24,flow_momentum_4h,all,all,0.6,78,46,32,-1,0.6086956521739131,0.59375,0.000275351920282732,-0.0007422453889994666,0.6086956521739131,0.59375,-0.06438211541793529,-0.09830595179578376,-0.02922240361267604,False,0.3058444807225352,-7.028119907042425e-05,-0.0006719641899290424,-0.004671964189929043,4,1.0,1.0,1.393344480722535,REJECTED,insufficient_unique_flow_hours,duplicate_segment_competition;low_sample_warning;unstable_train_test_warning
371,BTC,1823776,will-bitcoin-reach-80k-in-april-2026-794,22893138393795740138249503228269517733051888602506683062209713465144747482167,"Will Bitcoin reach $80,000 in April?",24,whale_flow_score,all,all,0.8,103,61,42,1,0.47540983606557374,0.40476190476190477,0.00016449533790605775,-0.000604149906092582,0.47540983606557374,0.40476190476190477,-0.09452638015884414,-0.16111248954722318,-0.14955682270771856,False,0.3299113645415437,8.12365184750821e-05,-0.0006853864245676642,-0.004685386424567665,4,1.0,1.0,1.4899113645415438,REJECTED,insufficient_unique_flow_hours,duplicate_segment_competition;low_sample_warning;unstable_train_test_warning
372,ETH,1823796,will-ethereum-reach-2600-in-april-2026,50308948122998050994686144925841639946050360545921215447281194779092729393480,"Will Ethereum reach $2,600 in April?",4,net_flow_usdc,all,all,1.0,125,75,50,1,0.56,0.44,0.0006576912706058102,-0.00030362994634652044,0.56,0.44,0.05172208253677626,0.3026154291730391,-0.0904009663380338,False,0.01808019326760676,0.0003897649350862532,-0.0006933948814327736,-0.004693394881432774,7,1.0,1.0,1.2180801932676066,REJECTED,insufficient_unique_flow_hours,duplicate_segment_competition;low_sample_warning;unstable_train_test_warning
373,BTC,948958,bitcoin-all-time-high-by-december-31-2026,102959890468928530190954086704155483076852880798676895426376704430618826404382,"Bitcoin all time high by December 31, 2026?",24,flow_momentum_4h,all,all,0.6,68,40,28,1,0.575,0.42857142857142855,0.00021686978201870426,-0.0006220326624760199,0.575,0.42857142857142855,nan,nan,nan,False,0.0,9.195491317083092e-05,-0.0007139875756468508,-0.004713987575646851,1,1.0,1.0,0.8,REJECTED,insufficient_unique_flow_hours,duplicate_segment_competition;low_sample_warning;unstable_train_test_warning
374,ETH,1823799,will-ethereum-dip-to-2000-in-april-2026,115443844896518160070261607488184121309794437412699113546532889479676113001808,"Will Ethereum dip to $2,000 in April?",1,flow_momentum_4h,all,all,0.6,101,60,41,-1,0.5333333333333333,0.6341463414634146,0.00012519121327238502,-0.0003876988620351613,0.5333333333333333,0.6341463414634146,-0.14461225404591804,-0.06322998398650213,-0.16950189808851449,False,0.31264599679730043,0.0003732483545646167,-0.000760947216599778,-0.004760947216599778,6,1.0,1.0,1.7009386797241297,REJECTED,insufficient_unique_flow_hours,duplicate_segment_competition;low_sample_warning;unstable_train_test_warning
375,ETH,1823799,will-ethereum-dip-to-2000-in-april-2026,115443844896518160070261607488184121309794437412699113546532889479676113001808,"Will Ethereum dip to $2,000 in April?",1,sell_volume_usdc,all,all,1.0,51,30,21,-1,0.5666666666666667,0.6190476190476191,0.00023169847583130244,-0.0003918263924483785,0.5666666666666667,0.6190476190476191,0.34720415907276114,nan,0.37955542671354425,False,0.0,0.0003732483545646167,-0.0007650747470129952,-0.004765074747012995,3,1.0,1.0,0.9480952380952381,REJECTED,insufficient_unique_flow_hours,duplicate_segment_competition;low_sample_warning;unstable_train_test_warning
376,ETH,1299187,megaeth-market-cap-fdv-1pt5b-one-day-after-launch-371-844-879-681,59361386662140736273790755583050126642583489495616165418126619457111736694733,MegaETH market cap (FDV) >$1.5B one day after launch?,24,flow_momentum_4h,all,all,0.6,57,34,23,1,0.4411764705882353,0.5217391304347826,0.00016374149820810898,-0.0016011581444241023,0.4411764705882353,0.5217391304347826,0.07244800527096348,0.19544130330052345,0.2766626195675273,False,0.33908826066010467,-0.0008243742898923202,-0.0007767838545317821,-0.004776783854531782,11,1.0,1.0,1.0725665215296698,REJECTED,insufficient_unique_flow_hours,duplicate_segment_competition;low_sample_warning;unstable_train_test_warning
377,ETH,1823795,will-ethereum-reach-2800-in-april-2026,103455081209713767851750094101142549597038869631663604903086082563273644697340,"Will Ethereum reach $2,800 in April?",1,sell_volume_usdc,all,all,1.0,34,20,14,1,0.65,0.5,0.0007691847711286145,-0.0003382964609528506,0.65,0.5,nan,nan,nan,False,0.0,0.00046454083131356545,-0.0008028372922664161,-0.004802837292266416,1,1.0,1.0,0.54,REJECTED,insufficient_samples,duplicate_segment_competition;low_sample_warning;unstable_train_test_warning
378,ETH,556062,megaeth-market-cap-fdv-2b-one-day-after-launch-738-867-649-272-765-733,57301498276970257025109591078431189727442302532145853906375186182281603517458,MegaETH market cap (FDV) >$2B one day after launch?,24,abs_net_flow_usdc,all,all,0.9,84,50,34,1,0.58,0.5882352941176471,0.00022186434102926107,-0.0006514189954818242,0.58,0.5882352941176471,-0.011537089072603472,0.04405638324029613,0.07064417699032852,False,0.30881127664805924,0.00018288868580046907,-0.0008343076812822932,-0.004834307681282293,9,1.0,1.0,1.5052818648833532,REJECTED,insufficient_unique_flow_hours,duplicate_segment_competition;low_sample_warning;unstable_train_test_warning
379,ETH,556062,megaeth-market-cap-fdv-2b-one-day-after-launch-738-867-649-272-765-733,57301498276970257025109591078431189727442302532145853906375186182281603517458,MegaETH market cap (FDV) >$2B one day after launch?,24,net_flow_usdc,all,all,1.0,84,50,34,1,0.52,0.5882352941176471,0.00022498110271546517,-0.0006514189954818242,0.52,0.5882352941176471,-0.03092179656234476,0.034117127536116364,0.07064417699032852,False,0.30682342550722325,0.00018288868580046907,-0.0008343076812822932,-0.004834307681282293,9,1.0,1.0,1.5232940137425173,REJECTED,insufficient_unique_flow_hours,duplicate_segment_competition;low_sample_warning;unstable_train_test_warning
380,BTC,1345530,will-bitcoin-reach-80000-by-december-31-2026-195-842-488-785,57919935471407397521237084573781793510659396827525482575585173092467716045100,"Will Bitcoin reach $80,000 by December 31, 2026?",4,large_trade_count,all,all,0.8,11,6,5,-1,0.8333333333333334,0.2,0.003567616697222989,-0.0009549827697344235,0.8333333333333334,0.2,nan,nan,nan,False,0.0,-8.582107144991882e-05,-0.0008691616982845047,-0.004869161698284505,4,1.0,1.0,0.27,REJECTED,insufficient_samples,duplicate_segment_competition;low_sample_warning;unstable_train_test_warning
381,BTC,1345530,will-bitcoin-reach-80000-by-december-31-2026-195-842-488-785,57919935471407397521237084573781793510659396827525482575585173092467716045100,"Will Bitcoin reach $80,000 by December 31, 2026?",4,whale_flow_score,all,all,0.8,11,6,5,-1,0.8333333333333334,0.2,0.003567616697222989,-0.0009549827697344235,0.8333333333333334,0.2,nan,nan,nan,False,0.0,-8.582107144991882e-05,-0.0008691616982845047,-0.004869161698284505,4,1.0,1.0,0.27,REJECTED,insufficient_samples,duplicate_segment_competition;low_sample_warning;unstable_train_test_warning
382,BTC,1343220,will-bitcoin-dip-to-10000-by-december-31-2026-888-644-567-258-946-853,42439528758178981890895605039938161151582654744978607695897321288347422769852,"Will Bitcoin dip to $10,000 by December 31, 2026?",4,flow_momentum_4h,all,all,0.6,89,53,36,1,0.5849056603773585,0.4722222222222222,0.0004490646074273372,-0.00038372682548068883,0.5849056603773585,0.4722222222222222,0.0025166521801987794,0.05625092573224263,0.02216658944061452,False,0.3044333178881229,0.0005023129458350411,-0.00088603977131573,-0.00488603977131573,17,1.0,1.0,1.3144333178881231,REJECTED,insufficient_unique_flow_hours,duplicate_segment_competition;low_sample_warning;unstable_train_test_warning
383,BTC,701494,will-bitcoin-reach-120000-by-december-31-2026-625-425-562,65965214225073605704712365855887384729237451947822407248598722221769498441791,"Will Bitcoin reach $120,000 by December 31, 2026?",4,buy_volume_usdc,all,all,1.0,124,74,50,-1,0.5135135135135135,0.48,0.00026652189542911376,0.00014165590876803053,0.5135135135135135,0.48,0.05892203015492026,nan,0.1300767711591352,True,0.5,0.001047182551098727,-0.0009055266423306965,-0.004905526642330697,3,1.0,1.0,1.7,REJECTED,insufficient_unique_flow_hours,duplicate_segment_competition;low_sample_warning
384,BTC,701494,will-bitcoin-reach-120000-by-december-31-2026-625-425-562,65965214225073605704712365855887384729237451947822407248598722221769498441791,"Will Bitcoin reach $120,000 by December 31, 2026?",4,net_flow_usdc,all,all,1.0,124,74,50,-1,0.5135135135135135,0.48,0.00026652189542911376,0.00014165590876803053,0.5135135135135135,0.48,0.05892203015492026,nan,0.1300767711591352,True,0.5,0.001047182551098727,-0.0009055266423306965,-0.004905526642330697,3,1.0,1.0,1.7,REJECTED,insufficient_unique_flow_hours,duplicate_segment_competition;low_sample_warning
385,BTC,701494,will-bitcoin-reach-120000-by-december-31-2026-625-425-562,65965214225073605704712365855887384729237451947822407248598722221769498441791,"Will Bitcoin reach $120,000 by December 31, 2026?",4,abs_net_flow_usdc,all,all,0.9,124,74,50,-1,0.5135135135135135,0.48,0.00026652189542911376,0.00014165590876803053,0.5135135135135135,0.48,0.05892203015492026,nan,0.1300767711591352,True,0.5,0.001047182551098727,-0.0009055266423306965,-0.004905526642330697,3,1.0,1.0,1.68,REJECTED,insufficient_unique_flow_hours,duplicate_segment_competition;low_sample_warning
386,BTC,701494,will-bitcoin-reach-120000-by-december-31-2026-625-425-562,65965214225073605704712365855887384729237451947822407248598722221769498441791,"Will Bitcoin reach $120,000 by December 31, 2026?",4,unique_active_wallets,all,all,0.9,124,74,50,-1,0.5135135135135135,0.48,0.00026652189542911376,0.00014165590876803053,0.5135135135135135,0.48,nan,nan,nan,True,0.5,0.001047182551098727,-0.0009055266423306965,-0.004905526642330697,3,1.0,1.0,1.68,REJECTED,insufficient_unique_flow_hours,duplicate_segment_competition;low_sample_warning
387,ETH,1823794,will-ethereum-reach-3000-in-april-2026,98694887273478515891138203442549017191281454470497426834485838288268569808164,"Will Ethereum reach $3,000 in April?",24,abs_net_flow_usdc,all,all,0.9,88,52,36,1,0.5769230769230769,0.6111111111111112,0.00019677724945961272,-0.0005024559870844942,0.5769230769230769,0.6111111111111112,-0.02346024882868513,0.0621071251257858,-0.06980081539736008,False,0.012421425025157161,0.0004235307036599589,-0.0009259866907444531,-0.004925986690744453,3,1.0,1.0,1.2946436472473795,REJECTED,insufficient_unique_flow_hours,duplicate_segment_competition;low_sample_warning;unstable_train_test_warning
388,ETH,1823794,will-ethereum-reach-3000-in-april-2026,98694887273478515891138203442549017191281454470497426834485838288268569808164,"Will Ethereum reach $3,000 in April?",24,unique_active_wallets,all,all,0.9,88,52,36,1,0.5769230769230769,0.6111111111111112,0.00019677724945961272,-0.0005024559870844942,0.5769230769230769,0.6111111111111112,nan,nan,nan,False,0.0,0.0004235307036599589,-0.0009259866907444531,-0.004925986690744453,3,1.0,1.0,1.2822222222222222,REJECTED,insufficient_unique_flow_hours,duplicate_segment_competition;low_sample_warning;unstable_train_test_warning
389,BTC,1393070,will-bitcoin-reach-1000000-by-december-31-2026-946,18571303954259773157233385333455041418270179723020753158306812650937565180666,"Will Bitcoin reach $1,000,000 by December 31, 2026?",1,net_flow_usdc,all,all,1.0,112,67,45,1,0.4925373134328358,0.4888888888888889,0.0001438679269787174,0.00015224078027813816,0.4925373134328358,0.4888888888888889,0.0952032209121636,0.14982131137575794,nan,True,0.5,0.0010824162049822698,-0.0009301754247041316,-0.004930175424704131,2,1.0,1.0,1.7,REJECTED,insufficient_unique_flow_hours,duplicate_segment_competition;low_sample_warning
390,BTC,1393070,will-bitcoin-reach-1000000-by-december-31-2026-946,18571303954259773157233385333455041418270179723020753158306812650937565180666,"Will Bitcoin reach $1,000,000 by December 31, 2026?",1,sell_volume_usdc,all,all,1.0,112,67,45,1,0.4925373134328358,0.4888888888888889,0.0001438679269787174,0.00015224078027813816,0.4925373134328358,0.4888888888888889,0.0952032209121636,0.14982131137575794,nan,True,0.5,0.0010824162049822698,-0.0009301754247041316,-0.004930175424704131,2,1.0,1.0,1.7,REJECTED,insufficient_unique_flow_hours,duplicate_segment_competition;low_sample_warning
391,BTC,1393070,will-bitcoin-reach-1000000-by-december-31-2026-946,18571303954259773157233385333455041418270179723020753158306812650937565180666,"Will Bitcoin reach $1,000,000 by December 31, 2026?",1,abs_net_flow_usdc,all,all,0.9,112,67,45,-1,0.4925373134328358,0.4888888888888889,0.0001438679269787174,0.00015224078027813816,0.4925373134328358,0.4888888888888889,-0.0952032209121636,-0.14982131137575794,nan,True,0.5,0.0010824162049822698,-0.0009301754247041316,-0.004930175424704131,2,1.0,1.0,1.68,REJECTED,insufficient_unique_flow_hours,duplicate_segment_competition;low_sample_warning
392,BTC,1393070,will-bitcoin-reach-1000000-by-december-31-2026-946,18571303954259773157233385333455041418270179723020753158306812650937565180666,"Will Bitcoin reach $1,000,000 by December 31, 2026?",1,unique_active_wallets,all,all,0.9,112,67,45,-1,0.4925373134328358,0.4888888888888889,0.0001438679269787174,0.00015224078027813816,0.4925373134328358,0.4888888888888889,nan,nan,nan,True,0.5,0.0010824162049822698,-0.0009301754247041316,-0.004930175424704131,2,1.0,1.0,1.68,REJECTED,insufficient_unique_flow_hours,duplicate_segment_competition;low_sample_warning
393,ETH,1373744,megaeth-market-cap-fdv-800m-one-day-after-launch-987-114-655,61268780060811317912125567165718241493378747385698282791855508063291413917546,MegaETH market cap (FDV) >$800M one day after launch?,4,large_trade_count,all,all,0.8,92,55,37,1,0.5636363636363636,0.5945945945945946,0.00010295446888030296,-0.0005090263338657024,0.5636363636363636,0.5945945945945946,nan,nan,nan,False,0.0,0.00045692040384605955,-0.000965946737711762,-0.004965946737711762,3,1.0,1.0,1.2691891891891895,REJECTED,insufficient_unique_flow_hours,duplicate_segment_competition;low_sample_warning;unstable_train_test_warning
394,ETH,1373744,megaeth-market-cap-fdv-800m-one-day-after-launch-987-114-655,61268780060811317912125567165718241493378747385698282791855508063291413917546,MegaETH market cap (FDV) >$800M one day after launch?,4,whale_flow_score,all,all,0.8,92,55,37,-1,0.5636363636363636,0.5945945945945946,0.00010295446888030296,-0.0005090263338657024,0.5636363636363636,0.5945945945945946,nan,nan,nan,False,0.0,0.00045692040384605955,-0.000965946737711762,-0.004965946737711762,3,1.0,1.0,1.2691891891891895,REJECTED,insufficient_unique_flow_hours,duplicate_segment_competition;low_sample_warning;unstable_train_test_warning
395,ETH,556062,megaeth-market-cap-fdv-2b-one-day-after-launch-738-867-649-272-765-733,57301498276970257025109591078431189727442302532145853906375186182281603517458,MegaETH market cap (FDV) >$2B one day after launch?,1,buy_volume_usdc,all,all,1.0,65,39,26,1,0.5897435897435898,0.5769230769230769,0.0004766643119453669,-0.001179816720933106,0.5897435897435898,0.5769230769230769,0.02165684317544087,0.09045737538567143,nan,False,0.0,-0.00020442595697548794,-0.000975390763957618,-0.004975390763957618,6,1.0,1.0,1.0038461538461538,REJECTED,insufficient_unique_flow_hours,duplicate_segment_competition;low_sample_warning;unstable_train_test_warning
396,ETH,701552,will-ethereum-dip-to-1500-by-december-31-2026,101639751789549589765350117072740510018809594718571111931328241076831078702528,"Will Ethereum dip to $1,500 by December 31, 2026?",24,sell_volume_usdc,all,all,1.0,39,23,16,-1,0.6956521739130435,0.4375,0.0008653054662733075,-0.0013915539053478937,0.6956521739130435,0.4375,nan,nan,nan,False,0.0,-0.0004029073076509781,-0.0009886465976969155,-0.004988646597696916,1,1.0,1.0,0.5900000000000001,REJECTED,insufficient_unique_flow_hours,duplicate_segment_competition;low_sample_warning;unstable_train_test_warning
397,ETH,1299187,megaeth-market-cap-fdv-1pt5b-one-day-after-launch-371-844-879-681,59361386662140736273790755583050126642583489495616165418126619457111736694733,MegaETH market cap (FDV) >$1.5B one day after launch?,24,whale_flow_score,all,all,0.8,20,12,8,-1,0.4166666666666667,0.5,0.000479058868997532,-0.0018183431047255395,0.4166666666666667,0.5,0.28800308735804014,nan,0.479283603598979,False,0.0,-0.0008243742898923202,-0.0009939688148332191,-0.00499396881483322,6,1.0,1.0,0.36000000000000004,REJECTED,insufficient_samples,duplicate_segment_competition;low_sample_warning;unstable_train_test_warning
398,ETH,556062,megaeth-market-cap-fdv-2b-one-day-after-launch-738-867-649-272-765-733,57301498276970257025109591078431189727442302532145853906375186182281603517458,MegaETH market cap (FDV) >$2B one day after launch?,24,buy_volume_usdc,all,all,1.0,42,25,17,1,0.68,0.5882352941176471,0.00011658725606372877,-0.0008171641855504168,0.68,0.5882352941176471,-0.0019471437900921132,0.004438073589895733,nan,False,0.0,0.00018288868580046907,-0.001000052871350886,-0.005000052871350886,6,1.0,1.0,0.796470588235294,REJECTED,insufficient_unique_flow_hours,duplicate_segment_competition;low_sample_warning;unstable_train_test_warning
399,ETH,1823799,will-ethereum-dip-to-2000-in-april-2026,115443844896518160070261607488184121309794437412699113546532889479676113001808,"Will Ethereum dip to $2,000 in April?",4,sell_volume_usdc,all,all,1.0,48,28,20,-1,0.6071428571428571,0.65,0.00029892387516715965,-0.0003315007286200522,0.6071428571428571,0.65,0.22762822974511795,nan,0.22728878201486064,False,0.0,0.000696606416731694,-0.0010281071453517462,-0.005028107145351747,3,1.0,1.0,0.98,REJECTED,insufficient_unique_flow_hours,duplicate_segment_competition;low_sample_warning;unstable_train_test_warning
400,BTC,701495,will-bitcoin-reach-110000-by-december-31-2026-658-339-969,74843373582432484858627201602003648342208168490128239235522790524493414154441,"Will Bitcoin reach $110,000 by December 31, 2026?",24,large_trade_count,all,all,0.8,43,25,18,1,0.52,0.5,0.0007799463129919164,-0.0014201298478846492,0.52,0.5,nan,nan,nan,False,0.0,-0.0003725282063220456,-0.0010476016415626036,-0.005047601641562604,1,1.0,1.0,0.5900000000000001,REJECTED,insufficient_unique_flow_hours,duplicate_segment_competition;low_sample_warning;unstable_train_test_warning
401,BTC,701495,will-bitcoin-reach-110000-by-december-31-2026-658-339-969,74843373582432484858627201602003648342208168490128239235522790524493414154441,"Will Bitcoin reach $110,000 by December 31, 2026?",24,whale_flow_score,all,all,0.8,43,25,18,1,0.52,0.5,0.0007799463129919164,-0.0014201298478846492,0.52,0.5,nan,nan,nan,False,0.0,-0.0003725282063220456,-0.0010476016415626036,-0.005047601641562604,1,1.0,1.0,0.5900000000000001,REJECTED,insufficient_unique_flow_hours,duplicate_segment_competition;low_sample_warning;unstable_train_test_warning
402,BTC,701495,will-bitcoin-reach-110000-by-december-31-2026-658-339-969,74843373582432484858627201602003648342208168490128239235522790524493414154441,"Will Bitcoin reach $110,000 by December 31, 2026?",24,flow_momentum_4h,all,all,0.6,43,25,18,1,0.52,0.5,0.0007799463129919164,-0.0014201298478846492,0.52,0.5,nan,nan,nan,False,0.0,-0.0003725282063220456,-0.0010476016415626036,-0.005047601641562604,1,1.0,1.0,0.55,REJECTED,insufficient_unique_flow_hours,duplicate_segment_competition;low_sample_warning;unstable_train_test_warning
403,ETH,556062,megaeth-market-cap-fdv-2b-one-day-after-launch-738-867-649-272-765-733,57301498276970257025109591078431189727442302532145853906375186182281603517458,MegaETH market cap (FDV) >$2B one day after launch?,1,flow_momentum_4h,all,all,0.6,61,36,25,1,0.6111111111111112,0.56,0.00048376053376770166,-0.0012581507035096331,0.6111111111111112,0.56,0.010813908933069705,0.014500185489717111,nan,False,0.0,-0.00020442595697548794,-0.001053724746534145,-0.005053724746534145,6,1.0,0.9836065573770492,0.8500000000000001,REJECTED,insufficient_unique_flow_hours,duplicate_segment_competition;low_sample_warning;unstable_train_test_warning
404,ETH,1823796,will-ethereum-reach-2600-in-april-2026,50308948122998050994686144925841639946050360545921215447281194779092729393480,"Will Ethereum reach $2,600 in April?",24,large_trade_count,all,all,0.8,17,10,7,1,0.4,0.42857142857142855,0.0004490252873609351,-0.00129695787576066,0.4,0.42857142857142855,nan,nan,nan,False,0.0,-0.00024284427906902395,-0.001054113596691636,-0.005054113596691636,1,1.0,1.0,0.33000000000000007,REJECTED,insufficient_samples,duplicate_segment_competition;low_sample_warning;unstable_train_test_warning
405,ETH,1823796,will-ethereum-reach-2600-in-april-2026,50308948122998050994686144925841639946050360545921215447281194779092729393480,"Will Ethereum reach $2,600 in April?",24,whale_flow_score,all,all,0.8,17,10,7,-1,0.4,0.42857142857142855,0.0004490252873609351,-0.00129695787576066,0.4,0.42857142857142855,nan,nan,nan,False,0.0,-0.00024284427906902395,-0.001054113596691636,-0.005054113596691636,1,1.0,1.0,0.33000000000000007,REJECTED,insufficient_samples,duplicate_segment_competition;low_sample_warning;unstable_train_test_warning
406,ETH,1383662,will-megaeth-launch-a-token-by-june-30-2026-676-993-477,29601542826076048097538062468538667893425689293490219370577801090612691914945,"Will MegaETH launch a token by June 30, 2026?",4,sell_volume_usdc,all,all,1.0,62,37,25,-1,0.6486486486486487,0.56,0.0005279714331775679,-0.0012581507035096331,0.6486486486486487,0.56,-0.01677127702366654,-0.19495541067530184,-0.1279003826300262,False,0.32558007652600524,-0.00019773589354041935,-0.0010604148099692139,-0.005060414809969214,10,1.0,1.0,1.2655800765260052,REJECTED,insufficient_unique_flow_hours,duplicate_segment_competition;low_sample_warning;unstable_train_test_warning
407,ETH,1383662,will-megaeth-launch-a-token-by-june-30-2026-676-993-477,29601542826076048097538062468538667893425689293490219370577801090612691914945,"Will MegaETH launch a token by June 30, 2026?",24,buy_volume_usdc,all,all,1.0,72,43,29,-1,0.5348837209302325,0.41379310344827586,0.00032768345741982386,-0.00042131977309469863,0.5348837209302325,0.41379310344827586,-0.05654835700619429,-0.03101635877865911,-0.7525495515403962,False,0.3062032717557318,0.0006534731362041818,-0.0010747929092988805,-0.005074792909298881,6,1.0,1.0,1.2262032717557318,REJECTED,insufficient_unique_flow_hours,duplicate_segment_competition;low_sample_warning;unstable_train_test_warning
408,ETH,556062,megaeth-market-cap-fdv-2b-one-day-after-launch-738-867-649-272-765-733,57301498276970257025109591078431189727442302532145853906375186182281603517458,MegaETH market cap (FDV) >$2B one day after launch?,4,buy_volume_usdc,all,all,1.0,62,37,25,1,0.6216216216216216,0.56,0.0005223450868240901,-0.0012581507035096331,0.6216216216216216,0.56,0.009439815822854877,0.05791783965441954,nan,False,0.0,-0.00015589954957865904,-0.0011022511539309741,-0.005102251153930974,6,1.0,1.0,0.9400000000000002,REJECTED,insufficient_unique_flow_hours,duplicate_segment_competition;low_sample_warning;unstable_train_test_warning
409,ETH,556062,megaeth-market-cap-fdv-2b-one-day-after-launch-738-867-649-272-765-733,57301498276970257025109591078431189727442302532145853906375186182281603517458,MegaETH market cap (FDV) >$2B one day after launch?,4,flow_momentum_4h,all,all,0.6,58,34,24,1,0.6176470588235294,0.5833333333333334,0.0005421264350752869,-0.0012673750144344797,0.6176470588235294,0.5833333333333334,-0.010199396627381806,-0.04869756286452887,nan,False,0.0,-0.00015589954957865904,-0.0011114754648558207,-0.005111475464855821,6,1.0,0.9827586206896551,0.8666666666666667,REJECTED,insufficient_unique_flow_hours,duplicate_segment_competition;low_sample_warning;unstable_train_test_warning
410,ETH,1823799,will-ethereum-dip-to-2000-in-april-2026,115443844896518160070261607488184121309794437412699113546532889479676113001808,"Will Ethereum dip to $2,000 in April?",4,flow_momentum_4h,all,all,0.6,98,58,40,-1,0.5344827586206896,0.625,3.4220854483303004e-05,-0.00042047075203514053,0.5344827586206896,0.625,-0.11293592745523966,0.03494662706443589,-0.14660748389116787,False,0.006989325412887178,0.000696606416731694,-0.0011170771687668344,-0.005117077168766835,6,1.0,1.0,1.3569893254128873,REJECTED,insufficient_unique_flow_hours,duplicate_segment_competition;low_sample_warning;unstable_train_test_warning
411,BTC,701495,will-bitcoin-reach-110000-by-december-31-2026-658-339-969,74843373582432484858627201602003648342208168490128239235522790524493414154441,"Will Bitcoin reach $110,000 by December 31, 2026?",1,large_trade_count,all,all,0.8,66,39,27,1,0.5641025641025641,0.4444444444444444,0.0001981362162034415,-0.0006153475870739234,0.5641025641025641,0.4444444444444444,nan,nan,nan,False,0.0,0.0005136487366729421,-0.0011289963237468654,-0.0051289963237468655,1,1.0,1.0,0.8200000000000001,REJECTED,insufficient_unique_flow_hours,duplicate_segment_competition;low_sample_warning;unstable_train_test_warning
412,BTC,701495,will-bitcoin-reach-110000-by-december-31-2026-658-339-969,74843373582432484858627201602003648342208168490128239235522790524493414154441,"Will Bitcoin reach $110,000 by December 31, 2026?",1,whale_flow_score,all,all,0.8,66,39,27,1,0.5641025641025641,0.4444444444444444,0.0001981362162034415,-0.0006153475870739234,0.5641025641025641,0.4444444444444444,nan,nan,nan,False,0.0,0.0005136487366729421,-0.0011289963237468654,-0.0051289963237468655,1,1.0,1.0,0.8200000000000001,REJECTED,insufficient_unique_flow_hours,duplicate_segment_competition;low_sample_warning;unstable_train_test_warning
413,BTC,701495,will-bitcoin-reach-110000-by-december-31-2026-658-339-969,74843373582432484858627201602003648342208168490128239235522790524493414154441,"Will Bitcoin reach $110,000 by December 31, 2026?",1,flow_momentum_4h,all,all,0.6,66,39,27,1,0.5641025641025641,0.4444444444444444,0.0001981362162034415,-0.0006153475870739234,0.5641025641025641,0.4444444444444444,nan,nan,nan,False,0.0,0.0005136487366729421,-0.0011289963237468654,-0.0051289963237468655,1,1.0,1.0,0.78,REJECTED,insufficient_unique_flow_hours,duplicate_segment_competition;low_sample_warning;unstable_train_test_warning
414,ETH,1383662,will-megaeth-launch-a-token-by-june-30-2026-676-993-477,29601542826076048097538062468538667893425689293490219370577801090612691914945,"Will MegaETH launch a token by June 30, 2026?",1,sell_volume_usdc,all,all,1.0,65,39,26,-1,0.6153846153846154,0.5769230769230769,0.0005453586995770772,-0.001179816720933106,0.6153846153846154,0.5769230769230769,0.2700768425450067,-0.15662286097915254,0.29970970442807854,False,0.031324572195830507,-3.7119219684584775e-05,-0.0011426975012485212,-0.005142697501248522,10,1.0,1.0,1.0351707260419842,REJECTED,insufficient_unique_flow_hours,duplicate_segment_competition;low_sample_warning;unstable_train_test_warning
415,ETH,701552,will-ethereum-dip-to-1500-by-december-31-2026,101639751789549589765350117072740510018809594718571111931328241076831078702528,"Will Ethereum dip to $1,500 by December 31, 2026?",4,abs_net_flow_usdc,all,all,0.9,115,69,46,-1,0.4927536231884058,0.3695652173913043,0.00015836987445408464,0.00022879035520678077,0.4927536231884058,0.3695652173913043,0.10443309673490192,0.02772585901755314,0.16084079706758186,True,0.8055451718035107,0.0013913137343357872,-0.0011625233791290063,-0.005162523379129006,3,1.0,1.0,1.9855451718035106,REJECTED,insufficient_unique_flow_hours,duplicate_segment_competition;low_sample_warning
416,ETH,701552,will-ethereum-dip-to-1500-by-december-31-2026,101639751789549589765350117072740510018809594718571111931328241076831078702528,"Will Ethereum dip to $1,500 by December 31, 2026?",4,unique_active_wallets,all,all,0.9,115,69,46,-1,0.4927536231884058,0.3695652173913043,0.00015836987445408464,0.00022879035520678077,0.4927536231884058,0.3695652173913043,nan,nan,nan,True,0.5,0.0013913137343357872,-0.0011625233791290063,-0.005162523379129006,3,1.0,1.0,1.68,REJECTED,insufficient_unique_flow_hours,duplicate_segment_competition;low_sample_warning
417,ETH,556062,megaeth-market-cap-fdv-2b-one-day-after-launch-738-867-649-272-765-733,57301498276970257025109591078431189727442302532145853906375186182281603517458,MegaETH market cap (FDV) >$2B one day after launch?,1,large_trade_count,all,all,0.8,56,33,23,1,0.6666666666666666,0.5652173913043478,0.0007052882002734745,-0.0014612388985024442,0.6666666666666666,0.5652173913043478,0.040092465281317796,-0.014096390036681936,nan,False,0.0,-0.00020442595697548794,-0.0012568129415269562,-0.005256812941526957,5,1.0,0.9821428571428571,0.8504347826086956,REJECTED,insufficient_unique_flow_hours,duplicate_segment_competition;low_sample_warning;unstable_train_test_warning
418,BTC,1823785,will-bitcoin-dip-to-35k-in-april-2026-269-515,55866919730905441060316639913713252112909337594136306040264616999652467664982,"Will Bitcoin dip to $35,000 in April?",24,sell_volume_usdc,all,all,1.0,29,17,12,1,0.47058823529411764,0.5,0.00018486969359647647,-0.00016111236808097912,0.47058823529411764,0.5,nan,nan,nan,False,0.0,0.001140738982881458,-0.001301851350962437,-0.005301851350962437,1,1.0,1.0,0.49,REJECTED,insufficient_samples,duplicate_segment_competition;low_sample_warning;unstable_train_test_warning
419,ETH,1823796,will-ethereum-reach-2600-in-april-2026,50308948122998050994686144925841639946050360545921215447281194779092729393480,"Will Ethereum reach $2,600 in April?",4,buy_volume_usdc,all,all,1.0,15,9,6,-1,0.4444444444444444,0.16666666666666666,0.001296568406288331,-0.0009491007027337255,0.4444444444444444,0.16666666666666666,-0.23728099558927646,-0.45489548675630864,0.8306611589362327,False,0.09097909735126174,0.0003897649350862532,-0.0013388656378199788,-0.005338865637819979,5,1.0,1.0,0.44097909735126173,REJECTED,insufficient_samples,duplicate_segment_competition;low_sample_warning;unstable_train_test_warning
420,ETH,1823796,will-ethereum-reach-2600-in-april-2026,50308948122998050994686144925841639946050360545921215447281194779092729393480,"Will Ethereum reach $2,600 in April?",4,flow_momentum_4h,all,all,0.6,13,7,6,-1,0.5714285714285714,0.16666666666666666,0.002737166359299359,-0.0009491007027337255,0.5714285714285714,0.16666666666666666,0.23893665757334118,0.3171134898354601,-0.8306611589362328,False,0.06342269796709203,0.0003897649350862532,-0.0013388656378199788,-0.005338865637819979,3,1.0,1.0,0.31342269796709205,REJECTED,insufficient_samples,duplicate_segment_competition;low_sample_warning;unstable_train_test_warning
421,BTC,701495,will-bitcoin-reach-110000-by-december-31-2026-658-339-969,74843373582432484858627201602003648342208168490128239235522790524493414154441,"Will Bitcoin reach $110,000 by December 31, 2026?",1,sell_volume_usdc,all,all,1.0,31,18,13,1,0.6111111111111112,0.38461538461538464,0.0009535110470383865,-0.0008439028604068031,0.6111111111111112,0.38461538461538464,nan,nan,nan,False,0.0,0.0005136487366729421,-0.0013575515970797453,-0.005357551597079745,1,1.0,1.0,0.51,REJECTED,insufficient_samples,duplicate_segment_competition;low_sample_warning;unstable_train_test_warning
422,ETH,1823794,will-ethereum-reach-3000-in-april-2026,98694887273478515891138203442549017191281454470497426834485838288268569808164,"Will Ethereum reach $3,000 in April?",24,buy_volume_usdc,all,all,1.0,13,7,6,-1,0.5714285714285714,0.16666666666666666,0.002737166359299359,-0.0009491007027337255,0.5714285714285714,0.16666666666666666,nan,nan,nan,False,0.0,0.0004235307036599589,-0.0013726314063936844,-0.0053726314063936844,1,1.0,1.0,0.33,REJECTED,insufficient_samples,duplicate_segment_competition;low_sample_warning;unstable_train_test_warning
423,ETH,1383662,will-megaeth-launch-a-token-by-june-30-2026-676-993-477,29601542826076048097538062468538667893425689293490219370577801090612691914945,"Will MegaETH launch a token by June 30, 2026?",24,net_flow_usdc,all,all,1.0,114,68,46,-1,0.5,0.5869565217391305,0.000204797861212955,-0.0007528833688230753,0.5,0.5869565217391305,0.019872472282548393,0.03376170500575787,0.018365838316959066,False,0.3036731676633918,0.0006534731362041818,-0.001406356505027257,-0.005406356505027257,14,1.0,1.0,1.6775862111416528,REJECTED,insufficient_unique_flow_hours,duplicate_segment_competition;low_sample_warning;unstable_train_test_warning
424,BTC,1823776,will-bitcoin-reach-80k-in-april-2026-794,22893138393795740138249503228269517733051888602506683062209713465144747482167,"Will Bitcoin reach $80,000 in April?",1,buy_volume_usdc,all,all,1.0,52,31,21,1,0.6129032258064516,0.42857142857142855,0.0008119334533629318,-0.001433630481541624,0.6129032258064516,0.42857142857142855,0.3179960828978592,0.0712806794500897,0.001173397535525255,False,0.30023467950710503,4.283575042744895e-06,-0.001437914056584369,-0.005437914056584369,8,1.0,1.0,1.0202346795071051,REJECTED,insufficient_unique_flow_hours,duplicate_segment_competition;low_sample_warning;unstable_train_test_warning
425,BTC,948957,bitcoin-all-time-high-by-september-30-2026,50388900663189748675936681554126016850520413670342348778716337126803310768728,"Bitcoin all time high by September 30, 2026?",1,buy_volume_usdc,all,all,1.0,62,37,25,1,0.5945945945945946,0.44,0.0002681028705376632,-0.0007648061878658456,0.5945945945945946,0.44,0.04381722707948629,0.05936044648501171,nan,False,0.0,0.0007075767756766807,-0.0014723829635425263,-0.005472382963542527,3,1.0,1.0,0.8200000000000001,REJECTED,insufficient_unique_flow_hours,duplicate_segment_competition;low_sample_warning;unstable_train_test_warning
426,BTC,948957,bitcoin-all-time-high-by-september-30-2026,50388900663189748675936681554126016850520413670342348778716337126803310768728,"Bitcoin all time high by September 30, 2026?",1,net_flow_usdc,all,all,1.0,62,37,25,1,0.5945945945945946,0.44,0.0002681028705376632,-0.0007648061878658456,0.5945945945945946,0.44,0.04381722707948629,0.05936044648501171,nan,False,0.0,0.0007075767756766807,-0.0014723829635425263,-0.005472382963542527,3,1.0,1.0,0.8200000000000001,REJECTED,insufficient_unique_flow_hours,duplicate_segment_competition;low_sample_warning;unstable_train_test_warning
427,BTC,948957,bitcoin-all-time-high-by-september-30-2026,50388900663189748675936681554126016850520413670342348778716337126803310768728,"Bitcoin all time high by September 30, 2026?",1,abs_net_flow_usdc,all,all,0.9,62,37,25,1,0.5945945945945946,0.44,0.0002681028705376632,-0.0007648061878658456,0.5945945945945946,0.44,0.04381722707948629,0.05936044648501171,nan,False,0.0,0.0007075767756766807,-0.0014723829635425263,-0.005472382963542527,3,1.0,1.0,0.8,REJECTED,insufficient_unique_flow_hours,duplicate_segment_competition;low_sample_warning;unstable_train_test_warning
428,BTC,948957,bitcoin-all-time-high-by-september-30-2026,50388900663189748675936681554126016850520413670342348778716337126803310768728,"Bitcoin all time high by September 30, 2026?",1,unique_active_wallets,all,all,0.9,62,37,25,1,0.5945945945945946,0.44,0.0002681028705376632,-0.0007648061878658456,0.5945945945945946,0.44,nan,nan,nan,False,0.0,0.0007075767756766807,-0.0014723829635425263,-0.005472382963542527,3,1.0,1.0,0.8,REJECTED,insufficient_unique_flow_hours,duplicate_segment_competition;low_sample_warning;unstable_train_test_warning
429,BTC,1823785,will-bitcoin-dip-to-35k-in-april-2026-269-515,55866919730905441060316639913713252112909337594136306040264616999652467664982,"Will Bitcoin dip to $35,000 in April?",24,abs_net_flow_usdc,all,all,0.9,86,51,35,1,0.5686274509803921,0.45714285714285713,7.942659518647718e-05,-0.0004309337212177928,0.5686274509803921,0.45714285714285713,-0.2217435894146172,0.07398339744993694,-0.25675213164686483,False,0.01479667948998739,0.001140738982881458,-0.0015716727040992508,-0.005571672704099251,3,1.0,1.0,1.0547966794899875,REJECTED,insufficient_unique_flow_hours,duplicate_segment_competition;low_sample_warning;unstable_train_test_warning
430,BTC,1823785,will-bitcoin-dip-to-35k-in-april-2026-269-515,55866919730905441060316639913713252112909337594136306040264616999652467664982,"Will Bitcoin dip to $35,000 in April?",24,net_flow_usdc,all,all,1.0,86,51,35,1,0.5490196078431373,0.45714285714285713,0.00012685547260484387,-0.0004309337212177928,0.5490196078431373,0.45714285714285713,-0.22145416012275235,0.07398339744993693,-0.25675213164686483,False,0.014796679489987386,0.001140738982881458,-0.0015716727040992508,-0.005571672704099251,3,1.0,1.0,1.0747966794899875,REJECTED,insufficient_unique_flow_hours,duplicate_segment_competition;low_sample_warning;unstable_train_test_warning
431,BTC,1823785,will-bitcoin-dip-to-35k-in-april-2026-269-515,55866919730905441060316639913713252112909337594136306040264616999652467664982,"Will Bitcoin dip to $35,000 in April?",24,unique_active_wallets,all,all,0.9,86,51,35,1,0.5686274509803921,0.45714285714285713,7.942659518647718e-05,-0.0004309337212177928,0.5686274509803921,0.45714285714285713,nan,nan,nan,False,0.0,0.001140738982881458,-0.0015716727040992508,-0.005571672704099251,3,1.0,1.0,1.04,REJECTED,insufficient_unique_flow_hours,duplicate_segment_competition;low_sample_warning;unstable_train_test_warning
432,BTC,1823776,will-bitcoin-reach-80k-in-april-2026-794,22893138393795740138249503228269517733051888602506683062209713465144747482167,"Will Bitcoin reach $80,000 in April?",4,buy_volume_usdc,all,all,1.0,49,29,20,1,0.5517241379310345,0.45,0.0007062377880398441,-0.001408319083112245,0.5517241379310345,0.45,0.2607250134155128,0.026921416791230765,-0.000520553728178739,False,0.0001041107456357478,0.00018212207783239526,-0.0015904411609446404,-0.00559044116094464,7,1.0,1.0,0.6901041107456358,REJECTED,insufficient_unique_flow_hours,duplicate_segment_competition;low_sample_warning;unstable_train_test_warning
433,SOL,1823881,will-solana-reach-160-in-april-2026,2239666445220242421622333852346062404205114740031545382107437837927896782621,Will Solana reach $160 in April?,1,abs_net_flow_usdc,all,all,0.9,132,79,53,-1,0.5443037974683544,0.4339622641509434,0.00040183602945668105,0.00030228444128419776,0.5443037974683544,0.4339622641509434,0.0034794858375614265,-0.01694897094371096,nan,True,0.5,0.0019176305034064502,-0.0016153460621222524,-0.005615346062122252,2,1.0,1.0,1.68,REJECTED,insufficient_unique_flow_hours,duplicate_segment_competition;low_sample_warning
434,SOL,1823881,will-solana-reach-160-in-april-2026,2239666445220242421622333852346062404205114740031545382107437837927896782621,Will Solana reach $160 in April?,1,unique_active_wallets,all,all,0.9,132,79,53,-1,0.5443037974683544,0.4339622641509434,0.00040183602945668105,0.00030228444128419776,0.5443037974683544,0.4339622641509434,nan,nan,nan,True,0.5,0.0019176305034064502,-0.0016153460621222524,-0.005615346062122252,2,1.0,1.0,1.68,REJECTED,insufficient_unique_flow_hours,duplicate_segment_competition;low_sample_warning
435,SOL,1823881,will-solana-reach-160-in-april-2026,2239666445220242421622333852346062404205114740031545382107437837927896782621,Will Solana reach $160 in April?,1,large_trade_count,all,all,0.8,132,79,53,-1,0.5443037974683544,0.4339622641509434,0.00040183602945668105,0.00030228444128419776,0.5443037974683544,0.4339622641509434,-0.003479485837561427,0.01694897094371096,nan,True,0.5,0.0019176305034064502,-0.0016153460621222524,-0.005615346062122252,2,1.0,1.0,1.6600000000000001,REJECTED,insufficient_unique_flow_hours,duplicate_segment_competition;low_sample_warning
436,BTC,948957,bitcoin-all-time-high-by-september-30-2026,50388900663189748675936681554126016850520413670342348778716337126803310768728,"Bitcoin all time high by September 30, 2026?",4,buy_volume_usdc,all,all,1.0,59,35,24,1,0.5714285714285714,0.4583333333333333,0.00023122357475630897,-0.0007414351241216134,0.5714285714285714,0.4583333333333333,-0.05663578330801116,-0.17340852451467215,nan,False,0.0,0.0008799834338458693,-0.0016214185579674827,-0.0056214185579674825,3,1.0,1.0,0.79,REJECTED,insufficient_unique_flow_hours,duplicate_segment_competition;low_sample_warning;unstable_train_test_warning
437,BTC,948957,bitcoin-all-time-high-by-september-30-2026,50388900663189748675936681554126016850520413670342348778716337126803310768728,"Bitcoin all time high by September 30, 2026?",4,net_flow_usdc,all,all,1.0,59,35,24,1,0.5714285714285714,0.4583333333333333,0.00023122357475630897,-0.0007414351241216134,0.5714285714285714,0.4583333333333333,-0.05663578330801116,-0.17340852451467215,nan,False,0.0,0.0008799834338458693,-0.0016214185579674827,-0.0056214185579674825,3,1.0,1.0,0.79,REJECTED,insufficient_unique_flow_hours,duplicate_segment_competition;low_sample_warning;unstable_train_test_warning
438,BTC,948957,bitcoin-all-time-high-by-september-30-2026,50388900663189748675936681554126016850520413670342348778716337126803310768728,"Bitcoin all time high by September 30, 2026?",4,abs_net_flow_usdc,all,all,0.9,59,35,24,1,0.5714285714285714,0.4583333333333333,0.00023122357475630897,-0.0007414351241216134,0.5714285714285714,0.4583333333333333,-0.05663578330801116,-0.17340852451467215,nan,False,0.0,0.0008799834338458693,-0.0016214185579674827,-0.0056214185579674825,3,1.0,1.0,0.77,REJECTED,insufficient_unique_flow_hours,duplicate_segment_competition;low_sample_warning;unstable_train_test_warning
439,BTC,948957,bitcoin-all-time-high-by-september-30-2026,50388900663189748675936681554126016850520413670342348778716337126803310768728,"Bitcoin all time high by September 30, 2026?",4,unique_active_wallets,all,all,0.9,59,35,24,1,0.5714285714285714,0.4583333333333333,0.00023122357475630897,-0.0007414351241216134,0.5714285714285714,0.4583333333333333,nan,nan,nan,False,0.0,0.0008799834338458693,-0.0016214185579674827,-0.0056214185579674825,3,1.0,1.0,0.77,REJECTED,insufficient_unique_flow_hours,duplicate_segment_competition;low_sample_warning;unstable_train_test_warning
440,ETH,1823799,will-ethereum-dip-to-2000-in-april-2026,115443844896518160070261607488184121309794437412699113546532889479676113001808,"Will Ethereum dip to $2,000 in April?",24,sell_volume_usdc,all,all,1.0,34,20,14,-1,0.75,0.42857142857142855,0.0012703057886676997,-0.0017442563973844062,0.75,0.42857142857142855,nan,nan,nan,False,0.0,-7.028119907042425e-05,-0.001673975198313982,-0.005673975198313982,1,1.0,1.0,0.54,REJECTED,insufficient_samples,duplicate_segment_competition;low_sample_warning;unstable_train_test_warning
441,ETH,556062,megaeth-market-cap-fdv-2b-one-day-after-launch-738-867-649-272-765-733,57301498276970257025109591078431189727442302532145853906375186182281603517458,MegaETH market cap (FDV) >$2B one day after launch?,1,whale_flow_score,all,all,0.8,55,33,22,1,0.696969696969697,0.5454545454545454,0.000950611779565929,-0.0019348255175043393,0.696969696969697,0.5454545454545454,0.014001834643592415,0.04290716302561321,nan,False,0.0,-0.00020442595697548794,-0.0017303995605288513,-0.005730399560528851,4,1.0,1.0,0.8009090909090909,REJECTED,insufficient_unique_flow_hours,duplicate_segment_competition;low_sample_warning;unstable_train_test_warning
442,ETH,556062,megaeth-market-cap-fdv-2b-one-day-after-launch-738-867-649-272-765-733,57301498276970257025109591078431189727442302532145853906375186182281603517458,MegaETH market cap (FDV) >$2B one day after launch?,4,large_trade_count,all,all,0.8,53,31,22,1,0.6774193548387096,0.5454545454545454,0.0010847286629034271,-0.0019348255175043393,0.6774193548387096,0.5454545454545454,0.005403543565622643,-0.1504768464935664,nan,False,0.0,-0.00015589954957865904,-0.0017789259679256804,-0.0057789259679256804,5,1.0,0.9811320754716981,0.7809090909090909,REJECTED,insufficient_unique_flow_hours,duplicate_segment_competition;low_sample_warning;unstable_train_test_warning
443,ETH,556062,megaeth-market-cap-fdv-2b-one-day-after-launch-738-867-649-272-765-733,57301498276970257025109591078431189727442302532145853906375186182281603517458,MegaETH market cap (FDV) >$2B one day after launch?,4,whale_flow_score,all,all,0.8,52,31,21,1,0.7096774193548387,0.5238095238095238,0.0011274889362296054,-0.0021035825101521207,0.7096774193548387,0.5238095238095238,0.008662520507116587,0.03213250682927019,nan,False,0.0,-0.00015589954957865904,-0.0019476829605734618,-0.005947682960573462,4,1.0,1.0,0.7276190476190477,REJECTED,insufficient_unique_flow_hours,duplicate_segment_competition;low_sample_warning;unstable_train_test_warning
444,SOL,1823881,will-solana-reach-160-in-april-2026,2239666445220242421622333852346062404205114740031545382107437837927896782621,Will Solana reach $160 in April?,1,buy_volume_usdc,all,all,1.0,63,37,26,-1,0.5945945945945946,0.46153846153846156,0.0006848142773210406,-6.693233047403891e-05,0.5945945945945946,0.46153846153846156,nan,nan,nan,False,0.0,0.0019176305034064502,-0.001984562833880489,-0.0059845628338804895,1,1.0,1.0,0.8300000000000001,REJECTED,insufficient_unique_flow_hours,duplicate_segment_competition;low_sample_warning;unstable_train_test_warning
445,ETH,1823794,will-ethereum-reach-3000-in-april-2026,98694887273478515891138203442549017191281454470497426834485838288268569808164,"Will Ethereum reach $3,000 in April?",4,buy_volume_usdc,all,all,1.0,17,10,7,1,0.7,0.42857142857142855,0.0014547535209054206,-0.0029507875735365614,0.7,0.42857142857142855,nan,nan,nan,False,0.0,-0.0009176398628258503,-0.002033147710710711,-0.006033147710710712,1,1.0,1.0,0.37,REJECTED,insufficient_samples,duplicate_segment_competition;low_sample_warning;unstable_train_test_warning
446,SOL,1823881,will-solana-reach-160-in-april-2026,2239666445220242421622333852346062404205114740031545382107437837927896782621,Will Solana reach $160 in April?,24,net_flow_usdc,all,all,1.0,109,65,44,1,0.5538461538461539,0.45454545454545453,2.7248327517523333e-05,0.0005834999265479332,0.5538461538461539,0.45454545454545453,0.08094067392250746,-0.12573610954645267,nan,True,0.5,0.002685547515815259,-0.0021020475892673256,-0.006102047589267325,2,1.0,1.0,1.7,REJECTED,insufficient_unique_flow_hours,duplicate_segment_competition;low_sample_warning
447,SOL,1823881,will-solana-reach-160-in-april-2026,2239666445220242421622333852346062404205114740031545382107437837927896782621,Will Solana reach $160 in April?,24,whale_flow_score,all,all,0.8,109,65,44,1,0.5538461538461539,0.45454545454545453,2.7248327517523333e-05,0.0005834999265479332,0.5538461538461539,0.45454545454545453,0.08094067392250748,-0.1257361095464527,nan,True,0.5,0.002685547515815259,-0.0021020475892673256,-0.006102047589267325,2,1.0,1.0,1.6600000000000001,REJECTED,insufficient_unique_flow_hours,duplicate_segment_competition;low_sample_warning
448,BTC,1823785,will-bitcoin-dip-to-35k-in-april-2026-269-515,55866919730905441060316639913713252112909337594136306040264616999652467664982,"Will Bitcoin dip to $35,000 in April?",24,buy_volume_usdc,all,all,1.0,57,34,23,1,0.5882352941176471,0.43478260869565216,0.00036339170482743775,-0.000964252412090302,0.5882352941176471,0.43478260869565216,-0.2563313973993222,nan,-0.19104026178281583,False,0.0,0.001140738982881458,-0.00210499139497176,-0.00610499139497176,2,1.0,1.0,0.77,REJECTED,insufficient_unique_flow_hours,duplicate_segment_competition;low_sample_warning;unstable_train_test_warning
449,SOL,1823881,will-solana-reach-160-in-april-2026,2239666445220242421622333852346062404205114740031545382107437837927896782621,Will Solana reach $160 in April?,4,abs_net_flow_usdc,all,all,0.9,129,77,52,-1,0.5454545454545454,0.4423076923076923,0.0005052793360133738,0.00033729128003525565,0.5454545454545454,0.4423076923076923,0.017414712335273683,-0.00393369035099431,nan,True,0.5,0.0024979239975967114,-0.0021606327175614556,-0.006160632717561456,2,1.0,1.0,1.68,REJECTED,insufficient_unique_flow_hours,duplicate_segment_competition;low_sample_warning
450,SOL,1823881,will-solana-reach-160-in-april-2026,2239666445220242421622333852346062404205114740031545382107437837927896782621,Will Solana reach $160 in April?,4,unique_active_wallets,all,all,0.9,129,77,52,-1,0.5454545454545454,0.4423076923076923,0.0005052793360133738,0.00033729128003525565,0.5454545454545454,0.4423076923076923,nan,nan,nan,True,0.5,0.0024979239975967114,-0.0021606327175614556,-0.006160632717561456,2,1.0,1.0,1.68,REJECTED,insufficient_unique_flow_hours,duplicate_segment_competition;low_sample_warning
451,SOL,1823881,will-solana-reach-160-in-april-2026,2239666445220242421622333852346062404205114740031545382107437837927896782621,Will Solana reach $160 in April?,4,large_trade_count,all,all,0.8,129,77,52,-1,0.5454545454545454,0.4423076923076923,0.0005052793360133738,0.00033729128003525565,0.5454545454545454,0.4423076923076923,-0.017414712335273683,0.00393369035099431,nan,True,0.5,0.0024979239975967114,-0.0021606327175614556,-0.006160632717561456,2,1.0,1.0,1.6600000000000001,REJECTED,insufficient_unique_flow_hours,duplicate_segment_competition;low_sample_warning
452,SOL,1823881,will-solana-reach-160-in-april-2026,2239666445220242421622333852346062404205114740031545382107437837927896782621,Will Solana reach $160 in April?,1,net_flow_usdc,all,all,1.0,132,79,53,-1,0.5189873417721519,0.5283018867924528,0.0001955788482282175,-0.00030228444128419776,0.5189873417721519,0.5283018867924528,-0.0034794858375614265,0.01694897094371096,nan,False,0.0,0.0019176305034064502,-0.002219914944690648,-0.006219914944690649,2,1.0,1.0,1.2566037735849056,REJECTED,insufficient_unique_flow_hours,duplicate_segment_competition;low_sample_warning;unstable_train_test_warning
453,SOL,1823881,will-solana-reach-160-in-april-2026,2239666445220242421622333852346062404205114740031545382107437837927896782621,Will Solana reach $160 in April?,1,whale_flow_score,all,all,0.8,132,79,53,-1,0.5189873417721519,0.5283018867924528,0.0001955788482282175,-0.00030228444128419776,0.5189873417721519,0.5283018867924528,-0.003479485837561427,0.01694897094371096,nan,False,0.0,0.0019176305034064502,-0.002219914944690648,-0.006219914944690649,2,1.0,1.0,1.2166037735849056,REJECTED,insufficient_unique_flow_hours,duplicate_segment_competition;low_sample_warning;unstable_train_test_warning
454,ETH,701552,will-ethereum-dip-to-1500-by-december-31-2026,101639751789549589765350117072740510018809594718571111931328241076831078702528,"Will Ethereum dip to $1,500 by December 31, 2026?",4,sell_volume_usdc,all,all,1.0,39,23,16,1,0.4782608695652174,0.25,6.665494469834166e-05,-0.0009537463556895003,0.4782608695652174,0.25,nan,nan,nan,False,0.0,0.0013913137343357872,-0.0023450600900252875,-0.006345060090025287,1,1.0,1.0,0.5900000000000001,REJECTED,insufficient_unique_flow_hours,duplicate_segment_competition;low_sample_warning;unstable_train_test_warning
455,SOL,1823881,will-solana-reach-160-in-april-2026,2239666445220242421622333852346062404205114740031545382107437837927896782621,Will Solana reach $160 in April?,4,buy_volume_usdc,all,all,1.0,63,37,26,-1,0.5945945945945946,0.46153846153846156,0.0009916736945575762,-0.00020098393650762065,0.5945945945945946,0.46153846153846156,nan,nan,nan,False,0.0,0.0024979239975967114,-0.002698907934104332,-0.0066989079341043326,1,1.0,1.0,0.8300000000000001,REJECTED,insufficient_unique_flow_hours,duplicate_segment_competition;low_sample_warning;unstable_train_test_warning
456,SOL,1823881,will-solana-reach-160-in-april-2026,2239666445220242421622333852346062404205114740031545382107437837927896782621,Will Solana reach $160 in April?,24,buy_volume_usdc,all,all,1.0,63,37,26,1,0.5405405405405406,0.5769230769230769,0.000207804353616524,-6.253910070842555e-05,0.5405405405405406,0.5769230769230769,nan,nan,nan,False,0.0,0.002685547515815259,-0.0027480866165236844,-0.006748086616523685,1,1.0,1.0,0.9838461538461538,REJECTED,insufficient_unique_flow_hours,duplicate_segment_competition;low_sample_warning;unstable_train_test_warning
457,SOL,1823881,will-solana-reach-160-in-april-2026,2239666445220242421622333852346062404205114740031545382107437837927896782621,Will Solana reach $160 in April?,4,net_flow_usdc,all,all,1.0,129,77,52,-1,0.5194805194805194,0.5192307692307693,0.00031202830942642323,-0.00033729128003525565,0.5194805194805194,0.5192307692307693,-0.017414712335273683,0.00393369035099431,nan,False,0.0,0.0024979239975967114,-0.002835215277631967,-0.006835215277631967,2,1.0,1.0,1.2384615384615385,REJECTED,insufficient_unique_flow_hours,duplicate_segment_competition;low_sample_warning;unstable_train_test_warning
458,SOL,1823881,will-solana-reach-160-in-april-2026,2239666445220242421622333852346062404205114740031545382107437837927896782621,Will Solana reach $160 in April?,4,whale_flow_score,all,all,0.8,129,77,52,-1,0.5194805194805194,0.5192307692307693,0.00031202830942642323,-0.00033729128003525565,0.5194805194805194,0.5192307692307693,-0.017414712335273683,0.00393369035099431,nan,False,0.0,0.0024979239975967114,-0.002835215277631967,-0.006835215277631967,2,1.0,1.0,1.1984615384615385,REJECTED,insufficient_unique_flow_hours,duplicate_segment_competition;low_sample_warning;unstable_train_test_warning
459,SOL,1823881,will-solana-reach-160-in-april-2026,2239666445220242421622333852346062404205114740031545382107437837927896782621,Will Solana reach $160 in April?,1,sell_volume_usdc,all,all,1.0,69,41,28,-1,0.5121951219512195,0.5,0.00015500236055999422,-0.0010901189581980911,0.5121951219512195,0.5,nan,nan,nan,False,0.0,0.0019176305034064502,-0.0030077494616045416,-0.007007749461604542,1,1.0,1.0,0.8899999999999999,REJECTED,insufficient_unique_flow_hours,duplicate_segment_competition;low_sample_warning;unstable_train_test_warning
460,SOL,1823881,will-solana-reach-160-in-april-2026,2239666445220242421622333852346062404205114740031545382107437837927896782621,Will Solana reach $160 in April?,24,abs_net_flow_usdc,all,all,0.9,109,65,44,1,0.5538461538461539,0.5,0.0001592976560330097,-0.0005834999265479332,0.5538461538461539,0.5,-0.08094067392250748,0.1257361095464527,nan,False,0.0,0.002685547515815259,-0.0032690474423631923,-0.007269047442363192,2,1.0,1.0,1.18,REJECTED,insufficient_unique_flow_hours,duplicate_segment_competition;low_sample_warning;unstable_train_test_warning
461,SOL,1823881,will-solana-reach-160-in-april-2026,2239666445220242421622333852346062404205114740031545382107437837927896782621,Will Solana reach $160 in April?,24,unique_active_wallets,all,all,0.9,109,65,44,1,0.5538461538461539,0.5,0.0001592976560330097,-0.0005834999265479332,0.5538461538461539,0.5,nan,nan,nan,False,0.0,0.002685547515815259,-0.0032690474423631923,-0.007269047442363192,2,1.0,1.0,1.18,REJECTED,insufficient_unique_flow_hours,duplicate_segment_competition;low_sample_warning;unstable_train_test_warning
462,SOL,1823881,will-solana-reach-160-in-april-2026,2239666445220242421622333852346062404205114740031545382107437837927896782621,Will Solana reach $160 in April?,24,large_trade_count,all,all,0.8,109,65,44,1,0.5538461538461539,0.5,0.0001592976560330097,-0.0005834999265479332,0.5538461538461539,0.5,0.08094067392250748,-0.1257361095464527,nan,False,0.0,0.002685547515815259,-0.0032690474423631923,-0.007269047442363192,2,1.0,1.0,1.1600000000000001,REJECTED,insufficient_unique_flow_hours,duplicate_segment_competition;low_sample_warning;unstable_train_test_warning
463,SOL,1823881,will-solana-reach-160-in-april-2026,2239666445220242421622333852346062404205114740031545382107437837927896782621,Will Solana reach $160 in April?,4,sell_volume_usdc,all,all,1.0,66,39,27,-1,0.5128205128205128,0.48148148148148145,0.00015986836046906247,-0.0011560806349527528,0.5128205128205128,0.48148148148148145,nan,nan,nan,False,0.0,0.0024979239975967114,-0.003654004632549464,-0.007654004632549464,1,1.0,1.0,0.8600000000000001,REJECTED,insufficient_unique_flow_hours,duplicate_segment_competition;low_sample_warning;unstable_train_test_warning
464,SOL,1823881,will-solana-reach-160-in-april-2026,2239666445220242421622333852346062404205114740031545382107437837927896782621,Will Solana reach $160 in April?,24,sell_volume_usdc,all,all,1.0,46,27,19,-1,0.5185185185185185,0.47368421052631576,0.0007205129969048464,-0.002149276026725611,0.5185185185185185,0.47368421052631576,nan,nan,nan,False,0.0,0.002685547515815259,-0.00483482354254087,-0.00883482354254087,1,1.0,1.0,0.66,REJECTED,insufficient_unique_flow_hours,duplicate_segment_competition;low_sample_warning;unstable_train_test_warning
