rank,asset,market_id,market_slug,token_id,question,rule_family,horizon_hours,learned_direction,train_accuracy,test_accuracy,train_average_forward_return,test_average_forward_return,stability,train_samples,test_samples,simplicity,score,grade,filter_reason
1,XRP,1823902,will-xrp-reach-2-in-april-2026,67556301124097607260152199396403959080839673893054926374870558197278260784915,Will XRP reach $2.00 in April?,polymarket_leads_crypto_momentum,24,-1,0.5304347826086957,0.7575757575757576,0.00025797860760158,0.0010073192889121262,1.0,115,33,0.9,4.6860349591942425,WATCHLIST,passed
2,BTC,701495,will-bitcoin-reach-110000-by-december-31-2026-658-339-969,74843373582432484858627201602003648342208168490128239235522790524493414154441,"Will Bitcoin reach $110,000 by December 31, 2026?",probability_momentum_continuation,24,1,0.5323383084577115,0.5859375,0.00013900129830415273,0.0005095333951741308,1.0,201,128,1.0,4.644703339517413,WATCHLIST,passed
3,BTC,701495,will-bitcoin-reach-110000-by-december-31-2026-658-339-969,74843373582432484858627201602003648342208168490128239235522790524493414154441,"Will Bitcoin reach $110,000 by December 31, 2026?",probability_reversal,24,-1,0.5323383084577115,0.5859375,0.00013900129830415273,0.0005095333951741308,1.0,201,128,1.0,4.644703339517413,WATCHLIST,passed
4,BTC,701495,will-bitcoin-reach-110000-by-december-31-2026-658-339-969,74843373582432484858627201602003648342208168490128239235522790524493414154441,"Will Bitcoin reach $110,000 by December 31, 2026?",probability_momentum_continuation,4,-1,0.5472636815920398,0.5755395683453237,0.00034631610749019095,0.0004906306633018404,1.0,201,139,1.0,4.601221339711479,WATCHLIST,passed
5,BTC,701495,will-bitcoin-reach-110000-by-december-31-2026-658-339-969,74843373582432484858627201602003648342208168490128239235522790524493414154441,"Will Bitcoin reach $110,000 by December 31, 2026?",probability_reversal,4,1,0.5472636815920398,0.5755395683453237,0.00034631610749019095,0.0004906306633018404,1.0,201,139,1.0,4.601221339711479,WATCHLIST,passed
6,BTC,1823779,will-bitcoin-dip-to-65k-in-april-2026-355-765,91891168804884935930999247357727984305771756132991676079520973027739343180431,"Will Bitcoin dip to $65,000 in April?",probability_momentum_continuation,24,-1,0.5372549019607843,0.5668789808917197,0.0002985689559444562,0.00021666739518392143,1.0,255,157,1.0,4.5391826630852705,WATCHLIST,passed
7,BTC,1823779,will-bitcoin-dip-to-65k-in-april-2026-355-765,91891168804884935930999247357727984305771756132991676079520973027739343180431,"Will Bitcoin dip to $65,000 in April?",probability_reversal,24,1,0.5372549019607843,0.5668789808917197,0.0002985689559444562,0.00021666739518392143,1.0,255,157,1.0,4.5391826630852705,WATCHLIST,passed
8,ETH,556062,megaeth-market-cap-fdv-2b-one-day-after-launch-738-867-649-272-765-733,57301498276970257025109591078431189727442302532145853906375186182281603517458,MegaETH market cap (FDV) >$2B one day after launch?,probability_momentum_continuation,24,-1,0.5737704918032787,0.5806451612903226,0.00014568489358527442,0.00030439225899957576,1.0,122,93,1.0,4.533019871061248,WATCHLIST,passed
9,ETH,556062,megaeth-market-cap-fdv-2b-one-day-after-launch-738-867-649-272-765-733,57301498276970257025109591078431189727442302532145853906375186182281603517458,MegaETH market cap (FDV) >$2B one day after launch?,probability_reversal,24,1,0.5737704918032787,0.5806451612903226,0.00014568489358527442,0.00030439225899957576,1.0,122,93,1.0,4.533019871061248,WATCHLIST,passed
10,BTC,701495,will-bitcoin-reach-110000-by-december-31-2026-658-339-969,74843373582432484858627201602003648342208168490128239235522790524493414154441,"Will Bitcoin reach $110,000 by December 31, 2026?",probability_momentum_continuation,1,-1,0.5472636815920398,0.5539568345323741,0.0004741484641695565,0.0006689389329314231,1.0,201,139,1.0,4.532721231422639,WATCHLIST,passed
11,BTC,701495,will-bitcoin-reach-110000-by-december-31-2026-658-339-969,74843373582432484858627201602003648342208168490128239235522790524493414154441,"Will Bitcoin reach $110,000 by December 31, 2026?",probability_reversal,1,1,0.5472636815920398,0.5539568345323741,0.0004741484641695565,0.0006689389329314231,1.0,201,139,1.0,4.532721231422639,WATCHLIST,passed
12,BTC,1339767,will-bitcoin-dip-to-50000-by-december-31-2026-454-325-222-878-949-487-451,13887983551129862992605123088744175927084435631400400451585519366058907542147,"Will Bitcoin dip to $50,000 by December 31, 2026?",probability_momentum_continuation,1,1,0.5189393939393939,0.5632911392405063,0.0002913214996934325,0.0002569302661345495,1.0,264,158,1.0,4.52885758357548,WATCHLIST,passed
13,BTC,1339767,will-bitcoin-dip-to-50000-by-december-31-2026-454-325-222-878-949-487-451,13887983551129862992605123088744175927084435631400400451585519366058907542147,"Will Bitcoin dip to $50,000 by December 31, 2026?",probability_reversal,1,-1,0.5189393939393939,0.5632911392405063,0.0002913214996934325,0.0002569302661345495,1.0,264,158,1.0,4.52885758357548,WATCHLIST,passed
14,SOL,1823881,will-solana-reach-160-in-april-2026,2239666445220242421622333852346062404205114740031545382107437837927896782621,Will Solana reach $160 in April?,divergence_mean_reversion,4,-1,0.5525291828793775,0.5636363636363636,0.000626187615086137,0.0005902626631771467,1.0,257,165,0.8,4.51357172086317,WATCHLIST,passed
15,ETH,1823799,will-ethereum-dip-to-2000-in-april-2026,115443844896518160070261607488184121309794437412699113546532889479676113001808,"Will Ethereum dip to $2,000 in April?",probability_momentum_continuation,1,1,0.5056179775280899,0.5462184873949579,0.000282126226948404,0.0005075093681316211,1.0,178,119,1.0,4.485624886392994,WATCHLIST,passed
16,ETH,1823799,will-ethereum-dip-to-2000-in-april-2026,115443844896518160070261607488184121309794437412699113546532889479676113001808,"Will Ethereum dip to $2,000 in April?",probability_reversal,1,-1,0.5056179775280899,0.5462184873949579,0.000282126226948404,0.0005075093681316211,1.0,178,119,1.0,4.485624886392994,WATCHLIST,passed
17,ETH,1823795,will-ethereum-reach-2800-in-april-2026,103455081209713767851750094101142549597038869631663604903086082563273644697340,"Will Ethereum reach $2,800 in April?",polymarket_leads_crypto_momentum,1,-1,0.5358649789029536,0.553030303030303,0.00012781573131242022,0.0004520751900804023,1.0,237,132,0.9,4.482328731129252,WATCHLIST,passed
18,ETH,556062,megaeth-market-cap-fdv-2b-one-day-after-launch-738-867-649-272-765-733,57301498276970257025109591078431189727442302532145853906375186182281603517458,MegaETH market cap (FDV) >$2B one day after launch?,divergence_mean_reversion,1,-1,0.545045045045045,0.5655172413793104,0.0004054604781030596,0.00020256455336300407,1.0,222,145,0.8,4.482325420853543,WATCHLIST,passed
19,ETH,1373744,megaeth-market-cap-fdv-800m-one-day-after-launch-987-114-655,61268780060811317912125567165718241493378747385698282791855508063291413917546,MegaETH market cap (FDV) >$800M one day after launch?,divergence_mean_reversion,1,-1,0.5135135135135135,0.5666666666666667,9.879352615919378e-05,0.00015243121365569702,1.0,185,120,0.8,4.481909788032236,WATCHLIST,passed
20,SOL,1823881,will-solana-reach-160-in-april-2026,2239666445220242421622333852346062404205114740031545382107437837927896782621,Will Solana reach $160 in April?,divergence_mean_reversion,24,-1,0.5369649805447471,0.5655172413793104,6.656729793736733e-06,0.00017796986412939696,1.0,257,145,0.8,4.479865951930181,WATCHLIST,passed
21,BTC,1343220,will-bitcoin-dip-to-10000-by-december-31-2026-888-644-567-258-946-853,42439528758178981890895605039938161151582654744978607695897321288347422769852,"Will Bitcoin dip to $10,000 by December 31, 2026?",probability_momentum_continuation,1,-1,0.5132743362831859,0.5548387096774193,0.0004326219296511891,6.495423753170142e-05,1.0,226,155,1.0,4.475850262462847,WATCHLIST,passed
22,BTC,1343220,will-bitcoin-dip-to-10000-by-december-31-2026-888-644-567-258-946-853,42439528758178981890895605039938161151582654744978607695897321288347422769852,"Will Bitcoin dip to $10,000 by December 31, 2026?",probability_reversal,1,1,0.5132743362831859,0.5548387096774193,0.0004326219296511891,6.495423753170142e-05,1.0,226,155,1.0,4.475850262462847,WATCHLIST,passed
23,ETH,1823794,will-ethereum-reach-3000-in-april-2026,98694887273478515891138203442549017191281454470497426834485838288268569808164,"Will Ethereum reach $3,000 in April?",divergence_mean_reversion,4,-1,0.5371900826446281,0.5576923076923077,0.0003323299081784375,0.00040366200834320715,1.0,242,156,0.8,4.471135431603552,WATCHLIST,passed
24,ETH,1823800,will-ethereum-dip-to-1800-in-april-2026,88623813947148129759226599572615258910454701043061032464667581751883927272067,"Will Ethereum dip to $1,800 in April?",divergence_mean_reversion,4,-1,0.4720496894409938,0.5490196078431373,3.4867555219117303e-06,0.0005942198931495854,1.0,161,102,0.8,4.455500420687508,WATCHLIST,passed
25,BTC,1345530,will-bitcoin-reach-80000-by-december-31-2026-195-842-488-785,57919935471407397521237084573781793510659396827525482575585173092467716045100,"Will Bitcoin reach $80,000 by December 31, 2026?",divergence_mean_reversion,24,-1,0.4605263157894737,0.5589519650655022,0.00018076266712499446,0.00019618066396370735,1.0,380,229,0.8,4.455425926658379,WATCHLIST,passed
26,ETH,1373744,megaeth-market-cap-fdv-800m-one-day-after-launch-987-114-655,61268780060811317912125567165718241493378747385698282791855508063291413917546,MegaETH market cap (FDV) >$800M one day after launch?,divergence_mean_reversion,24,-1,0.42702702702702705,0.5567010309278351,6.433792566336617e-05,0.0005744428247370121,1.0,185,97,0.8,4.454248406185042,WATCHLIST,passed
27,ETH,1823794,will-ethereum-reach-3000-in-april-2026,98694887273478515891138203442549017191281454470497426834485838288268569808164,"Will Ethereum reach $3,000 in April?",probability_momentum_continuation,24,-1,0.5,0.5802469135802469,0.00010513261633606284,0.000474367070304645,1.0,220,81,1.0,4.4284243613514525,WATCHLIST,passed
28,ETH,1823794,will-ethereum-reach-3000-in-april-2026,98694887273478515891138203442549017191281454470497426834485838288268569808164,"Will Ethereum reach $3,000 in April?",probability_reversal,24,1,0.5,0.5802469135802469,0.00010513261633606284,0.000474367070304645,1.0,220,81,1.0,4.4284243613514525,WATCHLIST,passed
29,BTC,1823776,will-bitcoin-reach-80k-in-april-2026-794,22893138393795740138249503228269517733051888602506683062209713465144747482167,"Will Bitcoin reach $80,000 in April?",probability_momentum_continuation,4,-1,0.5265017667844523,0.5402843601895735,0.00014121349155432313,0.00015603765203476842,1.0,283,211,1.0,4.426741205961771,WATCHLIST,passed
30,BTC,1823776,will-bitcoin-reach-80k-in-april-2026-794,22893138393795740138249503228269517733051888602506683062209713465144747482167,"Will Bitcoin reach $80,000 in April?",probability_reversal,4,1,0.5265017667844523,0.5402843601895735,0.00014121349155432313,0.00015603765203476842,1.0,283,211,1.0,4.426741205961771,WATCHLIST,passed
31,ETH,1823800,will-ethereum-dip-to-1800-in-april-2026,88623813947148129759226599572615258910454701043061032464667581751883927272067,"Will Ethereum dip to $1,800 in April?",divergence_mean_reversion,1,-1,0.5900621118012422,0.5523809523809524,0.00043266444466309435,0.00013338787227557526,1.0,161,105,0.8,4.422862596751368,WATCHLIST,passed
32,ETH,1823799,will-ethereum-dip-to-2000-in-april-2026,115443844896518160070261607488184121309794437412699113546532889479676113001808,"Will Ethereum dip to $2,000 in April?",probability_momentum_continuation,24,-1,0.5337078651685393,0.5473684210526316,0.0003446839185099704,0.00033146916872424674,1.0,178,95,1.0,4.422620601082951,WATCHLIST,passed
33,ETH,1823799,will-ethereum-dip-to-2000-in-april-2026,115443844896518160070261607488184121309794437412699113546532889479676113001808,"Will Ethereum dip to $2,000 in April?",probability_reversal,24,1,0.5337078651685393,0.5473684210526316,0.0003446839185099704,0.00033146916872424674,1.0,178,95,1.0,4.422620601082951,WATCHLIST,passed
34,BTC,948957,bitcoin-all-time-high-by-september-30-2026,50388900663189748675936681554126016850520413670342348778716337126803310768728,"Bitcoin all time high by September 30, 2026?",divergence_mean_reversion,4,-1,0.5737704918032787,0.5508474576271186,0.00033481387072609745,0.00017146925862127183,1.0,183,118,0.8,4.420536756370602,WATCHLIST,passed
35,ETH,1299187,megaeth-market-cap-fdv-1pt5b-one-day-after-launch-371-844-879-681,59361386662140736273790755583050126642583489495616165418126619457111736694733,MegaETH market cap (FDV) >$1.5B one day after launch?,divergence_mean_reversion,24,1,0.5234159779614325,0.5483870967741935,0.0001628069722022962,0.00022828764339506276,1.0,363,217,0.8,4.41637715143628,WATCHLIST,passed
36,BTC,701495,will-bitcoin-reach-110000-by-december-31-2026-658-339-969,74843373582432484858627201602003648342208168490128239235522790524493414154441,"Will Bitcoin reach $110,000 by December 31, 2026?",divergence_mean_reversion,4,-1,0.49853372434017595,0.5426008968609866,6.58413948309197e-05,0.0001724909211339463,1.0,341,223,0.8,4.387652679557341,WATCHLIST,passed
37,BTC,1823779,will-bitcoin-dip-to-65k-in-april-2026-355-765,91891168804884935930999247357727984305771756132991676079520973027739343180431,"Will Bitcoin dip to $65,000 in April?",divergence_mean_reversion,24,1,0.5286195286195287,0.5402298850574713,2.3391311366013942e-05,0.0001694153382813133,1.0,297,174,0.8,4.377861074058017,WATCHLIST,passed
38,BTC,1343220,will-bitcoin-dip-to-10000-by-december-31-2026-888-644-567-258-946-853,42439528758178981890895605039938161151582654744978607695897321288347422769852,"Will Bitcoin dip to $10,000 by December 31, 2026?",polymarket_leads_crypto_momentum,1,-1,0.49,0.5945945945945946,0.000659727480140167,0.0002048789190216156,1.0,100,74,0.9,4.36386627028054,WATCHLIST,passed
39,XRP,1823900,will-xrp-reach-2pt4-in-april-2026,6907787482165930535735013797025597365762483807798181321474369791814479389352,Will XRP reach $2.40 in April?,probability_momentum_continuation,1,1,0.5032679738562091,0.5487804878048781,0.0001287717908730531,0.0006220860661499414,1.0,153,82,1.0,4.3273305578345065,WATCHLIST,passed
40,XRP,1823900,will-xrp-reach-2pt4-in-april-2026,6907787482165930535735013797025597365762483807798181321474369791814479389352,Will XRP reach $2.40 in April?,probability_reversal,1,-1,0.5032679738562091,0.5487804878048781,0.0001287717908730531,0.0006220860661499414,1.0,153,82,1.0,4.3273305578345065,WATCHLIST,passed
41,XRP,1823902,will-xrp-reach-2-in-april-2026,67556301124097607260152199396403959080839673893054926374870558197278260784915,Will XRP reach $2.00 in April?,divergence_mean_reversion,24,-1,0.4879518072289157,0.5581395348837209,3.692389345348605e-05,0.0002789000650426185,1.0,166,86,0.8,4.320448146039146,WATCHLIST,passed
42,XRP,1823900,will-xrp-reach-2pt4-in-april-2026,6907787482165930535735013797025597365762483807798181321474369791814479389352,Will XRP reach $2.40 in April?,probability_momentum_continuation,4,1,0.5490196078431373,0.5432098765432098,0.0005846313899501227,0.00029258502488457963,1.0,153,81,1.0,4.262098008661297,WATCHLIST,passed
43,XRP,1823900,will-xrp-reach-2pt4-in-april-2026,6907787482165930535735013797025597365762483807798181321474369791814479389352,Will XRP reach $2.40 in April?,probability_reversal,4,-1,0.5490196078431373,0.5432098765432098,0.0005846313899501227,0.00029258502488457963,1.0,153,81,1.0,4.262098008661297,WATCHLIST,passed
44,BTC,1343220,will-bitcoin-dip-to-10000-by-december-31-2026-888-644-567-258-946-853,42439528758178981890895605039938161151582654744978607695897321288347422769852,"Will Bitcoin dip to $10,000 by December 31, 2026?",polymarket_leads_crypto_momentum,4,-1,0.49,0.5616438356164384,0.0005604635870467643,0.0004333077979025524,1.0,100,73,0.9,4.244906122256008,WATCHLIST,passed
45,ETH,1823796,will-ethereum-reach-2600-in-april-2026,50308948122998050994686144925841639946050360545921215447281194779092729393480,"Will Ethereum reach $2,600 in April?",divergence_mean_reversion,24,-1,0.5220125786163522,0.5432098765432098,0.00046947622470323944,0.00029446184388742596,1.0,159,81,0.8,4.212285690561582,WATCHLIST,passed
46,ETH,1373744,megaeth-market-cap-fdv-800m-one-day-after-launch-987-114-655,61268780060811317912125567165718241493378747385698282791855508063291413917546,MegaETH market cap (FDV) >$800M one day after launch?,probability_momentum_continuation,1,1,0.46496815286624205,0.5573770491803278,9.099001660262504e-05,0.0003681260450440827,1.0,157,61,1.0,4.126320801225719,WATCHLIST,passed
47,ETH,1373744,megaeth-market-cap-fdv-800m-one-day-after-launch-987-114-655,61268780060811317912125567165718241493378747385698282791855508063291413917546,MegaETH market cap (FDV) >$800M one day after launch?,probability_reversal,1,-1,0.46496815286624205,0.5573770491803278,9.099001660262504e-05,0.0003681260450440827,1.0,157,61,1.0,4.126320801225719,WATCHLIST,passed
48,BTC,701495,will-bitcoin-reach-110000-by-december-31-2026-658-339-969,74843373582432484858627201602003648342208168490128239235522790524493414154441,"Will Bitcoin reach $110,000 by December 31, 2026?",polymarket_leads_crypto_momentum,24,1,0.5145631067961165,0.5882352941176471,2.980160124110389e-05,0.00032255031132257325,1.0,103,51,0.9,4.120196207602845,WATCHLIST,passed
49,BTC,701494,will-bitcoin-reach-120000-by-december-31-2026-625-425-562,65965214225073605704712365855887384729237451947822407248598722221769498441791,"Will Bitcoin reach $120,000 by December 31, 2026?",probability_momentum_continuation,4,-1,0.4881889763779528,0.6052631578947368,0.0004481423970570149,0.0006212220514899252,1.0,127,38,1.0,4.113174836727939,WATCHLIST,passed
50,BTC,701494,will-bitcoin-reach-120000-by-december-31-2026-625-425-562,65965214225073605704712365855887384729237451947822407248598722221769498441791,"Will Bitcoin reach $120,000 by December 31, 2026?",probability_reversal,4,1,0.4881889763779528,0.6052631578947368,0.0004481423970570149,0.0006212220514899252,1.0,127,38,1.0,4.113174836727939,WATCHLIST,passed
51,ETH,701552,will-ethereum-dip-to-1500-by-december-31-2026,101639751789549589765350117072740510018809594718571111931328241076831078702528,"Will Ethereum dip to $1,500 by December 31, 2026?",polymarket_leads_crypto_momentum,1,1,0.5428571428571428,0.5952380952380952,0.0005250185512064928,0.00012948333161057283,1.0,70,42,0.9,4.038900714113438,WATCHLIST,passed
52,BTC,665258,will-china-unban-bitcoin-by-2027,91810646921497227084241579668235102205462718984593674693010693975258849328842,Will China unban Bitcoin by 2027?,polymarket_leads_crypto_momentum,4,1,0.547945205479452,0.6,6.105835044295636e-05,0.00020209614237787704,1.0,73,35,0.9,3.9952096142377878,WATCHLIST,passed
53,BTC,701491,will-bitcoin-reach-150000-by-december-31-2026-557-246-971,9408196828451163378822245032645030045707991112669125056198742225498158094445,"Will Bitcoin reach $150,000 by December 31, 2026?",probability_momentum_continuation,1,-1,0.5301204819277109,0.5652173913043478,0.00013425831812915784,0.00010522419827503011,1.0,83,46,1.0,3.981391985044894,WATCHLIST,passed
54,BTC,701491,will-bitcoin-reach-150000-by-december-31-2026-557-246-971,9408196828451163378822245032645030045707991112669125056198742225498158094445,"Will Bitcoin reach $150,000 by December 31, 2026?",probability_reversal,1,1,0.5301204819277109,0.5652173913043478,0.00013425831812915784,0.00010522419827503011,1.0,83,46,1.0,3.981391985044894,WATCHLIST,passed
55,ETH,1823794,will-ethereum-reach-3000-in-april-2026,98694887273478515891138203442549017191281454470497426834485838288268569808164,"Will Ethereum reach $3,000 in April?",polymarket_leads_crypto_momentum,24,-1,0.47928994082840237,0.5609756097560976,0.00024542239919672897,0.00013068510444910492,1.0,169,41,0.9,3.891970949469301,WATCHLIST,passed
56,ETH,1373744,megaeth-market-cap-fdv-800m-one-day-after-launch-987-114-655,61268780060811317912125567165718241493378747385698282791855508063291413917546,MegaETH market cap (FDV) >$800M one day after launch?,polymarket_leads_crypto_momentum,4,-1,0.49514563106796117,0.5757575757575758,0.00013692736366653069,0.00029948808854871804,1.0,103,33,0.9,3.887979111885175,WATCHLIST,passed
57,XRP,1823900,will-xrp-reach-2pt4-in-april-2026,6907787482165930535735013797025597365762483807798181321474369791814479389352,Will XRP reach $2.40 in April?,polymarket_leads_crypto_momentum,4,1,0.5070422535211268,0.5625,0.0004337406365460476,0.000300380955287009,1.0,71,32,0.9,3.8250380955287007,WATCHLIST,passed
58,ETH,556062,megaeth-market-cap-fdv-2b-one-day-after-launch-738-867-649-272-765-733,57301498276970257025109591078431189727442302532145853906375186182281603517458,MegaETH market cap (FDV) >$2B one day after launch?,probability_momentum_continuation,4,-1,0.5901639344262295,0.5370370370370371,0.0007426127500196047,0.000444294455705005,1.0,122,108,1.0,3.442577593718649,WEAK,passed
59,ETH,556062,megaeth-market-cap-fdv-2b-one-day-after-launch-738-867-649-272-765-733,57301498276970257025109591078431189727442302532145853906375186182281603517458,MegaETH market cap (FDV) >$2B one day after launch?,probability_reversal,4,1,0.5901639344262295,0.5370370370370371,0.0007426127500196047,0.000444294455705005,1.0,122,108,1.0,3.442577593718649,WEAK,passed
60,ETH,701552,will-ethereum-dip-to-1500-by-december-31-2026,101639751789549589765350117072740510018809594718571111931328241076831078702528,"Will Ethereum dip to $1,500 by December 31, 2026?",divergence_mean_reversion,24,-1,0.5140562248995983,0.5357142857142857,0.00012801100238170657,0.0009042748739530182,1.0,249,140,0.8,3.433284630252445,WEAK,passed
61,ETH,1823795,will-ethereum-reach-2800-in-april-2026,103455081209713767851750094101142549597038869631663604903086082563273644697340,"Will Ethereum reach $2,800 in April?",divergence_mean_reversion,24,-1,0.5434782608695652,0.5396825396825397,0.0003067138006305555,0.0006659455130811789,1.0,322,189,0.8,3.425324710038277,WEAK,passed
62,ETH,701552,will-ethereum-dip-to-1500-by-december-31-2026,101639751789549589765350117072740510018809594718571111931328241076831078702528,"Will Ethereum dip to $1,500 by December 31, 2026?",divergence_mean_reversion,4,-1,0.4859437751004016,0.5375,0.00012875834236552255,0.0007082175612424409,1.0,249,160,0.8,3.420821756124244,WEAK,passed
63,BTC,665258,will-china-unban-bitcoin-by-2027,91810646921497227084241579668235102205462718984593674693010693975258849328842,Will China unban Bitcoin by 2027?,probability_momentum_continuation,24,-1,0.4764705882352941,0.5247524752475248,0.00015681831557410857,0.0005903465367321652,1.0,170,101,1.0,3.4080445546633156,WEAK,passed
64,BTC,665258,will-china-unban-bitcoin-by-2027,91810646921497227084241579668235102205462718984593674693010693975258849328842,Will China unban Bitcoin by 2027?,probability_reversal,24,1,0.4764705882352941,0.5247524752475248,0.00015681831557410857,0.0005903465367321652,1.0,170,101,1.0,3.4080445546633156,WEAK,passed
65,ETH,1373744,megaeth-market-cap-fdv-800m-one-day-after-launch-987-114-655,61268780060811317912125567165718241493378747385698282791855508063291413917546,MegaETH market cap (FDV) >$800M one day after launch?,divergence_mean_reversion,4,-1,0.5027027027027027,0.5299145299145299,0.0004825894918181102,0.0006784838382443638,1.0,185,117,0.8,3.387506503482556,WEAK,passed
66,BTC,701504,will-bitcoin-dip-to-25000-by-december-31-2026-948-243-253-666-115-787-981-282-573-719-186-417-762-754-486-851-278-145,58908160299895538838177673280060816284346493901538403975218911918392404378292,"Will Bitcoin dip to $25,000 by December 31, 2026?",divergence_mean_reversion,4,-1,0.5169230769230769,0.5377358490566038,9.676662283056104e-05,0.0003278478032419223,1.0,325,212,0.8,3.3837281765506075,WEAK,passed
67,ETH,701552,will-ethereum-dip-to-1500-by-december-31-2026,101639751789549589765350117072740510018809594718571111931328241076831078702528,"Will Ethereum dip to $1,500 by December 31, 2026?",divergence_mean_reversion,1,-1,0.5261044176706827,0.5398773006134969,0.0004470652434605425,9.866225597567536e-05,1.0,249,163,0.8,3.3693754280515553,WEAK,passed
68,BTC,1343220,will-bitcoin-dip-to-10000-by-december-31-2026-888-644-567-258-946-853,42439528758178981890895605039938161151582654744978607695897321288347422769852,"Will Bitcoin dip to $10,000 by December 31, 2026?",probability_momentum_continuation,4,-1,0.504424778761062,0.5197368421052632,0.0003629139425949863,0.00028001535781838093,1.0,226,152,1.0,3.356948904202891,WEAK,passed
69,BTC,1343220,will-bitcoin-dip-to-10000-by-december-31-2026-888-644-567-258-946-853,42439528758178981890895605039938161151582654744978607695897321288347422769852,"Will Bitcoin dip to $10,000 by December 31, 2026?",probability_reversal,4,1,0.504424778761062,0.5197368421052632,0.0003629139425949863,0.00028001535781838093,1.0,226,152,1.0,3.356948904202891,WEAK,passed
70,ETH,1823799,will-ethereum-dip-to-2000-in-april-2026,115443844896518160070261607488184121309794437412699113546532889479676113001808,"Will Ethereum dip to $2,000 in April?",polymarket_leads_crypto_momentum,4,1,0.5060975609756098,0.5145631067961165,6.772204799143454e-05,0.0007119651218716023,1.0,164,103,0.9,3.3544489393716264,WEAK,passed
71,BTC,701492,will-bitcoin-reach-140000-by-december-31-2026-131-829-299,71296910957902084356560391757722633648005498400799774895345285101862220728868,"Will Bitcoin reach $140,000 by December 31, 2026?",divergence_mean_reversion,4,-1,0.5023255813953489,0.5362318840579711,0.00016688935606727525,6.0489320130127054e-05,1.0,215,138,0.8,3.3509764682448973,WEAK,passed
72,ETH,1299187,megaeth-market-cap-fdv-1pt5b-one-day-after-launch-371-844-879-681,59361386662140736273790755583050126642583489495616165418126619457111736694733,MegaETH market cap (FDV) >$1.5B one day after launch?,probability_momentum_continuation,1,1,0.48,0.5224719101123596,1.218383887777238e-05,8.003395578279798e-05,1.0,150,178,1.0,3.3478910360277183,WEAK,passed
73,ETH,1299187,megaeth-market-cap-fdv-1pt5b-one-day-after-launch-371-844-879-681,59361386662140736273790755583050126642583489495616165418126619457111736694733,MegaETH market cap (FDV) >$1.5B one day after launch?,probability_reversal,1,-1,0.48,0.5224719101123596,1.218383887777238e-05,8.003395578279798e-05,1.0,150,178,1.0,3.3478910360277183,WEAK,passed
74,BTC,1823776,will-bitcoin-reach-80k-in-april-2026-794,22893138393795740138249503228269517733051888602506683062209713465144747482167,"Will Bitcoin reach $80,000 in April?",polymarket_leads_crypto_momentum,4,-1,0.5213270142180095,0.5257731958762887,0.00011732809359987404,0.00017469774428479978,1.0,211,194,0.9,3.345562557933635,WEAK,passed
75,BTC,1339767,will-bitcoin-dip-to-50000-by-december-31-2026-454-325-222-878-949-487-451,13887983551129862992605123088744175927084435631400400451585519366058907542147,"Will Bitcoin dip to $50,000 by December 31, 2026?",divergence_mean_reversion,4,-1,0.5411764705882353,0.5315315315315315,0.0004729383990410179,0.00019311442287760629,1.0,340,222,0.8,3.345437568413887,WEAK,passed
76,ETH,701552,will-ethereum-dip-to-1500-by-december-31-2026,101639751789549589765350117072740510018809594718571111931328241076831078702528,"Will Ethereum dip to $1,500 by December 31, 2026?",probability_momentum_continuation,1,1,0.5263157894736842,0.51,0.0003647785499393678,0.0005348498239920688,1.0,152,100,1.0,3.343484982399207,WEAK,passed
77,ETH,701552,will-ethereum-dip-to-1500-by-december-31-2026,101639751789549589765350117072740510018809594718571111931328241076831078702528,"Will Ethereum dip to $1,500 by December 31, 2026?",probability_reversal,1,-1,0.5263157894736842,0.51,0.0003647785499393678,0.0005348498239920688,1.0,152,100,1.0,3.343484982399207,WEAK,passed
78,BTC,1823786,will-bitcoin-dip-to-30k-in-april-2026-724-192,84771301702351303074871180279903621715509085776274806851229789863791098403148,"Will Bitcoin dip to $30,000 in April?",divergence_mean_reversion,4,-1,0.5617283950617284,0.5339805825242718,0.0005099193500853505,3.2420677691604614e-05,1.0,162,103,0.8,3.3391643978662477,WEAK,passed
79,BTC,1823776,will-bitcoin-reach-80k-in-april-2026-794,22893138393795740138249503228269517733051888602506683062209713465144747482167,"Will Bitcoin reach $80,000 in April?",divergence_mean_reversion,4,1,0.5486725663716814,0.5294117647058824,0.0003811301981454301,0.000205140306780198,1.0,339,221,0.8,3.3381610895015497,WEAK,passed
80,BTC,1339767,will-bitcoin-dip-to-50000-by-december-31-2026-454-325-222-878-949-487-451,13887983551129862992605123088744175927084435631400400451585519366058907542147,"Will Bitcoin dip to $50,000 by December 31, 2026?",divergence_mean_reversion,1,1,0.5117647058823529,0.5288888888888889,8.710120342367362e-05,0.00021301082579563182,1.0,340,225,0.8,3.336856638135119,WEAK,passed
81,BTC,701491,will-bitcoin-reach-150000-by-december-31-2026-557-246-971,9408196828451163378822245032645030045707991112669125056198742225498158094445,"Will Bitcoin reach $150,000 by December 31, 2026?",divergence_mean_reversion,24,-1,0.5355648535564853,0.5298507462686567,0.0002901429103025176,9.485497033190597e-05,1.0,239,134,0.8,3.3288884821078177,WEAK,passed
82,BTC,1823785,will-bitcoin-dip-to-35k-in-april-2026-269-515,55866919730905441060316639913713252112909337594136306040264616999652467664982,"Will Bitcoin dip to $35,000 in April?",divergence_mean_reversion,24,-1,0.5294117647058824,0.53,0.0003581431152781272,2.4313275113392895e-05,1.0,187,100,0.8,3.3224313275113397,WEAK,passed
83,BTC,665258,will-china-unban-bitcoin-by-2027,91810646921497227084241579668235102205462718984593674693010693975258849328842,Will China unban Bitcoin by 2027?,divergence_mean_reversion,4,-1,0.5415472779369628,0.5263157894736842,0.0003408657668713449,5.898830330892852e-05,1.0,349,228,0.8,3.3111619882256296,WEAK,passed
84,BTC,1823776,will-bitcoin-reach-80k-in-april-2026-794,22893138393795740138249503228269517733051888602506683062209713465144747482167,"Will Bitcoin reach $80,000 in April?",divergence_mean_reversion,24,-1,0.5486725663716814,0.5223880597014925,0.0005660634771958903,0.00018078094904075412,1.0,339,201,0.8,3.3076303337100454,WEAK,passed
85,ETH,1299187,megaeth-market-cap-fdv-1pt5b-one-day-after-launch-371-844-879-681,59361386662140736273790755583050126642583489495616165418126619457111736694733,MegaETH market cap (FDV) >$1.5B one day after launch?,polymarket_leads_crypto_momentum,4,-1,0.5303030303030303,0.5098039215686274,0.0005129665304784588,0.00033145925611960603,1.0,66,102,0.9,3.2973616118864704,WEAK,passed
86,ETH,1383662,will-megaeth-launch-a-token-by-june-30-2026-676-993-477,29601542826076048097538062468538667893425689293490219370577801090612691914945,"Will MegaETH launch a token by June 30, 2026?",divergence_mean_reversion,4,-1,0.5012406947890818,0.5171102661596958,5.713615245492967e-05,0.0002152378731204287,1.0,403,263,0.8,3.289964851950826,WEAK,passed
87,BTC,1343220,will-bitcoin-dip-to-10000-by-december-31-2026-888-644-567-258-946-853,42439528758178981890895605039938161151582654744978607695897321288347422769852,"Will Bitcoin dip to $10,000 by December 31, 2026?",divergence_mean_reversion,4,1,0.5048076923076923,0.5183823529411765,4.371275611024033e-05,0.0001250868966984357,1.0,416,272,0.8,3.28603810143455,WEAK,passed
88,ETH,1823799,will-ethereum-dip-to-2000-in-april-2026,115443844896518160070261607488184121309794437412699113546532889479676113001808,"Will Ethereum dip to $2,000 in April?",polymarket_leads_crypto_momentum,1,1,0.5792682926829268,0.5047619047619047,0.0007274989825486228,0.0003617690580166873,1.0,164,105,0.9,3.2802245248492876,WEAK,passed
89,BTC,1823779,will-bitcoin-dip-to-65k-in-april-2026-355-765,91891168804884935930999247357727984305771756132991676079520973027739343180431,"Will Bitcoin dip to $65,000 in April?",probability_momentum_continuation,4,1,0.5254901960784314,0.5057471264367817,0.00011291356504757569,5.496477655394138e-06,1.0,255,174,1.0,3.273538153512666,WEAK,passed
90,BTC,1823779,will-bitcoin-dip-to-65k-in-april-2026-355-765,91891168804884935930999247357727984305771756132991676079520973027739343180431,"Will Bitcoin dip to $65,000 in April?",probability_reversal,4,-1,0.5254901960784314,0.5057471264367817,0.00011291356504757569,5.496477655394138e-06,1.0,255,174,1.0,3.273538153512666,WEAK,passed
91,BTC,701494,will-bitcoin-reach-120000-by-december-31-2026-625-425-562,65965214225073605704712365855887384729237451947822407248598722221769498441791,"Will Bitcoin reach $120,000 by December 31, 2026?",divergence_mean_reversion,4,-1,0.5591397849462365,0.5166666666666667,0.0002117208495463021,2.8296683318056607e-06,1.0,186,120,0.8,3.2669496334998476,WEAK,passed
92,BTC,1823779,will-bitcoin-dip-to-65k-in-april-2026-355-765,91891168804884935930999247357727984305771756132991676079520973027739343180431,"Will Bitcoin dip to $65,000 in April?",divergence_mean_reversion,4,-1,0.5016835016835017,0.5154639175257731,3.4709229109686066e-05,3.450976428391052e-05,1.0,297,194,0.8,3.2653066465314837,WEAK,passed
93,XRP,1823900,will-xrp-reach-2pt4-in-april-2026,6907787482165930535735013797025597365762483807798181321474369791814479389352,Will XRP reach $2.40 in April?,divergence_mean_reversion,4,-1,0.47410358565737054,0.5093167701863354,1.774561480505328e-05,8.538454573906689e-05,1.0,251,161,0.8,3.2458055353192483,WEAK,passed
94,BTC,701504,will-bitcoin-dip-to-25000-by-december-31-2026-948-243-253-666-115-787-981-282-573-719-186-417-762-754-486-851-278-145,58908160299895538838177673280060816284346493901538403975218911918392404378292,"Will Bitcoin dip to $25,000 by December 31, 2026?",divergence_mean_reversion,1,-1,0.5476923076923077,0.5069767441860465,0.0001220502818267707,9.864032241626142e-05,1.0,325,215,0.8,3.2377710089858125,WEAK,passed
95,BTC,1823776,will-bitcoin-reach-80k-in-april-2026-794,22893138393795740138249503228269517733051888602506683062209713465144747482167,"Will Bitcoin reach $80,000 in April?",polymarket_leads_crypto_momentum,24,1,0.5308056872037915,0.5,0.00035154216247407737,8.636735226525114e-05,1.0,211,176,0.9,3.233636735226525,WEAK,passed
96,SOL,1823881,will-solana-reach-160-in-april-2026,2239666445220242421622333852346062404205114740031545382107437837927896782621,Will Solana reach $160 in April?,divergence_mean_reversion,1,1,0.4669260700389105,0.5059523809523809,5.805413408673662e-05,5.922205468895564e-05,1.0,257,168,0.8,3.2297317292784196,WEAK,passed
97,BTC,701495,will-bitcoin-reach-110000-by-december-31-2026-658-339-969,74843373582432484858627201602003648342208168490128239235522790524493414154441,"Will Bitcoin reach $110,000 by December 31, 2026?",divergence_mean_reversion,1,-1,0.5483870967741935,0.504424778761062,0.00024307616163399796,1.2592352031957862e-05,1.0,341,226,0.8,3.2189583502474437,WEAK,passed
98,SOL,1823881,will-solana-reach-160-in-april-2026,2239666445220242421622333852346062404205114740031545382107437837927896782621,Will Solana reach $160 in April?,probability_momentum_continuation,4,1,0.6,0.64,0.0008579973992632441,0.0014827996178136708,1.0,160,25,1.0,3.208279961781367,WEAK,passed
99,SOL,1823881,will-solana-reach-160-in-april-2026,2239666445220242421622333852346062404205114740031545382107437837927896782621,Will Solana reach $160 in April?,probability_reversal,4,-1,0.6,0.64,0.0008579973992632441,0.0014827996178136708,1.0,160,25,1.0,3.208279961781367,WEAK,passed
100,ETH,1823800,will-ethereum-dip-to-1800-in-april-2026,88623813947148129759226599572615258910454701043061032464667581751883927272067,"Will Ethereum dip to $1,800 in April?",probability_momentum_continuation,4,1,0.47651006711409394,0.5058823529411764,1.2199247402660573e-05,0.0005624061393885626,1.0,149,85,1.0,3.179770025703562,WEAK,passed
101,ETH,1823800,will-ethereum-dip-to-1800-in-april-2026,88623813947148129759226599572615258910454701043061032464667581751883927272067,"Will Ethereum dip to $1,800 in April?",probability_reversal,4,-1,0.47651006711409394,0.5058823529411764,1.2199247402660573e-05,0.0005624061393885626,1.0,149,85,1.0,3.179770025703562,WEAK,passed
102,ETH,1383662,will-megaeth-launch-a-token-by-june-30-2026-676-993-477,29601542826076048097538062468538667893425689293490219370577801090612691914945,"Will MegaETH launch a token by June 30, 2026?",polymarket_leads_crypto_momentum,24,1,0.5511811023622047,0.5,0.00032423517985800184,0.0007048043781044216,1.0,127,88,0.9,3.175480437810442,WEAK,passed
103,SOL,1823881,will-solana-reach-160-in-april-2026,2239666445220242421622333852346062404205114740031545382107437837927896782621,Will Solana reach $160 in April?,probability_momentum_continuation,24,-1,0.54375,0.64,0.00039785459219708824,0.0009644777133579004,1.0,160,25,1.0,3.15644777133579,WEAK,passed
104,SOL,1823881,will-solana-reach-160-in-april-2026,2239666445220242421622333852346062404205114740031545382107437837927896782621,Will Solana reach $160 in April?,probability_reversal,24,1,0.54375,0.64,0.00039785459219708824,0.0009644777133579004,1.0,160,25,1.0,3.15644777133579,WEAK,passed
105,XRP,1823902,will-xrp-reach-2-in-april-2026,67556301124097607260152199396403959080839673893054926374870558197278260784915,Will XRP reach $2.00 in April?,probability_momentum_continuation,4,-1,0.47468354430379744,0.5119047619047619,0.00042384182947220267,7.692543004577643e-05,1.0,158,84,1.0,3.145311590623625,WEAK,passed
106,XRP,1823902,will-xrp-reach-2-in-april-2026,67556301124097607260152199396403959080839673893054926374870558197278260784915,Will XRP reach $2.00 in April?,probability_reversal,4,1,0.47468354430379744,0.5119047619047619,0.00042384182947220267,7.692543004577643e-05,1.0,158,84,1.0,3.145311590623625,WEAK,passed
107,ETH,556062,megaeth-market-cap-fdv-2b-one-day-after-launch-738-867-649-272-765-733,57301498276970257025109591078431189727442302532145853906375186182281603517458,MegaETH market cap (FDV) >$2B one day after launch?,polymarket_leads_crypto_momentum,4,1,0.4246575342465753,0.52,2.5613721855420226e-05,7.625807360737231e-05,1.0,73,75,0.9,3.0626258073607375,WEAK,passed
108,BTC,701495,will-bitcoin-reach-110000-by-december-31-2026-658-339-969,74843373582432484858627201602003648342208168490128239235522790524493414154441,"Will Bitcoin reach $110,000 by December 31, 2026?",polymarket_leads_crypto_momentum,4,-1,0.5728155339805825,0.5185185185185185,0.000411252341277687,0.0002052589734587049,1.0,103,54,0.9,2.8595999714199443,WEAK,passed
109,BTC,701494,will-bitcoin-reach-120000-by-december-31-2026-625-425-562,65965214225073605704712365855887384729237451947822407248598722221769498441791,"Will Bitcoin reach $120,000 by December 31, 2026?",probability_momentum_continuation,1,-1,0.5196850393700787,0.5384615384615384,0.00012523318143751054,0.00034658393203773505,1.0,127,39,1.0,2.8285045470499273,WEAK,passed
110,BTC,701494,will-bitcoin-reach-120000-by-december-31-2026-625-425-562,65965214225073605704712365855887384729237451947822407248598722221769498441791,"Will Bitcoin reach $120,000 by December 31, 2026?",probability_reversal,1,1,0.5196850393700787,0.5384615384615384,0.00012523318143751054,0.00034658393203773505,1.0,127,39,1.0,2.8285045470499273,WEAK,passed
111,BTC,701491,will-bitcoin-reach-150000-by-december-31-2026-557-246-971,9408196828451163378822245032645030045707991112669125056198742225498158094445,"Will Bitcoin reach $150,000 by December 31, 2026?",probability_momentum_continuation,4,-1,0.5060240963855421,0.5217391304347826,0.0006626777638638445,0.0002648427147444842,1.0,83,46,1.0,2.823440793213579,WEAK,passed
112,BTC,701491,will-bitcoin-reach-150000-by-december-31-2026-557-246-971,9408196828451163378822245032645030045707991112669125056198742225498158094445,"Will Bitcoin reach $150,000 by December 31, 2026?",probability_reversal,4,1,0.5060240963855421,0.5217391304347826,0.0006626777638638445,0.0002648427147444842,1.0,83,46,1.0,2.823440793213579,WEAK,passed
113,BTC,701495,will-bitcoin-reach-110000-by-december-31-2026-658-339-969,74843373582432484858627201602003648342208168490128239235522790524493414154441,"Will Bitcoin reach $110,000 by December 31, 2026?",polymarket_leads_crypto_momentum,1,-1,0.49514563106796117,0.5,0.000414867933273092,0.0005136487366729421,1.0,103,54,0.9,2.8163648736672946,WEAK,passed
114,BTC,948958,bitcoin-all-time-high-by-december-31-2026,102959890468928530190954086704155483076852880798676895426376704430618826404382,"Bitcoin all time high by December 31, 2026?",probability_momentum_continuation,4,-1,0.5161290322580645,0.5517241379310345,0.0003461995420008703,0.0006147054230891502,1.0,124,29,1.0,2.808367094033053,WEAK,passed
115,BTC,948958,bitcoin-all-time-high-by-december-31-2026,102959890468928530190954086704155483076852880798676895426376704430618826404382,"Bitcoin all time high by December 31, 2026?",probability_reversal,4,1,0.5161290322580645,0.5517241379310345,0.0003461995420008703,0.0006147054230891502,1.0,124,29,1.0,2.808367094033053,WEAK,passed
116,ETH,1823796,will-ethereum-reach-2600-in-april-2026,50308948122998050994686144925841639946050360545921215447281194779092729393480,"Will Ethereum reach $2,600 in April?",polymarket_leads_crypto_momentum,4,-1,0.52,0.5,0.0003535478016248336,0.00015946071028014817,1.0,125,56,0.9,2.800946071028015,WEAK,passed
117,BTC,701504,will-bitcoin-dip-to-25000-by-december-31-2026-948-243-253-666-115-787-981-282-573-719-186-417-762-754-486-851-278-145,58908160299895538838177673280060816284346493901538403975218911918392404378292,"Will Bitcoin dip to $25,000 by December 31, 2026?",polymarket_leads_crypto_momentum,4,1,0.5227272727272727,0.5128205128205128,0.0004515399123694025,0.0009358384307882497,1.0,44,39,0.9,2.7598658943608765,WEAK,passed
118,ETH,1823800,will-ethereum-dip-to-1800-in-april-2026,88623813947148129759226599572615258910454701043061032464667581751883927272067,"Will Ethereum dip to $1,800 in April?",polymarket_leads_crypto_momentum,24,-1,0.514018691588785,0.5294117647058824,0.0002130326567751872,0.00037529287378650983,1.0,107,34,0.9,2.7201763462021806,WEAK,passed
119,BTC,701504,will-bitcoin-dip-to-25000-by-december-31-2026-948-243-253-666-115-787-981-282-573-719-186-417-762-754-486-851-278-145,58908160299895538838177673280060816284346493901538403975218911918392404378292,"Will Bitcoin dip to $25,000 by December 31, 2026?",polymarket_leads_crypto_momentum,24,-1,0.4318181818181818,0.5357142857142857,0.0006221601939466736,0.0005158165546422139,1.0,44,28,0.9,2.699438798321365,WEAK,passed
120,ETH,1373744,megaeth-market-cap-fdv-800m-one-day-after-launch-987-114-655,61268780060811317912125567165718241493378747385698282791855508063291413917546,MegaETH market cap (FDV) >$800M one day after launch?,polymarket_leads_crypto_momentum,1,1,0.5145631067961165,0.5151515151515151,0.0005907082702873206,0.00025117762025122944,1.0,103,33,0.9,2.6407238226311835,WEAK,passed
121,ETH,1823799,will-ethereum-dip-to-2000-in-april-2026,115443844896518160070261607488184121309794437412699113546532889479676113001808,"Will Ethereum dip to $2,000 in April?",probability_momentum_continuation,4,1,0.4943820224719101,0.4608695652173913,0.00035389773899929203,0.00028044367022638916,1.0,178,115,1.0,2.278044367022639,REJECTED,passed
122,ETH,1823799,will-ethereum-dip-to-2000-in-april-2026,115443844896518160070261607488184121309794437412699113546532889479676113001808,"Will Ethereum dip to $2,000 in April?",probability_reversal,4,-1,0.4943820224719101,0.4608695652173913,0.00035389773899929203,0.00028044367022638916,1.0,178,115,1.0,2.278044367022639,REJECTED,passed
123,BTC,1823779,will-bitcoin-dip-to-65k-in-april-2026-355-765,91891168804884935930999247357727984305771756132991676079520973027739343180431,"Will Bitcoin dip to $65,000 in April?",probability_momentum_continuation,1,-1,0.4823529411764706,0.4943820224719101,0.00012802906907885572,9.553384830195992e-05,1.0,255,178,1.0,2.259553384830196,REJECTED,passed
124,BTC,1823779,will-bitcoin-dip-to-65k-in-april-2026-355-765,91891168804884935930999247357727984305771756132991676079520973027739343180431,"Will Bitcoin dip to $65,000 in April?",probability_reversal,1,1,0.4823529411764706,0.4943820224719101,0.00012802906907885572,9.553384830195992e-05,1.0,255,178,1.0,2.259553384830196,REJECTED,passed
125,BTC,1339767,will-bitcoin-dip-to-50000-by-december-31-2026-454-325-222-878-949-487-451,13887983551129862992605123088744175927084435631400400451585519366058907542147,"Will Bitcoin dip to $50,000 by December 31, 2026?",probability_momentum_continuation,24,-1,0.5037878787878788,0.45255474452554745,0.00011746872166937887,2.993539614948708e-05,1.0,264,137,1.0,2.2529935396149487,REJECTED,passed
126,BTC,1339767,will-bitcoin-dip-to-50000-by-december-31-2026-454-325-222-878-949-487-451,13887983551129862992605123088744175927084435631400400451585519366058907542147,"Will Bitcoin dip to $50,000 by December 31, 2026?",probability_reversal,24,1,0.5037878787878788,0.45255474452554745,0.00011746872166937887,2.993539614948708e-05,1.0,264,137,1.0,2.2529935396149487,REJECTED,passed
127,BTC,1823776,will-bitcoin-reach-80k-in-april-2026-794,22893138393795740138249503228269517733051888602506683062209713465144747482167,"Will Bitcoin reach $80,000 in April?",probability_momentum_continuation,1,1,0.48056537102473496,0.460093896713615,0.00014346606273605075,2.2394953193179904e-05,1.0,283,213,1.0,2.252239495319318,REJECTED,passed
128,BTC,1823776,will-bitcoin-reach-80k-in-april-2026-794,22893138393795740138249503228269517733051888602506683062209713465144747482167,"Will Bitcoin reach $80,000 in April?",probability_reversal,1,-1,0.48056537102473496,0.460093896713615,0.00014346606273605075,2.2394953193179904e-05,1.0,283,213,1.0,2.252239495319318,REJECTED,passed
129,BTC,1823776,will-bitcoin-reach-80k-in-april-2026-794,22893138393795740138249503228269517733051888602506683062209713465144747482167,"Will Bitcoin reach $80,000 in April?",polymarket_leads_crypto_momentum,1,1,0.4834123222748815,0.47692307692307695,6.357488145211926e-05,2.9134602026371693e-05,1.0,211,195,0.9,2.2279134602026374,REJECTED,passed
130,BTC,665258,will-china-unban-bitcoin-by-2027,91810646921497227084241579668235102205462718984593674693010693975258849328842,Will China unban Bitcoin by 2027?,divergence_mean_reversion,24,1,0.5558739255014327,0.47596153846153844,0.000489210296407485,0.00021299935834263826,1.0,349,208,0.8,2.221299935834264,REJECTED,passed
131,BTC,1823779,will-bitcoin-dip-to-65k-in-april-2026-355-765,91891168804884935930999247357727984305771756132991676079520973027739343180431,"Will Bitcoin dip to $65,000 in April?",divergence_mean_reversion,1,-1,0.531986531986532,0.49746192893401014,0.00013659036661179771,0.0001802135951849339,1.0,297,197,0.8,2.2180213595184934,REJECTED,passed
132,ETH,1383662,will-megaeth-launch-a-token-by-june-30-2026-676-993-477,29601542826076048097538062468538667893425689293490219370577801090612691914945,"Will MegaETH launch a token by June 30, 2026?",divergence_mean_reversion,24,-1,0.5161290322580645,0.4897119341563786,0.00023754727601814593,0.00010502486534593159,1.0,403,243,0.8,2.210502486534593,REJECTED,passed
133,BTC,701492,will-bitcoin-reach-140000-by-december-31-2026-131-829-299,71296910957902084356560391757722633648005498400799774895345285101862220728868,"Will Bitcoin reach $140,000 by December 31, 2026?",divergence_mean_reversion,1,-1,0.5441860465116279,0.46099290780141844,0.0002769797192187055,0.00010319979628138188,1.0,215,141,0.8,2.2103199796281383,REJECTED,passed
134,BTC,1823776,will-bitcoin-reach-80k-in-april-2026-794,22893138393795740138249503228269517733051888602506683062209713465144747482167,"Will Bitcoin reach $80,000 in April?",divergence_mean_reversion,1,-1,0.5103244837758112,0.49107142857142855,0.00020110900695863914,9.144530641671472e-05,1.0,339,224,0.8,2.2091445306416717,REJECTED,passed
135,ETH,1823795,will-ethereum-reach-2800-in-april-2026,103455081209713767851750094101142549597038869631663604903086082563273644697340,"Will Ethereum reach $2,800 in April?",divergence_mean_reversion,1,1,0.5031055900621118,0.4716981132075472,0.00019452413023420467,8.523918530668348e-05,1.0,322,212,0.8,2.2085239185306684,REJECTED,passed
136,BTC,701492,will-bitcoin-reach-140000-by-december-31-2026-131-829-299,71296910957902084356560391757722633648005498400799774895345285101862220728868,"Will Bitcoin reach $140,000 by December 31, 2026?",divergence_mean_reversion,24,1,0.5348837209302325,0.4915254237288136,0.00022460713736382554,5.249244780562817e-05,1.0,215,118,0.8,2.205249244780563,REJECTED,passed
137,BTC,701491,will-bitcoin-reach-150000-by-december-31-2026-557-246-971,9408196828451163378822245032645030045707991112669125056198742225498158094445,"Will Bitcoin reach $150,000 by December 31, 2026?",divergence_mean_reversion,4,1,0.502092050209205,0.4935064935064935,9.625937936766967e-05,3.601890867160027e-05,1.0,239,154,0.8,2.2036018908671604,REJECTED,passed
138,BTC,824952,microstrategy-sells-any-bitcoin-by-december-31-2026,111128191581505463501777127559667396812474366956707382672202929745167742497287,"MicroStrategy sells any Bitcoin by December 31, 2026?",divergence_mean_reversion,4,1,0.5123152709359606,0.47692307692307695,5.667421471123441e-05,3.062852288440886e-05,1.0,203,130,0.8,2.203062852288441,REJECTED,passed
139,BTC,1823786,will-bitcoin-dip-to-30k-in-april-2026-724-192,84771301702351303074871180279903621715509085776274806851229789863791098403148,"Will Bitcoin dip to $30,000 in April?",divergence_mean_reversion,1,-1,0.5308641975308642,0.4528301886792453,0.00016688686967542452,2.5441208943054132e-05,1.0,162,106,0.8,2.2025441208943057,REJECTED,passed
140,BTC,948958,bitcoin-all-time-high-by-december-31-2026,102959890468928530190954086704155483076852880798676895426376704430618826404382,"Bitcoin all time high by December 31, 2026?",divergence_mean_reversion,24,1,0.5270935960591133,0.4636363636363636,0.00029721295821058725,2.2700750770680087e-05,1.0,203,110,0.8,2.2022700750770685,REJECTED,passed
141,XRP,1823902,will-xrp-reach-2-in-april-2026,67556301124097607260152199396403959080839673893054926374870558197278260784915,Will XRP reach $2.00 in April?,divergence_mean_reversion,1,-1,0.5060240963855421,0.45871559633027525,0.0002037828096901477,1.8507522546084806e-05,1.0,166,109,0.8,2.2018507522546087,REJECTED,passed
142,BTC,665258,will-china-unban-bitcoin-by-2027,91810646921497227084241579668235102205462718984593674693010693975258849328842,Will China unban Bitcoin by 2027?,divergence_mean_reversion,1,-1,0.5415472779369628,0.48917748917748916,0.00010544956172556515,1.7667802937932447e-05,1.0,349,231,0.8,2.2017667802937932,REJECTED,passed
143,BTC,824952,microstrategy-sells-any-bitcoin-by-december-31-2026,111128191581505463501777127559667396812474366956707382672202929745167742497287,"MicroStrategy sells any Bitcoin by December 31, 2026?",divergence_mean_reversion,1,-1,0.5024630541871922,0.45864661654135336,0.0003140256359253528,6.426908038753419e-06,1.0,203,133,0.8,2.2006426908038756,REJECTED,passed
144,BTC,948957,bitcoin-all-time-high-by-september-30-2026,50388900663189748675936681554126016850520413670342348778716337126803310768728,"Bitcoin all time high by September 30, 2026?",divergence_mean_reversion,24,1,0.5628415300546448,0.4897959183673469,0.0004774436901728834,5.100088386205497e-06,1.0,183,98,0.8,2.1805100088386205,REJECTED,passed
145,BTC,1823784,will-bitcoin-dip-to-40k-in-april-2026-795-619,98951083891762751529749372132438032148715175020829409124970659708693351854318,"Will Bitcoin dip to $40,000 in April?",divergence_mean_reversion,24,1,0.5059523809523809,0.4827586206896552,9.578903154251497e-05,2.1448669449048915e-05,1.0,168,87,0.8,2.072144866944905,REJECTED,passed
146,ETH,1823799,will-ethereum-dip-to-2000-in-april-2026,115443844896518160070261607488184121309794437412699113546532889479676113001808,"Will Ethereum dip to $2,000 in April?",polymarket_leads_crypto_momentum,24,-1,0.4817073170731707,0.4578313253012048,0.00018867028128583826,7.828402961324482e-05,1.0,164,83,0.9,2.0628284029613244,REJECTED,passed
147,BTC,701504,will-bitcoin-dip-to-25000-by-december-31-2026-948-243-253-666-115-787-981-282-573-719-186-417-762-754-486-851-278-145,58908160299895538838177673280060816284346493901538403975218911918392404378292,"Will Bitcoin dip to $25,000 by December 31, 2026?",probability_momentum_continuation,4,1,0.45081967213114754,0.4864864864864865,5.869109388832465e-05,0.0004191144952721231,1.0,122,74,1.0,2.0319114495272124,REJECTED,passed
148,BTC,701504,will-bitcoin-dip-to-25000-by-december-31-2026-948-243-253-666-115-787-981-282-573-719-186-417-762-754-486-851-278-145,58908160299895538838177673280060816284346493901538403975218911918392404378292,"Will Bitcoin dip to $25,000 by December 31, 2026?",probability_reversal,4,-1,0.45081967213114754,0.4864864864864865,5.869109388832465e-05,0.0004191144952721231,1.0,122,74,1.0,2.0319114495272124,REJECTED,passed
149,ETH,1823796,will-ethereum-reach-2600-in-april-2026,50308948122998050994686144925841639946050360545921215447281194779092729393480,"Will Ethereum reach $2,600 in April?",probability_momentum_continuation,4,1,0.5655172413793104,0.4935064935064935,0.0005678688483665873,7.67282427818302e-05,1.0,145,77,1.0,2.027672824278183,REJECTED,passed
150,ETH,1823796,will-ethereum-reach-2600-in-april-2026,50308948122998050994686144925841639946050360545921215447281194779092729393480,"Will Ethereum reach $2,600 in April?",probability_reversal,4,-1,0.5655172413793104,0.4935064935064935,0.0005678688483665873,7.67282427818302e-05,1.0,145,77,1.0,2.027672824278183,REJECTED,passed
151,BTC,1339767,will-bitcoin-dip-to-50000-by-december-31-2026-454-325-222-878-949-487-451,13887983551129862992605123088744175927084435631400400451585519366058907542147,"Will Bitcoin dip to $50,000 by December 31, 2026?",polymarket_leads_crypto_momentum,4,1,0.5099337748344371,0.49295774647887325,0.0003856005863991128,3.065852734911782e-05,1.0,151,71,0.9,1.938065852734912,REJECTED,passed
152,ETH,1823796,will-ethereum-reach-2600-in-april-2026,50308948122998050994686144925841639946050360545921215447281194779092729393480,"Will Ethereum reach $2,600 in April?",probability_momentum_continuation,24,-1,0.5172413793103449,0.49122807017543857,0.0007999065516899945,0.00033009070664213744,1.0,145,57,1.0,1.8530090706642137,REJECTED,passed
153,ETH,1823796,will-ethereum-reach-2600-in-april-2026,50308948122998050994686144925841639946050360545921215447281194779092729393480,"Will Ethereum reach $2,600 in April?",probability_reversal,24,1,0.5172413793103449,0.49122807017543857,0.0007999065516899945,0.00033009070664213744,1.0,145,57,1.0,1.8530090706642137,REJECTED,passed
154,ETH,1823794,will-ethereum-reach-3000-in-april-2026,98694887273478515891138203442549017191281454470497426834485838288268569808164,"Will Ethereum reach $3,000 in April?",polymarket_leads_crypto_momentum,1,1,0.5562130177514792,0.4423076923076923,0.0003386143539190611,0.0004668109770467439,1.0,169,52,0.9,1.7916810977046744,REJECTED,passed
155,ETH,701552,will-ethereum-dip-to-1500-by-december-31-2026,101639751789549589765350117072740510018809594718571111931328241076831078702528,"Will Ethereum dip to $1,500 by December 31, 2026?",polymarket_leads_crypto_momentum,4,1,0.44285714285714284,0.4523809523809524,2.7472241843437214e-05,0.001350164568901113,1.0,70,42,0.9,1.7800164568901113,REJECTED,passed
156,ETH,1823800,will-ethereum-dip-to-1800-in-april-2026,88623813947148129759226599572615258910454701043061032464667581751883927272067,"Will Ethereum dip to $1,800 in April?",polymarket_leads_crypto_momentum,1,1,0.5887850467289719,0.4583333333333333,0.0001285683503770846,0.0005112766729213973,1.0,107,48,0.9,1.7561276672921398,REJECTED,passed
157,ETH,1373744,megaeth-market-cap-fdv-800m-one-day-after-launch-987-114-655,61268780060811317912125567165718241493378747385698282791855508063291413917546,MegaETH market cap (FDV) >$800M one day after launch?,polymarket_leads_crypto_momentum,24,1,0.4077669902912621,0.48484848484848486,9.91930380758401e-05,0.0004037639669448937,1.0,103,33,0.9,1.5953763966944896,REJECTED,passed
158,BTC,948957,bitcoin-all-time-high-by-september-30-2026,50388900663189748675936681554126016850520413670342348778716337126803310768728,"Bitcoin all time high by September 30, 2026?",probability_momentum_continuation,4,1,0.5490196078431373,0.4074074074074074,8.021873080229204e-06,0.0004677854185679658,1.0,102,27,1.0,1.5667785418567965,REJECTED,passed
159,BTC,948957,bitcoin-all-time-high-by-september-30-2026,50388900663189748675936681554126016850520413670342348778716337126803310768728,"Bitcoin all time high by September 30, 2026?",probability_reversal,4,-1,0.5490196078431373,0.4074074074074074,8.021873080229204e-06,0.0004677854185679658,1.0,102,27,1.0,1.5667785418567965,REJECTED,passed
160,ETH,701552,will-ethereum-dip-to-1500-by-december-31-2026,101639751789549589765350117072740510018809594718571111931328241076831078702528,"Will Ethereum dip to $1,500 by December 31, 2026?",probability_momentum_continuation,4,-1,0.5789473684210527,0.5520833333333334,0.00018999593308217588,-0.0002190493177247571,0.0,152,96,1.0,1.4183333333333334,REJECTED,passed
161,ETH,701552,will-ethereum-dip-to-1500-by-december-31-2026,101639751789549589765350117072740510018809594718571111931328241076831078702528,"Will Ethereum dip to $1,500 by December 31, 2026?",probability_reversal,4,1,0.5789473684210527,0.5520833333333334,0.00018999593308217588,-0.0002190493177247571,0.0,152,96,1.0,1.4183333333333334,REJECTED,passed
162,BTC,1345530,will-bitcoin-reach-80000-by-december-31-2026-195-842-488-785,57919935471407397521237084573781793510659396827525482575585173092467716045100,"Will Bitcoin reach $80,000 by December 31, 2026?",probability_momentum_continuation,24,1,0.5346534653465347,0.5283018867924528,0.0001941422141754126,-4.1335122046759746e-05,0.0,303,212,1.0,1.3632075471698113,REJECTED,passed
163,BTC,1345530,will-bitcoin-reach-80000-by-december-31-2026-195-842-488-785,57919935471407397521237084573781793510659396827525482575585173092467716045100,"Will Bitcoin reach $80,000 by December 31, 2026?",probability_reversal,24,-1,0.5346534653465347,0.5283018867924528,0.0001941422141754126,-4.1335122046759746e-05,0.0,303,212,1.0,1.3632075471698113,REJECTED,passed
164,BTC,1339767,will-bitcoin-dip-to-50000-by-december-31-2026-454-325-222-878-949-487-451,13887983551129862992605123088744175927084435631400400451585519366058907542147,"Will Bitcoin dip to $50,000 by December 31, 2026?",divergence_mean_reversion,24,-1,0.5176470588235295,0.5346534653465347,0.000315844290801721,-0.0001397762802121894,0.0,340,202,0.8,1.3386138613861387,REJECTED,passed
165,BTC,1345530,will-bitcoin-reach-80000-by-december-31-2026-195-842-488-785,57919935471407397521237084573781793510659396827525482575585173092467716045100,"Will Bitcoin reach $80,000 by December 31, 2026?",polymarket_leads_crypto_momentum,24,1,0.5083798882681564,0.525974025974026,0.0005108014188432614,-0.0002265826291210155,0.0,179,154,0.9,1.328896103896104,REJECTED,passed
166,BTC,701494,will-bitcoin-reach-120000-by-december-31-2026-625-425-562,65965214225073605704712365855887384729237451947822407248598722221769498441791,"Will Bitcoin reach $120,000 by December 31, 2026?",divergence_mean_reversion,24,-1,0.510752688172043,0.53,0.0001001539317574965,-1.269073157803266e-05,0.0,186,100,0.8,1.32,REJECTED,passed
167,ETH,1823794,will-ethereum-reach-3000-in-april-2026,98694887273478515891138203442549017191281454470497426834485838288268569808164,"Will Ethereum reach $3,000 in April?",probability_momentum_continuation,1,-1,0.4727272727272727,0.5204081632653061,0.00020260912475100228,-7.562913682775617e-05,0.0,220,98,1.0,1.3116326530612246,REJECTED,passed
168,ETH,1823794,will-ethereum-reach-3000-in-april-2026,98694887273478515891138203442549017191281454470497426834485838288268569808164,"Will Ethereum reach $3,000 in April?",probability_reversal,1,1,0.4727272727272727,0.5204081632653061,0.00020260912475100228,-7.562913682775617e-05,0.0,220,98,1.0,1.3116326530612246,REJECTED,passed
169,BTC,824952,microstrategy-sells-any-bitcoin-by-december-31-2026,111128191581505463501777127559667396812474366956707382672202929745167742497287,"MicroStrategy sells any Bitcoin by December 31, 2026?",divergence_mean_reversion,24,-1,0.5073891625615764,0.5272727272727272,7.48930812768751e-05,-2.9031336766282816e-05,0.0,203,110,0.8,1.3090909090909089,REJECTED,passed
170,BTC,701495,will-bitcoin-reach-110000-by-december-31-2026-658-339-969,74843373582432484858627201602003648342208168490128239235522790524493414154441,"Will Bitcoin reach $110,000 by December 31, 2026?",divergence_mean_reversion,24,-1,0.5395894428152492,0.5270935960591133,0.00024212496983149753,-0.00012246353297739134,0.0,341,203,0.8,1.3083743842364532,REJECTED,passed
171,BTC,665258,will-china-unban-bitcoin-by-2027,91810646921497227084241579668235102205462718984593674693010693975258849328842,Will China unban Bitcoin by 2027?,probability_momentum_continuation,1,1,0.5352941176470588,0.5142857142857142,0.0002482596070416499,-2.7526073925861198e-05,0.0,170,105,1.0,1.307142857142857,REJECTED,passed
172,BTC,665258,will-china-unban-bitcoin-by-2027,91810646921497227084241579668235102205462718984593674693010693975258849328842,Will China unban Bitcoin by 2027?,probability_reversal,1,-1,0.5352941176470588,0.5142857142857142,0.0002482596070416499,-2.7526073925861198e-05,0.0,170,105,1.0,1.307142857142857,REJECTED,passed
173,BTC,1345530,will-bitcoin-reach-80000-by-december-31-2026-195-842-488-785,57919935471407397521237084573781793510659396827525482575585173092467716045100,"Will Bitcoin reach $80,000 by December 31, 2026?",polymarket_leads_crypto_momentum,4,1,0.5139664804469274,0.52046783625731,0.00022346543763139656,-0.00018551342879023132,0.0,179,171,0.9,1.30687134502924,REJECTED,passed
174,BTC,1345530,will-bitcoin-reach-80000-by-december-31-2026-195-842-488-785,57919935471407397521237084573781793510659396827525482575585173092467716045100,"Will Bitcoin reach $80,000 by December 31, 2026?",probability_momentum_continuation,1,1,0.528052805280528,0.5127118644067796,5.698551159994923e-05,-7.026709247365182e-05,0.0,303,236,1.0,1.3008474576271185,REJECTED,passed
175,BTC,1345530,will-bitcoin-reach-80000-by-december-31-2026-195-842-488-785,57919935471407397521237084573781793510659396827525482575585173092467716045100,"Will Bitcoin reach $80,000 by December 31, 2026?",probability_reversal,1,-1,0.528052805280528,0.5127118644067796,5.698551159994923e-05,-7.026709247365182e-05,0.0,303,236,1.0,1.3008474576271185,REJECTED,passed
176,ETH,1823794,will-ethereum-reach-3000-in-april-2026,98694887273478515891138203442549017191281454470497426834485838288268569808164,"Will Ethereum reach $3,000 in April?",divergence_mean_reversion,24,1,0.512396694214876,0.5220588235294118,0.0001250915859055042,-0.00019806245537517422,0.0,242,136,0.8,1.2882352941176471,REJECTED,passed
177,ETH,1299187,megaeth-market-cap-fdv-1pt5b-one-day-after-launch-371-844-879-681,59361386662140736273790755583050126642583489495616165418126619457111736694733,MegaETH market cap (FDV) >$1.5B one day after launch?,probability_momentum_continuation,4,1,0.5,0.5085714285714286,0.0004864819143594462,-0.00033269064767752144,0.0,150,175,1.0,1.2842857142857143,REJECTED,passed
178,ETH,1299187,megaeth-market-cap-fdv-1pt5b-one-day-after-launch-371-844-879-681,59361386662140736273790755583050126642583489495616165418126619457111736694733,MegaETH market cap (FDV) >$1.5B one day after launch?,probability_reversal,4,-1,0.5,0.5085714285714286,0.0004864819143594462,-0.00033269064767752144,0.0,150,175,1.0,1.2842857142857143,REJECTED,passed
179,ETH,1299187,megaeth-market-cap-fdv-1pt5b-one-day-after-launch-371-844-879-681,59361386662140736273790755583050126642583489495616165418126619457111736694733,MegaETH market cap (FDV) >$1.5B one day after launch?,polymarket_leads_crypto_momentum,1,-1,0.5909090909090909,0.5145631067961165,6.414488611059086e-05,-6.955790362267301e-05,0.0,66,103,0.9,1.283252427184466,REJECTED,passed
180,XRP,1823902,will-xrp-reach-2-in-april-2026,67556301124097607260152199396403959080839673893054926374870558197278260784915,Will XRP reach $2.00 in April?,divergence_mean_reversion,4,-1,0.5120481927710844,0.5188679245283019,0.00019079008475964647,-4.8998838562603105e-05,0.0,166,106,0.8,1.2754716981132075,REJECTED,passed
181,BTC,692258,microstrategy-sells-any-bitcoin-by-june-30-2026,110251828161543119357013227499774714771527179764174739487025581227481937033858,"MicroStrategy sells any Bitcoin by June 30, 2026?",divergence_mean_reversion,4,-1,0.49767441860465117,0.5179856115107914,2.002738806264248e-06,-5.1525102341040324e-06,0.0,215,139,0.8,1.2719424460431654,REJECTED,passed
182,BTC,1345530,will-bitcoin-reach-80000-by-december-31-2026-195-842-488-785,57919935471407397521237084573781793510659396827525482575585173092467716045100,"Will Bitcoin reach $80,000 by December 31, 2026?",polymarket_leads_crypto_momentum,1,1,0.5083798882681564,0.5086705202312138,0.00018780233880864972,-0.00030317299327725265,0.0,179,173,0.9,1.2596820809248555,REJECTED,passed
183,BTC,1823776,will-bitcoin-reach-80k-in-april-2026-794,22893138393795740138249503228269517733051888602506683062209713465144747482167,"Will Bitcoin reach $80,000 in April?",probability_momentum_continuation,24,1,0.5265017667844523,0.4973821989528796,0.00034151290098122884,-3.7268986423405253e-07,0.0,283,191,1.0,1.25,REJECTED,passed
184,BTC,1823776,will-bitcoin-reach-80k-in-april-2026-794,22893138393795740138249503228269517733051888602506683062209713465144747482167,"Will Bitcoin reach $80,000 in April?",probability_reversal,24,-1,0.5265017667844523,0.4973821989528796,0.00034151290098122884,-3.7268986423405253e-07,0.0,283,191,1.0,1.25,REJECTED,passed
185,BTC,1345530,will-bitcoin-reach-80000-by-december-31-2026-195-842-488-785,57919935471407397521237084573781793510659396827525482575585173092467716045100,"Will Bitcoin reach $80,000 by December 31, 2026?",probability_momentum_continuation,4,1,0.5016501650165016,0.4956896551724138,3.86942491747757e-05,-3.0287965933335338e-05,0.0,303,232,1.0,1.25,REJECTED,passed
186,BTC,1345530,will-bitcoin-reach-80000-by-december-31-2026-195-842-488-785,57919935471407397521237084573781793510659396827525482575585173092467716045100,"Will Bitcoin reach $80,000 by December 31, 2026?",probability_reversal,4,-1,0.5016501650165016,0.4956896551724138,3.86942491747757e-05,-3.0287965933335338e-05,0.0,303,232,1.0,1.25,REJECTED,passed
187,BTC,665258,will-china-unban-bitcoin-by-2027,91810646921497227084241579668235102205462718984593674693010693975258849328842,Will China unban Bitcoin by 2027?,probability_momentum_continuation,4,1,0.49411764705882355,0.49523809523809526,1.1728912676481042e-05,-0.00018538566711278777,0.0,170,105,1.0,1.25,REJECTED,passed
188,BTC,665258,will-china-unban-bitcoin-by-2027,91810646921497227084241579668235102205462718984593674693010693975258849328842,Will China unban Bitcoin by 2027?,probability_reversal,4,-1,0.49411764705882355,0.49523809523809526,1.1728912676481042e-05,-0.00018538566711278777,0.0,170,105,1.0,1.25,REJECTED,passed
189,ETH,1823795,will-ethereum-reach-2800-in-april-2026,103455081209713767851750094101142549597038869631663604903086082563273644697340,"Will Ethereum reach $2,800 in April?",probability_momentum_continuation,4,1,0.4868421052631579,0.49222797927461137,4.2844519234314756e-05,-0.00028663253613880825,0.0,304,193,1.0,1.25,REJECTED,passed
190,ETH,1823795,will-ethereum-reach-2800-in-april-2026,103455081209713767851750094101142549597038869631663604903086082563273644697340,"Will Ethereum reach $2,800 in April?",probability_reversal,4,-1,0.4868421052631579,0.49222797927461137,4.2844519234314756e-05,-0.00028663253613880825,0.0,304,193,1.0,1.25,REJECTED,passed
191,ETH,1383662,will-megaeth-launch-a-token-by-june-30-2026-676-993-477,29601542826076048097538062468538667893425689293490219370577801090612691914945,"Will MegaETH launch a token by June 30, 2026?",probability_momentum_continuation,1,1,0.49382716049382713,0.4915254237288136,0.0003086712177468865,-0.00013632798511023777,0.0,243,177,1.0,1.25,REJECTED,passed
192,ETH,1383662,will-megaeth-launch-a-token-by-june-30-2026-676-993-477,29601542826076048097538062468538667893425689293490219370577801090612691914945,"Will MegaETH launch a token by June 30, 2026?",probability_reversal,1,-1,0.49382716049382713,0.4915254237288136,0.0003086712177468865,-0.00013632798511023777,0.0,243,177,1.0,1.25,REJECTED,passed
193,ETH,1383662,will-megaeth-launch-a-token-by-june-30-2026-676-993-477,29601542826076048097538062468538667893425689293490219370577801090612691914945,"Will MegaETH launch a token by June 30, 2026?",probability_momentum_continuation,4,1,0.49382716049382713,0.4885057471264368,0.00022232503338315957,-0.0005189276295313061,0.0,243,174,1.0,1.25,REJECTED,passed
194,ETH,1383662,will-megaeth-launch-a-token-by-june-30-2026-676-993-477,29601542826076048097538062468538667893425689293490219370577801090612691914945,"Will MegaETH launch a token by June 30, 2026?",probability_reversal,4,-1,0.49382716049382713,0.4885057471264368,0.00022232503338315957,-0.0005189276295313061,0.0,243,174,1.0,1.25,REJECTED,passed
195,ETH,1299187,megaeth-market-cap-fdv-1pt5b-one-day-after-launch-371-844-879-681,59361386662140736273790755583050126642583489495616165418126619457111736694733,MegaETH market cap (FDV) >$1.5B one day after launch?,probability_momentum_continuation,24,1,0.5533333333333333,0.48125,0.0006062564745049375,-0.000638432490719865,0.0,150,160,1.0,1.25,REJECTED,passed
196,ETH,1299187,megaeth-market-cap-fdv-1pt5b-one-day-after-launch-371-844-879-681,59361386662140736273790755583050126642583489495616165418126619457111736694733,MegaETH market cap (FDV) >$1.5B one day after launch?,probability_reversal,24,-1,0.5533333333333333,0.48125,0.0006062564745049375,-0.000638432490719865,0.0,150,160,1.0,1.25,REJECTED,passed
197,BTC,1343220,will-bitcoin-dip-to-10000-by-december-31-2026-888-644-567-258-946-853,42439528758178981890895605039938161151582654744978607695897321288347422769852,"Will Bitcoin dip to $10,000 by December 31, 2026?",probability_momentum_continuation,24,1,0.5575221238938053,0.475177304964539,0.0006147467288541341,-0.0004714358459792877,0.0,226,141,1.0,1.25,REJECTED,passed
198,BTC,1343220,will-bitcoin-dip-to-10000-by-december-31-2026-888-644-567-258-946-853,42439528758178981890895605039938161151582654744978607695897321288347422769852,"Will Bitcoin dip to $10,000 by December 31, 2026?",probability_reversal,24,-1,0.5575221238938053,0.475177304964539,0.0006147467288541341,-0.0004714358459792877,0.0,226,141,1.0,1.25,REJECTED,passed
199,BTC,1339767,will-bitcoin-dip-to-50000-by-december-31-2026-454-325-222-878-949-487-451,13887983551129862992605123088744175927084435631400400451585519366058907542147,"Will Bitcoin dip to $50,000 by December 31, 2026?",probability_momentum_continuation,4,1,0.49242424242424243,0.4675324675324675,0.0001386643691188021,-0.00013787811018414463,0.0,264,154,1.0,1.25,REJECTED,passed
200,BTC,1339767,will-bitcoin-dip-to-50000-by-december-31-2026-454-325-222-878-949-487-451,13887983551129862992605123088744175927084435631400400451585519366058907542147,"Will Bitcoin dip to $50,000 by December 31, 2026?",probability_reversal,4,-1,0.49242424242424243,0.4675324675324675,0.0001386643691188021,-0.00013787811018414463,0.0,264,154,1.0,1.25,REJECTED,passed
201,ETH,1823795,will-ethereum-reach-2800-in-april-2026,103455081209713767851750094101142549597038869631663604903086082563273644697340,"Will Ethereum reach $2,800 in April?",probability_momentum_continuation,1,1,0.4967105263157895,0.4666666666666667,0.0003180516980728159,-0.00041697997574643666,0.0,304,195,1.0,1.25,REJECTED,passed
202,ETH,1823795,will-ethereum-reach-2800-in-april-2026,103455081209713767851750094101142549597038869631663604903086082563273644697340,"Will Ethereum reach $2,800 in April?",probability_reversal,1,-1,0.4967105263157895,0.4666666666666667,0.0003180516980728159,-0.00041697997574643666,0.0,304,195,1.0,1.25,REJECTED,passed
203,ETH,1383662,will-megaeth-launch-a-token-by-june-30-2026-676-993-477,29601542826076048097538062468538667893425689293490219370577801090612691914945,"Will MegaETH launch a token by June 30, 2026?",probability_momentum_continuation,24,1,0.5390946502057613,0.46107784431137727,0.00029931821458002066,-0.00029686842527848836,0.0,243,167,1.0,1.25,REJECTED,passed
204,ETH,1383662,will-megaeth-launch-a-token-by-june-30-2026-676-993-477,29601542826076048097538062468538667893425689293490219370577801090612691914945,"Will MegaETH launch a token by June 30, 2026?",probability_reversal,24,-1,0.5390946502057613,0.46107784431137727,0.00029931821458002066,-0.00029686842527848836,0.0,243,167,1.0,1.25,REJECTED,passed
205,ETH,1823795,will-ethereum-reach-2800-in-april-2026,103455081209713767851750094101142549597038869631663604903086082563273644697340,"Will Ethereum reach $2,800 in April?",probability_momentum_continuation,24,-1,0.4901315789473684,0.4438202247191011,0.00026951883319825,-0.0008237428036449875,0.0,304,178,1.0,1.25,REJECTED,passed
206,ETH,1823795,will-ethereum-reach-2800-in-april-2026,103455081209713767851750094101142549597038869631663604903086082563273644697340,"Will Ethereum reach $2,800 in April?",probability_reversal,24,1,0.4901315789473684,0.4438202247191011,0.00026951883319825,-0.0008237428036449875,0.0,304,178,1.0,1.25,REJECTED,passed
207,ETH,556062,megaeth-market-cap-fdv-2b-one-day-after-launch-738-867-649-272-765-733,57301498276970257025109591078431189727442302532145853906375186182281603517458,MegaETH market cap (FDV) >$2B one day after launch?,probability_momentum_continuation,1,1,0.5327868852459017,0.43636363636363634,0.00010546092341360903,-0.0003273462889050945,0.0,122,110,1.0,1.25,REJECTED,passed
208,ETH,556062,megaeth-market-cap-fdv-2b-one-day-after-launch-738-867-649-272-765-733,57301498276970257025109591078431189727442302532145853906375186182281603517458,MegaETH market cap (FDV) >$2B one day after launch?,probability_reversal,1,-1,0.5327868852459017,0.43636363636363634,0.00010546092341360903,-0.0003273462889050945,0.0,122,110,1.0,1.25,REJECTED,passed
209,ETH,1823795,will-ethereum-reach-2800-in-april-2026,103455081209713767851750094101142549597038869631663604903086082563273644697340,"Will Ethereum reach $2,800 in April?",polymarket_leads_crypto_momentum,4,1,0.5274261603375527,0.5038167938931297,0.00019828117879690314,-0.00027465427344329507,0.0,237,131,0.9,1.240267175572519,REJECTED,passed
210,BTC,1345530,will-bitcoin-reach-80000-by-december-31-2026-195-842-488-785,57919935471407397521237084573781793510659396827525482575585173092467716045100,"Will Bitcoin reach $80,000 by December 31, 2026?",divergence_mean_reversion,4,-1,0.5263157894736842,0.5100401606425703,9.874446022537588e-05,-2.661353208708221e-06,0.0,380,249,0.8,1.2401606425702811,REJECTED,passed
211,BTC,1343220,will-bitcoin-dip-to-10000-by-december-31-2026-888-644-567-258-946-853,42439528758178981890895605039938161151582654744978607695897321288347422769852,"Will Bitcoin dip to $10,000 by December 31, 2026?",divergence_mean_reversion,24,-1,0.46875,0.5079365079365079,0.00011771015713774875,-0.00010128856726817321,0.0,416,252,0.8,1.2317460317460316,REJECTED,passed
212,BTC,1345530,will-bitcoin-reach-80000-by-december-31-2026-195-842-488-785,57919935471407397521237084573781793510659396827525482575585173092467716045100,"Will Bitcoin reach $80,000 by December 31, 2026?",divergence_mean_reversion,1,-1,0.5026315789473684,0.5079365079365079,6.743263654911095e-05,-0.00025339560407255403,0.0,380,252,0.8,1.2317460317460316,REJECTED,passed
213,BTC,1823779,will-bitcoin-dip-to-65k-in-april-2026-355-765,91891168804884935930999247357727984305771756132991676079520973027739343180431,"Will Bitcoin dip to $65,000 in April?",polymarket_leads_crypto_momentum,1,1,0.5255102040816326,0.5,0.00011363615318067253,-4.834307301547794e-05,0.0,196,124,0.9,1.225,REJECTED,passed
214,BTC,1823779,will-bitcoin-dip-to-65k-in-april-2026-355-765,91891168804884935930999247357727984305771756132991676079520973027739343180431,"Will Bitcoin dip to $65,000 in April?",polymarket_leads_crypto_momentum,4,1,0.5255102040816326,0.46774193548387094,7.234864771736995e-05,-5.760663561889365e-05,0.0,196,124,0.9,1.225,REJECTED,passed
215,BTC,1823779,will-bitcoin-dip-to-65k-in-april-2026-355-765,91891168804884935930999247357727984305771756132991676079520973027739343180431,"Will Bitcoin dip to $65,000 in April?",polymarket_leads_crypto_momentum,24,1,0.46938775510204084,0.42857142857142855,7.43258742709407e-06,-0.0003528636385354424,0.0,196,112,0.9,1.225,REJECTED,passed
216,ETH,1823795,will-ethereum-reach-2800-in-april-2026,103455081209713767851750094101142549597038869631663604903086082563273644697340,"Will Ethereum reach $2,800 in April?",polymarket_leads_crypto_momentum,24,-1,0.4388185654008439,0.4274193548387097,0.00041760475835880926,-0.0008096148287187847,0.0,237,124,0.9,1.225,REJECTED,passed
217,BTC,701504,will-bitcoin-dip-to-25000-by-december-31-2026-948-243-253-666-115-787-981-282-573-719-186-417-762-754-486-851-278-145,58908160299895538838177673280060816284346493901538403975218911918392404378292,"Will Bitcoin dip to $25,000 by December 31, 2026?",divergence_mean_reversion,24,-1,0.5107692307692308,0.5052083333333334,3.560195243849554e-05,-0.00013626898773294732,0.0,325,192,0.8,1.2208333333333334,REJECTED,passed
218,ETH,1383662,will-megaeth-launch-a-token-by-june-30-2026-676-993-477,29601542826076048097538062468538667893425689293490219370577801090612691914945,"Will MegaETH launch a token by June 30, 2026?",polymarket_leads_crypto_momentum,1,-1,0.5669291338582677,0.5222222222222223,0.00029026410805490073,-5.373717140830251e-05,0.0,127,90,0.9,1.213888888888889,REJECTED,passed
219,ETH,1823794,will-ethereum-reach-3000-in-april-2026,98694887273478515891138203442549017191281454470497426834485838288268569808164,"Will Ethereum reach $3,000 in April?",probability_momentum_continuation,4,-1,0.4681818181818182,0.4166666666666667,0.00038703469785062784,-4.8057502530948926e-05,0.0,220,96,1.0,1.21,REJECTED,passed
220,ETH,1823794,will-ethereum-reach-3000-in-april-2026,98694887273478515891138203442549017191281454470497426834485838288268569808164,"Will Ethereum reach $3,000 in April?",probability_reversal,4,1,0.4681818181818182,0.4166666666666667,0.00038703469785062784,-4.8057502530948926e-05,0.0,220,96,1.0,1.21,REJECTED,passed
221,XRP,1823900,will-xrp-reach-2pt4-in-april-2026,6907787482165930535735013797025597365762483807798181321474369791814479389352,Will XRP reach $2.40 in April?,divergence_mean_reversion,1,1,0.49800796812749004,0.5,0.00014657048708837623,-1.2762562081817113e-05,0.0,251,164,0.8,1.2,REJECTED,passed
222,BTC,948958,bitcoin-all-time-high-by-december-31-2026,102959890468928530190954086704155483076852880798676895426376704430618826404382,"Bitcoin all time high by December 31, 2026?",divergence_mean_reversion,4,-1,0.5320197044334976,0.5,0.00040194157857866014,-0.0002807941168099289,0.0,203,130,0.8,1.2,REJECTED,passed
223,ETH,1823799,will-ethereum-dip-to-2000-in-april-2026,115443844896518160070261607488184121309794437412699113546532889479676113001808,"Will Ethereum dip to $2,000 in April?",divergence_mean_reversion,1,-1,0.5754189944134078,0.4915254237288136,0.0009672771430865539,-0.0003661168943635003,0.0,179,118,0.8,1.2,REJECTED,passed
224,ETH,1823796,will-ethereum-reach-2600-in-april-2026,50308948122998050994686144925841639946050360545921215447281194779092729393480,"Will Ethereum reach $2,600 in April?",divergence_mean_reversion,1,-1,0.5345911949685535,0.49038461538461536,0.0003003828775689732,-0.0005491621016750903,0.0,159,104,0.8,1.2,REJECTED,passed
225,BTC,1823784,will-bitcoin-dip-to-40k-in-april-2026-795-619,98951083891762751529749372132438032148715175020829409124970659708693351854318,"Will Bitcoin dip to $40,000 in April?",divergence_mean_reversion,4,1,0.5476190476190477,0.48598130841121495,0.0005128750373645888,-2.2235328700551156e-05,0.0,168,107,0.8,1.2,REJECTED,passed
226,ETH,1299187,megaeth-market-cap-fdv-1pt5b-one-day-after-launch-371-844-879-681,59361386662140736273790755583050126642583489495616165418126619457111736694733,MegaETH market cap (FDV) >$1.5B one day after launch?,divergence_mean_reversion,1,1,0.48484848484848486,0.48333333333333334,0.00011294540284794917,-4.404974050140826e-06,0.0,363,240,0.8,1.2,REJECTED,passed
227,ETH,1823795,will-ethereum-reach-2800-in-april-2026,103455081209713767851750094101142549597038869631663604903086082563273644697340,"Will Ethereum reach $2,800 in April?",divergence_mean_reversion,4,1,0.5,0.4784688995215311,4.684443292962323e-05,-0.00017590855022476482,0.0,322,209,0.8,1.2,REJECTED,passed
228,ETH,556062,megaeth-market-cap-fdv-2b-one-day-after-launch-738-867-649-272-765-733,57301498276970257025109591078431189727442302532145853906375186182281603517458,MegaETH market cap (FDV) >$2B one day after launch?,divergence_mean_reversion,24,1,0.5630630630630631,0.47540983606557374,0.0002720521374072608,-0.0005850830702263385,0.0,222,122,0.8,1.2,REJECTED,passed
229,BTC,1343220,will-bitcoin-dip-to-10000-by-december-31-2026-888-644-567-258-946-853,42439528758178981890895605039938161151582654744978607695897321288347422769852,"Will Bitcoin dip to $10,000 by December 31, 2026?",divergence_mean_reversion,1,-1,0.5120192307692307,0.4727272727272727,6.532194020878811e-05,-0.0001628755654892001,0.0,416,275,0.8,1.2,REJECTED,passed
230,BTC,692258,microstrategy-sells-any-bitcoin-by-june-30-2026,110251828161543119357013227499774714771527179764174739487025581227481937033858,"MicroStrategy sells any Bitcoin by June 30, 2026?",divergence_mean_reversion,24,1,0.5023255813953489,0.47058823529411764,0.0001000431983420787,-1.3110518489050027e-05,0.0,215,119,0.8,1.2,REJECTED,passed
231,ETH,1383662,will-megaeth-launch-a-token-by-june-30-2026-676-993-477,29601542826076048097538062468538667893425689293490219370577801090612691914945,"Will MegaETH launch a token by June 30, 2026?",divergence_mean_reversion,1,1,0.5062034739454094,0.46616541353383456,0.0003261648987773704,-2.8542367454441527e-05,0.0,403,266,0.8,1.2,REJECTED,passed
232,ETH,1299187,megaeth-market-cap-fdv-1pt5b-one-day-after-launch-371-844-879-681,59361386662140736273790755583050126642583489495616165418126619457111736694733,MegaETH market cap (FDV) >$1.5B one day after launch?,divergence_mean_reversion,4,1,0.5647382920110193,0.4641350210970464,0.0002956958288192952,-0.0002211992301007846,0.0,363,237,0.8,1.2,REJECTED,passed
233,XRP,1823900,will-xrp-reach-2pt4-in-april-2026,6907787482165930535735013797025597365762483807798181321474369791814479389352,Will XRP reach $2.40 in April?,divergence_mean_reversion,24,1,0.5298804780876494,0.46099290780141844,0.0004219164827829568,-0.0004608430261437904,0.0,251,141,0.8,1.2,REJECTED,passed
234,BTC,701491,will-bitcoin-reach-150000-by-december-31-2026-557-246-971,9408196828451163378822245032645030045707991112669125056198742225498158094445,"Will Bitcoin reach $150,000 by December 31, 2026?",divergence_mean_reversion,1,-1,0.5271966527196653,0.4585987261146497,0.0001390192936892434,-4.295040659659307e-05,0.0,239,157,0.8,1.2,REJECTED,passed
235,BTC,1823785,will-bitcoin-dip-to-35k-in-april-2026-269-515,55866919730905441060316639913713252112909337594136306040264616999652467664982,"Will Bitcoin dip to $35,000 in April?",divergence_mean_reversion,4,1,0.5561497326203209,0.4583333333333333,0.0002445179415065632,-7.651089367274241e-05,0.0,187,120,0.8,1.2,REJECTED,passed
236,BTC,692258,microstrategy-sells-any-bitcoin-by-june-30-2026,110251828161543119357013227499774714771527179764174739487025581227481937033858,"MicroStrategy sells any Bitcoin by June 30, 2026?",divergence_mean_reversion,1,-1,0.5162790697674419,0.45774647887323944,8.87767025399794e-05,-1.58002263177916e-05,0.0,215,142,0.8,1.2,REJECTED,passed
237,BTC,701494,will-bitcoin-reach-120000-by-december-31-2026-625-425-562,65965214225073605704712365855887384729237451947822407248598722221769498441791,"Will Bitcoin reach $120,000 by December 31, 2026?",divergence_mean_reversion,1,-1,0.5913978494623656,0.45528455284552843,0.0002237880959270655,-2.2531897541479536e-05,0.0,186,123,0.8,1.2,REJECTED,passed
238,BTC,948957,bitcoin-all-time-high-by-september-30-2026,50388900663189748675936681554126016850520413670342348778716337126803310768728,"Bitcoin all time high by September 30, 2026?",divergence_mean_reversion,1,-1,0.5519125683060109,0.45454545454545453,0.00041675309597406443,-0.00017254576487357032,0.0,183,121,0.8,1.2,REJECTED,passed
239,BTC,1823785,will-bitcoin-dip-to-35k-in-april-2026-269-515,55866919730905441060316639913713252112909337594136306040264616999652467664982,"Will Bitcoin dip to $35,000 in April?",divergence_mean_reversion,1,-1,0.5187165775401069,0.44715447154471544,0.0001305207111862459,-9.535871424485162e-05,0.0,187,123,0.8,1.2,REJECTED,passed
240,BTC,1823784,will-bitcoin-dip-to-40k-in-april-2026-795-619,98951083891762751529749372132438032148715175020829409124970659708693351854318,"Will Bitcoin dip to $40,000 in April?",divergence_mean_reversion,1,-1,0.5416666666666666,0.44545454545454544,0.0002440025361447358,-1.2013426342134804e-05,0.0,168,110,0.8,1.2,REJECTED,passed
241,ETH,1823794,will-ethereum-reach-3000-in-april-2026,98694887273478515891138203442549017191281454470497426834485838288268569808164,"Will Ethereum reach $3,000 in April?",divergence_mean_reversion,1,1,0.4628099173553719,0.44025157232704404,0.00012112014328631568,-0.0004257808875462999,0.0,242,159,0.8,1.2,REJECTED,passed
242,BTC,948958,bitcoin-all-time-high-by-december-31-2026,102959890468928530190954086704155483076852880798676895426376704430618826404382,"Bitcoin all time high by December 31, 2026?",divergence_mean_reversion,1,-1,0.5763546798029556,0.42857142857142855,0.0006559185294816479,-0.00016215282637763127,0.0,203,133,0.8,1.2,REJECTED,passed
243,ETH,1823799,will-ethereum-dip-to-2000-in-april-2026,115443844896518160070261607488184121309794437412699113546532889479676113001808,"Will Ethereum dip to $2,000 in April?",divergence_mean_reversion,4,1,0.553072625698324,0.4260869565217391,0.0005673456997840761,-0.000782613053849436,0.0,179,115,0.8,1.2,REJECTED,passed
244,ETH,556062,megaeth-market-cap-fdv-2b-one-day-after-launch-738-867-649-272-765-733,57301498276970257025109591078431189727442302532145853906375186182281603517458,MegaETH market cap (FDV) >$2B one day after launch?,divergence_mean_reversion,4,1,0.5225225225225225,0.4225352112676056,0.00034147253949145975,-0.0004793124717511249,0.0,222,142,0.8,1.2,REJECTED,passed
245,ETH,1823796,will-ethereum-reach-2600-in-april-2026,50308948122998050994686144925841639946050360545921215447281194779092729393480,"Will Ethereum reach $2,600 in April?",divergence_mean_reversion,4,1,0.5094339622641509,0.39603960396039606,0.0002972737641327445,-0.00025435899255893315,0.0,159,101,0.8,1.2,REJECTED,passed
246,ETH,1299187,megaeth-market-cap-fdv-1pt5b-one-day-after-launch-371-844-879-681,59361386662140736273790755583050126642583489495616165418126619457111736694733,MegaETH market cap (FDV) >$1.5B one day after launch?,polymarket_leads_crypto_momentum,24,1,0.5151515151515151,0.40625,0.0007220134083786561,-0.0010580308277893975,0.0,66,96,0.9,1.185,REJECTED,passed
247,ETH,1823799,will-ethereum-dip-to-2000-in-april-2026,115443844896518160070261607488184121309794437412699113546532889479676113001808,"Will Ethereum dip to $2,000 in April?",divergence_mean_reversion,24,1,0.5251396648044693,0.4105263157894737,0.0006040954422595736,-0.0004886690731241416,0.0,179,95,0.8,1.15,REJECTED,passed
248,ETH,1823800,will-ethereum-dip-to-1800-in-april-2026,88623813947148129759226599572615258910454701043061032464667581751883927272067,"Will Ethereum dip to $1,800 in April?",probability_momentum_continuation,1,-1,0.47651006711409394,0.4606741573033708,0.0003007317368800458,-0.0003110590216927348,0.0,149,89,1.0,1.1400000000000001,REJECTED,passed
249,ETH,1823800,will-ethereum-dip-to-1800-in-april-2026,88623813947148129759226599572615258910454701043061032464667581751883927272067,"Will Ethereum dip to $1,800 in April?",probability_reversal,1,1,0.47651006711409394,0.4606741573033708,0.0003007317368800458,-0.0003110590216927348,0.0,149,89,1.0,1.1400000000000001,REJECTED,passed
250,ETH,1383662,will-megaeth-launch-a-token-by-june-30-2026-676-993-477,29601542826076048097538062468538667893425689293490219370577801090612691914945,"Will MegaETH launch a token by June 30, 2026?",polymarket_leads_crypto_momentum,4,1,0.5039370078740157,0.4666666666666667,0.0007372285343461892,-0.00018862930888499581,0.0,127,90,0.9,1.125,REJECTED,passed
251,XRP,1823902,will-xrp-reach-2-in-april-2026,67556301124097607260152199396403959080839673893054926374870558197278260784915,Will XRP reach $2.00 in April?,probability_momentum_continuation,1,1,0.5189873417721519,0.47126436781609193,0.0002214158165006961,-1.2866916151925545e-05,0.0,158,87,1.0,1.12,REJECTED,passed
252,XRP,1823902,will-xrp-reach-2-in-april-2026,67556301124097607260152199396403959080839673893054926374870558197278260784915,Will XRP reach $2.00 in April?,probability_reversal,1,-1,0.5189873417721519,0.47126436781609193,0.0002214158165006961,-1.2866916151925545e-05,0.0,158,87,1.0,1.12,REJECTED,passed
253,XRP,1823900,will-xrp-reach-2pt4-in-april-2026,6907787482165930535735013797025597365762483807798181321474369791814479389352,Will XRP reach $2.40 in April?,probability_momentum_continuation,24,1,0.5163398692810458,0.5277777777777778,0.00022534299928025908,-0.00010944597237468884,0.0,153,72,1.0,1.0811111111111111,REJECTED,passed
254,XRP,1823900,will-xrp-reach-2pt4-in-april-2026,6907787482165930535735013797025597365762483807798181321474369791814479389352,Will XRP reach $2.40 in April?,probability_reversal,24,-1,0.5163398692810458,0.5277777777777778,0.00022534299928025908,-0.00010944597237468884,0.0,153,72,1.0,1.0811111111111111,REJECTED,passed
255,BTC,1339767,will-bitcoin-dip-to-50000-by-december-31-2026-454-325-222-878-949-487-451,13887983551129862992605123088744175927084435631400400451585519366058907542147,"Will Bitcoin dip to $50,000 by December 31, 2026?",polymarket_leads_crypto_momentum,24,1,0.5165562913907285,0.5573770491803278,0.0003622257099622166,-0.00026165272791395385,0.0,151,61,0.9,1.0645081967213113,REJECTED,passed
256,ETH,1823796,will-ethereum-reach-2600-in-april-2026,50308948122998050994686144925841639946050360545921215447281194779092729393480,"Will Ethereum reach $2,600 in April?",probability_momentum_continuation,1,1,0.5172413793103449,0.37037037037037035,0.0001661929128698025,-0.0012742690178347612,0.0,145,81,1.0,1.06,REJECTED,passed
257,ETH,1823796,will-ethereum-reach-2600-in-april-2026,50308948122998050994686144925841639946050360545921215447281194779092729393480,"Will Ethereum reach $2,600 in April?",probability_reversal,1,-1,0.5172413793103449,0.37037037037037035,0.0001661929128698025,-0.0012742690178347612,0.0,145,81,1.0,1.06,REJECTED,passed
258,BTC,1823786,will-bitcoin-dip-to-30k-in-april-2026-724-192,84771301702351303074871180279903621715509085776274806851229789863791098403148,"Will Bitcoin dip to $30,000 in April?",divergence_mean_reversion,24,1,0.5370370370370371,0.4819277108433735,0.00025531714124119297,-0.00015159984779697163,0.0,162,83,0.8,1.03,REJECTED,passed
259,ETH,701552,will-ethereum-dip-to-1500-by-december-31-2026,101639751789549589765350117072740510018809594718571111931328241076831078702528,"Will Ethereum dip to $1,500 by December 31, 2026?",probability_momentum_continuation,24,1,0.5657894736842105,0.358974358974359,0.0006932867986716351,-0.0006496463778491885,0.0,152,78,1.0,1.03,REJECTED,passed
260,ETH,701552,will-ethereum-dip-to-1500-by-december-31-2026,101639751789549589765350117072740510018809594718571111931328241076831078702528,"Will Ethereum dip to $1,500 by December 31, 2026?",probability_reversal,24,-1,0.5657894736842105,0.358974358974359,0.0006932867986716351,-0.0006496463778491885,0.0,152,78,1.0,1.03,REJECTED,passed
261,ETH,1823800,will-ethereum-dip-to-1800-in-april-2026,88623813947148129759226599572615258910454701043061032464667581751883927272067,"Will Ethereum dip to $1,800 in April?",divergence_mean_reversion,24,1,0.515527950310559,0.4878048780487805,0.00021032841305426809,-0.0005356898411133733,0.0,161,82,0.8,1.02,REJECTED,passed
262,BTC,701504,will-bitcoin-dip-to-25000-by-december-31-2026-948-243-253-666-115-787-981-282-573-719-186-417-762-754-486-851-278-145,58908160299895538838177673280060816284346493901538403975218911918392404378292,"Will Bitcoin dip to $25,000 by December 31, 2026?",probability_momentum_continuation,1,-1,0.48360655737704916,0.42105263157894735,5.9263313003778026e-05,-0.0006141172810429917,0.0,122,76,1.0,1.01,REJECTED,passed
263,BTC,701504,will-bitcoin-dip-to-25000-by-december-31-2026-948-243-253-666-115-787-981-282-573-719-186-417-762-754-486-851-278-145,58908160299895538838177673280060816284346493901538403975218911918392404378292,"Will Bitcoin dip to $25,000 by December 31, 2026?",probability_reversal,1,1,0.48360655737704916,0.42105263157894735,5.9263313003778026e-05,-0.0006141172810429917,0.0,122,76,1.0,1.01,REJECTED,passed
264,ETH,556062,megaeth-market-cap-fdv-2b-one-day-after-launch-738-867-649-272-765-733,57301498276970257025109591078431189727442302532145853906375186182281603517458,MegaETH market cap (FDV) >$2B one day after launch?,polymarket_leads_crypto_momentum,24,-1,0.6712328767123288,0.5303030303030303,0.0009593992151482294,-0.00030672083303827347,0.0,73,66,0.9,1.0062121212121211,REJECTED,passed
265,ETH,556062,megaeth-market-cap-fdv-2b-one-day-after-launch-738-867-649-272-765-733,57301498276970257025109591078431189727442302532145853906375186182281603517458,MegaETH market cap (FDV) >$2B one day after launch?,polymarket_leads_crypto_momentum,1,1,0.6027397260273972,0.4533333333333333,0.0005586567011480095,-0.0002204810980183101,0.0,73,75,0.9,0.975,REJECTED,passed
266,BTC,1339767,will-bitcoin-dip-to-50000-by-december-31-2026-454-325-222-878-949-487-451,13887983551129862992605123088744175927084435631400400451585519366058907542147,"Will Bitcoin dip to $50,000 by December 31, 2026?",polymarket_leads_crypto_momentum,1,1,0.4768211920529801,0.4647887323943662,0.00012270587760179115,-0.00019766525990212386,0.0,151,71,0.9,0.9349999999999999,REJECTED,passed
267,ETH,1823800,will-ethereum-dip-to-1800-in-april-2026,88623813947148129759226599572615258910454701043061032464667581751883927272067,"Will Ethereum dip to $1,800 in April?",probability_momentum_continuation,24,1,0.5033557046979866,0.45454545454545453,0.0002133110684382422,-0.0003334885529902037,0.0,149,66,1.0,0.91,REJECTED,passed
268,ETH,1823800,will-ethereum-dip-to-1800-in-april-2026,88623813947148129759226599572615258910454701043061032464667581751883927272067,"Will Ethereum dip to $1,800 in April?",probability_reversal,24,-1,0.5033557046979866,0.45454545454545453,0.0002133110684382422,-0.0003334885529902037,0.0,149,66,1.0,0.91,REJECTED,passed
269,XRP,1823902,will-xrp-reach-2-in-april-2026,67556301124097607260152199396403959080839673893054926374870558197278260784915,Will XRP reach $2.00 in April?,probability_momentum_continuation,24,1,0.5569620253164557,0.36363636363636365,0.0003520280091620106,-0.0004342309880855179,0.0,158,66,1.0,0.91,REJECTED,passed
270,XRP,1823902,will-xrp-reach-2-in-april-2026,67556301124097607260152199396403959080839673893054926374870558197278260784915,Will XRP reach $2.00 in April?,probability_reversal,24,-1,0.5569620253164557,0.36363636363636365,0.0003520280091620106,-0.0004342309880855179,0.0,158,66,1.0,0.91,REJECTED,passed
271,ETH,1373744,megaeth-market-cap-fdv-800m-one-day-after-launch-987-114-655,61268780060811317912125567165718241493378747385698282791855508063291413917546,MegaETH market cap (FDV) >$800M one day after launch?,probability_momentum_continuation,24,-1,0.5859872611464968,0.5081967213114754,0.00019224591660564418,-0.0002630024532196302,0.0,157,61,1.0,0.8927868852459017,REJECTED,passed
272,ETH,1373744,megaeth-market-cap-fdv-800m-one-day-after-launch-987-114-655,61268780060811317912125567165718241493378747385698282791855508063291413917546,MegaETH market cap (FDV) >$800M one day after launch?,probability_reversal,24,1,0.5859872611464968,0.5081967213114754,0.00019224591660564418,-0.0002630024532196302,0.0,157,61,1.0,0.8927868852459017,REJECTED,passed
273,BTC,1343220,will-bitcoin-dip-to-10000-by-december-31-2026-888-644-567-258-946-853,42439528758178981890895605039938161151582654744978607695897321288347422769852,"Will Bitcoin dip to $10,000 by December 31, 2026?",polymarket_leads_crypto_momentum,24,1,0.58,0.4696969696969697,0.0004046170169833003,-0.0009310846476236034,0.0,100,66,0.9,0.885,REJECTED,passed
274,BTC,701494,will-bitcoin-reach-120000-by-december-31-2026-625-425-562,65965214225073605704712365855887384729237451947822407248598722221769498441791,"Will Bitcoin reach $120,000 by December 31, 2026?",probability_momentum_continuation,24,1,0.5511811023622047,0.5862068965517241,0.00015452572913588977,-7.433534807645075e-05,0.0,127,29,1.0,0.8848275862068964,REJECTED,passed
275,BTC,701494,will-bitcoin-reach-120000-by-december-31-2026-625-425-562,65965214225073605704712365855887384729237451947822407248598722221769498441791,"Will Bitcoin reach $120,000 by December 31, 2026?",probability_reversal,24,-1,0.5511811023622047,0.5862068965517241,0.00015452572913588977,-7.433534807645075e-05,0.0,127,29,1.0,0.8848275862068964,REJECTED,passed
276,BTC,692258,microstrategy-sells-any-bitcoin-by-june-30-2026,110251828161543119357013227499774714771527179764174739487025581227481937033858,"MicroStrategy sells any Bitcoin by June 30, 2026?",probability_momentum_continuation,4,1,0.5467625899280576,0.5294117647058824,6.592587250946714e-05,-2.445016911614901e-06,0.0,139,51,1.0,0.8776470588235294,REJECTED,passed
277,BTC,692258,microstrategy-sells-any-bitcoin-by-june-30-2026,110251828161543119357013227499774714771527179764174739487025581227481937033858,"MicroStrategy sells any Bitcoin by June 30, 2026?",probability_reversal,4,-1,0.5467625899280576,0.5294117647058824,6.592587250946714e-05,-2.445016911614901e-06,0.0,139,51,1.0,0.8776470588235294,REJECTED,passed
278,ETH,1373744,megaeth-market-cap-fdv-800m-one-day-after-launch-987-114-655,61268780060811317912125567165718241493378747385698282791855508063291413917546,MegaETH market cap (FDV) >$800M one day after launch?,probability_momentum_continuation,4,1,0.554140127388535,0.4262295081967213,0.0008135458486611416,-0.00047637771943776836,0.0,157,61,1.0,0.86,REJECTED,passed
279,ETH,1373744,megaeth-market-cap-fdv-800m-one-day-after-launch-987-114-655,61268780060811317912125567165718241493378747385698282791855508063291413917546,MegaETH market cap (FDV) >$800M one day after launch?,probability_reversal,4,-1,0.554140127388535,0.4262295081967213,0.0008135458486611416,-0.00047637771943776836,0.0,157,61,1.0,0.86,REJECTED,passed
280,BTC,701504,will-bitcoin-dip-to-25000-by-december-31-2026-948-243-253-666-115-787-981-282-573-719-186-417-762-754-486-851-278-145,58908160299895538838177673280060816284346493901538403975218911918392404378292,"Will Bitcoin dip to $25,000 by December 31, 2026?",probability_momentum_continuation,24,-1,0.47540983606557374,0.5,0.00029776329035243354,-0.00033416200484429623,0.0,122,58,1.0,0.83,REJECTED,passed
281,BTC,701504,will-bitcoin-dip-to-25000-by-december-31-2026-948-243-253-666-115-787-981-282-573-719-186-417-762-754-486-851-278-145,58908160299895538838177673280060816284346493901538403975218911918392404378292,"Will Bitcoin dip to $25,000 by December 31, 2026?",probability_reversal,24,1,0.47540983606557374,0.5,0.00029776329035243354,-0.00033416200484429623,0.0,122,58,1.0,0.83,REJECTED,passed
282,ETH,1823796,will-ethereum-reach-2600-in-april-2026,50308948122998050994686144925841639946050360545921215447281194779092729393480,"Will Ethereum reach $2,600 in April?",polymarket_leads_crypto_momentum,1,1,0.544,0.41379310344827586,0.0001169175431887856,-0.0009575389516633819,0.0,125,58,0.9,0.8049999999999999,REJECTED,passed
283,SOL,1938186,solana-above-90-on-april-17,78049396186231898492663494001134050059411966497302094454855717401716270526313,Will the price of Solana be above $90 on April 17?,divergence_mean_reversion,1,-1,0.5151515151515151,0.5909090909090909,0.0008999111811327664,-0.0008617704058835336,0.0,33,22,0.8,0.7836363636363637,REJECTED,passed
284,BTC,692258,microstrategy-sells-any-bitcoin-by-june-30-2026,110251828161543119357013227499774714771527179764174739487025581227481937033858,"MicroStrategy sells any Bitcoin by June 30, 2026?",probability_momentum_continuation,24,1,0.45323741007194246,0.5106382978723404,1.480251292184763e-05,-6.734020857947558e-05,0.0,139,47,1.0,0.7625531914893615,REJECTED,passed
285,BTC,692258,microstrategy-sells-any-bitcoin-by-june-30-2026,110251828161543119357013227499774714771527179764174739487025581227481937033858,"MicroStrategy sells any Bitcoin by June 30, 2026?",probability_reversal,24,-1,0.45323741007194246,0.5106382978723404,1.480251292184763e-05,-6.734020857947558e-05,0.0,139,47,1.0,0.7625531914893615,REJECTED,passed
286,BTC,692258,microstrategy-sells-any-bitcoin-by-june-30-2026,110251828161543119357013227499774714771527179764174739487025581227481937033858,"MicroStrategy sells any Bitcoin by June 30, 2026?",probability_momentum_continuation,1,-1,0.5467625899280576,0.45098039215686275,0.0005381037995653751,-0.0002243398613372523,0.0,139,51,1.0,0.76,REJECTED,passed
287,BTC,692258,microstrategy-sells-any-bitcoin-by-june-30-2026,110251828161543119357013227499774714771527179764174739487025581227481937033858,"MicroStrategy sells any Bitcoin by June 30, 2026?",probability_reversal,1,1,0.5467625899280576,0.45098039215686275,0.0005381037995653751,-0.0002243398613372523,0.0,139,51,1.0,0.76,REJECTED,passed
288,BTC,948957,bitcoin-all-time-high-by-september-30-2026,50388900663189748675936681554126016850520413670342348778716337126803310768728,"Bitcoin all time high by September 30, 2026?",probability_momentum_continuation,24,-1,0.5294117647058824,0.5555555555555556,0.000531721084899147,-0.0002007804676373803,0.0,102,27,1.0,0.7422222222222223,REJECTED,passed
289,BTC,948957,bitcoin-all-time-high-by-september-30-2026,50388900663189748675936681554126016850520413670342348778716337126803310768728,"Bitcoin all time high by September 30, 2026?",probability_reversal,24,1,0.5294117647058824,0.5555555555555556,0.000531721084899147,-0.0002007804676373803,0.0,102,27,1.0,0.7422222222222223,REJECTED,passed
290,ETH,1823794,will-ethereum-reach-3000-in-april-2026,98694887273478515891138203442549017191281454470497426834485838288268569808164,"Will Ethereum reach $3,000 in April?",polymarket_leads_crypto_momentum,4,1,0.5976331360946746,0.45098039215686275,0.0002834744195502867,-0.0008767677715737487,0.0,169,51,0.9,0.735,REJECTED,passed
291,BTC,701491,will-bitcoin-reach-150000-by-december-31-2026-557-246-971,9408196828451163378822245032645030045707991112669125056198742225498158094445,"Will Bitcoin reach $150,000 by December 31, 2026?",probability_momentum_continuation,24,1,0.5421686746987951,0.4782608695652174,0.0006158702332072799,-0.00010218415804425346,0.0,83,46,1.0,0.71,REJECTED,passed
292,BTC,701491,will-bitcoin-reach-150000-by-december-31-2026-557-246-971,9408196828451163378822245032645030045707991112669125056198742225498158094445,"Will Bitcoin reach $150,000 by December 31, 2026?",probability_reversal,24,-1,0.5421686746987951,0.4782608695652174,0.0006158702332072799,-0.00010218415804425346,0.0,83,46,1.0,0.71,REJECTED,passed
293,ETH,1823800,will-ethereum-dip-to-1800-in-april-2026,88623813947148129759226599572615258910454701043061032464667581751883927272067,"Will Ethereum dip to $1,800 in April?",polymarket_leads_crypto_momentum,4,-1,0.5514018691588785,0.45652173913043476,0.0002441115732192208,-0.00022684100000350027,0.0,107,46,0.9,0.685,REJECTED,passed
294,XRP,1823902,will-xrp-reach-2-in-april-2026,67556301124097607260152199396403959080839673893054926374870558197278260784915,Will XRP reach $2.00 in April?,polymarket_leads_crypto_momentum,1,1,0.5478260869565217,0.3023255813953488,0.00035433482030650153,-0.0002703115428869615,0.0,115,43,0.9,0.655,REJECTED,passed
295,XRP,1823902,will-xrp-reach-2-in-april-2026,67556301124097607260152199396403959080839673893054926374870558197278260784915,Will XRP reach $2.00 in April?,polymarket_leads_crypto_momentum,4,1,0.5478260869565217,0.38095238095238093,0.000417936482382367,-0.0010864705926646996,0.0,115,42,0.9,0.645,REJECTED,passed
296,XRP,1823900,will-xrp-reach-2pt4-in-april-2026,6907787482165930535735013797025597365762483807798181321474369791814479389352,Will XRP reach $2.40 in April?,polymarket_leads_crypto_momentum,1,-1,0.5211267605633803,0.5151515151515151,0.00035260090113029506,-0.00020959933893341167,0.0,71,33,0.9,0.6156060606060606,REJECTED,passed
297,ETH,1823796,will-ethereum-reach-2600-in-april-2026,50308948122998050994686144925841639946050360545921215447281194779092729393480,"Will Ethereum reach $2,600 in April?",polymarket_leads_crypto_momentum,24,1,0.552,0.41025641025641024,0.0010233371315062937,-0.0008422479871928326,0.0,125,39,0.9,0.615,REJECTED,passed
298,BTC,701504,will-bitcoin-dip-to-25000-by-december-31-2026-948-243-253-666-115-787-981-282-573-719-186-417-762-754-486-851-278-145,58908160299895538838177673280060816284346493901538403975218911918392404378292,"Will Bitcoin dip to $25,000 by December 31, 2026?",polymarket_leads_crypto_momentum,1,-1,0.4772727272727273,0.28205128205128205,7.393535551388967e-05,-0.001401623413142963,0.0,44,39,0.9,0.615,REJECTED,passed
299,BTC,948958,bitcoin-all-time-high-by-december-31-2026,102959890468928530190954086704155483076852880798676895426376704430618826404382,"Bitcoin all time high by December 31, 2026?",probability_momentum_continuation,24,-1,0.5483870967741935,0.5172413793103449,0.000522991535517013,-0.00025554665027750827,0.0,124,29,1.0,0.6089655172413795,REJECTED,passed
300,BTC,948958,bitcoin-all-time-high-by-december-31-2026,102959890468928530190954086704155483076852880798676895426376704430618826404382,"Bitcoin all time high by December 31, 2026?",probability_reversal,24,1,0.5483870967741935,0.5172413793103449,0.000522991535517013,-0.00025554665027750827,0.0,124,29,1.0,0.6089655172413795,REJECTED,passed
301,BTC,948957,bitcoin-all-time-high-by-september-30-2026,50388900663189748675936681554126016850520413670342348778716337126803310768728,"Bitcoin all time high by September 30, 2026?",probability_momentum_continuation,1,-1,0.49019607843137253,0.5185185185185185,5.3520630618575726e-05,-0.0001936388150544636,0.0,102,27,1.0,0.594074074074074,REJECTED,passed
302,BTC,948957,bitcoin-all-time-high-by-september-30-2026,50388900663189748675936681554126016850520413670342348778716337126803310768728,"Bitcoin all time high by September 30, 2026?",probability_reversal,1,1,0.49019607843137253,0.5185185185185185,5.3520630618575726e-05,-0.0001936388150544636,0.0,102,27,1.0,0.594074074074074,REJECTED,passed
303,SOL,1823881,will-solana-reach-160-in-april-2026,2239666445220242421622333852346062404205114740031545382107437837927896782621,Will Solana reach $160 in April?,probability_momentum_continuation,1,-1,0.5375,0.52,0.0008618742815711293,-0.000443930118305668,0.0,160,25,1.0,0.5800000000000001,REJECTED,passed
304,SOL,1823881,will-solana-reach-160-in-april-2026,2239666445220242421622333852346062404205114740031545382107437837927896782621,Will Solana reach $160 in April?,probability_reversal,1,1,0.5375,0.52,0.0008618742815711293,-0.000443930118305668,0.0,160,25,1.0,0.5800000000000001,REJECTED,passed
305,BTC,665258,will-china-unban-bitcoin-by-2027,91810646921497227084241579668235102205462718984593674693010693975258849328842,Will China unban Bitcoin by 2027?,polymarket_leads_crypto_momentum,1,1,0.5205479452054794,0.45714285714285713,9.961343762732402e-05,-9.323426364871446e-05,0.0,73,35,0.9,0.575,REJECTED,passed
306,BTC,665258,will-china-unban-bitcoin-by-2027,91810646921497227084241579668235102205462718984593674693010693975258849328842,Will China unban Bitcoin by 2027?,polymarket_leads_crypto_momentum,24,-1,0.4657534246575342,0.4117647058823529,0.00019382205998991442,-0.00022746151512405594,0.0,73,34,0.9,0.5650000000000001,REJECTED,passed
307,BTC,948958,bitcoin-all-time-high-by-december-31-2026,102959890468928530190954086704155483076852880798676895426376704430618826404382,"Bitcoin all time high by December 31, 2026?",probability_momentum_continuation,1,1,0.5161290322580645,0.4838709677419355,0.00019336585013974853,-0.00031478609513758727,0.0,124,31,1.0,0.56,REJECTED,passed
308,BTC,948958,bitcoin-all-time-high-by-december-31-2026,102959890468928530190954086704155483076852880798676895426376704430618826404382,"Bitcoin all time high by December 31, 2026?",probability_reversal,1,-1,0.5161290322580645,0.4838709677419355,0.00019336585013974853,-0.00031478609513758727,0.0,124,31,1.0,0.56,REJECTED,passed
309,ETH,701552,will-ethereum-dip-to-1500-by-december-31-2026,101639751789549589765350117072740510018809594718571111931328241076831078702528,"Will Ethereum dip to $1,500 by December 31, 2026?",polymarket_leads_crypto_momentum,24,1,0.5714285714285714,0.3333333333333333,0.0005784521345576867,-1.7752320430692927e-05,0.0,70,30,0.9,0.525,REJECTED,passed
310,XRP,1823900,will-xrp-reach-2pt4-in-april-2026,6907787482165930535735013797025597365762483807798181321474369791814479389352,Will XRP reach $2.40 in April?,polymarket_leads_crypto_momentum,24,1,0.5492957746478874,0.4827586206896552,0.000281217417275416,-0.0004257973740938298,0.0,71,29,0.9,0.515,REJECTED,passed
311,SOL,1938186,solana-above-90-on-april-17,78049396186231898492663494001134050059411966497302094454855717401716270526313,Will the price of Solana be above $90 on April 17?,probability_momentum_continuation,1,1,0.59375,0.4090909090909091,0.00160816159099996,-0.0022051449483839725,0.0,32,22,1.0,0.47,REJECTED,passed
312,SOL,1938186,solana-above-90-on-april-17,78049396186231898492663494001134050059411966497302094454855717401716270526313,Will the price of Solana be above $90 on April 17?,probability_reversal,1,-1,0.59375,0.4090909090909091,0.00160816159099996,-0.0022051449483839725,0.0,32,22,1.0,0.47,REJECTED,passed
313,BTC,948958,bitcoin-all-time-high-by-december-31-2026,102959890468928530190954086704155483076852880798676895426376704430618826404382,"Bitcoin all time high by December 31, 2026?",high_confidence_probability_move,1,0,0.0,0.0,0.0,0.0,0.0,0,0,0.0,0.0,REJECTED,insufficient_samples
314,BTC,948958,bitcoin-all-time-high-by-december-31-2026,102959890468928530190954086704155483076852880798676895426376704430618826404382,"Bitcoin all time high by December 31, 2026?",high_confidence_probability_move,4,0,0.0,0.0,0.0,0.0,0.0,0,0,0.0,0.0,REJECTED,insufficient_samples
315,BTC,948958,bitcoin-all-time-high-by-december-31-2026,102959890468928530190954086704155483076852880798676895426376704430618826404382,"Bitcoin all time high by December 31, 2026?",high_confidence_probability_move,24,0,0.0,0.0,0.0,0.0,0.0,0,0,0.0,0.0,REJECTED,insufficient_samples
316,BTC,948958,bitcoin-all-time-high-by-december-31-2026,102959890468928530190954086704155483076852880798676895426376704430618826404382,"Bitcoin all time high by December 31, 2026?",polymarket_leads_crypto_momentum,1,0,0.0,0.0,0.0,0.0,0.0,0,0,0.0,0.0,REJECTED,insufficient_samples
317,BTC,948958,bitcoin-all-time-high-by-december-31-2026,102959890468928530190954086704155483076852880798676895426376704430618826404382,"Bitcoin all time high by December 31, 2026?",polymarket_leads_crypto_momentum,4,0,0.0,0.0,0.0,0.0,0.0,0,0,0.0,0.0,REJECTED,insufficient_samples
318,BTC,948958,bitcoin-all-time-high-by-december-31-2026,102959890468928530190954086704155483076852880798676895426376704430618826404382,"Bitcoin all time high by December 31, 2026?",polymarket_leads_crypto_momentum,24,0,0.0,0.0,0.0,0.0,0.0,0,0,0.0,0.0,REJECTED,insufficient_samples
319,BTC,948957,bitcoin-all-time-high-by-september-30-2026,50388900663189748675936681554126016850520413670342348778716337126803310768728,"Bitcoin all time high by September 30, 2026?",high_confidence_probability_move,1,0,0.0,0.0,0.0,0.0,0.0,0,0,0.0,0.0,REJECTED,insufficient_samples
320,BTC,948957,bitcoin-all-time-high-by-september-30-2026,50388900663189748675936681554126016850520413670342348778716337126803310768728,"Bitcoin all time high by September 30, 2026?",high_confidence_probability_move,4,0,0.0,0.0,0.0,0.0,0.0,0,0,0.0,0.0,REJECTED,insufficient_samples
321,BTC,948957,bitcoin-all-time-high-by-september-30-2026,50388900663189748675936681554126016850520413670342348778716337126803310768728,"Bitcoin all time high by September 30, 2026?",high_confidence_probability_move,24,0,0.0,0.0,0.0,0.0,0.0,0,0,0.0,0.0,REJECTED,insufficient_samples
322,BTC,948957,bitcoin-all-time-high-by-september-30-2026,50388900663189748675936681554126016850520413670342348778716337126803310768728,"Bitcoin all time high by September 30, 2026?",polymarket_leads_crypto_momentum,1,0,0.0,0.0,0.0,0.0,0.0,0,0,0.0,0.0,REJECTED,insufficient_samples
323,BTC,948957,bitcoin-all-time-high-by-september-30-2026,50388900663189748675936681554126016850520413670342348778716337126803310768728,"Bitcoin all time high by September 30, 2026?",polymarket_leads_crypto_momentum,4,0,0.0,0.0,0.0,0.0,0.0,0,0,0.0,0.0,REJECTED,insufficient_samples
324,BTC,948957,bitcoin-all-time-high-by-september-30-2026,50388900663189748675936681554126016850520413670342348778716337126803310768728,"Bitcoin all time high by September 30, 2026?",polymarket_leads_crypto_momentum,24,0,0.0,0.0,0.0,0.0,0.0,0,0,0.0,0.0,REJECTED,insufficient_samples
325,BTC,1756103,bitcoin-up-or-down-march-30-2026-5am-et,104148078587508844353349920933756688218237557006821345106795482220576723212955,"Bitcoin Up or Down - March 30, 5AM ET",divergence_mean_reversion,1,0,0.0,0.0,0.0,0.0,0.0,0,0,0.0,0.0,REJECTED,flat_market
326,BTC,1756103,bitcoin-up-or-down-march-30-2026-5am-et,104148078587508844353349920933756688218237557006821345106795482220576723212955,"Bitcoin Up or Down - March 30, 5AM ET",divergence_mean_reversion,4,0,0.0,0.0,0.0,0.0,0.0,0,0,0.0,0.0,REJECTED,flat_market
327,BTC,1756103,bitcoin-up-or-down-march-30-2026-5am-et,104148078587508844353349920933756688218237557006821345106795482220576723212955,"Bitcoin Up or Down - March 30, 5AM ET",divergence_mean_reversion,24,0,0.0,0.0,0.0,0.0,0.0,0,0,0.0,0.0,REJECTED,flat_market
328,BTC,1756103,bitcoin-up-or-down-march-30-2026-5am-et,104148078587508844353349920933756688218237557006821345106795482220576723212955,"Bitcoin Up or Down - March 30, 5AM ET",high_confidence_probability_move,1,0,0.0,0.0,0.0,0.0,0.0,0,0,0.0,0.0,REJECTED,flat_market
329,BTC,1756103,bitcoin-up-or-down-march-30-2026-5am-et,104148078587508844353349920933756688218237557006821345106795482220576723212955,"Bitcoin Up or Down - March 30, 5AM ET",high_confidence_probability_move,4,0,0.0,0.0,0.0,0.0,0.0,0,0,0.0,0.0,REJECTED,flat_market
330,BTC,1756103,bitcoin-up-or-down-march-30-2026-5am-et,104148078587508844353349920933756688218237557006821345106795482220576723212955,"Bitcoin Up or Down - March 30, 5AM ET",high_confidence_probability_move,24,0,0.0,0.0,0.0,0.0,0.0,0,0,0.0,0.0,REJECTED,flat_market
331,BTC,1756103,bitcoin-up-or-down-march-30-2026-5am-et,104148078587508844353349920933756688218237557006821345106795482220576723212955,"Bitcoin Up or Down - March 30, 5AM ET",polymarket_leads_crypto_momentum,1,0,0.0,0.0,0.0,0.0,0.0,0,0,0.0,0.0,REJECTED,flat_market
332,BTC,1756103,bitcoin-up-or-down-march-30-2026-5am-et,104148078587508844353349920933756688218237557006821345106795482220576723212955,"Bitcoin Up or Down - March 30, 5AM ET",polymarket_leads_crypto_momentum,4,0,0.0,0.0,0.0,0.0,0.0,0,0,0.0,0.0,REJECTED,flat_market
333,BTC,1756103,bitcoin-up-or-down-march-30-2026-5am-et,104148078587508844353349920933756688218237557006821345106795482220576723212955,"Bitcoin Up or Down - March 30, 5AM ET",polymarket_leads_crypto_momentum,24,0,0.0,0.0,0.0,0.0,0.0,0,0,0.0,0.0,REJECTED,flat_market
334,BTC,1756103,bitcoin-up-or-down-march-30-2026-5am-et,104148078587508844353349920933756688218237557006821345106795482220576723212955,"Bitcoin Up or Down - March 30, 5AM ET",probability_momentum_continuation,1,0,0.0,0.0,0.0,0.0,0.0,0,0,0.0,0.0,REJECTED,flat_market
335,BTC,1756103,bitcoin-up-or-down-march-30-2026-5am-et,104148078587508844353349920933756688218237557006821345106795482220576723212955,"Bitcoin Up or Down - March 30, 5AM ET",probability_momentum_continuation,4,0,0.0,0.0,0.0,0.0,0.0,0,0,0.0,0.0,REJECTED,flat_market
336,BTC,1756103,bitcoin-up-or-down-march-30-2026-5am-et,104148078587508844353349920933756688218237557006821345106795482220576723212955,"Bitcoin Up or Down - March 30, 5AM ET",probability_momentum_continuation,24,0,0.0,0.0,0.0,0.0,0.0,0,0,0.0,0.0,REJECTED,flat_market
337,BTC,1756103,bitcoin-up-or-down-march-30-2026-5am-et,104148078587508844353349920933756688218237557006821345106795482220576723212955,"Bitcoin Up or Down - March 30, 5AM ET",probability_reversal,1,0,0.0,0.0,0.0,0.0,0.0,0,0,0.0,0.0,REJECTED,flat_market
338,BTC,1756103,bitcoin-up-or-down-march-30-2026-5am-et,104148078587508844353349920933756688218237557006821345106795482220576723212955,"Bitcoin Up or Down - March 30, 5AM ET",probability_reversal,4,0,0.0,0.0,0.0,0.0,0.0,0,0,0.0,0.0,REJECTED,flat_market
339,BTC,1756103,bitcoin-up-or-down-march-30-2026-5am-et,104148078587508844353349920933756688218237557006821345106795482220576723212955,"Bitcoin Up or Down - March 30, 5AM ET",probability_reversal,24,0,0.0,0.0,0.0,0.0,0.0,0,0,0.0,0.0,REJECTED,flat_market
340,BTC,1767109,btc-updown-15m-1774822500,13734088091109920508748296153204266020019170311543912253511724501898985502196,"Bitcoin Up or Down - March 29, 6:15PM-6:30PM ET",divergence_mean_reversion,1,0,0.0,0.0,0.0,0.0,0.0,0,0,0.0,0.0,REJECTED,flat_market
341,BTC,1767109,btc-updown-15m-1774822500,13734088091109920508748296153204266020019170311543912253511724501898985502196,"Bitcoin Up or Down - March 29, 6:15PM-6:30PM ET",divergence_mean_reversion,4,0,0.0,0.0,0.0,0.0,0.0,0,0,0.0,0.0,REJECTED,flat_market
342,BTC,1767109,btc-updown-15m-1774822500,13734088091109920508748296153204266020019170311543912253511724501898985502196,"Bitcoin Up or Down - March 29, 6:15PM-6:30PM ET",divergence_mean_reversion,24,0,0.0,0.0,0.0,0.0,0.0,0,0,0.0,0.0,REJECTED,flat_market
343,BTC,1767109,btc-updown-15m-1774822500,13734088091109920508748296153204266020019170311543912253511724501898985502196,"Bitcoin Up or Down - March 29, 6:15PM-6:30PM ET",high_confidence_probability_move,1,0,0.0,0.0,0.0,0.0,0.0,0,0,0.0,0.0,REJECTED,flat_market
344,BTC,1767109,btc-updown-15m-1774822500,13734088091109920508748296153204266020019170311543912253511724501898985502196,"Bitcoin Up or Down - March 29, 6:15PM-6:30PM ET",high_confidence_probability_move,4,0,0.0,0.0,0.0,0.0,0.0,0,0,0.0,0.0,REJECTED,flat_market
345,BTC,1767109,btc-updown-15m-1774822500,13734088091109920508748296153204266020019170311543912253511724501898985502196,"Bitcoin Up or Down - March 29, 6:15PM-6:30PM ET",high_confidence_probability_move,24,0,0.0,0.0,0.0,0.0,0.0,0,0,0.0,0.0,REJECTED,flat_market
346,BTC,1767109,btc-updown-15m-1774822500,13734088091109920508748296153204266020019170311543912253511724501898985502196,"Bitcoin Up or Down - March 29, 6:15PM-6:30PM ET",polymarket_leads_crypto_momentum,1,0,0.0,0.0,0.0,0.0,0.0,0,0,0.0,0.0,REJECTED,flat_market
347,BTC,1767109,btc-updown-15m-1774822500,13734088091109920508748296153204266020019170311543912253511724501898985502196,"Bitcoin Up or Down - March 29, 6:15PM-6:30PM ET",polymarket_leads_crypto_momentum,4,0,0.0,0.0,0.0,0.0,0.0,0,0,0.0,0.0,REJECTED,flat_market
348,BTC,1767109,btc-updown-15m-1774822500,13734088091109920508748296153204266020019170311543912253511724501898985502196,"Bitcoin Up or Down - March 29, 6:15PM-6:30PM ET",polymarket_leads_crypto_momentum,24,0,0.0,0.0,0.0,0.0,0.0,0,0,0.0,0.0,REJECTED,flat_market
349,BTC,1767109,btc-updown-15m-1774822500,13734088091109920508748296153204266020019170311543912253511724501898985502196,"Bitcoin Up or Down - March 29, 6:15PM-6:30PM ET",probability_momentum_continuation,1,0,0.0,0.0,0.0,0.0,0.0,0,0,0.0,0.0,REJECTED,flat_market
350,BTC,1767109,btc-updown-15m-1774822500,13734088091109920508748296153204266020019170311543912253511724501898985502196,"Bitcoin Up or Down - March 29, 6:15PM-6:30PM ET",probability_momentum_continuation,4,0,0.0,0.0,0.0,0.0,0.0,0,0,0.0,0.0,REJECTED,flat_market
351,BTC,1767109,btc-updown-15m-1774822500,13734088091109920508748296153204266020019170311543912253511724501898985502196,"Bitcoin Up or Down - March 29, 6:15PM-6:30PM ET",probability_momentum_continuation,24,0,0.0,0.0,0.0,0.0,0.0,0,0,0.0,0.0,REJECTED,flat_market
352,BTC,1767109,btc-updown-15m-1774822500,13734088091109920508748296153204266020019170311543912253511724501898985502196,"Bitcoin Up or Down - March 29, 6:15PM-6:30PM ET",probability_reversal,1,0,0.0,0.0,0.0,0.0,0.0,0,0,0.0,0.0,REJECTED,flat_market
353,BTC,1767109,btc-updown-15m-1774822500,13734088091109920508748296153204266020019170311543912253511724501898985502196,"Bitcoin Up or Down - March 29, 6:15PM-6:30PM ET",probability_reversal,4,0,0.0,0.0,0.0,0.0,0.0,0,0,0.0,0.0,REJECTED,flat_market
354,BTC,1767109,btc-updown-15m-1774822500,13734088091109920508748296153204266020019170311543912253511724501898985502196,"Bitcoin Up or Down - March 29, 6:15PM-6:30PM ET",probability_reversal,24,0,0.0,0.0,0.0,0.0,0.0,0,0,0.0,0.0,REJECTED,flat_market
355,BTC,1773774,btc-updown-15m-1774862100,103407186728358881041895586520326247282254179365838055070220251644719004484191,"Bitcoin Up or Down - March 30, 5:15AM-5:30AM ET",divergence_mean_reversion,1,0,0.0,0.0,0.0,0.0,0.0,0,0,0.0,0.0,REJECTED,insufficient_samples
356,BTC,1773774,btc-updown-15m-1774862100,103407186728358881041895586520326247282254179365838055070220251644719004484191,"Bitcoin Up or Down - March 30, 5:15AM-5:30AM ET",divergence_mean_reversion,4,0,0.0,0.0,0.0,0.0,0.0,0,0,0.0,0.0,REJECTED,insufficient_samples
357,BTC,1773774,btc-updown-15m-1774862100,103407186728358881041895586520326247282254179365838055070220251644719004484191,"Bitcoin Up or Down - March 30, 5:15AM-5:30AM ET",divergence_mean_reversion,24,0,0.0,0.0,0.0,0.0,0.0,0,0,0.0,0.0,REJECTED,insufficient_samples
358,BTC,1773774,btc-updown-15m-1774862100,103407186728358881041895586520326247282254179365838055070220251644719004484191,"Bitcoin Up or Down - March 30, 5:15AM-5:30AM ET",high_confidence_probability_move,1,0,0.0,0.0,0.0,0.0,0.0,0,0,0.0,0.0,REJECTED,insufficient_samples
359,BTC,1773774,btc-updown-15m-1774862100,103407186728358881041895586520326247282254179365838055070220251644719004484191,"Bitcoin Up or Down - March 30, 5:15AM-5:30AM ET",high_confidence_probability_move,4,0,0.0,0.0,0.0,0.0,0.0,0,0,0.0,0.0,REJECTED,insufficient_samples
360,BTC,1773774,btc-updown-15m-1774862100,103407186728358881041895586520326247282254179365838055070220251644719004484191,"Bitcoin Up or Down - March 30, 5:15AM-5:30AM ET",high_confidence_probability_move,24,0,0.0,0.0,0.0,0.0,0.0,0,0,0.0,0.0,REJECTED,insufficient_samples
361,BTC,1773774,btc-updown-15m-1774862100,103407186728358881041895586520326247282254179365838055070220251644719004484191,"Bitcoin Up or Down - March 30, 5:15AM-5:30AM ET",polymarket_leads_crypto_momentum,1,0,0.0,0.0,0.0,0.0,0.0,0,0,0.0,0.0,REJECTED,insufficient_samples
362,BTC,1773774,btc-updown-15m-1774862100,103407186728358881041895586520326247282254179365838055070220251644719004484191,"Bitcoin Up or Down - March 30, 5:15AM-5:30AM ET",polymarket_leads_crypto_momentum,4,0,0.0,0.0,0.0,0.0,0.0,0,0,0.0,0.0,REJECTED,insufficient_samples
363,BTC,1773774,btc-updown-15m-1774862100,103407186728358881041895586520326247282254179365838055070220251644719004484191,"Bitcoin Up or Down - March 30, 5:15AM-5:30AM ET",polymarket_leads_crypto_momentum,24,0,0.0,0.0,0.0,0.0,0.0,0,0,0.0,0.0,REJECTED,insufficient_samples
364,BTC,1773774,btc-updown-15m-1774862100,103407186728358881041895586520326247282254179365838055070220251644719004484191,"Bitcoin Up or Down - March 30, 5:15AM-5:30AM ET",probability_momentum_continuation,1,0,0.0,0.0,0.0,0.0,0.0,0,0,0.0,0.0,REJECTED,insufficient_samples
365,BTC,1773774,btc-updown-15m-1774862100,103407186728358881041895586520326247282254179365838055070220251644719004484191,"Bitcoin Up or Down - March 30, 5:15AM-5:30AM ET",probability_momentum_continuation,4,0,0.0,0.0,0.0,0.0,0.0,0,0,0.0,0.0,REJECTED,insufficient_samples
366,BTC,1773774,btc-updown-15m-1774862100,103407186728358881041895586520326247282254179365838055070220251644719004484191,"Bitcoin Up or Down - March 30, 5:15AM-5:30AM ET",probability_momentum_continuation,24,0,0.0,0.0,0.0,0.0,0.0,0,0,0.0,0.0,REJECTED,insufficient_samples
367,BTC,1773774,btc-updown-15m-1774862100,103407186728358881041895586520326247282254179365838055070220251644719004484191,"Bitcoin Up or Down - March 30, 5:15AM-5:30AM ET",probability_reversal,1,0,0.0,0.0,0.0,0.0,0.0,0,0,0.0,0.0,REJECTED,insufficient_samples
368,BTC,1773774,btc-updown-15m-1774862100,103407186728358881041895586520326247282254179365838055070220251644719004484191,"Bitcoin Up or Down - March 30, 5:15AM-5:30AM ET",probability_reversal,4,0,0.0,0.0,0.0,0.0,0.0,0,0,0.0,0.0,REJECTED,insufficient_samples
369,BTC,1773774,btc-updown-15m-1774862100,103407186728358881041895586520326247282254179365838055070220251644719004484191,"Bitcoin Up or Down - March 30, 5:15AM-5:30AM ET",probability_reversal,24,0,0.0,0.0,0.0,0.0,0.0,0,0,0.0,0.0,REJECTED,insufficient_samples
370,BTC,1788572,btc-updown-15m-1774943100,70386336306053591064901572670098149083024741986290800457524940079061783285886,"Bitcoin Up or Down - March 31, 3:45AM-4:00AM ET",divergence_mean_reversion,1,0,0.0,0.0,0.0,0.0,0.0,0,0,0.0,0.0,REJECTED,flat_market
371,BTC,1788572,btc-updown-15m-1774943100,70386336306053591064901572670098149083024741986290800457524940079061783285886,"Bitcoin Up or Down - March 31, 3:45AM-4:00AM ET",divergence_mean_reversion,4,0,0.0,0.0,0.0,0.0,0.0,0,0,0.0,0.0,REJECTED,flat_market
372,BTC,1788572,btc-updown-15m-1774943100,70386336306053591064901572670098149083024741986290800457524940079061783285886,"Bitcoin Up or Down - March 31, 3:45AM-4:00AM ET",divergence_mean_reversion,24,0,0.0,0.0,0.0,0.0,0.0,0,0,0.0,0.0,REJECTED,flat_market
373,BTC,1788572,btc-updown-15m-1774943100,70386336306053591064901572670098149083024741986290800457524940079061783285886,"Bitcoin Up or Down - March 31, 3:45AM-4:00AM ET",high_confidence_probability_move,1,0,0.0,0.0,0.0,0.0,0.0,0,0,0.0,0.0,REJECTED,flat_market
374,BTC,1788572,btc-updown-15m-1774943100,70386336306053591064901572670098149083024741986290800457524940079061783285886,"Bitcoin Up or Down - March 31, 3:45AM-4:00AM ET",high_confidence_probability_move,4,0,0.0,0.0,0.0,0.0,0.0,0,0,0.0,0.0,REJECTED,flat_market
375,BTC,1788572,btc-updown-15m-1774943100,70386336306053591064901572670098149083024741986290800457524940079061783285886,"Bitcoin Up or Down - March 31, 3:45AM-4:00AM ET",high_confidence_probability_move,24,0,0.0,0.0,0.0,0.0,0.0,0,0,0.0,0.0,REJECTED,flat_market
376,BTC,1788572,btc-updown-15m-1774943100,70386336306053591064901572670098149083024741986290800457524940079061783285886,"Bitcoin Up or Down - March 31, 3:45AM-4:00AM ET",polymarket_leads_crypto_momentum,1,0,0.0,0.0,0.0,0.0,0.0,0,0,0.0,0.0,REJECTED,flat_market
377,BTC,1788572,btc-updown-15m-1774943100,70386336306053591064901572670098149083024741986290800457524940079061783285886,"Bitcoin Up or Down - March 31, 3:45AM-4:00AM ET",polymarket_leads_crypto_momentum,4,0,0.0,0.0,0.0,0.0,0.0,0,0,0.0,0.0,REJECTED,flat_market
378,BTC,1788572,btc-updown-15m-1774943100,70386336306053591064901572670098149083024741986290800457524940079061783285886,"Bitcoin Up or Down - March 31, 3:45AM-4:00AM ET",polymarket_leads_crypto_momentum,24,0,0.0,0.0,0.0,0.0,0.0,0,0,0.0,0.0,REJECTED,flat_market
379,BTC,1788572,btc-updown-15m-1774943100,70386336306053591064901572670098149083024741986290800457524940079061783285886,"Bitcoin Up or Down - March 31, 3:45AM-4:00AM ET",probability_momentum_continuation,1,0,0.0,0.0,0.0,0.0,0.0,0,0,0.0,0.0,REJECTED,flat_market
380,BTC,1788572,btc-updown-15m-1774943100,70386336306053591064901572670098149083024741986290800457524940079061783285886,"Bitcoin Up or Down - March 31, 3:45AM-4:00AM ET",probability_momentum_continuation,4,0,0.0,0.0,0.0,0.0,0.0,0,0,0.0,0.0,REJECTED,flat_market
381,BTC,1788572,btc-updown-15m-1774943100,70386336306053591064901572670098149083024741986290800457524940079061783285886,"Bitcoin Up or Down - March 31, 3:45AM-4:00AM ET",probability_momentum_continuation,24,0,0.0,0.0,0.0,0.0,0.0,0,0,0.0,0.0,REJECTED,flat_market
382,BTC,1788572,btc-updown-15m-1774943100,70386336306053591064901572670098149083024741986290800457524940079061783285886,"Bitcoin Up or Down - March 31, 3:45AM-4:00AM ET",probability_reversal,1,0,0.0,0.0,0.0,0.0,0.0,0,0,0.0,0.0,REJECTED,flat_market
383,BTC,1788572,btc-updown-15m-1774943100,70386336306053591064901572670098149083024741986290800457524940079061783285886,"Bitcoin Up or Down - March 31, 3:45AM-4:00AM ET",probability_reversal,4,0,0.0,0.0,0.0,0.0,0.0,0,0,0.0,0.0,REJECTED,flat_market
384,BTC,1788572,btc-updown-15m-1774943100,70386336306053591064901572670098149083024741986290800457524940079061783285886,"Bitcoin Up or Down - March 31, 3:45AM-4:00AM ET",probability_reversal,24,0,0.0,0.0,0.0,0.0,0.0,0,0,0.0,0.0,REJECTED,flat_market
385,BTC,1797082,btc-updown-15m-1774994400,65611300189372268359883816995640612651775381157928304549705959904749555161624,"Bitcoin Up or Down - March 31, 6:00PM-6:15PM ET",divergence_mean_reversion,1,0,0.0,0.0,0.0,0.0,0.0,0,0,0.0,0.0,REJECTED,flat_market
386,BTC,1797082,btc-updown-15m-1774994400,65611300189372268359883816995640612651775381157928304549705959904749555161624,"Bitcoin Up or Down - March 31, 6:00PM-6:15PM ET",divergence_mean_reversion,4,0,0.0,0.0,0.0,0.0,0.0,0,0,0.0,0.0,REJECTED,flat_market
387,BTC,1797082,btc-updown-15m-1774994400,65611300189372268359883816995640612651775381157928304549705959904749555161624,"Bitcoin Up or Down - March 31, 6:00PM-6:15PM ET",divergence_mean_reversion,24,0,0.0,0.0,0.0,0.0,0.0,0,0,0.0,0.0,REJECTED,flat_market
388,BTC,1797082,btc-updown-15m-1774994400,65611300189372268359883816995640612651775381157928304549705959904749555161624,"Bitcoin Up or Down - March 31, 6:00PM-6:15PM ET",high_confidence_probability_move,1,0,0.0,0.0,0.0,0.0,0.0,0,0,0.0,0.0,REJECTED,flat_market
389,BTC,1797082,btc-updown-15m-1774994400,65611300189372268359883816995640612651775381157928304549705959904749555161624,"Bitcoin Up or Down - March 31, 6:00PM-6:15PM ET",high_confidence_probability_move,4,0,0.0,0.0,0.0,0.0,0.0,0,0,0.0,0.0,REJECTED,flat_market
390,BTC,1797082,btc-updown-15m-1774994400,65611300189372268359883816995640612651775381157928304549705959904749555161624,"Bitcoin Up or Down - March 31, 6:00PM-6:15PM ET",high_confidence_probability_move,24,0,0.0,0.0,0.0,0.0,0.0,0,0,0.0,0.0,REJECTED,flat_market
391,BTC,1797082,btc-updown-15m-1774994400,65611300189372268359883816995640612651775381157928304549705959904749555161624,"Bitcoin Up or Down - March 31, 6:00PM-6:15PM ET",polymarket_leads_crypto_momentum,1,0,0.0,0.0,0.0,0.0,0.0,0,0,0.0,0.0,REJECTED,flat_market
392,BTC,1797082,btc-updown-15m-1774994400,65611300189372268359883816995640612651775381157928304549705959904749555161624,"Bitcoin Up or Down - March 31, 6:00PM-6:15PM ET",polymarket_leads_crypto_momentum,4,0,0.0,0.0,0.0,0.0,0.0,0,0,0.0,0.0,REJECTED,flat_market
393,BTC,1797082,btc-updown-15m-1774994400,65611300189372268359883816995640612651775381157928304549705959904749555161624,"Bitcoin Up or Down - March 31, 6:00PM-6:15PM ET",polymarket_leads_crypto_momentum,24,0,0.0,0.0,0.0,0.0,0.0,0,0,0.0,0.0,REJECTED,flat_market
394,BTC,1797082,btc-updown-15m-1774994400,65611300189372268359883816995640612651775381157928304549705959904749555161624,"Bitcoin Up or Down - March 31, 6:00PM-6:15PM ET",probability_momentum_continuation,1,0,0.0,0.0,0.0,0.0,0.0,0,0,0.0,0.0,REJECTED,flat_market
395,BTC,1797082,btc-updown-15m-1774994400,65611300189372268359883816995640612651775381157928304549705959904749555161624,"Bitcoin Up or Down - March 31, 6:00PM-6:15PM ET",probability_momentum_continuation,4,0,0.0,0.0,0.0,0.0,0.0,0,0,0.0,0.0,REJECTED,flat_market
396,BTC,1797082,btc-updown-15m-1774994400,65611300189372268359883816995640612651775381157928304549705959904749555161624,"Bitcoin Up or Down - March 31, 6:00PM-6:15PM ET",probability_momentum_continuation,24,0,0.0,0.0,0.0,0.0,0.0,0,0,0.0,0.0,REJECTED,flat_market
397,BTC,1797082,btc-updown-15m-1774994400,65611300189372268359883816995640612651775381157928304549705959904749555161624,"Bitcoin Up or Down - March 31, 6:00PM-6:15PM ET",probability_reversal,1,0,0.0,0.0,0.0,0.0,0.0,0,0,0.0,0.0,REJECTED,flat_market
398,BTC,1797082,btc-updown-15m-1774994400,65611300189372268359883816995640612651775381157928304549705959904749555161624,"Bitcoin Up or Down - March 31, 6:00PM-6:15PM ET",probability_reversal,4,0,0.0,0.0,0.0,0.0,0.0,0,0,0.0,0.0,REJECTED,flat_market
399,BTC,1797082,btc-updown-15m-1774994400,65611300189372268359883816995640612651775381157928304549705959904749555161624,"Bitcoin Up or Down - March 31, 6:00PM-6:15PM ET",probability_reversal,24,0,0.0,0.0,0.0,0.0,0.0,0,0,0.0,0.0,REJECTED,flat_market
400,BTC,1812655,btc-updown-15m-1775090700,72061475874222420159890516473736860209868687239449654739186189927541936138758,"Bitcoin Up or Down - April 1, 8:45PM-9:00PM ET",divergence_mean_reversion,1,0,0.0,0.0,0.0,0.0,0.0,0,0,0.0,0.0,REJECTED,insufficient_samples
401,BTC,1812655,btc-updown-15m-1775090700,72061475874222420159890516473736860209868687239449654739186189927541936138758,"Bitcoin Up or Down - April 1, 8:45PM-9:00PM ET",divergence_mean_reversion,4,0,0.0,0.0,0.0,0.0,0.0,0,0,0.0,0.0,REJECTED,insufficient_samples
402,BTC,1812655,btc-updown-15m-1775090700,72061475874222420159890516473736860209868687239449654739186189927541936138758,"Bitcoin Up or Down - April 1, 8:45PM-9:00PM ET",divergence_mean_reversion,24,0,0.0,0.0,0.0,0.0,0.0,0,0,0.0,0.0,REJECTED,insufficient_samples
403,BTC,1812655,btc-updown-15m-1775090700,72061475874222420159890516473736860209868687239449654739186189927541936138758,"Bitcoin Up or Down - April 1, 8:45PM-9:00PM ET",high_confidence_probability_move,1,0,0.0,0.0,0.0,0.0,0.0,0,0,0.0,0.0,REJECTED,insufficient_samples
404,BTC,1812655,btc-updown-15m-1775090700,72061475874222420159890516473736860209868687239449654739186189927541936138758,"Bitcoin Up or Down - April 1, 8:45PM-9:00PM ET",high_confidence_probability_move,4,0,0.0,0.0,0.0,0.0,0.0,0,0,0.0,0.0,REJECTED,insufficient_samples
405,BTC,1812655,btc-updown-15m-1775090700,72061475874222420159890516473736860209868687239449654739186189927541936138758,"Bitcoin Up or Down - April 1, 8:45PM-9:00PM ET",high_confidence_probability_move,24,0,0.0,0.0,0.0,0.0,0.0,0,0,0.0,0.0,REJECTED,insufficient_samples
406,BTC,1812655,btc-updown-15m-1775090700,72061475874222420159890516473736860209868687239449654739186189927541936138758,"Bitcoin Up or Down - April 1, 8:45PM-9:00PM ET",polymarket_leads_crypto_momentum,1,0,0.0,0.0,0.0,0.0,0.0,0,0,0.0,0.0,REJECTED,insufficient_samples
407,BTC,1812655,btc-updown-15m-1775090700,72061475874222420159890516473736860209868687239449654739186189927541936138758,"Bitcoin Up or Down - April 1, 8:45PM-9:00PM ET",polymarket_leads_crypto_momentum,4,0,0.0,0.0,0.0,0.0,0.0,0,0,0.0,0.0,REJECTED,insufficient_samples
408,BTC,1812655,btc-updown-15m-1775090700,72061475874222420159890516473736860209868687239449654739186189927541936138758,"Bitcoin Up or Down - April 1, 8:45PM-9:00PM ET",polymarket_leads_crypto_momentum,24,0,0.0,0.0,0.0,0.0,0.0,0,0,0.0,0.0,REJECTED,insufficient_samples
409,BTC,1812655,btc-updown-15m-1775090700,72061475874222420159890516473736860209868687239449654739186189927541936138758,"Bitcoin Up or Down - April 1, 8:45PM-9:00PM ET",probability_momentum_continuation,1,0,0.0,0.0,0.0,0.0,0.0,0,0,0.0,0.0,REJECTED,insufficient_samples
410,BTC,1812655,btc-updown-15m-1775090700,72061475874222420159890516473736860209868687239449654739186189927541936138758,"Bitcoin Up or Down - April 1, 8:45PM-9:00PM ET",probability_momentum_continuation,4,0,0.0,0.0,0.0,0.0,0.0,0,0,0.0,0.0,REJECTED,insufficient_samples
411,BTC,1812655,btc-updown-15m-1775090700,72061475874222420159890516473736860209868687239449654739186189927541936138758,"Bitcoin Up or Down - April 1, 8:45PM-9:00PM ET",probability_momentum_continuation,24,0,0.0,0.0,0.0,0.0,0.0,0,0,0.0,0.0,REJECTED,insufficient_samples
412,BTC,1812655,btc-updown-15m-1775090700,72061475874222420159890516473736860209868687239449654739186189927541936138758,"Bitcoin Up or Down - April 1, 8:45PM-9:00PM ET",probability_reversal,1,0,0.0,0.0,0.0,0.0,0.0,0,0,0.0,0.0,REJECTED,insufficient_samples
413,BTC,1812655,btc-updown-15m-1775090700,72061475874222420159890516473736860209868687239449654739186189927541936138758,"Bitcoin Up or Down - April 1, 8:45PM-9:00PM ET",probability_reversal,4,0,0.0,0.0,0.0,0.0,0.0,0,0,0.0,0.0,REJECTED,insufficient_samples
414,BTC,1812655,btc-updown-15m-1775090700,72061475874222420159890516473736860209868687239449654739186189927541936138758,"Bitcoin Up or Down - April 1, 8:45PM-9:00PM ET",probability_reversal,24,0,0.0,0.0,0.0,0.0,0.0,0,0,0.0,0.0,REJECTED,insufficient_samples
415,BTC,1856721,btc-updown-15m-1775369700,94000478773748527251307978412257238745656698237739479140910484517456290997260,"Bitcoin Up or Down - April 5, 2:15AM-2:30AM ET",divergence_mean_reversion,1,0,0.0,0.0,0.0,0.0,0.0,0,0,0.0,0.0,REJECTED,insufficient_samples
416,BTC,1856721,btc-updown-15m-1775369700,94000478773748527251307978412257238745656698237739479140910484517456290997260,"Bitcoin Up or Down - April 5, 2:15AM-2:30AM ET",divergence_mean_reversion,4,0,0.0,0.0,0.0,0.0,0.0,0,0,0.0,0.0,REJECTED,insufficient_samples
417,BTC,1856721,btc-updown-15m-1775369700,94000478773748527251307978412257238745656698237739479140910484517456290997260,"Bitcoin Up or Down - April 5, 2:15AM-2:30AM ET",divergence_mean_reversion,24,0,0.0,0.0,0.0,0.0,0.0,0,0,0.0,0.0,REJECTED,insufficient_samples
418,BTC,1856721,btc-updown-15m-1775369700,94000478773748527251307978412257238745656698237739479140910484517456290997260,"Bitcoin Up or Down - April 5, 2:15AM-2:30AM ET",high_confidence_probability_move,1,0,0.0,0.0,0.0,0.0,0.0,0,0,0.0,0.0,REJECTED,insufficient_samples
419,BTC,1856721,btc-updown-15m-1775369700,94000478773748527251307978412257238745656698237739479140910484517456290997260,"Bitcoin Up or Down - April 5, 2:15AM-2:30AM ET",high_confidence_probability_move,4,0,0.0,0.0,0.0,0.0,0.0,0,0,0.0,0.0,REJECTED,insufficient_samples
420,BTC,1856721,btc-updown-15m-1775369700,94000478773748527251307978412257238745656698237739479140910484517456290997260,"Bitcoin Up or Down - April 5, 2:15AM-2:30AM ET",high_confidence_probability_move,24,0,0.0,0.0,0.0,0.0,0.0,0,0,0.0,0.0,REJECTED,insufficient_samples
421,BTC,1856721,btc-updown-15m-1775369700,94000478773748527251307978412257238745656698237739479140910484517456290997260,"Bitcoin Up or Down - April 5, 2:15AM-2:30AM ET",polymarket_leads_crypto_momentum,1,0,0.0,0.0,0.0,0.0,0.0,0,0,0.0,0.0,REJECTED,insufficient_samples
422,BTC,1856721,btc-updown-15m-1775369700,94000478773748527251307978412257238745656698237739479140910484517456290997260,"Bitcoin Up or Down - April 5, 2:15AM-2:30AM ET",polymarket_leads_crypto_momentum,4,0,0.0,0.0,0.0,0.0,0.0,0,0,0.0,0.0,REJECTED,insufficient_samples
423,BTC,1856721,btc-updown-15m-1775369700,94000478773748527251307978412257238745656698237739479140910484517456290997260,"Bitcoin Up or Down - April 5, 2:15AM-2:30AM ET",polymarket_leads_crypto_momentum,24,0,0.0,0.0,0.0,0.0,0.0,0,0,0.0,0.0,REJECTED,insufficient_samples
424,BTC,1856721,btc-updown-15m-1775369700,94000478773748527251307978412257238745656698237739479140910484517456290997260,"Bitcoin Up or Down - April 5, 2:15AM-2:30AM ET",probability_momentum_continuation,1,0,0.0,0.0,0.0,0.0,0.0,0,0,0.0,0.0,REJECTED,insufficient_samples
425,BTC,1856721,btc-updown-15m-1775369700,94000478773748527251307978412257238745656698237739479140910484517456290997260,"Bitcoin Up or Down - April 5, 2:15AM-2:30AM ET",probability_momentum_continuation,4,0,0.0,0.0,0.0,0.0,0.0,0,0,0.0,0.0,REJECTED,insufficient_samples
426,BTC,1856721,btc-updown-15m-1775369700,94000478773748527251307978412257238745656698237739479140910484517456290997260,"Bitcoin Up or Down - April 5, 2:15AM-2:30AM ET",probability_momentum_continuation,24,0,0.0,0.0,0.0,0.0,0.0,0,0,0.0,0.0,REJECTED,insufficient_samples
427,BTC,1856721,btc-updown-15m-1775369700,94000478773748527251307978412257238745656698237739479140910484517456290997260,"Bitcoin Up or Down - April 5, 2:15AM-2:30AM ET",probability_reversal,1,0,0.0,0.0,0.0,0.0,0.0,0,0,0.0,0.0,REJECTED,insufficient_samples
428,BTC,1856721,btc-updown-15m-1775369700,94000478773748527251307978412257238745656698237739479140910484517456290997260,"Bitcoin Up or Down - April 5, 2:15AM-2:30AM ET",probability_reversal,4,0,0.0,0.0,0.0,0.0,0.0,0,0,0.0,0.0,REJECTED,insufficient_samples
429,BTC,1856721,btc-updown-15m-1775369700,94000478773748527251307978412257238745656698237739479140910484517456290997260,"Bitcoin Up or Down - April 5, 2:15AM-2:30AM ET",probability_reversal,24,0,0.0,0.0,0.0,0.0,0.0,0,0,0.0,0.0,REJECTED,insufficient_samples
430,BTC,1887945,btc-updown-15m-1775540700,16961557276914865883353812367965959478026525987133759468714708630998657233733,"Bitcoin Up or Down - April 7, 1:45AM-2:00AM ET",divergence_mean_reversion,1,0,0.0,0.0,0.0,0.0,0.0,0,0,0.0,0.0,REJECTED,insufficient_samples
431,BTC,1887945,btc-updown-15m-1775540700,16961557276914865883353812367965959478026525987133759468714708630998657233733,"Bitcoin Up or Down - April 7, 1:45AM-2:00AM ET",divergence_mean_reversion,4,0,0.0,0.0,0.0,0.0,0.0,0,0,0.0,0.0,REJECTED,insufficient_samples
432,BTC,1887945,btc-updown-15m-1775540700,16961557276914865883353812367965959478026525987133759468714708630998657233733,"Bitcoin Up or Down - April 7, 1:45AM-2:00AM ET",divergence_mean_reversion,24,0,0.0,0.0,0.0,0.0,0.0,0,0,0.0,0.0,REJECTED,insufficient_samples
433,BTC,1887945,btc-updown-15m-1775540700,16961557276914865883353812367965959478026525987133759468714708630998657233733,"Bitcoin Up or Down - April 7, 1:45AM-2:00AM ET",high_confidence_probability_move,1,0,0.0,0.0,0.0,0.0,0.0,0,0,0.0,0.0,REJECTED,insufficient_samples
434,BTC,1887945,btc-updown-15m-1775540700,16961557276914865883353812367965959478026525987133759468714708630998657233733,"Bitcoin Up or Down - April 7, 1:45AM-2:00AM ET",high_confidence_probability_move,4,0,0.0,0.0,0.0,0.0,0.0,0,0,0.0,0.0,REJECTED,insufficient_samples
435,BTC,1887945,btc-updown-15m-1775540700,16961557276914865883353812367965959478026525987133759468714708630998657233733,"Bitcoin Up or Down - April 7, 1:45AM-2:00AM ET",high_confidence_probability_move,24,0,0.0,0.0,0.0,0.0,0.0,0,0,0.0,0.0,REJECTED,insufficient_samples
436,BTC,1887945,btc-updown-15m-1775540700,16961557276914865883353812367965959478026525987133759468714708630998657233733,"Bitcoin Up or Down - April 7, 1:45AM-2:00AM ET",polymarket_leads_crypto_momentum,1,0,0.0,0.0,0.0,0.0,0.0,0,0,0.0,0.0,REJECTED,insufficient_samples
437,BTC,1887945,btc-updown-15m-1775540700,16961557276914865883353812367965959478026525987133759468714708630998657233733,"Bitcoin Up or Down - April 7, 1:45AM-2:00AM ET",polymarket_leads_crypto_momentum,4,0,0.0,0.0,0.0,0.0,0.0,0,0,0.0,0.0,REJECTED,insufficient_samples
438,BTC,1887945,btc-updown-15m-1775540700,16961557276914865883353812367965959478026525987133759468714708630998657233733,"Bitcoin Up or Down - April 7, 1:45AM-2:00AM ET",polymarket_leads_crypto_momentum,24,0,0.0,0.0,0.0,0.0,0.0,0,0,0.0,0.0,REJECTED,insufficient_samples
439,BTC,1887945,btc-updown-15m-1775540700,16961557276914865883353812367965959478026525987133759468714708630998657233733,"Bitcoin Up or Down - April 7, 1:45AM-2:00AM ET",probability_momentum_continuation,1,0,0.0,0.0,0.0,0.0,0.0,0,0,0.0,0.0,REJECTED,insufficient_samples
440,BTC,1887945,btc-updown-15m-1775540700,16961557276914865883353812367965959478026525987133759468714708630998657233733,"Bitcoin Up or Down - April 7, 1:45AM-2:00AM ET",probability_momentum_continuation,4,0,0.0,0.0,0.0,0.0,0.0,0,0,0.0,0.0,REJECTED,insufficient_samples
441,BTC,1887945,btc-updown-15m-1775540700,16961557276914865883353812367965959478026525987133759468714708630998657233733,"Bitcoin Up or Down - April 7, 1:45AM-2:00AM ET",probability_momentum_continuation,24,0,0.0,0.0,0.0,0.0,0.0,0,0,0.0,0.0,REJECTED,insufficient_samples
442,BTC,1887945,btc-updown-15m-1775540700,16961557276914865883353812367965959478026525987133759468714708630998657233733,"Bitcoin Up or Down - April 7, 1:45AM-2:00AM ET",probability_reversal,1,0,0.0,0.0,0.0,0.0,0.0,0,0,0.0,0.0,REJECTED,insufficient_samples
443,BTC,1887945,btc-updown-15m-1775540700,16961557276914865883353812367965959478026525987133759468714708630998657233733,"Bitcoin Up or Down - April 7, 1:45AM-2:00AM ET",probability_reversal,4,0,0.0,0.0,0.0,0.0,0.0,0,0,0.0,0.0,REJECTED,insufficient_samples
444,BTC,1887945,btc-updown-15m-1775540700,16961557276914865883353812367965959478026525987133759468714708630998657233733,"Bitcoin Up or Down - April 7, 1:45AM-2:00AM ET",probability_reversal,24,0,0.0,0.0,0.0,0.0,0.0,0,0,0.0,0.0,REJECTED,insufficient_samples
445,BTC,1918787,btc-updown-15m-1775745900,98526939523670788706516362518896335968959011070983566967917731375922301932759,"Bitcoin Up or Down - April 9, 10:45AM-11:00AM ET",divergence_mean_reversion,1,0,0.0,0.0,0.0,0.0,0.0,0,0,0.0,0.0,REJECTED,flat_market
446,BTC,1918787,btc-updown-15m-1775745900,98526939523670788706516362518896335968959011070983566967917731375922301932759,"Bitcoin Up or Down - April 9, 10:45AM-11:00AM ET",divergence_mean_reversion,4,0,0.0,0.0,0.0,0.0,0.0,0,0,0.0,0.0,REJECTED,flat_market
447,BTC,1918787,btc-updown-15m-1775745900,98526939523670788706516362518896335968959011070983566967917731375922301932759,"Bitcoin Up or Down - April 9, 10:45AM-11:00AM ET",divergence_mean_reversion,24,0,0.0,0.0,0.0,0.0,0.0,0,0,0.0,0.0,REJECTED,flat_market
448,BTC,1918787,btc-updown-15m-1775745900,98526939523670788706516362518896335968959011070983566967917731375922301932759,"Bitcoin Up or Down - April 9, 10:45AM-11:00AM ET",high_confidence_probability_move,1,0,0.0,0.0,0.0,0.0,0.0,0,0,0.0,0.0,REJECTED,flat_market
449,BTC,1918787,btc-updown-15m-1775745900,98526939523670788706516362518896335968959011070983566967917731375922301932759,"Bitcoin Up or Down - April 9, 10:45AM-11:00AM ET",high_confidence_probability_move,4,0,0.0,0.0,0.0,0.0,0.0,0,0,0.0,0.0,REJECTED,flat_market
450,BTC,1918787,btc-updown-15m-1775745900,98526939523670788706516362518896335968959011070983566967917731375922301932759,"Bitcoin Up or Down - April 9, 10:45AM-11:00AM ET",high_confidence_probability_move,24,0,0.0,0.0,0.0,0.0,0.0,0,0,0.0,0.0,REJECTED,flat_market
451,BTC,1918787,btc-updown-15m-1775745900,98526939523670788706516362518896335968959011070983566967917731375922301932759,"Bitcoin Up or Down - April 9, 10:45AM-11:00AM ET",polymarket_leads_crypto_momentum,1,0,0.0,0.0,0.0,0.0,0.0,0,0,0.0,0.0,REJECTED,flat_market
452,BTC,1918787,btc-updown-15m-1775745900,98526939523670788706516362518896335968959011070983566967917731375922301932759,"Bitcoin Up or Down - April 9, 10:45AM-11:00AM ET",polymarket_leads_crypto_momentum,4,0,0.0,0.0,0.0,0.0,0.0,0,0,0.0,0.0,REJECTED,flat_market
453,BTC,1918787,btc-updown-15m-1775745900,98526939523670788706516362518896335968959011070983566967917731375922301932759,"Bitcoin Up or Down - April 9, 10:45AM-11:00AM ET",polymarket_leads_crypto_momentum,24,0,0.0,0.0,0.0,0.0,0.0,0,0,0.0,0.0,REJECTED,flat_market
454,BTC,1918787,btc-updown-15m-1775745900,98526939523670788706516362518896335968959011070983566967917731375922301932759,"Bitcoin Up or Down - April 9, 10:45AM-11:00AM ET",probability_momentum_continuation,1,0,0.0,0.0,0.0,0.0,0.0,0,0,0.0,0.0,REJECTED,flat_market
455,BTC,1918787,btc-updown-15m-1775745900,98526939523670788706516362518896335968959011070983566967917731375922301932759,"Bitcoin Up or Down - April 9, 10:45AM-11:00AM ET",probability_momentum_continuation,4,0,0.0,0.0,0.0,0.0,0.0,0,0,0.0,0.0,REJECTED,flat_market
456,BTC,1918787,btc-updown-15m-1775745900,98526939523670788706516362518896335968959011070983566967917731375922301932759,"Bitcoin Up or Down - April 9, 10:45AM-11:00AM ET",probability_momentum_continuation,24,0,0.0,0.0,0.0,0.0,0.0,0,0,0.0,0.0,REJECTED,flat_market
457,BTC,1918787,btc-updown-15m-1775745900,98526939523670788706516362518896335968959011070983566967917731375922301932759,"Bitcoin Up or Down - April 9, 10:45AM-11:00AM ET",probability_reversal,1,0,0.0,0.0,0.0,0.0,0.0,0,0,0.0,0.0,REJECTED,flat_market
458,BTC,1918787,btc-updown-15m-1775745900,98526939523670788706516362518896335968959011070983566967917731375922301932759,"Bitcoin Up or Down - April 9, 10:45AM-11:00AM ET",probability_reversal,4,0,0.0,0.0,0.0,0.0,0.0,0,0,0.0,0.0,REJECTED,flat_market
459,BTC,1918787,btc-updown-15m-1775745900,98526939523670788706516362518896335968959011070983566967917731375922301932759,"Bitcoin Up or Down - April 9, 10:45AM-11:00AM ET",probability_reversal,24,0,0.0,0.0,0.0,0.0,0.0,0,0,0.0,0.0,REJECTED,flat_market
460,BTC,1971017,btc-updown-15m-1776182400,85856379353849928199926584202343213889871735551019458510529699438070591324319,"Bitcoin Up or Down - April 14, 12:00PM-12:15PM ET",divergence_mean_reversion,1,0,0.0,0.0,0.0,0.0,0.0,0,0,0.0,0.0,REJECTED,flat_market
461,BTC,1971017,btc-updown-15m-1776182400,85856379353849928199926584202343213889871735551019458510529699438070591324319,"Bitcoin Up or Down - April 14, 12:00PM-12:15PM ET",divergence_mean_reversion,4,0,0.0,0.0,0.0,0.0,0.0,0,0,0.0,0.0,REJECTED,flat_market
462,BTC,1971017,btc-updown-15m-1776182400,85856379353849928199926584202343213889871735551019458510529699438070591324319,"Bitcoin Up or Down - April 14, 12:00PM-12:15PM ET",divergence_mean_reversion,24,0,0.0,0.0,0.0,0.0,0.0,0,0,0.0,0.0,REJECTED,flat_market
463,BTC,1971017,btc-updown-15m-1776182400,85856379353849928199926584202343213889871735551019458510529699438070591324319,"Bitcoin Up or Down - April 14, 12:00PM-12:15PM ET",high_confidence_probability_move,1,0,0.0,0.0,0.0,0.0,0.0,0,0,0.0,0.0,REJECTED,flat_market
464,BTC,1971017,btc-updown-15m-1776182400,85856379353849928199926584202343213889871735551019458510529699438070591324319,"Bitcoin Up or Down - April 14, 12:00PM-12:15PM ET",high_confidence_probability_move,4,0,0.0,0.0,0.0,0.0,0.0,0,0,0.0,0.0,REJECTED,flat_market
465,BTC,1971017,btc-updown-15m-1776182400,85856379353849928199926584202343213889871735551019458510529699438070591324319,"Bitcoin Up or Down - April 14, 12:00PM-12:15PM ET",high_confidence_probability_move,24,0,0.0,0.0,0.0,0.0,0.0,0,0,0.0,0.0,REJECTED,flat_market
466,BTC,1971017,btc-updown-15m-1776182400,85856379353849928199926584202343213889871735551019458510529699438070591324319,"Bitcoin Up or Down - April 14, 12:00PM-12:15PM ET",polymarket_leads_crypto_momentum,1,0,0.0,0.0,0.0,0.0,0.0,0,0,0.0,0.0,REJECTED,flat_market
467,BTC,1971017,btc-updown-15m-1776182400,85856379353849928199926584202343213889871735551019458510529699438070591324319,"Bitcoin Up or Down - April 14, 12:00PM-12:15PM ET",polymarket_leads_crypto_momentum,4,0,0.0,0.0,0.0,0.0,0.0,0,0,0.0,0.0,REJECTED,flat_market
468,BTC,1971017,btc-updown-15m-1776182400,85856379353849928199926584202343213889871735551019458510529699438070591324319,"Bitcoin Up or Down - April 14, 12:00PM-12:15PM ET",polymarket_leads_crypto_momentum,24,0,0.0,0.0,0.0,0.0,0.0,0,0,0.0,0.0,REJECTED,flat_market
469,BTC,1971017,btc-updown-15m-1776182400,85856379353849928199926584202343213889871735551019458510529699438070591324319,"Bitcoin Up or Down - April 14, 12:00PM-12:15PM ET",probability_momentum_continuation,1,0,0.0,0.0,0.0,0.0,0.0,0,0,0.0,0.0,REJECTED,flat_market
470,BTC,1971017,btc-updown-15m-1776182400,85856379353849928199926584202343213889871735551019458510529699438070591324319,"Bitcoin Up or Down - April 14, 12:00PM-12:15PM ET",probability_momentum_continuation,4,0,0.0,0.0,0.0,0.0,0.0,0,0,0.0,0.0,REJECTED,flat_market
471,BTC,1971017,btc-updown-15m-1776182400,85856379353849928199926584202343213889871735551019458510529699438070591324319,"Bitcoin Up or Down - April 14, 12:00PM-12:15PM ET",probability_momentum_continuation,24,0,0.0,0.0,0.0,0.0,0.0,0,0,0.0,0.0,REJECTED,flat_market
472,BTC,1971017,btc-updown-15m-1776182400,85856379353849928199926584202343213889871735551019458510529699438070591324319,"Bitcoin Up or Down - April 14, 12:00PM-12:15PM ET",probability_reversal,1,0,0.0,0.0,0.0,0.0,0.0,0,0,0.0,0.0,REJECTED,flat_market
473,BTC,1971017,btc-updown-15m-1776182400,85856379353849928199926584202343213889871735551019458510529699438070591324319,"Bitcoin Up or Down - April 14, 12:00PM-12:15PM ET",probability_reversal,4,0,0.0,0.0,0.0,0.0,0.0,0,0,0.0,0.0,REJECTED,flat_market
474,BTC,1971017,btc-updown-15m-1776182400,85856379353849928199926584202343213889871735551019458510529699438070591324319,"Bitcoin Up or Down - April 14, 12:00PM-12:15PM ET",probability_reversal,24,0,0.0,0.0,0.0,0.0,0.0,0,0,0.0,0.0,REJECTED,flat_market
475,BTC,2030656,btc-updown-15m-1776748500,40704685979574352870784216201689105907217066814761414948598677249710302507666,"Bitcoin Up or Down - April 21, 1:15AM-1:30AM ET",divergence_mean_reversion,1,0,0.0,0.0,0.0,0.0,0.0,0,0,0.0,0.0,REJECTED,flat_market
476,BTC,2030656,btc-updown-15m-1776748500,40704685979574352870784216201689105907217066814761414948598677249710302507666,"Bitcoin Up or Down - April 21, 1:15AM-1:30AM ET",divergence_mean_reversion,4,0,0.0,0.0,0.0,0.0,0.0,0,0,0.0,0.0,REJECTED,flat_market
477,BTC,2030656,btc-updown-15m-1776748500,40704685979574352870784216201689105907217066814761414948598677249710302507666,"Bitcoin Up or Down - April 21, 1:15AM-1:30AM ET",divergence_mean_reversion,24,0,0.0,0.0,0.0,0.0,0.0,0,0,0.0,0.0,REJECTED,flat_market
478,BTC,2030656,btc-updown-15m-1776748500,40704685979574352870784216201689105907217066814761414948598677249710302507666,"Bitcoin Up or Down - April 21, 1:15AM-1:30AM ET",high_confidence_probability_move,1,0,0.0,0.0,0.0,0.0,0.0,0,0,0.0,0.0,REJECTED,flat_market
479,BTC,2030656,btc-updown-15m-1776748500,40704685979574352870784216201689105907217066814761414948598677249710302507666,"Bitcoin Up or Down - April 21, 1:15AM-1:30AM ET",high_confidence_probability_move,4,0,0.0,0.0,0.0,0.0,0.0,0,0,0.0,0.0,REJECTED,flat_market
480,BTC,2030656,btc-updown-15m-1776748500,40704685979574352870784216201689105907217066814761414948598677249710302507666,"Bitcoin Up or Down - April 21, 1:15AM-1:30AM ET",high_confidence_probability_move,24,0,0.0,0.0,0.0,0.0,0.0,0,0,0.0,0.0,REJECTED,flat_market
481,BTC,2030656,btc-updown-15m-1776748500,40704685979574352870784216201689105907217066814761414948598677249710302507666,"Bitcoin Up or Down - April 21, 1:15AM-1:30AM ET",polymarket_leads_crypto_momentum,1,0,0.0,0.0,0.0,0.0,0.0,0,0,0.0,0.0,REJECTED,flat_market
482,BTC,2030656,btc-updown-15m-1776748500,40704685979574352870784216201689105907217066814761414948598677249710302507666,"Bitcoin Up or Down - April 21, 1:15AM-1:30AM ET",polymarket_leads_crypto_momentum,4,0,0.0,0.0,0.0,0.0,0.0,0,0,0.0,0.0,REJECTED,flat_market
483,BTC,2030656,btc-updown-15m-1776748500,40704685979574352870784216201689105907217066814761414948598677249710302507666,"Bitcoin Up or Down - April 21, 1:15AM-1:30AM ET",polymarket_leads_crypto_momentum,24,0,0.0,0.0,0.0,0.0,0.0,0,0,0.0,0.0,REJECTED,flat_market
484,BTC,2030656,btc-updown-15m-1776748500,40704685979574352870784216201689105907217066814761414948598677249710302507666,"Bitcoin Up or Down - April 21, 1:15AM-1:30AM ET",probability_momentum_continuation,1,0,0.0,0.0,0.0,0.0,0.0,0,0,0.0,0.0,REJECTED,flat_market
485,BTC,2030656,btc-updown-15m-1776748500,40704685979574352870784216201689105907217066814761414948598677249710302507666,"Bitcoin Up or Down - April 21, 1:15AM-1:30AM ET",probability_momentum_continuation,4,0,0.0,0.0,0.0,0.0,0.0,0,0,0.0,0.0,REJECTED,flat_market
486,BTC,2030656,btc-updown-15m-1776748500,40704685979574352870784216201689105907217066814761414948598677249710302507666,"Bitcoin Up or Down - April 21, 1:15AM-1:30AM ET",probability_momentum_continuation,24,0,0.0,0.0,0.0,0.0,0.0,0,0,0.0,0.0,REJECTED,flat_market
487,BTC,2030656,btc-updown-15m-1776748500,40704685979574352870784216201689105907217066814761414948598677249710302507666,"Bitcoin Up or Down - April 21, 1:15AM-1:30AM ET",probability_reversal,1,0,0.0,0.0,0.0,0.0,0.0,0,0,0.0,0.0,REJECTED,flat_market
488,BTC,2030656,btc-updown-15m-1776748500,40704685979574352870784216201689105907217066814761414948598677249710302507666,"Bitcoin Up or Down - April 21, 1:15AM-1:30AM ET",probability_reversal,4,0,0.0,0.0,0.0,0.0,0.0,0,0,0.0,0.0,REJECTED,flat_market
489,BTC,2030656,btc-updown-15m-1776748500,40704685979574352870784216201689105907217066814761414948598677249710302507666,"Bitcoin Up or Down - April 21, 1:15AM-1:30AM ET",probability_reversal,24,0,0.0,0.0,0.0,0.0,0.0,0,0,0.0,0.0,REJECTED,flat_market
490,BTC,2052691,btc-updown-15m-1776952800,51694788479468158169664500118259336038053359890918771121580421126680980037164,"Bitcoin Up or Down - April 23, 10:00AM-10:15AM ET",divergence_mean_reversion,1,0,0.0,0.0,0.0,0.0,0.0,0,0,0.0,0.0,REJECTED,flat_market
491,BTC,2052691,btc-updown-15m-1776952800,51694788479468158169664500118259336038053359890918771121580421126680980037164,"Bitcoin Up or Down - April 23, 10:00AM-10:15AM ET",divergence_mean_reversion,4,0,0.0,0.0,0.0,0.0,0.0,0,0,0.0,0.0,REJECTED,flat_market
492,BTC,2052691,btc-updown-15m-1776952800,51694788479468158169664500118259336038053359890918771121580421126680980037164,"Bitcoin Up or Down - April 23, 10:00AM-10:15AM ET",divergence_mean_reversion,24,0,0.0,0.0,0.0,0.0,0.0,0,0,0.0,0.0,REJECTED,flat_market
493,BTC,2052691,btc-updown-15m-1776952800,51694788479468158169664500118259336038053359890918771121580421126680980037164,"Bitcoin Up or Down - April 23, 10:00AM-10:15AM ET",high_confidence_probability_move,1,0,0.0,0.0,0.0,0.0,0.0,0,0,0.0,0.0,REJECTED,flat_market
494,BTC,2052691,btc-updown-15m-1776952800,51694788479468158169664500118259336038053359890918771121580421126680980037164,"Bitcoin Up or Down - April 23, 10:00AM-10:15AM ET",high_confidence_probability_move,4,0,0.0,0.0,0.0,0.0,0.0,0,0,0.0,0.0,REJECTED,flat_market
495,BTC,2052691,btc-updown-15m-1776952800,51694788479468158169664500118259336038053359890918771121580421126680980037164,"Bitcoin Up or Down - April 23, 10:00AM-10:15AM ET",high_confidence_probability_move,24,0,0.0,0.0,0.0,0.0,0.0,0,0,0.0,0.0,REJECTED,flat_market
496,BTC,2052691,btc-updown-15m-1776952800,51694788479468158169664500118259336038053359890918771121580421126680980037164,"Bitcoin Up or Down - April 23, 10:00AM-10:15AM ET",polymarket_leads_crypto_momentum,1,0,0.0,0.0,0.0,0.0,0.0,0,0,0.0,0.0,REJECTED,flat_market
497,BTC,2052691,btc-updown-15m-1776952800,51694788479468158169664500118259336038053359890918771121580421126680980037164,"Bitcoin Up or Down - April 23, 10:00AM-10:15AM ET",polymarket_leads_crypto_momentum,4,0,0.0,0.0,0.0,0.0,0.0,0,0,0.0,0.0,REJECTED,flat_market
498,BTC,2052691,btc-updown-15m-1776952800,51694788479468158169664500118259336038053359890918771121580421126680980037164,"Bitcoin Up or Down - April 23, 10:00AM-10:15AM ET",polymarket_leads_crypto_momentum,24,0,0.0,0.0,0.0,0.0,0.0,0,0,0.0,0.0,REJECTED,flat_market
499,BTC,2052691,btc-updown-15m-1776952800,51694788479468158169664500118259336038053359890918771121580421126680980037164,"Bitcoin Up or Down - April 23, 10:00AM-10:15AM ET",probability_momentum_continuation,1,0,0.0,0.0,0.0,0.0,0.0,0,0,0.0,0.0,REJECTED,flat_market
500,BTC,2052691,btc-updown-15m-1776952800,51694788479468158169664500118259336038053359890918771121580421126680980037164,"Bitcoin Up or Down - April 23, 10:00AM-10:15AM ET",probability_momentum_continuation,4,0,0.0,0.0,0.0,0.0,0.0,0,0,0.0,0.0,REJECTED,flat_market
501,BTC,2052691,btc-updown-15m-1776952800,51694788479468158169664500118259336038053359890918771121580421126680980037164,"Bitcoin Up or Down - April 23, 10:00AM-10:15AM ET",probability_momentum_continuation,24,0,0.0,0.0,0.0,0.0,0.0,0,0,0.0,0.0,REJECTED,flat_market
502,BTC,2052691,btc-updown-15m-1776952800,51694788479468158169664500118259336038053359890918771121580421126680980037164,"Bitcoin Up or Down - April 23, 10:00AM-10:15AM ET",probability_reversal,1,0,0.0,0.0,0.0,0.0,0.0,0,0,0.0,0.0,REJECTED,flat_market
503,BTC,2052691,btc-updown-15m-1776952800,51694788479468158169664500118259336038053359890918771121580421126680980037164,"Bitcoin Up or Down - April 23, 10:00AM-10:15AM ET",probability_reversal,4,0,0.0,0.0,0.0,0.0,0.0,0,0,0.0,0.0,REJECTED,flat_market
504,BTC,2052691,btc-updown-15m-1776952800,51694788479468158169664500118259336038053359890918771121580421126680980037164,"Bitcoin Up or Down - April 23, 10:00AM-10:15AM ET",probability_reversal,24,0,0.0,0.0,0.0,0.0,0.0,0,0,0.0,0.0,REJECTED,flat_market
505,BTC,2069166,btc-updown-15m-1777132800,65244762073750236516161362318362881856456784328043762117285211279363068231679,"Bitcoin Up or Down - April 25, 12:00PM-12:15PM ET",divergence_mean_reversion,1,0,0.0,0.0,0.0,0.0,0.0,0,0,0.0,0.0,REJECTED,flat_market
506,BTC,2069166,btc-updown-15m-1777132800,65244762073750236516161362318362881856456784328043762117285211279363068231679,"Bitcoin Up or Down - April 25, 12:00PM-12:15PM ET",divergence_mean_reversion,4,0,0.0,0.0,0.0,0.0,0.0,0,0,0.0,0.0,REJECTED,flat_market
507,BTC,2069166,btc-updown-15m-1777132800,65244762073750236516161362318362881856456784328043762117285211279363068231679,"Bitcoin Up or Down - April 25, 12:00PM-12:15PM ET",divergence_mean_reversion,24,0,0.0,0.0,0.0,0.0,0.0,0,0,0.0,0.0,REJECTED,flat_market
508,BTC,2069166,btc-updown-15m-1777132800,65244762073750236516161362318362881856456784328043762117285211279363068231679,"Bitcoin Up or Down - April 25, 12:00PM-12:15PM ET",high_confidence_probability_move,1,0,0.0,0.0,0.0,0.0,0.0,0,0,0.0,0.0,REJECTED,flat_market
509,BTC,2069166,btc-updown-15m-1777132800,65244762073750236516161362318362881856456784328043762117285211279363068231679,"Bitcoin Up or Down - April 25, 12:00PM-12:15PM ET",high_confidence_probability_move,4,0,0.0,0.0,0.0,0.0,0.0,0,0,0.0,0.0,REJECTED,flat_market
510,BTC,2069166,btc-updown-15m-1777132800,65244762073750236516161362318362881856456784328043762117285211279363068231679,"Bitcoin Up or Down - April 25, 12:00PM-12:15PM ET",high_confidence_probability_move,24,0,0.0,0.0,0.0,0.0,0.0,0,0,0.0,0.0,REJECTED,flat_market
511,BTC,2069166,btc-updown-15m-1777132800,65244762073750236516161362318362881856456784328043762117285211279363068231679,"Bitcoin Up or Down - April 25, 12:00PM-12:15PM ET",polymarket_leads_crypto_momentum,1,0,0.0,0.0,0.0,0.0,0.0,0,0,0.0,0.0,REJECTED,flat_market
512,BTC,2069166,btc-updown-15m-1777132800,65244762073750236516161362318362881856456784328043762117285211279363068231679,"Bitcoin Up or Down - April 25, 12:00PM-12:15PM ET",polymarket_leads_crypto_momentum,4,0,0.0,0.0,0.0,0.0,0.0,0,0,0.0,0.0,REJECTED,flat_market
513,BTC,2069166,btc-updown-15m-1777132800,65244762073750236516161362318362881856456784328043762117285211279363068231679,"Bitcoin Up or Down - April 25, 12:00PM-12:15PM ET",polymarket_leads_crypto_momentum,24,0,0.0,0.0,0.0,0.0,0.0,0,0,0.0,0.0,REJECTED,flat_market
514,BTC,2069166,btc-updown-15m-1777132800,65244762073750236516161362318362881856456784328043762117285211279363068231679,"Bitcoin Up or Down - April 25, 12:00PM-12:15PM ET",probability_momentum_continuation,1,0,0.0,0.0,0.0,0.0,0.0,0,0,0.0,0.0,REJECTED,flat_market
515,BTC,2069166,btc-updown-15m-1777132800,65244762073750236516161362318362881856456784328043762117285211279363068231679,"Bitcoin Up or Down - April 25, 12:00PM-12:15PM ET",probability_momentum_continuation,4,0,0.0,0.0,0.0,0.0,0.0,0,0,0.0,0.0,REJECTED,flat_market
516,BTC,2069166,btc-updown-15m-1777132800,65244762073750236516161362318362881856456784328043762117285211279363068231679,"Bitcoin Up or Down - April 25, 12:00PM-12:15PM ET",probability_momentum_continuation,24,0,0.0,0.0,0.0,0.0,0.0,0,0,0.0,0.0,REJECTED,flat_market
517,BTC,2069166,btc-updown-15m-1777132800,65244762073750236516161362318362881856456784328043762117285211279363068231679,"Bitcoin Up or Down - April 25, 12:00PM-12:15PM ET",probability_reversal,1,0,0.0,0.0,0.0,0.0,0.0,0,0,0.0,0.0,REJECTED,flat_market
518,BTC,2069166,btc-updown-15m-1777132800,65244762073750236516161362318362881856456784328043762117285211279363068231679,"Bitcoin Up or Down - April 25, 12:00PM-12:15PM ET",probability_reversal,4,0,0.0,0.0,0.0,0.0,0.0,0,0,0.0,0.0,REJECTED,flat_market
519,BTC,2069166,btc-updown-15m-1777132800,65244762073750236516161362318362881856456784328043762117285211279363068231679,"Bitcoin Up or Down - April 25, 12:00PM-12:15PM ET",probability_reversal,24,0,0.0,0.0,0.0,0.0,0.0,0,0,0.0,0.0,REJECTED,flat_market
520,BTC,2083722,btc-updown-15m-1777271400,114745559876334374381493753876847836713172541829271680284066342831910273893773,"Bitcoin Up or Down - April 27, 2:30AM-2:45AM ET",divergence_mean_reversion,1,0,0.0,0.0,0.0,0.0,0.0,0,0,0.0,0.0,REJECTED,flat_market
521,BTC,2083722,btc-updown-15m-1777271400,114745559876334374381493753876847836713172541829271680284066342831910273893773,"Bitcoin Up or Down - April 27, 2:30AM-2:45AM ET",divergence_mean_reversion,4,0,0.0,0.0,0.0,0.0,0.0,0,0,0.0,0.0,REJECTED,flat_market
522,BTC,2083722,btc-updown-15m-1777271400,114745559876334374381493753876847836713172541829271680284066342831910273893773,"Bitcoin Up or Down - April 27, 2:30AM-2:45AM ET",divergence_mean_reversion,24,0,0.0,0.0,0.0,0.0,0.0,0,0,0.0,0.0,REJECTED,flat_market
523,BTC,2083722,btc-updown-15m-1777271400,114745559876334374381493753876847836713172541829271680284066342831910273893773,"Bitcoin Up or Down - April 27, 2:30AM-2:45AM ET",high_confidence_probability_move,1,0,0.0,0.0,0.0,0.0,0.0,0,0,0.0,0.0,REJECTED,flat_market
524,BTC,2083722,btc-updown-15m-1777271400,114745559876334374381493753876847836713172541829271680284066342831910273893773,"Bitcoin Up or Down - April 27, 2:30AM-2:45AM ET",high_confidence_probability_move,4,0,0.0,0.0,0.0,0.0,0.0,0,0,0.0,0.0,REJECTED,flat_market
525,BTC,2083722,btc-updown-15m-1777271400,114745559876334374381493753876847836713172541829271680284066342831910273893773,"Bitcoin Up or Down - April 27, 2:30AM-2:45AM ET",high_confidence_probability_move,24,0,0.0,0.0,0.0,0.0,0.0,0,0,0.0,0.0,REJECTED,flat_market
526,BTC,2083722,btc-updown-15m-1777271400,114745559876334374381493753876847836713172541829271680284066342831910273893773,"Bitcoin Up or Down - April 27, 2:30AM-2:45AM ET",polymarket_leads_crypto_momentum,1,0,0.0,0.0,0.0,0.0,0.0,0,0,0.0,0.0,REJECTED,flat_market
527,BTC,2083722,btc-updown-15m-1777271400,114745559876334374381493753876847836713172541829271680284066342831910273893773,"Bitcoin Up or Down - April 27, 2:30AM-2:45AM ET",polymarket_leads_crypto_momentum,4,0,0.0,0.0,0.0,0.0,0.0,0,0,0.0,0.0,REJECTED,flat_market
528,BTC,2083722,btc-updown-15m-1777271400,114745559876334374381493753876847836713172541829271680284066342831910273893773,"Bitcoin Up or Down - April 27, 2:30AM-2:45AM ET",polymarket_leads_crypto_momentum,24,0,0.0,0.0,0.0,0.0,0.0,0,0,0.0,0.0,REJECTED,flat_market
529,BTC,2083722,btc-updown-15m-1777271400,114745559876334374381493753876847836713172541829271680284066342831910273893773,"Bitcoin Up or Down - April 27, 2:30AM-2:45AM ET",probability_momentum_continuation,1,0,0.0,0.0,0.0,0.0,0.0,0,0,0.0,0.0,REJECTED,flat_market
530,BTC,2083722,btc-updown-15m-1777271400,114745559876334374381493753876847836713172541829271680284066342831910273893773,"Bitcoin Up or Down - April 27, 2:30AM-2:45AM ET",probability_momentum_continuation,4,0,0.0,0.0,0.0,0.0,0.0,0,0,0.0,0.0,REJECTED,flat_market
531,BTC,2083722,btc-updown-15m-1777271400,114745559876334374381493753876847836713172541829271680284066342831910273893773,"Bitcoin Up or Down - April 27, 2:30AM-2:45AM ET",probability_momentum_continuation,24,0,0.0,0.0,0.0,0.0,0.0,0,0,0.0,0.0,REJECTED,flat_market
532,BTC,2083722,btc-updown-15m-1777271400,114745559876334374381493753876847836713172541829271680284066342831910273893773,"Bitcoin Up or Down - April 27, 2:30AM-2:45AM ET",probability_reversal,1,0,0.0,0.0,0.0,0.0,0.0,0,0,0.0,0.0,REJECTED,flat_market
533,BTC,2083722,btc-updown-15m-1777271400,114745559876334374381493753876847836713172541829271680284066342831910273893773,"Bitcoin Up or Down - April 27, 2:30AM-2:45AM ET",probability_reversal,4,0,0.0,0.0,0.0,0.0,0.0,0,0,0.0,0.0,REJECTED,flat_market
534,BTC,2083722,btc-updown-15m-1777271400,114745559876334374381493753876847836713172541829271680284066342831910273893773,"Bitcoin Up or Down - April 27, 2:30AM-2:45AM ET",probability_reversal,24,0,0.0,0.0,0.0,0.0,0.0,0,0,0.0,0.0,REJECTED,flat_market
535,BTC,1764378,btc-updown-5m-1774808400,90856252799365273842960800021642087848762029657266017906190112268841358648663,"Bitcoin Up or Down - March 29, 2:20PM-2:25PM ET",divergence_mean_reversion,1,0,0.0,0.0,0.0,0.0,0.0,0,0,0.0,0.0,REJECTED,flat_market
536,BTC,1764378,btc-updown-5m-1774808400,90856252799365273842960800021642087848762029657266017906190112268841358648663,"Bitcoin Up or Down - March 29, 2:20PM-2:25PM ET",divergence_mean_reversion,4,0,0.0,0.0,0.0,0.0,0.0,0,0,0.0,0.0,REJECTED,flat_market
537,BTC,1764378,btc-updown-5m-1774808400,90856252799365273842960800021642087848762029657266017906190112268841358648663,"Bitcoin Up or Down - March 29, 2:20PM-2:25PM ET",divergence_mean_reversion,24,0,0.0,0.0,0.0,0.0,0.0,0,0,0.0,0.0,REJECTED,flat_market
538,BTC,1764378,btc-updown-5m-1774808400,90856252799365273842960800021642087848762029657266017906190112268841358648663,"Bitcoin Up or Down - March 29, 2:20PM-2:25PM ET",high_confidence_probability_move,1,0,0.0,0.0,0.0,0.0,0.0,0,0,0.0,0.0,REJECTED,flat_market
539,BTC,1764378,btc-updown-5m-1774808400,90856252799365273842960800021642087848762029657266017906190112268841358648663,"Bitcoin Up or Down - March 29, 2:20PM-2:25PM ET",high_confidence_probability_move,4,0,0.0,0.0,0.0,0.0,0.0,0,0,0.0,0.0,REJECTED,flat_market
540,BTC,1764378,btc-updown-5m-1774808400,90856252799365273842960800021642087848762029657266017906190112268841358648663,"Bitcoin Up or Down - March 29, 2:20PM-2:25PM ET",high_confidence_probability_move,24,0,0.0,0.0,0.0,0.0,0.0,0,0,0.0,0.0,REJECTED,flat_market
541,BTC,1764378,btc-updown-5m-1774808400,90856252799365273842960800021642087848762029657266017906190112268841358648663,"Bitcoin Up or Down - March 29, 2:20PM-2:25PM ET",polymarket_leads_crypto_momentum,1,0,0.0,0.0,0.0,0.0,0.0,0,0,0.0,0.0,REJECTED,flat_market
542,BTC,1764378,btc-updown-5m-1774808400,90856252799365273842960800021642087848762029657266017906190112268841358648663,"Bitcoin Up or Down - March 29, 2:20PM-2:25PM ET",polymarket_leads_crypto_momentum,4,0,0.0,0.0,0.0,0.0,0.0,0,0,0.0,0.0,REJECTED,flat_market
543,BTC,1764378,btc-updown-5m-1774808400,90856252799365273842960800021642087848762029657266017906190112268841358648663,"Bitcoin Up or Down - March 29, 2:20PM-2:25PM ET",polymarket_leads_crypto_momentum,24,0,0.0,0.0,0.0,0.0,0.0,0,0,0.0,0.0,REJECTED,flat_market
544,BTC,1764378,btc-updown-5m-1774808400,90856252799365273842960800021642087848762029657266017906190112268841358648663,"Bitcoin Up or Down - March 29, 2:20PM-2:25PM ET",probability_momentum_continuation,1,0,0.0,0.0,0.0,0.0,0.0,0,0,0.0,0.0,REJECTED,flat_market
545,BTC,1764378,btc-updown-5m-1774808400,90856252799365273842960800021642087848762029657266017906190112268841358648663,"Bitcoin Up or Down - March 29, 2:20PM-2:25PM ET",probability_momentum_continuation,4,0,0.0,0.0,0.0,0.0,0.0,0,0,0.0,0.0,REJECTED,flat_market
546,BTC,1764378,btc-updown-5m-1774808400,90856252799365273842960800021642087848762029657266017906190112268841358648663,"Bitcoin Up or Down - March 29, 2:20PM-2:25PM ET",probability_momentum_continuation,24,0,0.0,0.0,0.0,0.0,0.0,0,0,0.0,0.0,REJECTED,flat_market
547,BTC,1764378,btc-updown-5m-1774808400,90856252799365273842960800021642087848762029657266017906190112268841358648663,"Bitcoin Up or Down - March 29, 2:20PM-2:25PM ET",probability_reversal,1,0,0.0,0.0,0.0,0.0,0.0,0,0,0.0,0.0,REJECTED,flat_market
548,BTC,1764378,btc-updown-5m-1774808400,90856252799365273842960800021642087848762029657266017906190112268841358648663,"Bitcoin Up or Down - March 29, 2:20PM-2:25PM ET",probability_reversal,4,0,0.0,0.0,0.0,0.0,0.0,0,0,0.0,0.0,REJECTED,flat_market
549,BTC,1764378,btc-updown-5m-1774808400,90856252799365273842960800021642087848762029657266017906190112268841358648663,"Bitcoin Up or Down - March 29, 2:20PM-2:25PM ET",probability_reversal,24,0,0.0,0.0,0.0,0.0,0.0,0,0,0.0,0.0,REJECTED,flat_market
550,BTC,1765600,btc-updown-5m-1774815000,17574681085863998596045048551160769091717756293317102431511107137990536003739,"Bitcoin Up or Down - March 29, 4:10PM-4:15PM ET",divergence_mean_reversion,1,0,0.0,0.0,0.0,0.0,0.0,0,0,0.0,0.0,REJECTED,flat_market
551,BTC,1765600,btc-updown-5m-1774815000,17574681085863998596045048551160769091717756293317102431511107137990536003739,"Bitcoin Up or Down - March 29, 4:10PM-4:15PM ET",divergence_mean_reversion,4,0,0.0,0.0,0.0,0.0,0.0,0,0,0.0,0.0,REJECTED,flat_market
552,BTC,1765600,btc-updown-5m-1774815000,17574681085863998596045048551160769091717756293317102431511107137990536003739,"Bitcoin Up or Down - March 29, 4:10PM-4:15PM ET",divergence_mean_reversion,24,0,0.0,0.0,0.0,0.0,0.0,0,0,0.0,0.0,REJECTED,flat_market
553,BTC,1765600,btc-updown-5m-1774815000,17574681085863998596045048551160769091717756293317102431511107137990536003739,"Bitcoin Up or Down - March 29, 4:10PM-4:15PM ET",high_confidence_probability_move,1,0,0.0,0.0,0.0,0.0,0.0,0,0,0.0,0.0,REJECTED,flat_market
554,BTC,1765600,btc-updown-5m-1774815000,17574681085863998596045048551160769091717756293317102431511107137990536003739,"Bitcoin Up or Down - March 29, 4:10PM-4:15PM ET",high_confidence_probability_move,4,0,0.0,0.0,0.0,0.0,0.0,0,0,0.0,0.0,REJECTED,flat_market
555,BTC,1765600,btc-updown-5m-1774815000,17574681085863998596045048551160769091717756293317102431511107137990536003739,"Bitcoin Up or Down - March 29, 4:10PM-4:15PM ET",high_confidence_probability_move,24,0,0.0,0.0,0.0,0.0,0.0,0,0,0.0,0.0,REJECTED,flat_market
556,BTC,1765600,btc-updown-5m-1774815000,17574681085863998596045048551160769091717756293317102431511107137990536003739,"Bitcoin Up or Down - March 29, 4:10PM-4:15PM ET",polymarket_leads_crypto_momentum,1,0,0.0,0.0,0.0,0.0,0.0,0,0,0.0,0.0,REJECTED,flat_market
557,BTC,1765600,btc-updown-5m-1774815000,17574681085863998596045048551160769091717756293317102431511107137990536003739,"Bitcoin Up or Down - March 29, 4:10PM-4:15PM ET",polymarket_leads_crypto_momentum,4,0,0.0,0.0,0.0,0.0,0.0,0,0,0.0,0.0,REJECTED,flat_market
558,BTC,1765600,btc-updown-5m-1774815000,17574681085863998596045048551160769091717756293317102431511107137990536003739,"Bitcoin Up or Down - March 29, 4:10PM-4:15PM ET",polymarket_leads_crypto_momentum,24,0,0.0,0.0,0.0,0.0,0.0,0,0,0.0,0.0,REJECTED,flat_market
559,BTC,1765600,btc-updown-5m-1774815000,17574681085863998596045048551160769091717756293317102431511107137990536003739,"Bitcoin Up or Down - March 29, 4:10PM-4:15PM ET",probability_momentum_continuation,1,0,0.0,0.0,0.0,0.0,0.0,0,0,0.0,0.0,REJECTED,flat_market
560,BTC,1765600,btc-updown-5m-1774815000,17574681085863998596045048551160769091717756293317102431511107137990536003739,"Bitcoin Up or Down - March 29, 4:10PM-4:15PM ET",probability_momentum_continuation,4,0,0.0,0.0,0.0,0.0,0.0,0,0,0.0,0.0,REJECTED,flat_market
561,BTC,1765600,btc-updown-5m-1774815000,17574681085863998596045048551160769091717756293317102431511107137990536003739,"Bitcoin Up or Down - March 29, 4:10PM-4:15PM ET",probability_momentum_continuation,24,0,0.0,0.0,0.0,0.0,0.0,0,0,0.0,0.0,REJECTED,flat_market
562,BTC,1765600,btc-updown-5m-1774815000,17574681085863998596045048551160769091717756293317102431511107137990536003739,"Bitcoin Up or Down - March 29, 4:10PM-4:15PM ET",probability_reversal,1,0,0.0,0.0,0.0,0.0,0.0,0,0,0.0,0.0,REJECTED,flat_market
563,BTC,1765600,btc-updown-5m-1774815000,17574681085863998596045048551160769091717756293317102431511107137990536003739,"Bitcoin Up or Down - March 29, 4:10PM-4:15PM ET",probability_reversal,4,0,0.0,0.0,0.0,0.0,0.0,0,0,0.0,0.0,REJECTED,flat_market
564,BTC,1765600,btc-updown-5m-1774815000,17574681085863998596045048551160769091717756293317102431511107137990536003739,"Bitcoin Up or Down - March 29, 4:10PM-4:15PM ET",probability_reversal,24,0,0.0,0.0,0.0,0.0,0.0,0,0,0.0,0.0,REJECTED,flat_market
565,BTC,1773180,btc-updown-5m-1774858800,27447718362414934066594604009165057600587117359409496188839837767218855278210,"Bitcoin Up or Down - March 30, 4:20AM-4:25AM ET",divergence_mean_reversion,1,0,0.0,0.0,0.0,0.0,0.0,0,0,0.0,0.0,REJECTED,flat_market
566,BTC,1773180,btc-updown-5m-1774858800,27447718362414934066594604009165057600587117359409496188839837767218855278210,"Bitcoin Up or Down - March 30, 4:20AM-4:25AM ET",divergence_mean_reversion,4,0,0.0,0.0,0.0,0.0,0.0,0,0,0.0,0.0,REJECTED,flat_market
567,BTC,1773180,btc-updown-5m-1774858800,27447718362414934066594604009165057600587117359409496188839837767218855278210,"Bitcoin Up or Down - March 30, 4:20AM-4:25AM ET",divergence_mean_reversion,24,0,0.0,0.0,0.0,0.0,0.0,0,0,0.0,0.0,REJECTED,flat_market
568,BTC,1773180,btc-updown-5m-1774858800,27447718362414934066594604009165057600587117359409496188839837767218855278210,"Bitcoin Up or Down - March 30, 4:20AM-4:25AM ET",high_confidence_probability_move,1,0,0.0,0.0,0.0,0.0,0.0,0,0,0.0,0.0,REJECTED,flat_market
569,BTC,1773180,btc-updown-5m-1774858800,27447718362414934066594604009165057600587117359409496188839837767218855278210,"Bitcoin Up or Down - March 30, 4:20AM-4:25AM ET",high_confidence_probability_move,4,0,0.0,0.0,0.0,0.0,0.0,0,0,0.0,0.0,REJECTED,flat_market
570,BTC,1773180,btc-updown-5m-1774858800,27447718362414934066594604009165057600587117359409496188839837767218855278210,"Bitcoin Up or Down - March 30, 4:20AM-4:25AM ET",high_confidence_probability_move,24,0,0.0,0.0,0.0,0.0,0.0,0,0,0.0,0.0,REJECTED,flat_market
571,BTC,1773180,btc-updown-5m-1774858800,27447718362414934066594604009165057600587117359409496188839837767218855278210,"Bitcoin Up or Down - March 30, 4:20AM-4:25AM ET",polymarket_leads_crypto_momentum,1,0,0.0,0.0,0.0,0.0,0.0,0,0,0.0,0.0,REJECTED,flat_market
572,BTC,1773180,btc-updown-5m-1774858800,27447718362414934066594604009165057600587117359409496188839837767218855278210,"Bitcoin Up or Down - March 30, 4:20AM-4:25AM ET",polymarket_leads_crypto_momentum,4,0,0.0,0.0,0.0,0.0,0.0,0,0,0.0,0.0,REJECTED,flat_market
573,BTC,1773180,btc-updown-5m-1774858800,27447718362414934066594604009165057600587117359409496188839837767218855278210,"Bitcoin Up or Down - March 30, 4:20AM-4:25AM ET",polymarket_leads_crypto_momentum,24,0,0.0,0.0,0.0,0.0,0.0,0,0,0.0,0.0,REJECTED,flat_market
574,BTC,1773180,btc-updown-5m-1774858800,27447718362414934066594604009165057600587117359409496188839837767218855278210,"Bitcoin Up or Down - March 30, 4:20AM-4:25AM ET",probability_momentum_continuation,1,0,0.0,0.0,0.0,0.0,0.0,0,0,0.0,0.0,REJECTED,flat_market
575,BTC,1773180,btc-updown-5m-1774858800,27447718362414934066594604009165057600587117359409496188839837767218855278210,"Bitcoin Up or Down - March 30, 4:20AM-4:25AM ET",probability_momentum_continuation,4,0,0.0,0.0,0.0,0.0,0.0,0,0,0.0,0.0,REJECTED,flat_market
576,BTC,1773180,btc-updown-5m-1774858800,27447718362414934066594604009165057600587117359409496188839837767218855278210,"Bitcoin Up or Down - March 30, 4:20AM-4:25AM ET",probability_momentum_continuation,24,0,0.0,0.0,0.0,0.0,0.0,0,0,0.0,0.0,REJECTED,flat_market
577,BTC,1773180,btc-updown-5m-1774858800,27447718362414934066594604009165057600587117359409496188839837767218855278210,"Bitcoin Up or Down - March 30, 4:20AM-4:25AM ET",probability_reversal,1,0,0.0,0.0,0.0,0.0,0.0,0,0,0.0,0.0,REJECTED,flat_market
578,BTC,1773180,btc-updown-5m-1774858800,27447718362414934066594604009165057600587117359409496188839837767218855278210,"Bitcoin Up or Down - March 30, 4:20AM-4:25AM ET",probability_reversal,4,0,0.0,0.0,0.0,0.0,0.0,0,0,0.0,0.0,REJECTED,flat_market
579,BTC,1773180,btc-updown-5m-1774858800,27447718362414934066594604009165057600587117359409496188839837767218855278210,"Bitcoin Up or Down - March 30, 4:20AM-4:25AM ET",probability_reversal,24,0,0.0,0.0,0.0,0.0,0.0,0,0,0.0,0.0,REJECTED,flat_market
580,BTC,1774331,btc-updown-5m-1774866300,84070069951266903779001223967651240644159077238374072337458282738811392653485,"Bitcoin Up or Down - March 30, 6:25AM-6:30AM ET",divergence_mean_reversion,1,0,0.0,0.0,0.0,0.0,0.0,0,0,0.0,0.0,REJECTED,flat_market
581,BTC,1774331,btc-updown-5m-1774866300,84070069951266903779001223967651240644159077238374072337458282738811392653485,"Bitcoin Up or Down - March 30, 6:25AM-6:30AM ET",divergence_mean_reversion,4,0,0.0,0.0,0.0,0.0,0.0,0,0,0.0,0.0,REJECTED,flat_market
582,BTC,1774331,btc-updown-5m-1774866300,84070069951266903779001223967651240644159077238374072337458282738811392653485,"Bitcoin Up or Down - March 30, 6:25AM-6:30AM ET",divergence_mean_reversion,24,0,0.0,0.0,0.0,0.0,0.0,0,0,0.0,0.0,REJECTED,flat_market
583,BTC,1774331,btc-updown-5m-1774866300,84070069951266903779001223967651240644159077238374072337458282738811392653485,"Bitcoin Up or Down - March 30, 6:25AM-6:30AM ET",high_confidence_probability_move,1,0,0.0,0.0,0.0,0.0,0.0,0,0,0.0,0.0,REJECTED,flat_market
584,BTC,1774331,btc-updown-5m-1774866300,84070069951266903779001223967651240644159077238374072337458282738811392653485,"Bitcoin Up or Down - March 30, 6:25AM-6:30AM ET",high_confidence_probability_move,4,0,0.0,0.0,0.0,0.0,0.0,0,0,0.0,0.0,REJECTED,flat_market
585,BTC,1774331,btc-updown-5m-1774866300,84070069951266903779001223967651240644159077238374072337458282738811392653485,"Bitcoin Up or Down - March 30, 6:25AM-6:30AM ET",high_confidence_probability_move,24,0,0.0,0.0,0.0,0.0,0.0,0,0,0.0,0.0,REJECTED,flat_market
586,BTC,1774331,btc-updown-5m-1774866300,84070069951266903779001223967651240644159077238374072337458282738811392653485,"Bitcoin Up or Down - March 30, 6:25AM-6:30AM ET",polymarket_leads_crypto_momentum,1,0,0.0,0.0,0.0,0.0,0.0,0,0,0.0,0.0,REJECTED,flat_market
587,BTC,1774331,btc-updown-5m-1774866300,84070069951266903779001223967651240644159077238374072337458282738811392653485,"Bitcoin Up or Down - March 30, 6:25AM-6:30AM ET",polymarket_leads_crypto_momentum,4,0,0.0,0.0,0.0,0.0,0.0,0,0,0.0,0.0,REJECTED,flat_market
588,BTC,1774331,btc-updown-5m-1774866300,84070069951266903779001223967651240644159077238374072337458282738811392653485,"Bitcoin Up or Down - March 30, 6:25AM-6:30AM ET",polymarket_leads_crypto_momentum,24,0,0.0,0.0,0.0,0.0,0.0,0,0,0.0,0.0,REJECTED,flat_market
589,BTC,1774331,btc-updown-5m-1774866300,84070069951266903779001223967651240644159077238374072337458282738811392653485,"Bitcoin Up or Down - March 30, 6:25AM-6:30AM ET",probability_momentum_continuation,1,0,0.0,0.0,0.0,0.0,0.0,0,0,0.0,0.0,REJECTED,flat_market
590,BTC,1774331,btc-updown-5m-1774866300,84070069951266903779001223967651240644159077238374072337458282738811392653485,"Bitcoin Up or Down - March 30, 6:25AM-6:30AM ET",probability_momentum_continuation,4,0,0.0,0.0,0.0,0.0,0.0,0,0,0.0,0.0,REJECTED,flat_market
591,BTC,1774331,btc-updown-5m-1774866300,84070069951266903779001223967651240644159077238374072337458282738811392653485,"Bitcoin Up or Down - March 30, 6:25AM-6:30AM ET",probability_momentum_continuation,24,0,0.0,0.0,0.0,0.0,0.0,0,0,0.0,0.0,REJECTED,flat_market
592,BTC,1774331,btc-updown-5m-1774866300,84070069951266903779001223967651240644159077238374072337458282738811392653485,"Bitcoin Up or Down - March 30, 6:25AM-6:30AM ET",probability_reversal,1,0,0.0,0.0,0.0,0.0,0.0,0,0,0.0,0.0,REJECTED,flat_market
593,BTC,1774331,btc-updown-5m-1774866300,84070069951266903779001223967651240644159077238374072337458282738811392653485,"Bitcoin Up or Down - March 30, 6:25AM-6:30AM ET",probability_reversal,4,0,0.0,0.0,0.0,0.0,0.0,0,0,0.0,0.0,REJECTED,flat_market
594,BTC,1774331,btc-updown-5m-1774866300,84070069951266903779001223967651240644159077238374072337458282738811392653485,"Bitcoin Up or Down - March 30, 6:25AM-6:30AM ET",probability_reversal,24,0,0.0,0.0,0.0,0.0,0.0,0,0,0.0,0.0,REJECTED,flat_market
595,BTC,1817112,btc-updown-5m-1775143800,103215022778706138443843655408624294488288916324664053627274461783148934728655,"Bitcoin Up or Down - April 2, 11:30AM-11:35AM ET",divergence_mean_reversion,1,0,0.0,0.0,0.0,0.0,0.0,0,0,0.0,0.0,REJECTED,flat_market
596,BTC,1817112,btc-updown-5m-1775143800,103215022778706138443843655408624294488288916324664053627274461783148934728655,"Bitcoin Up or Down - April 2, 11:30AM-11:35AM ET",divergence_mean_reversion,4,0,0.0,0.0,0.0,0.0,0.0,0,0,0.0,0.0,REJECTED,flat_market
597,BTC,1817112,btc-updown-5m-1775143800,103215022778706138443843655408624294488288916324664053627274461783148934728655,"Bitcoin Up or Down - April 2, 11:30AM-11:35AM ET",divergence_mean_reversion,24,0,0.0,0.0,0.0,0.0,0.0,0,0,0.0,0.0,REJECTED,flat_market
598,BTC,1817112,btc-updown-5m-1775143800,103215022778706138443843655408624294488288916324664053627274461783148934728655,"Bitcoin Up or Down - April 2, 11:30AM-11:35AM ET",high_confidence_probability_move,1,0,0.0,0.0,0.0,0.0,0.0,0,0,0.0,0.0,REJECTED,flat_market
599,BTC,1817112,btc-updown-5m-1775143800,103215022778706138443843655408624294488288916324664053627274461783148934728655,"Bitcoin Up or Down - April 2, 11:30AM-11:35AM ET",high_confidence_probability_move,4,0,0.0,0.0,0.0,0.0,0.0,0,0,0.0,0.0,REJECTED,flat_market
600,BTC,1817112,btc-updown-5m-1775143800,103215022778706138443843655408624294488288916324664053627274461783148934728655,"Bitcoin Up or Down - April 2, 11:30AM-11:35AM ET",high_confidence_probability_move,24,0,0.0,0.0,0.0,0.0,0.0,0,0,0.0,0.0,REJECTED,flat_market
601,BTC,1817112,btc-updown-5m-1775143800,103215022778706138443843655408624294488288916324664053627274461783148934728655,"Bitcoin Up or Down - April 2, 11:30AM-11:35AM ET",polymarket_leads_crypto_momentum,1,0,0.0,0.0,0.0,0.0,0.0,0,0,0.0,0.0,REJECTED,flat_market
602,BTC,1817112,btc-updown-5m-1775143800,103215022778706138443843655408624294488288916324664053627274461783148934728655,"Bitcoin Up or Down - April 2, 11:30AM-11:35AM ET",polymarket_leads_crypto_momentum,4,0,0.0,0.0,0.0,0.0,0.0,0,0,0.0,0.0,REJECTED,flat_market
603,BTC,1817112,btc-updown-5m-1775143800,103215022778706138443843655408624294488288916324664053627274461783148934728655,"Bitcoin Up or Down - April 2, 11:30AM-11:35AM ET",polymarket_leads_crypto_momentum,24,0,0.0,0.0,0.0,0.0,0.0,0,0,0.0,0.0,REJECTED,flat_market
604,BTC,1817112,btc-updown-5m-1775143800,103215022778706138443843655408624294488288916324664053627274461783148934728655,"Bitcoin Up or Down - April 2, 11:30AM-11:35AM ET",probability_momentum_continuation,1,0,0.0,0.0,0.0,0.0,0.0,0,0,0.0,0.0,REJECTED,flat_market
605,BTC,1817112,btc-updown-5m-1775143800,103215022778706138443843655408624294488288916324664053627274461783148934728655,"Bitcoin Up or Down - April 2, 11:30AM-11:35AM ET",probability_momentum_continuation,4,0,0.0,0.0,0.0,0.0,0.0,0,0,0.0,0.0,REJECTED,flat_market
606,BTC,1817112,btc-updown-5m-1775143800,103215022778706138443843655408624294488288916324664053627274461783148934728655,"Bitcoin Up or Down - April 2, 11:30AM-11:35AM ET",probability_momentum_continuation,24,0,0.0,0.0,0.0,0.0,0.0,0,0,0.0,0.0,REJECTED,flat_market
607,BTC,1817112,btc-updown-5m-1775143800,103215022778706138443843655408624294488288916324664053627274461783148934728655,"Bitcoin Up or Down - April 2, 11:30AM-11:35AM ET",probability_reversal,1,0,0.0,0.0,0.0,0.0,0.0,0,0,0.0,0.0,REJECTED,flat_market
608,BTC,1817112,btc-updown-5m-1775143800,103215022778706138443843655408624294488288916324664053627274461783148934728655,"Bitcoin Up or Down - April 2, 11:30AM-11:35AM ET",probability_reversal,4,0,0.0,0.0,0.0,0.0,0.0,0,0,0.0,0.0,REJECTED,flat_market
609,BTC,1817112,btc-updown-5m-1775143800,103215022778706138443843655408624294488288916324664053627274461783148934728655,"Bitcoin Up or Down - April 2, 11:30AM-11:35AM ET",probability_reversal,24,0,0.0,0.0,0.0,0.0,0.0,0,0,0.0,0.0,REJECTED,flat_market
610,BTC,1820574,btc-updown-5m-1775164500,97899616942439747228306747302961018655413862098988759294880569888212581607884,"Bitcoin Up or Down - April 2, 5:15PM-5:20PM ET",divergence_mean_reversion,1,0,0.0,0.0,0.0,0.0,0.0,0,0,0.0,0.0,REJECTED,flat_market
611,BTC,1820574,btc-updown-5m-1775164500,97899616942439747228306747302961018655413862098988759294880569888212581607884,"Bitcoin Up or Down - April 2, 5:15PM-5:20PM ET",divergence_mean_reversion,4,0,0.0,0.0,0.0,0.0,0.0,0,0,0.0,0.0,REJECTED,flat_market
612,BTC,1820574,btc-updown-5m-1775164500,97899616942439747228306747302961018655413862098988759294880569888212581607884,"Bitcoin Up or Down - April 2, 5:15PM-5:20PM ET",divergence_mean_reversion,24,0,0.0,0.0,0.0,0.0,0.0,0,0,0.0,0.0,REJECTED,flat_market
613,BTC,1820574,btc-updown-5m-1775164500,97899616942439747228306747302961018655413862098988759294880569888212581607884,"Bitcoin Up or Down - April 2, 5:15PM-5:20PM ET",high_confidence_probability_move,1,0,0.0,0.0,0.0,0.0,0.0,0,0,0.0,0.0,REJECTED,flat_market
614,BTC,1820574,btc-updown-5m-1775164500,97899616942439747228306747302961018655413862098988759294880569888212581607884,"Bitcoin Up or Down - April 2, 5:15PM-5:20PM ET",high_confidence_probability_move,4,0,0.0,0.0,0.0,0.0,0.0,0,0,0.0,0.0,REJECTED,flat_market
615,BTC,1820574,btc-updown-5m-1775164500,97899616942439747228306747302961018655413862098988759294880569888212581607884,"Bitcoin Up or Down - April 2, 5:15PM-5:20PM ET",high_confidence_probability_move,24,0,0.0,0.0,0.0,0.0,0.0,0,0,0.0,0.0,REJECTED,flat_market
616,BTC,1820574,btc-updown-5m-1775164500,97899616942439747228306747302961018655413862098988759294880569888212581607884,"Bitcoin Up or Down - April 2, 5:15PM-5:20PM ET",polymarket_leads_crypto_momentum,1,0,0.0,0.0,0.0,0.0,0.0,0,0,0.0,0.0,REJECTED,flat_market
617,BTC,1820574,btc-updown-5m-1775164500,97899616942439747228306747302961018655413862098988759294880569888212581607884,"Bitcoin Up or Down - April 2, 5:15PM-5:20PM ET",polymarket_leads_crypto_momentum,4,0,0.0,0.0,0.0,0.0,0.0,0,0,0.0,0.0,REJECTED,flat_market
618,BTC,1820574,btc-updown-5m-1775164500,97899616942439747228306747302961018655413862098988759294880569888212581607884,"Bitcoin Up or Down - April 2, 5:15PM-5:20PM ET",polymarket_leads_crypto_momentum,24,0,0.0,0.0,0.0,0.0,0.0,0,0,0.0,0.0,REJECTED,flat_market
619,BTC,1820574,btc-updown-5m-1775164500,97899616942439747228306747302961018655413862098988759294880569888212581607884,"Bitcoin Up or Down - April 2, 5:15PM-5:20PM ET",probability_momentum_continuation,1,0,0.0,0.0,0.0,0.0,0.0,0,0,0.0,0.0,REJECTED,flat_market
620,BTC,1820574,btc-updown-5m-1775164500,97899616942439747228306747302961018655413862098988759294880569888212581607884,"Bitcoin Up or Down - April 2, 5:15PM-5:20PM ET",probability_momentum_continuation,4,0,0.0,0.0,0.0,0.0,0.0,0,0,0.0,0.0,REJECTED,flat_market
621,BTC,1820574,btc-updown-5m-1775164500,97899616942439747228306747302961018655413862098988759294880569888212581607884,"Bitcoin Up or Down - April 2, 5:15PM-5:20PM ET",probability_momentum_continuation,24,0,0.0,0.0,0.0,0.0,0.0,0,0,0.0,0.0,REJECTED,flat_market
622,BTC,1820574,btc-updown-5m-1775164500,97899616942439747228306747302961018655413862098988759294880569888212581607884,"Bitcoin Up or Down - April 2, 5:15PM-5:20PM ET",probability_reversal,1,0,0.0,0.0,0.0,0.0,0.0,0,0,0.0,0.0,REJECTED,flat_market
623,BTC,1820574,btc-updown-5m-1775164500,97899616942439747228306747302961018655413862098988759294880569888212581607884,"Bitcoin Up or Down - April 2, 5:15PM-5:20PM ET",probability_reversal,4,0,0.0,0.0,0.0,0.0,0.0,0,0,0.0,0.0,REJECTED,flat_market
624,BTC,1820574,btc-updown-5m-1775164500,97899616942439747228306747302961018655413862098988759294880569888212581607884,"Bitcoin Up or Down - April 2, 5:15PM-5:20PM ET",probability_reversal,24,0,0.0,0.0,0.0,0.0,0.0,0,0,0.0,0.0,REJECTED,flat_market
625,BTC,1822871,btc-updown-5m-1775181900,13072320647212050268306313706521107588246035294063445643757829206044192874296,"Bitcoin Up or Down - April 2, 10:05PM-10:10PM ET",divergence_mean_reversion,1,0,0.0,0.0,0.0,0.0,0.0,0,0,0.0,0.0,REJECTED,flat_market
626,BTC,1822871,btc-updown-5m-1775181900,13072320647212050268306313706521107588246035294063445643757829206044192874296,"Bitcoin Up or Down - April 2, 10:05PM-10:10PM ET",divergence_mean_reversion,4,0,0.0,0.0,0.0,0.0,0.0,0,0,0.0,0.0,REJECTED,flat_market
627,BTC,1822871,btc-updown-5m-1775181900,13072320647212050268306313706521107588246035294063445643757829206044192874296,"Bitcoin Up or Down - April 2, 10:05PM-10:10PM ET",divergence_mean_reversion,24,0,0.0,0.0,0.0,0.0,0.0,0,0,0.0,0.0,REJECTED,flat_market
628,BTC,1822871,btc-updown-5m-1775181900,13072320647212050268306313706521107588246035294063445643757829206044192874296,"Bitcoin Up or Down - April 2, 10:05PM-10:10PM ET",high_confidence_probability_move,1,0,0.0,0.0,0.0,0.0,0.0,0,0,0.0,0.0,REJECTED,flat_market
629,BTC,1822871,btc-updown-5m-1775181900,13072320647212050268306313706521107588246035294063445643757829206044192874296,"Bitcoin Up or Down - April 2, 10:05PM-10:10PM ET",high_confidence_probability_move,4,0,0.0,0.0,0.0,0.0,0.0,0,0,0.0,0.0,REJECTED,flat_market
630,BTC,1822871,btc-updown-5m-1775181900,13072320647212050268306313706521107588246035294063445643757829206044192874296,"Bitcoin Up or Down - April 2, 10:05PM-10:10PM ET",high_confidence_probability_move,24,0,0.0,0.0,0.0,0.0,0.0,0,0,0.0,0.0,REJECTED,flat_market
631,BTC,1822871,btc-updown-5m-1775181900,13072320647212050268306313706521107588246035294063445643757829206044192874296,"Bitcoin Up or Down - April 2, 10:05PM-10:10PM ET",polymarket_leads_crypto_momentum,1,0,0.0,0.0,0.0,0.0,0.0,0,0,0.0,0.0,REJECTED,flat_market
632,BTC,1822871,btc-updown-5m-1775181900,13072320647212050268306313706521107588246035294063445643757829206044192874296,"Bitcoin Up or Down - April 2, 10:05PM-10:10PM ET",polymarket_leads_crypto_momentum,4,0,0.0,0.0,0.0,0.0,0.0,0,0,0.0,0.0,REJECTED,flat_market
633,BTC,1822871,btc-updown-5m-1775181900,13072320647212050268306313706521107588246035294063445643757829206044192874296,"Bitcoin Up or Down - April 2, 10:05PM-10:10PM ET",polymarket_leads_crypto_momentum,24,0,0.0,0.0,0.0,0.0,0.0,0,0,0.0,0.0,REJECTED,flat_market
634,BTC,1822871,btc-updown-5m-1775181900,13072320647212050268306313706521107588246035294063445643757829206044192874296,"Bitcoin Up or Down - April 2, 10:05PM-10:10PM ET",probability_momentum_continuation,1,0,0.0,0.0,0.0,0.0,0.0,0,0,0.0,0.0,REJECTED,flat_market
635,BTC,1822871,btc-updown-5m-1775181900,13072320647212050268306313706521107588246035294063445643757829206044192874296,"Bitcoin Up or Down - April 2, 10:05PM-10:10PM ET",probability_momentum_continuation,4,0,0.0,0.0,0.0,0.0,0.0,0,0,0.0,0.0,REJECTED,flat_market
636,BTC,1822871,btc-updown-5m-1775181900,13072320647212050268306313706521107588246035294063445643757829206044192874296,"Bitcoin Up or Down - April 2, 10:05PM-10:10PM ET",probability_momentum_continuation,24,0,0.0,0.0,0.0,0.0,0.0,0,0,0.0,0.0,REJECTED,flat_market
637,BTC,1822871,btc-updown-5m-1775181900,13072320647212050268306313706521107588246035294063445643757829206044192874296,"Bitcoin Up or Down - April 2, 10:05PM-10:10PM ET",probability_reversal,1,0,0.0,0.0,0.0,0.0,0.0,0,0,0.0,0.0,REJECTED,flat_market
638,BTC,1822871,btc-updown-5m-1775181900,13072320647212050268306313706521107588246035294063445643757829206044192874296,"Bitcoin Up or Down - April 2, 10:05PM-10:10PM ET",probability_reversal,4,0,0.0,0.0,0.0,0.0,0.0,0,0,0.0,0.0,REJECTED,flat_market
639,BTC,1822871,btc-updown-5m-1775181900,13072320647212050268306313706521107588246035294063445643757829206044192874296,"Bitcoin Up or Down - April 2, 10:05PM-10:10PM ET",probability_reversal,24,0,0.0,0.0,0.0,0.0,0.0,0,0,0.0,0.0,REJECTED,flat_market
640,BTC,1827758,btc-updown-5m-1775211300,62449307466362018368732324400164818672964904657476474057930701784311260089964,"Bitcoin Up or Down - April 3, 6:15AM-6:20AM ET",divergence_mean_reversion,1,0,0.0,0.0,0.0,0.0,0.0,0,0,0.0,0.0,REJECTED,flat_market
641,BTC,1827758,btc-updown-5m-1775211300,62449307466362018368732324400164818672964904657476474057930701784311260089964,"Bitcoin Up or Down - April 3, 6:15AM-6:20AM ET",divergence_mean_reversion,4,0,0.0,0.0,0.0,0.0,0.0,0,0,0.0,0.0,REJECTED,flat_market
642,BTC,1827758,btc-updown-5m-1775211300,62449307466362018368732324400164818672964904657476474057930701784311260089964,"Bitcoin Up or Down - April 3, 6:15AM-6:20AM ET",divergence_mean_reversion,24,0,0.0,0.0,0.0,0.0,0.0,0,0,0.0,0.0,REJECTED,flat_market
643,BTC,1827758,btc-updown-5m-1775211300,62449307466362018368732324400164818672964904657476474057930701784311260089964,"Bitcoin Up or Down - April 3, 6:15AM-6:20AM ET",high_confidence_probability_move,1,0,0.0,0.0,0.0,0.0,0.0,0,0,0.0,0.0,REJECTED,flat_market
644,BTC,1827758,btc-updown-5m-1775211300,62449307466362018368732324400164818672964904657476474057930701784311260089964,"Bitcoin Up or Down - April 3, 6:15AM-6:20AM ET",high_confidence_probability_move,4,0,0.0,0.0,0.0,0.0,0.0,0,0,0.0,0.0,REJECTED,flat_market
645,BTC,1827758,btc-updown-5m-1775211300,62449307466362018368732324400164818672964904657476474057930701784311260089964,"Bitcoin Up or Down - April 3, 6:15AM-6:20AM ET",high_confidence_probability_move,24,0,0.0,0.0,0.0,0.0,0.0,0,0,0.0,0.0,REJECTED,flat_market
646,BTC,1827758,btc-updown-5m-1775211300,62449307466362018368732324400164818672964904657476474057930701784311260089964,"Bitcoin Up or Down - April 3, 6:15AM-6:20AM ET",polymarket_leads_crypto_momentum,1,0,0.0,0.0,0.0,0.0,0.0,0,0,0.0,0.0,REJECTED,flat_market
647,BTC,1827758,btc-updown-5m-1775211300,62449307466362018368732324400164818672964904657476474057930701784311260089964,"Bitcoin Up or Down - April 3, 6:15AM-6:20AM ET",polymarket_leads_crypto_momentum,4,0,0.0,0.0,0.0,0.0,0.0,0,0,0.0,0.0,REJECTED,flat_market
648,BTC,1827758,btc-updown-5m-1775211300,62449307466362018368732324400164818672964904657476474057930701784311260089964,"Bitcoin Up or Down - April 3, 6:15AM-6:20AM ET",polymarket_leads_crypto_momentum,24,0,0.0,0.0,0.0,0.0,0.0,0,0,0.0,0.0,REJECTED,flat_market
649,BTC,1827758,btc-updown-5m-1775211300,62449307466362018368732324400164818672964904657476474057930701784311260089964,"Bitcoin Up or Down - April 3, 6:15AM-6:20AM ET",probability_momentum_continuation,1,0,0.0,0.0,0.0,0.0,0.0,0,0,0.0,0.0,REJECTED,flat_market
650,BTC,1827758,btc-updown-5m-1775211300,62449307466362018368732324400164818672964904657476474057930701784311260089964,"Bitcoin Up or Down - April 3, 6:15AM-6:20AM ET",probability_momentum_continuation,4,0,0.0,0.0,0.0,0.0,0.0,0,0,0.0,0.0,REJECTED,flat_market
651,BTC,1827758,btc-updown-5m-1775211300,62449307466362018368732324400164818672964904657476474057930701784311260089964,"Bitcoin Up or Down - April 3, 6:15AM-6:20AM ET",probability_momentum_continuation,24,0,0.0,0.0,0.0,0.0,0.0,0,0,0.0,0.0,REJECTED,flat_market
652,BTC,1827758,btc-updown-5m-1775211300,62449307466362018368732324400164818672964904657476474057930701784311260089964,"Bitcoin Up or Down - April 3, 6:15AM-6:20AM ET",probability_reversal,1,0,0.0,0.0,0.0,0.0,0.0,0,0,0.0,0.0,REJECTED,flat_market
653,BTC,1827758,btc-updown-5m-1775211300,62449307466362018368732324400164818672964904657476474057930701784311260089964,"Bitcoin Up or Down - April 3, 6:15AM-6:20AM ET",probability_reversal,4,0,0.0,0.0,0.0,0.0,0.0,0,0,0.0,0.0,REJECTED,flat_market
654,BTC,1827758,btc-updown-5m-1775211300,62449307466362018368732324400164818672964904657476474057930701784311260089964,"Bitcoin Up or Down - April 3, 6:15AM-6:20AM ET",probability_reversal,24,0,0.0,0.0,0.0,0.0,0.0,0,0,0.0,0.0,REJECTED,flat_market
655,BTC,1861642,btc-updown-5m-1775399400,76557757478120311021616027808007688388498741432321260730820358512489560168895,"Bitcoin Up or Down - April 5, 10:30AM-10:35AM ET",divergence_mean_reversion,1,0,0.0,0.0,0.0,0.0,0.0,0,0,0.0,0.0,REJECTED,flat_market
656,BTC,1861642,btc-updown-5m-1775399400,76557757478120311021616027808007688388498741432321260730820358512489560168895,"Bitcoin Up or Down - April 5, 10:30AM-10:35AM ET",divergence_mean_reversion,4,0,0.0,0.0,0.0,0.0,0.0,0,0,0.0,0.0,REJECTED,flat_market
657,BTC,1861642,btc-updown-5m-1775399400,76557757478120311021616027808007688388498741432321260730820358512489560168895,"Bitcoin Up or Down - April 5, 10:30AM-10:35AM ET",divergence_mean_reversion,24,0,0.0,0.0,0.0,0.0,0.0,0,0,0.0,0.0,REJECTED,flat_market
658,BTC,1861642,btc-updown-5m-1775399400,76557757478120311021616027808007688388498741432321260730820358512489560168895,"Bitcoin Up or Down - April 5, 10:30AM-10:35AM ET",high_confidence_probability_move,1,0,0.0,0.0,0.0,0.0,0.0,0,0,0.0,0.0,REJECTED,flat_market
659,BTC,1861642,btc-updown-5m-1775399400,76557757478120311021616027808007688388498741432321260730820358512489560168895,"Bitcoin Up or Down - April 5, 10:30AM-10:35AM ET",high_confidence_probability_move,4,0,0.0,0.0,0.0,0.0,0.0,0,0,0.0,0.0,REJECTED,flat_market
660,BTC,1861642,btc-updown-5m-1775399400,76557757478120311021616027808007688388498741432321260730820358512489560168895,"Bitcoin Up or Down - April 5, 10:30AM-10:35AM ET",high_confidence_probability_move,24,0,0.0,0.0,0.0,0.0,0.0,0,0,0.0,0.0,REJECTED,flat_market
661,BTC,1861642,btc-updown-5m-1775399400,76557757478120311021616027808007688388498741432321260730820358512489560168895,"Bitcoin Up or Down - April 5, 10:30AM-10:35AM ET",polymarket_leads_crypto_momentum,1,0,0.0,0.0,0.0,0.0,0.0,0,0,0.0,0.0,REJECTED,flat_market
662,BTC,1861642,btc-updown-5m-1775399400,76557757478120311021616027808007688388498741432321260730820358512489560168895,"Bitcoin Up or Down - April 5, 10:30AM-10:35AM ET",polymarket_leads_crypto_momentum,4,0,0.0,0.0,0.0,0.0,0.0,0,0,0.0,0.0,REJECTED,flat_market
663,BTC,1861642,btc-updown-5m-1775399400,76557757478120311021616027808007688388498741432321260730820358512489560168895,"Bitcoin Up or Down - April 5, 10:30AM-10:35AM ET",polymarket_leads_crypto_momentum,24,0,0.0,0.0,0.0,0.0,0.0,0,0,0.0,0.0,REJECTED,flat_market
664,BTC,1861642,btc-updown-5m-1775399400,76557757478120311021616027808007688388498741432321260730820358512489560168895,"Bitcoin Up or Down - April 5, 10:30AM-10:35AM ET",probability_momentum_continuation,1,0,0.0,0.0,0.0,0.0,0.0,0,0,0.0,0.0,REJECTED,flat_market
665,BTC,1861642,btc-updown-5m-1775399400,76557757478120311021616027808007688388498741432321260730820358512489560168895,"Bitcoin Up or Down - April 5, 10:30AM-10:35AM ET",probability_momentum_continuation,4,0,0.0,0.0,0.0,0.0,0.0,0,0,0.0,0.0,REJECTED,flat_market
666,BTC,1861642,btc-updown-5m-1775399400,76557757478120311021616027808007688388498741432321260730820358512489560168895,"Bitcoin Up or Down - April 5, 10:30AM-10:35AM ET",probability_momentum_continuation,24,0,0.0,0.0,0.0,0.0,0.0,0,0,0.0,0.0,REJECTED,flat_market
667,BTC,1861642,btc-updown-5m-1775399400,76557757478120311021616027808007688388498741432321260730820358512489560168895,"Bitcoin Up or Down - April 5, 10:30AM-10:35AM ET",probability_reversal,1,0,0.0,0.0,0.0,0.0,0.0,0,0,0.0,0.0,REJECTED,flat_market
668,BTC,1861642,btc-updown-5m-1775399400,76557757478120311021616027808007688388498741432321260730820358512489560168895,"Bitcoin Up or Down - April 5, 10:30AM-10:35AM ET",probability_reversal,4,0,0.0,0.0,0.0,0.0,0.0,0,0,0.0,0.0,REJECTED,flat_market
669,BTC,1861642,btc-updown-5m-1775399400,76557757478120311021616027808007688388498741432321260730820358512489560168895,"Bitcoin Up or Down - April 5, 10:30AM-10:35AM ET",probability_reversal,24,0,0.0,0.0,0.0,0.0,0.0,0,0,0.0,0.0,REJECTED,flat_market
670,BTC,1883370,btc-updown-5m-1775512200,13545122890454054663973093452024448354645227886618076403732779259916498079157,"Bitcoin Up or Down - April 6, 5:50PM-5:55PM ET",divergence_mean_reversion,1,0,0.0,0.0,0.0,0.0,0.0,0,0,0.0,0.0,REJECTED,flat_market
671,BTC,1883370,btc-updown-5m-1775512200,13545122890454054663973093452024448354645227886618076403732779259916498079157,"Bitcoin Up or Down - April 6, 5:50PM-5:55PM ET",divergence_mean_reversion,4,0,0.0,0.0,0.0,0.0,0.0,0,0,0.0,0.0,REJECTED,flat_market
672,BTC,1883370,btc-updown-5m-1775512200,13545122890454054663973093452024448354645227886618076403732779259916498079157,"Bitcoin Up or Down - April 6, 5:50PM-5:55PM ET",divergence_mean_reversion,24,0,0.0,0.0,0.0,0.0,0.0,0,0,0.0,0.0,REJECTED,flat_market
673,BTC,1883370,btc-updown-5m-1775512200,13545122890454054663973093452024448354645227886618076403732779259916498079157,"Bitcoin Up or Down - April 6, 5:50PM-5:55PM ET",high_confidence_probability_move,1,0,0.0,0.0,0.0,0.0,0.0,0,0,0.0,0.0,REJECTED,flat_market
674,BTC,1883370,btc-updown-5m-1775512200,13545122890454054663973093452024448354645227886618076403732779259916498079157,"Bitcoin Up or Down - April 6, 5:50PM-5:55PM ET",high_confidence_probability_move,4,0,0.0,0.0,0.0,0.0,0.0,0,0,0.0,0.0,REJECTED,flat_market
675,BTC,1883370,btc-updown-5m-1775512200,13545122890454054663973093452024448354645227886618076403732779259916498079157,"Bitcoin Up or Down - April 6, 5:50PM-5:55PM ET",high_confidence_probability_move,24,0,0.0,0.0,0.0,0.0,0.0,0,0,0.0,0.0,REJECTED,flat_market
676,BTC,1883370,btc-updown-5m-1775512200,13545122890454054663973093452024448354645227886618076403732779259916498079157,"Bitcoin Up or Down - April 6, 5:50PM-5:55PM ET",polymarket_leads_crypto_momentum,1,0,0.0,0.0,0.0,0.0,0.0,0,0,0.0,0.0,REJECTED,flat_market
677,BTC,1883370,btc-updown-5m-1775512200,13545122890454054663973093452024448354645227886618076403732779259916498079157,"Bitcoin Up or Down - April 6, 5:50PM-5:55PM ET",polymarket_leads_crypto_momentum,4,0,0.0,0.0,0.0,0.0,0.0,0,0,0.0,0.0,REJECTED,flat_market
678,BTC,1883370,btc-updown-5m-1775512200,13545122890454054663973093452024448354645227886618076403732779259916498079157,"Bitcoin Up or Down - April 6, 5:50PM-5:55PM ET",polymarket_leads_crypto_momentum,24,0,0.0,0.0,0.0,0.0,0.0,0,0,0.0,0.0,REJECTED,flat_market
679,BTC,1883370,btc-updown-5m-1775512200,13545122890454054663973093452024448354645227886618076403732779259916498079157,"Bitcoin Up or Down - April 6, 5:50PM-5:55PM ET",probability_momentum_continuation,1,0,0.0,0.0,0.0,0.0,0.0,0,0,0.0,0.0,REJECTED,flat_market
680,BTC,1883370,btc-updown-5m-1775512200,13545122890454054663973093452024448354645227886618076403732779259916498079157,"Bitcoin Up or Down - April 6, 5:50PM-5:55PM ET",probability_momentum_continuation,4,0,0.0,0.0,0.0,0.0,0.0,0,0,0.0,0.0,REJECTED,flat_market
681,BTC,1883370,btc-updown-5m-1775512200,13545122890454054663973093452024448354645227886618076403732779259916498079157,"Bitcoin Up or Down - April 6, 5:50PM-5:55PM ET",probability_momentum_continuation,24,0,0.0,0.0,0.0,0.0,0.0,0,0,0.0,0.0,REJECTED,flat_market
682,BTC,1883370,btc-updown-5m-1775512200,13545122890454054663973093452024448354645227886618076403732779259916498079157,"Bitcoin Up or Down - April 6, 5:50PM-5:55PM ET",probability_reversal,1,0,0.0,0.0,0.0,0.0,0.0,0,0,0.0,0.0,REJECTED,flat_market
683,BTC,1883370,btc-updown-5m-1775512200,13545122890454054663973093452024448354645227886618076403732779259916498079157,"Bitcoin Up or Down - April 6, 5:50PM-5:55PM ET",probability_reversal,4,0,0.0,0.0,0.0,0.0,0.0,0,0,0.0,0.0,REJECTED,flat_market
684,BTC,1883370,btc-updown-5m-1775512200,13545122890454054663973093452024448354645227886618076403732779259916498079157,"Bitcoin Up or Down - April 6, 5:50PM-5:55PM ET",probability_reversal,24,0,0.0,0.0,0.0,0.0,0.0,0,0,0.0,0.0,REJECTED,flat_market
685,BTC,1887591,btc-updown-5m-1775538600,6961382585715663565981790420362426348140666071773346471008950111324037227760,"Bitcoin Up or Down - April 7, 1:10AM-1:15AM ET",divergence_mean_reversion,1,0,0.0,0.0,0.0,0.0,0.0,0,0,0.0,0.0,REJECTED,flat_market
686,BTC,1887591,btc-updown-5m-1775538600,6961382585715663565981790420362426348140666071773346471008950111324037227760,"Bitcoin Up or Down - April 7, 1:10AM-1:15AM ET",divergence_mean_reversion,4,0,0.0,0.0,0.0,0.0,0.0,0,0,0.0,0.0,REJECTED,flat_market
687,BTC,1887591,btc-updown-5m-1775538600,6961382585715663565981790420362426348140666071773346471008950111324037227760,"Bitcoin Up or Down - April 7, 1:10AM-1:15AM ET",divergence_mean_reversion,24,0,0.0,0.0,0.0,0.0,0.0,0,0,0.0,0.0,REJECTED,flat_market
688,BTC,1887591,btc-updown-5m-1775538600,6961382585715663565981790420362426348140666071773346471008950111324037227760,"Bitcoin Up or Down - April 7, 1:10AM-1:15AM ET",high_confidence_probability_move,1,0,0.0,0.0,0.0,0.0,0.0,0,0,0.0,0.0,REJECTED,flat_market
689,BTC,1887591,btc-updown-5m-1775538600,6961382585715663565981790420362426348140666071773346471008950111324037227760,"Bitcoin Up or Down - April 7, 1:10AM-1:15AM ET",high_confidence_probability_move,4,0,0.0,0.0,0.0,0.0,0.0,0,0,0.0,0.0,REJECTED,flat_market
690,BTC,1887591,btc-updown-5m-1775538600,6961382585715663565981790420362426348140666071773346471008950111324037227760,"Bitcoin Up or Down - April 7, 1:10AM-1:15AM ET",high_confidence_probability_move,24,0,0.0,0.0,0.0,0.0,0.0,0,0,0.0,0.0,REJECTED,flat_market
691,BTC,1887591,btc-updown-5m-1775538600,6961382585715663565981790420362426348140666071773346471008950111324037227760,"Bitcoin Up or Down - April 7, 1:10AM-1:15AM ET",polymarket_leads_crypto_momentum,1,0,0.0,0.0,0.0,0.0,0.0,0,0,0.0,0.0,REJECTED,flat_market
692,BTC,1887591,btc-updown-5m-1775538600,6961382585715663565981790420362426348140666071773346471008950111324037227760,"Bitcoin Up or Down - April 7, 1:10AM-1:15AM ET",polymarket_leads_crypto_momentum,4,0,0.0,0.0,0.0,0.0,0.0,0,0,0.0,0.0,REJECTED,flat_market
693,BTC,1887591,btc-updown-5m-1775538600,6961382585715663565981790420362426348140666071773346471008950111324037227760,"Bitcoin Up or Down - April 7, 1:10AM-1:15AM ET",polymarket_leads_crypto_momentum,24,0,0.0,0.0,0.0,0.0,0.0,0,0,0.0,0.0,REJECTED,flat_market
694,BTC,1887591,btc-updown-5m-1775538600,6961382585715663565981790420362426348140666071773346471008950111324037227760,"Bitcoin Up or Down - April 7, 1:10AM-1:15AM ET",probability_momentum_continuation,1,0,0.0,0.0,0.0,0.0,0.0,0,0,0.0,0.0,REJECTED,flat_market
695,BTC,1887591,btc-updown-5m-1775538600,6961382585715663565981790420362426348140666071773346471008950111324037227760,"Bitcoin Up or Down - April 7, 1:10AM-1:15AM ET",probability_momentum_continuation,4,0,0.0,0.0,0.0,0.0,0.0,0,0,0.0,0.0,REJECTED,flat_market
696,BTC,1887591,btc-updown-5m-1775538600,6961382585715663565981790420362426348140666071773346471008950111324037227760,"Bitcoin Up or Down - April 7, 1:10AM-1:15AM ET",probability_momentum_continuation,24,0,0.0,0.0,0.0,0.0,0.0,0,0,0.0,0.0,REJECTED,flat_market
697,BTC,1887591,btc-updown-5m-1775538600,6961382585715663565981790420362426348140666071773346471008950111324037227760,"Bitcoin Up or Down - April 7, 1:10AM-1:15AM ET",probability_reversal,1,0,0.0,0.0,0.0,0.0,0.0,0,0,0.0,0.0,REJECTED,flat_market
698,BTC,1887591,btc-updown-5m-1775538600,6961382585715663565981790420362426348140666071773346471008950111324037227760,"Bitcoin Up or Down - April 7, 1:10AM-1:15AM ET",probability_reversal,4,0,0.0,0.0,0.0,0.0,0.0,0,0,0.0,0.0,REJECTED,flat_market
699,BTC,1887591,btc-updown-5m-1775538600,6961382585715663565981790420362426348140666071773346471008950111324037227760,"Bitcoin Up or Down - April 7, 1:10AM-1:15AM ET",probability_reversal,24,0,0.0,0.0,0.0,0.0,0.0,0,0,0.0,0.0,REJECTED,flat_market
700,BTC,1887937,btc-updown-5m-1775540700,108931794260651331879796425968136887097473171674843524920869898177924594048489,"Bitcoin Up or Down - April 7, 1:45AM-1:50AM ET",divergence_mean_reversion,1,0,0.0,0.0,0.0,0.0,0.0,0,0,0.0,0.0,REJECTED,flat_market
701,BTC,1887937,btc-updown-5m-1775540700,108931794260651331879796425968136887097473171674843524920869898177924594048489,"Bitcoin Up or Down - April 7, 1:45AM-1:50AM ET",divergence_mean_reversion,4,0,0.0,0.0,0.0,0.0,0.0,0,0,0.0,0.0,REJECTED,flat_market
702,BTC,1887937,btc-updown-5m-1775540700,108931794260651331879796425968136887097473171674843524920869898177924594048489,"Bitcoin Up or Down - April 7, 1:45AM-1:50AM ET",divergence_mean_reversion,24,0,0.0,0.0,0.0,0.0,0.0,0,0,0.0,0.0,REJECTED,flat_market
703,BTC,1887937,btc-updown-5m-1775540700,108931794260651331879796425968136887097473171674843524920869898177924594048489,"Bitcoin Up or Down - April 7, 1:45AM-1:50AM ET",high_confidence_probability_move,1,0,0.0,0.0,0.0,0.0,0.0,0,0,0.0,0.0,REJECTED,flat_market
704,BTC,1887937,btc-updown-5m-1775540700,108931794260651331879796425968136887097473171674843524920869898177924594048489,"Bitcoin Up or Down - April 7, 1:45AM-1:50AM ET",high_confidence_probability_move,4,0,0.0,0.0,0.0,0.0,0.0,0,0,0.0,0.0,REJECTED,flat_market
705,BTC,1887937,btc-updown-5m-1775540700,108931794260651331879796425968136887097473171674843524920869898177924594048489,"Bitcoin Up or Down - April 7, 1:45AM-1:50AM ET",high_confidence_probability_move,24,0,0.0,0.0,0.0,0.0,0.0,0,0,0.0,0.0,REJECTED,flat_market
706,BTC,1887937,btc-updown-5m-1775540700,108931794260651331879796425968136887097473171674843524920869898177924594048489,"Bitcoin Up or Down - April 7, 1:45AM-1:50AM ET",polymarket_leads_crypto_momentum,1,0,0.0,0.0,0.0,0.0,0.0,0,0,0.0,0.0,REJECTED,flat_market
707,BTC,1887937,btc-updown-5m-1775540700,108931794260651331879796425968136887097473171674843524920869898177924594048489,"Bitcoin Up or Down - April 7, 1:45AM-1:50AM ET",polymarket_leads_crypto_momentum,4,0,0.0,0.0,0.0,0.0,0.0,0,0,0.0,0.0,REJECTED,flat_market
708,BTC,1887937,btc-updown-5m-1775540700,108931794260651331879796425968136887097473171674843524920869898177924594048489,"Bitcoin Up or Down - April 7, 1:45AM-1:50AM ET",polymarket_leads_crypto_momentum,24,0,0.0,0.0,0.0,0.0,0.0,0,0,0.0,0.0,REJECTED,flat_market
709,BTC,1887937,btc-updown-5m-1775540700,108931794260651331879796425968136887097473171674843524920869898177924594048489,"Bitcoin Up or Down - April 7, 1:45AM-1:50AM ET",probability_momentum_continuation,1,0,0.0,0.0,0.0,0.0,0.0,0,0,0.0,0.0,REJECTED,flat_market
710,BTC,1887937,btc-updown-5m-1775540700,108931794260651331879796425968136887097473171674843524920869898177924594048489,"Bitcoin Up or Down - April 7, 1:45AM-1:50AM ET",probability_momentum_continuation,4,0,0.0,0.0,0.0,0.0,0.0,0,0,0.0,0.0,REJECTED,flat_market
711,BTC,1887937,btc-updown-5m-1775540700,108931794260651331879796425968136887097473171674843524920869898177924594048489,"Bitcoin Up or Down - April 7, 1:45AM-1:50AM ET",probability_momentum_continuation,24,0,0.0,0.0,0.0,0.0,0.0,0,0,0.0,0.0,REJECTED,flat_market
712,BTC,1887937,btc-updown-5m-1775540700,108931794260651331879796425968136887097473171674843524920869898177924594048489,"Bitcoin Up or Down - April 7, 1:45AM-1:50AM ET",probability_reversal,1,0,0.0,0.0,0.0,0.0,0.0,0,0,0.0,0.0,REJECTED,flat_market
713,BTC,1887937,btc-updown-5m-1775540700,108931794260651331879796425968136887097473171674843524920869898177924594048489,"Bitcoin Up or Down - April 7, 1:45AM-1:50AM ET",probability_reversal,4,0,0.0,0.0,0.0,0.0,0.0,0,0,0.0,0.0,REJECTED,flat_market
714,BTC,1887937,btc-updown-5m-1775540700,108931794260651331879796425968136887097473171674843524920869898177924594048489,"Bitcoin Up or Down - April 7, 1:45AM-1:50AM ET",probability_reversal,24,0,0.0,0.0,0.0,0.0,0.0,0,0,0.0,0.0,REJECTED,flat_market
715,BTC,1897472,btc-updown-5m-1775600400,22599370910269115424149153877580251125336650413213583609364095382582159388478,"Bitcoin Up or Down - April 7, 6:20PM-6:25PM ET",divergence_mean_reversion,1,0,0.0,0.0,0.0,0.0,0.0,0,0,0.0,0.0,REJECTED,flat_market
716,BTC,1897472,btc-updown-5m-1775600400,22599370910269115424149153877580251125336650413213583609364095382582159388478,"Bitcoin Up or Down - April 7, 6:20PM-6:25PM ET",divergence_mean_reversion,4,0,0.0,0.0,0.0,0.0,0.0,0,0,0.0,0.0,REJECTED,flat_market
717,BTC,1897472,btc-updown-5m-1775600400,22599370910269115424149153877580251125336650413213583609364095382582159388478,"Bitcoin Up or Down - April 7, 6:20PM-6:25PM ET",divergence_mean_reversion,24,0,0.0,0.0,0.0,0.0,0.0,0,0,0.0,0.0,REJECTED,flat_market
718,BTC,1897472,btc-updown-5m-1775600400,22599370910269115424149153877580251125336650413213583609364095382582159388478,"Bitcoin Up or Down - April 7, 6:20PM-6:25PM ET",high_confidence_probability_move,1,0,0.0,0.0,0.0,0.0,0.0,0,0,0.0,0.0,REJECTED,flat_market
719,BTC,1897472,btc-updown-5m-1775600400,22599370910269115424149153877580251125336650413213583609364095382582159388478,"Bitcoin Up or Down - April 7, 6:20PM-6:25PM ET",high_confidence_probability_move,4,0,0.0,0.0,0.0,0.0,0.0,0,0,0.0,0.0,REJECTED,flat_market
720,BTC,1897472,btc-updown-5m-1775600400,22599370910269115424149153877580251125336650413213583609364095382582159388478,"Bitcoin Up or Down - April 7, 6:20PM-6:25PM ET",high_confidence_probability_move,24,0,0.0,0.0,0.0,0.0,0.0,0,0,0.0,0.0,REJECTED,flat_market
721,BTC,1897472,btc-updown-5m-1775600400,22599370910269115424149153877580251125336650413213583609364095382582159388478,"Bitcoin Up or Down - April 7, 6:20PM-6:25PM ET",polymarket_leads_crypto_momentum,1,0,0.0,0.0,0.0,0.0,0.0,0,0,0.0,0.0,REJECTED,flat_market
722,BTC,1897472,btc-updown-5m-1775600400,22599370910269115424149153877580251125336650413213583609364095382582159388478,"Bitcoin Up or Down - April 7, 6:20PM-6:25PM ET",polymarket_leads_crypto_momentum,4,0,0.0,0.0,0.0,0.0,0.0,0,0,0.0,0.0,REJECTED,flat_market
723,BTC,1897472,btc-updown-5m-1775600400,22599370910269115424149153877580251125336650413213583609364095382582159388478,"Bitcoin Up or Down - April 7, 6:20PM-6:25PM ET",polymarket_leads_crypto_momentum,24,0,0.0,0.0,0.0,0.0,0.0,0,0,0.0,0.0,REJECTED,flat_market
724,BTC,1897472,btc-updown-5m-1775600400,22599370910269115424149153877580251125336650413213583609364095382582159388478,"Bitcoin Up or Down - April 7, 6:20PM-6:25PM ET",probability_momentum_continuation,1,0,0.0,0.0,0.0,0.0,0.0,0,0,0.0,0.0,REJECTED,flat_market
725,BTC,1897472,btc-updown-5m-1775600400,22599370910269115424149153877580251125336650413213583609364095382582159388478,"Bitcoin Up or Down - April 7, 6:20PM-6:25PM ET",probability_momentum_continuation,4,0,0.0,0.0,0.0,0.0,0.0,0,0,0.0,0.0,REJECTED,flat_market
726,BTC,1897472,btc-updown-5m-1775600400,22599370910269115424149153877580251125336650413213583609364095382582159388478,"Bitcoin Up or Down - April 7, 6:20PM-6:25PM ET",probability_momentum_continuation,24,0,0.0,0.0,0.0,0.0,0.0,0,0,0.0,0.0,REJECTED,flat_market
727,BTC,1897472,btc-updown-5m-1775600400,22599370910269115424149153877580251125336650413213583609364095382582159388478,"Bitcoin Up or Down - April 7, 6:20PM-6:25PM ET",probability_reversal,1,0,0.0,0.0,0.0,0.0,0.0,0,0,0.0,0.0,REJECTED,flat_market
728,BTC,1897472,btc-updown-5m-1775600400,22599370910269115424149153877580251125336650413213583609364095382582159388478,"Bitcoin Up or Down - April 7, 6:20PM-6:25PM ET",probability_reversal,4,0,0.0,0.0,0.0,0.0,0.0,0,0,0.0,0.0,REJECTED,flat_market
729,BTC,1897472,btc-updown-5m-1775600400,22599370910269115424149153877580251125336650413213583609364095382582159388478,"Bitcoin Up or Down - April 7, 6:20PM-6:25PM ET",probability_reversal,24,0,0.0,0.0,0.0,0.0,0.0,0,0,0.0,0.0,REJECTED,flat_market
730,BTC,1900649,btc-updown-5m-1775616000,19664277310092080427560100864321041701614868906525161652201535032296275517903,"Bitcoin Up or Down - April 7, 10:40PM-10:45PM ET",divergence_mean_reversion,1,0,0.0,0.0,0.0,0.0,0.0,0,0,0.0,0.0,REJECTED,flat_market
731,BTC,1900649,btc-updown-5m-1775616000,19664277310092080427560100864321041701614868906525161652201535032296275517903,"Bitcoin Up or Down - April 7, 10:40PM-10:45PM ET",divergence_mean_reversion,4,0,0.0,0.0,0.0,0.0,0.0,0,0,0.0,0.0,REJECTED,flat_market
732,BTC,1900649,btc-updown-5m-1775616000,19664277310092080427560100864321041701614868906525161652201535032296275517903,"Bitcoin Up or Down - April 7, 10:40PM-10:45PM ET",divergence_mean_reversion,24,0,0.0,0.0,0.0,0.0,0.0,0,0,0.0,0.0,REJECTED,flat_market
733,BTC,1900649,btc-updown-5m-1775616000,19664277310092080427560100864321041701614868906525161652201535032296275517903,"Bitcoin Up or Down - April 7, 10:40PM-10:45PM ET",high_confidence_probability_move,1,0,0.0,0.0,0.0,0.0,0.0,0,0,0.0,0.0,REJECTED,flat_market
734,BTC,1900649,btc-updown-5m-1775616000,19664277310092080427560100864321041701614868906525161652201535032296275517903,"Bitcoin Up or Down - April 7, 10:40PM-10:45PM ET",high_confidence_probability_move,4,0,0.0,0.0,0.0,0.0,0.0,0,0,0.0,0.0,REJECTED,flat_market
735,BTC,1900649,btc-updown-5m-1775616000,19664277310092080427560100864321041701614868906525161652201535032296275517903,"Bitcoin Up or Down - April 7, 10:40PM-10:45PM ET",high_confidence_probability_move,24,0,0.0,0.0,0.0,0.0,0.0,0,0,0.0,0.0,REJECTED,flat_market
736,BTC,1900649,btc-updown-5m-1775616000,19664277310092080427560100864321041701614868906525161652201535032296275517903,"Bitcoin Up or Down - April 7, 10:40PM-10:45PM ET",polymarket_leads_crypto_momentum,1,0,0.0,0.0,0.0,0.0,0.0,0,0,0.0,0.0,REJECTED,flat_market
737,BTC,1900649,btc-updown-5m-1775616000,19664277310092080427560100864321041701614868906525161652201535032296275517903,"Bitcoin Up or Down - April 7, 10:40PM-10:45PM ET",polymarket_leads_crypto_momentum,4,0,0.0,0.0,0.0,0.0,0.0,0,0,0.0,0.0,REJECTED,flat_market
738,BTC,1900649,btc-updown-5m-1775616000,19664277310092080427560100864321041701614868906525161652201535032296275517903,"Bitcoin Up or Down - April 7, 10:40PM-10:45PM ET",polymarket_leads_crypto_momentum,24,0,0.0,0.0,0.0,0.0,0.0,0,0,0.0,0.0,REJECTED,flat_market
739,BTC,1900649,btc-updown-5m-1775616000,19664277310092080427560100864321041701614868906525161652201535032296275517903,"Bitcoin Up or Down - April 7, 10:40PM-10:45PM ET",probability_momentum_continuation,1,0,0.0,0.0,0.0,0.0,0.0,0,0,0.0,0.0,REJECTED,flat_market
740,BTC,1900649,btc-updown-5m-1775616000,19664277310092080427560100864321041701614868906525161652201535032296275517903,"Bitcoin Up or Down - April 7, 10:40PM-10:45PM ET",probability_momentum_continuation,4,0,0.0,0.0,0.0,0.0,0.0,0,0,0.0,0.0,REJECTED,flat_market
741,BTC,1900649,btc-updown-5m-1775616000,19664277310092080427560100864321041701614868906525161652201535032296275517903,"Bitcoin Up or Down - April 7, 10:40PM-10:45PM ET",probability_momentum_continuation,24,0,0.0,0.0,0.0,0.0,0.0,0,0,0.0,0.0,REJECTED,flat_market
742,BTC,1900649,btc-updown-5m-1775616000,19664277310092080427560100864321041701614868906525161652201535032296275517903,"Bitcoin Up or Down - April 7, 10:40PM-10:45PM ET",probability_reversal,1,0,0.0,0.0,0.0,0.0,0.0,0,0,0.0,0.0,REJECTED,flat_market
743,BTC,1900649,btc-updown-5m-1775616000,19664277310092080427560100864321041701614868906525161652201535032296275517903,"Bitcoin Up or Down - April 7, 10:40PM-10:45PM ET",probability_reversal,4,0,0.0,0.0,0.0,0.0,0.0,0,0,0.0,0.0,REJECTED,flat_market
744,BTC,1900649,btc-updown-5m-1775616000,19664277310092080427560100864321041701614868906525161652201535032296275517903,"Bitcoin Up or Down - April 7, 10:40PM-10:45PM ET",probability_reversal,24,0,0.0,0.0,0.0,0.0,0.0,0,0,0.0,0.0,REJECTED,flat_market
745,BTC,1913245,btc-updown-5m-1775692200,106529058202861519545346098090501042364633253449074113934844807681456464528636,"Bitcoin Up or Down - April 8, 7:50PM-7:55PM ET",divergence_mean_reversion,1,0,0.0,0.0,0.0,0.0,0.0,0,0,0.0,0.0,REJECTED,flat_market
746,BTC,1913245,btc-updown-5m-1775692200,106529058202861519545346098090501042364633253449074113934844807681456464528636,"Bitcoin Up or Down - April 8, 7:50PM-7:55PM ET",divergence_mean_reversion,4,0,0.0,0.0,0.0,0.0,0.0,0,0,0.0,0.0,REJECTED,flat_market
747,BTC,1913245,btc-updown-5m-1775692200,106529058202861519545346098090501042364633253449074113934844807681456464528636,"Bitcoin Up or Down - April 8, 7:50PM-7:55PM ET",divergence_mean_reversion,24,0,0.0,0.0,0.0,0.0,0.0,0,0,0.0,0.0,REJECTED,flat_market
748,BTC,1913245,btc-updown-5m-1775692200,106529058202861519545346098090501042364633253449074113934844807681456464528636,"Bitcoin Up or Down - April 8, 7:50PM-7:55PM ET",high_confidence_probability_move,1,0,0.0,0.0,0.0,0.0,0.0,0,0,0.0,0.0,REJECTED,flat_market
749,BTC,1913245,btc-updown-5m-1775692200,106529058202861519545346098090501042364633253449074113934844807681456464528636,"Bitcoin Up or Down - April 8, 7:50PM-7:55PM ET",high_confidence_probability_move,4,0,0.0,0.0,0.0,0.0,0.0,0,0,0.0,0.0,REJECTED,flat_market
750,BTC,1913245,btc-updown-5m-1775692200,106529058202861519545346098090501042364633253449074113934844807681456464528636,"Bitcoin Up or Down - April 8, 7:50PM-7:55PM ET",high_confidence_probability_move,24,0,0.0,0.0,0.0,0.0,0.0,0,0,0.0,0.0,REJECTED,flat_market
751,BTC,1913245,btc-updown-5m-1775692200,106529058202861519545346098090501042364633253449074113934844807681456464528636,"Bitcoin Up or Down - April 8, 7:50PM-7:55PM ET",polymarket_leads_crypto_momentum,1,0,0.0,0.0,0.0,0.0,0.0,0,0,0.0,0.0,REJECTED,flat_market
752,BTC,1913245,btc-updown-5m-1775692200,106529058202861519545346098090501042364633253449074113934844807681456464528636,"Bitcoin Up or Down - April 8, 7:50PM-7:55PM ET",polymarket_leads_crypto_momentum,4,0,0.0,0.0,0.0,0.0,0.0,0,0,0.0,0.0,REJECTED,flat_market
753,BTC,1913245,btc-updown-5m-1775692200,106529058202861519545346098090501042364633253449074113934844807681456464528636,"Bitcoin Up or Down - April 8, 7:50PM-7:55PM ET",polymarket_leads_crypto_momentum,24,0,0.0,0.0,0.0,0.0,0.0,0,0,0.0,0.0,REJECTED,flat_market
754,BTC,1913245,btc-updown-5m-1775692200,106529058202861519545346098090501042364633253449074113934844807681456464528636,"Bitcoin Up or Down - April 8, 7:50PM-7:55PM ET",probability_momentum_continuation,1,0,0.0,0.0,0.0,0.0,0.0,0,0,0.0,0.0,REJECTED,flat_market
755,BTC,1913245,btc-updown-5m-1775692200,106529058202861519545346098090501042364633253449074113934844807681456464528636,"Bitcoin Up or Down - April 8, 7:50PM-7:55PM ET",probability_momentum_continuation,4,0,0.0,0.0,0.0,0.0,0.0,0,0,0.0,0.0,REJECTED,flat_market
756,BTC,1913245,btc-updown-5m-1775692200,106529058202861519545346098090501042364633253449074113934844807681456464528636,"Bitcoin Up or Down - April 8, 7:50PM-7:55PM ET",probability_momentum_continuation,24,0,0.0,0.0,0.0,0.0,0.0,0,0,0.0,0.0,REJECTED,flat_market
757,BTC,1913245,btc-updown-5m-1775692200,106529058202861519545346098090501042364633253449074113934844807681456464528636,"Bitcoin Up or Down - April 8, 7:50PM-7:55PM ET",probability_reversal,1,0,0.0,0.0,0.0,0.0,0.0,0,0,0.0,0.0,REJECTED,flat_market
758,BTC,1913245,btc-updown-5m-1775692200,106529058202861519545346098090501042364633253449074113934844807681456464528636,"Bitcoin Up or Down - April 8, 7:50PM-7:55PM ET",probability_reversal,4,0,0.0,0.0,0.0,0.0,0.0,0,0,0.0,0.0,REJECTED,flat_market
759,BTC,1913245,btc-updown-5m-1775692200,106529058202861519545346098090501042364633253449074113934844807681456464528636,"Bitcoin Up or Down - April 8, 7:50PM-7:55PM ET",probability_reversal,24,0,0.0,0.0,0.0,0.0,0.0,0,0,0.0,0.0,REJECTED,flat_market
760,BTC,1922953,btc-updown-5m-1775776800,87969112884343305190289191235211456779265131948021352640227414286284516015629,"Bitcoin Up or Down - April 9, 7:20PM-7:25PM ET",divergence_mean_reversion,1,0,0.0,0.0,0.0,0.0,0.0,0,0,0.0,0.0,REJECTED,flat_market
761,BTC,1922953,btc-updown-5m-1775776800,87969112884343305190289191235211456779265131948021352640227414286284516015629,"Bitcoin Up or Down - April 9, 7:20PM-7:25PM ET",divergence_mean_reversion,4,0,0.0,0.0,0.0,0.0,0.0,0,0,0.0,0.0,REJECTED,flat_market
762,BTC,1922953,btc-updown-5m-1775776800,87969112884343305190289191235211456779265131948021352640227414286284516015629,"Bitcoin Up or Down - April 9, 7:20PM-7:25PM ET",divergence_mean_reversion,24,0,0.0,0.0,0.0,0.0,0.0,0,0,0.0,0.0,REJECTED,flat_market
763,BTC,1922953,btc-updown-5m-1775776800,87969112884343305190289191235211456779265131948021352640227414286284516015629,"Bitcoin Up or Down - April 9, 7:20PM-7:25PM ET",high_confidence_probability_move,1,0,0.0,0.0,0.0,0.0,0.0,0,0,0.0,0.0,REJECTED,flat_market
764,BTC,1922953,btc-updown-5m-1775776800,87969112884343305190289191235211456779265131948021352640227414286284516015629,"Bitcoin Up or Down - April 9, 7:20PM-7:25PM ET",high_confidence_probability_move,4,0,0.0,0.0,0.0,0.0,0.0,0,0,0.0,0.0,REJECTED,flat_market
765,BTC,1922953,btc-updown-5m-1775776800,87969112884343305190289191235211456779265131948021352640227414286284516015629,"Bitcoin Up or Down - April 9, 7:20PM-7:25PM ET",high_confidence_probability_move,24,0,0.0,0.0,0.0,0.0,0.0,0,0,0.0,0.0,REJECTED,flat_market
766,BTC,1922953,btc-updown-5m-1775776800,87969112884343305190289191235211456779265131948021352640227414286284516015629,"Bitcoin Up or Down - April 9, 7:20PM-7:25PM ET",polymarket_leads_crypto_momentum,1,0,0.0,0.0,0.0,0.0,0.0,0,0,0.0,0.0,REJECTED,flat_market
767,BTC,1922953,btc-updown-5m-1775776800,87969112884343305190289191235211456779265131948021352640227414286284516015629,"Bitcoin Up or Down - April 9, 7:20PM-7:25PM ET",polymarket_leads_crypto_momentum,4,0,0.0,0.0,0.0,0.0,0.0,0,0,0.0,0.0,REJECTED,flat_market
768,BTC,1922953,btc-updown-5m-1775776800,87969112884343305190289191235211456779265131948021352640227414286284516015629,"Bitcoin Up or Down - April 9, 7:20PM-7:25PM ET",polymarket_leads_crypto_momentum,24,0,0.0,0.0,0.0,0.0,0.0,0,0,0.0,0.0,REJECTED,flat_market
769,BTC,1922953,btc-updown-5m-1775776800,87969112884343305190289191235211456779265131948021352640227414286284516015629,"Bitcoin Up or Down - April 9, 7:20PM-7:25PM ET",probability_momentum_continuation,1,0,0.0,0.0,0.0,0.0,0.0,0,0,0.0,0.0,REJECTED,flat_market
770,BTC,1922953,btc-updown-5m-1775776800,87969112884343305190289191235211456779265131948021352640227414286284516015629,"Bitcoin Up or Down - April 9, 7:20PM-7:25PM ET",probability_momentum_continuation,4,0,0.0,0.0,0.0,0.0,0.0,0,0,0.0,0.0,REJECTED,flat_market
771,BTC,1922953,btc-updown-5m-1775776800,87969112884343305190289191235211456779265131948021352640227414286284516015629,"Bitcoin Up or Down - April 9, 7:20PM-7:25PM ET",probability_momentum_continuation,24,0,0.0,0.0,0.0,0.0,0.0,0,0,0.0,0.0,REJECTED,flat_market
772,BTC,1922953,btc-updown-5m-1775776800,87969112884343305190289191235211456779265131948021352640227414286284516015629,"Bitcoin Up or Down - April 9, 7:20PM-7:25PM ET",probability_reversal,1,0,0.0,0.0,0.0,0.0,0.0,0,0,0.0,0.0,REJECTED,flat_market
773,BTC,1922953,btc-updown-5m-1775776800,87969112884343305190289191235211456779265131948021352640227414286284516015629,"Bitcoin Up or Down - April 9, 7:20PM-7:25PM ET",probability_reversal,4,0,0.0,0.0,0.0,0.0,0.0,0,0,0.0,0.0,REJECTED,flat_market
774,BTC,1922953,btc-updown-5m-1775776800,87969112884343305190289191235211456779265131948021352640227414286284516015629,"Bitcoin Up or Down - April 9, 7:20PM-7:25PM ET",probability_reversal,24,0,0.0,0.0,0.0,0.0,0.0,0,0,0.0,0.0,REJECTED,flat_market
775,BTC,1923072,btc-updown-5m-1775778000,57851288819914919360707403210474219073096406982345094080590849850647043110982,"Bitcoin Up or Down - April 9, 7:40PM-7:45PM ET",divergence_mean_reversion,1,0,0.0,0.0,0.0,0.0,0.0,0,0,0.0,0.0,REJECTED,flat_market
776,BTC,1923072,btc-updown-5m-1775778000,57851288819914919360707403210474219073096406982345094080590849850647043110982,"Bitcoin Up or Down - April 9, 7:40PM-7:45PM ET",divergence_mean_reversion,4,0,0.0,0.0,0.0,0.0,0.0,0,0,0.0,0.0,REJECTED,flat_market
777,BTC,1923072,btc-updown-5m-1775778000,57851288819914919360707403210474219073096406982345094080590849850647043110982,"Bitcoin Up or Down - April 9, 7:40PM-7:45PM ET",divergence_mean_reversion,24,0,0.0,0.0,0.0,0.0,0.0,0,0,0.0,0.0,REJECTED,flat_market
778,BTC,1923072,btc-updown-5m-1775778000,57851288819914919360707403210474219073096406982345094080590849850647043110982,"Bitcoin Up or Down - April 9, 7:40PM-7:45PM ET",high_confidence_probability_move,1,0,0.0,0.0,0.0,0.0,0.0,0,0,0.0,0.0,REJECTED,flat_market
779,BTC,1923072,btc-updown-5m-1775778000,57851288819914919360707403210474219073096406982345094080590849850647043110982,"Bitcoin Up or Down - April 9, 7:40PM-7:45PM ET",high_confidence_probability_move,4,0,0.0,0.0,0.0,0.0,0.0,0,0,0.0,0.0,REJECTED,flat_market
780,BTC,1923072,btc-updown-5m-1775778000,57851288819914919360707403210474219073096406982345094080590849850647043110982,"Bitcoin Up or Down - April 9, 7:40PM-7:45PM ET",high_confidence_probability_move,24,0,0.0,0.0,0.0,0.0,0.0,0,0,0.0,0.0,REJECTED,flat_market
781,BTC,1923072,btc-updown-5m-1775778000,57851288819914919360707403210474219073096406982345094080590849850647043110982,"Bitcoin Up or Down - April 9, 7:40PM-7:45PM ET",polymarket_leads_crypto_momentum,1,0,0.0,0.0,0.0,0.0,0.0,0,0,0.0,0.0,REJECTED,flat_market
782,BTC,1923072,btc-updown-5m-1775778000,57851288819914919360707403210474219073096406982345094080590849850647043110982,"Bitcoin Up or Down - April 9, 7:40PM-7:45PM ET",polymarket_leads_crypto_momentum,4,0,0.0,0.0,0.0,0.0,0.0,0,0,0.0,0.0,REJECTED,flat_market
783,BTC,1923072,btc-updown-5m-1775778000,57851288819914919360707403210474219073096406982345094080590849850647043110982,"Bitcoin Up or Down - April 9, 7:40PM-7:45PM ET",polymarket_leads_crypto_momentum,24,0,0.0,0.0,0.0,0.0,0.0,0,0,0.0,0.0,REJECTED,flat_market
784,BTC,1923072,btc-updown-5m-1775778000,57851288819914919360707403210474219073096406982345094080590849850647043110982,"Bitcoin Up or Down - April 9, 7:40PM-7:45PM ET",probability_momentum_continuation,1,0,0.0,0.0,0.0,0.0,0.0,0,0,0.0,0.0,REJECTED,flat_market
785,BTC,1923072,btc-updown-5m-1775778000,57851288819914919360707403210474219073096406982345094080590849850647043110982,"Bitcoin Up or Down - April 9, 7:40PM-7:45PM ET",probability_momentum_continuation,4,0,0.0,0.0,0.0,0.0,0.0,0,0,0.0,0.0,REJECTED,flat_market
786,BTC,1923072,btc-updown-5m-1775778000,57851288819914919360707403210474219073096406982345094080590849850647043110982,"Bitcoin Up or Down - April 9, 7:40PM-7:45PM ET",probability_momentum_continuation,24,0,0.0,0.0,0.0,0.0,0.0,0,0,0.0,0.0,REJECTED,flat_market
787,BTC,1923072,btc-updown-5m-1775778000,57851288819914919360707403210474219073096406982345094080590849850647043110982,"Bitcoin Up or Down - April 9, 7:40PM-7:45PM ET",probability_reversal,1,0,0.0,0.0,0.0,0.0,0.0,0,0,0.0,0.0,REJECTED,flat_market
788,BTC,1923072,btc-updown-5m-1775778000,57851288819914919360707403210474219073096406982345094080590849850647043110982,"Bitcoin Up or Down - April 9, 7:40PM-7:45PM ET",probability_reversal,4,0,0.0,0.0,0.0,0.0,0.0,0,0,0.0,0.0,REJECTED,flat_market
789,BTC,1923072,btc-updown-5m-1775778000,57851288819914919360707403210474219073096406982345094080590849850647043110982,"Bitcoin Up or Down - April 9, 7:40PM-7:45PM ET",probability_reversal,24,0,0.0,0.0,0.0,0.0,0.0,0,0,0.0,0.0,REJECTED,flat_market
790,BTC,1930931,btc-updown-5m-1775854200,64971851974503024624556950752843316052486106610228129807974652746522120783957,"Bitcoin Up or Down - April 10, 4:50PM-4:55PM ET",divergence_mean_reversion,1,0,0.0,0.0,0.0,0.0,0.0,0,0,0.0,0.0,REJECTED,flat_market
791,BTC,1930931,btc-updown-5m-1775854200,64971851974503024624556950752843316052486106610228129807974652746522120783957,"Bitcoin Up or Down - April 10, 4:50PM-4:55PM ET",divergence_mean_reversion,4,0,0.0,0.0,0.0,0.0,0.0,0,0,0.0,0.0,REJECTED,flat_market
792,BTC,1930931,btc-updown-5m-1775854200,64971851974503024624556950752843316052486106610228129807974652746522120783957,"Bitcoin Up or Down - April 10, 4:50PM-4:55PM ET",divergence_mean_reversion,24,0,0.0,0.0,0.0,0.0,0.0,0,0,0.0,0.0,REJECTED,flat_market
793,BTC,1930931,btc-updown-5m-1775854200,64971851974503024624556950752843316052486106610228129807974652746522120783957,"Bitcoin Up or Down - April 10, 4:50PM-4:55PM ET",high_confidence_probability_move,1,0,0.0,0.0,0.0,0.0,0.0,0,0,0.0,0.0,REJECTED,flat_market
794,BTC,1930931,btc-updown-5m-1775854200,64971851974503024624556950752843316052486106610228129807974652746522120783957,"Bitcoin Up or Down - April 10, 4:50PM-4:55PM ET",high_confidence_probability_move,4,0,0.0,0.0,0.0,0.0,0.0,0,0,0.0,0.0,REJECTED,flat_market
795,BTC,1930931,btc-updown-5m-1775854200,64971851974503024624556950752843316052486106610228129807974652746522120783957,"Bitcoin Up or Down - April 10, 4:50PM-4:55PM ET",high_confidence_probability_move,24,0,0.0,0.0,0.0,0.0,0.0,0,0,0.0,0.0,REJECTED,flat_market
796,BTC,1930931,btc-updown-5m-1775854200,64971851974503024624556950752843316052486106610228129807974652746522120783957,"Bitcoin Up or Down - April 10, 4:50PM-4:55PM ET",polymarket_leads_crypto_momentum,1,0,0.0,0.0,0.0,0.0,0.0,0,0,0.0,0.0,REJECTED,flat_market
797,BTC,1930931,btc-updown-5m-1775854200,64971851974503024624556950752843316052486106610228129807974652746522120783957,"Bitcoin Up or Down - April 10, 4:50PM-4:55PM ET",polymarket_leads_crypto_momentum,4,0,0.0,0.0,0.0,0.0,0.0,0,0,0.0,0.0,REJECTED,flat_market
798,BTC,1930931,btc-updown-5m-1775854200,64971851974503024624556950752843316052486106610228129807974652746522120783957,"Bitcoin Up or Down - April 10, 4:50PM-4:55PM ET",polymarket_leads_crypto_momentum,24,0,0.0,0.0,0.0,0.0,0.0,0,0,0.0,0.0,REJECTED,flat_market
799,BTC,1930931,btc-updown-5m-1775854200,64971851974503024624556950752843316052486106610228129807974652746522120783957,"Bitcoin Up or Down - April 10, 4:50PM-4:55PM ET",probability_momentum_continuation,1,0,0.0,0.0,0.0,0.0,0.0,0,0,0.0,0.0,REJECTED,flat_market
800,BTC,1930931,btc-updown-5m-1775854200,64971851974503024624556950752843316052486106610228129807974652746522120783957,"Bitcoin Up or Down - April 10, 4:50PM-4:55PM ET",probability_momentum_continuation,4,0,0.0,0.0,0.0,0.0,0.0,0,0,0.0,0.0,REJECTED,flat_market
801,BTC,1930931,btc-updown-5m-1775854200,64971851974503024624556950752843316052486106610228129807974652746522120783957,"Bitcoin Up or Down - April 10, 4:50PM-4:55PM ET",probability_momentum_continuation,24,0,0.0,0.0,0.0,0.0,0.0,0,0,0.0,0.0,REJECTED,flat_market
802,BTC,1930931,btc-updown-5m-1775854200,64971851974503024624556950752843316052486106610228129807974652746522120783957,"Bitcoin Up or Down - April 10, 4:50PM-4:55PM ET",probability_reversal,1,0,0.0,0.0,0.0,0.0,0.0,0,0,0.0,0.0,REJECTED,flat_market
803,BTC,1930931,btc-updown-5m-1775854200,64971851974503024624556950752843316052486106610228129807974652746522120783957,"Bitcoin Up or Down - April 10, 4:50PM-4:55PM ET",probability_reversal,4,0,0.0,0.0,0.0,0.0,0.0,0,0,0.0,0.0,REJECTED,flat_market
804,BTC,1930931,btc-updown-5m-1775854200,64971851974503024624556950752843316052486106610228129807974652746522120783957,"Bitcoin Up or Down - April 10, 4:50PM-4:55PM ET",probability_reversal,24,0,0.0,0.0,0.0,0.0,0.0,0,0,0.0,0.0,REJECTED,flat_market
805,BTC,1967878,btc-updown-5m-1776161700,95287590458392919359615028946659727184736793112986342942812250830841909338648,"Bitcoin Up or Down - April 14, 6:15AM-6:20AM ET",divergence_mean_reversion,1,0,0.0,0.0,0.0,0.0,0.0,0,0,0.0,0.0,REJECTED,insufficient_samples
806,BTC,1967878,btc-updown-5m-1776161700,95287590458392919359615028946659727184736793112986342942812250830841909338648,"Bitcoin Up or Down - April 14, 6:15AM-6:20AM ET",divergence_mean_reversion,4,0,0.0,0.0,0.0,0.0,0.0,0,0,0.0,0.0,REJECTED,insufficient_samples
807,BTC,1967878,btc-updown-5m-1776161700,95287590458392919359615028946659727184736793112986342942812250830841909338648,"Bitcoin Up or Down - April 14, 6:15AM-6:20AM ET",divergence_mean_reversion,24,0,0.0,0.0,0.0,0.0,0.0,0,0,0.0,0.0,REJECTED,insufficient_samples
808,BTC,1967878,btc-updown-5m-1776161700,95287590458392919359615028946659727184736793112986342942812250830841909338648,"Bitcoin Up or Down - April 14, 6:15AM-6:20AM ET",high_confidence_probability_move,1,0,0.0,0.0,0.0,0.0,0.0,0,0,0.0,0.0,REJECTED,insufficient_samples
809,BTC,1967878,btc-updown-5m-1776161700,95287590458392919359615028946659727184736793112986342942812250830841909338648,"Bitcoin Up or Down - April 14, 6:15AM-6:20AM ET",high_confidence_probability_move,4,0,0.0,0.0,0.0,0.0,0.0,0,0,0.0,0.0,REJECTED,insufficient_samples
810,BTC,1967878,btc-updown-5m-1776161700,95287590458392919359615028946659727184736793112986342942812250830841909338648,"Bitcoin Up or Down - April 14, 6:15AM-6:20AM ET",high_confidence_probability_move,24,0,0.0,0.0,0.0,0.0,0.0,0,0,0.0,0.0,REJECTED,insufficient_samples
811,BTC,1967878,btc-updown-5m-1776161700,95287590458392919359615028946659727184736793112986342942812250830841909338648,"Bitcoin Up or Down - April 14, 6:15AM-6:20AM ET",polymarket_leads_crypto_momentum,1,0,0.0,0.0,0.0,0.0,0.0,0,0,0.0,0.0,REJECTED,insufficient_samples
812,BTC,1967878,btc-updown-5m-1776161700,95287590458392919359615028946659727184736793112986342942812250830841909338648,"Bitcoin Up or Down - April 14, 6:15AM-6:20AM ET",polymarket_leads_crypto_momentum,4,0,0.0,0.0,0.0,0.0,0.0,0,0,0.0,0.0,REJECTED,insufficient_samples
813,BTC,1967878,btc-updown-5m-1776161700,95287590458392919359615028946659727184736793112986342942812250830841909338648,"Bitcoin Up or Down - April 14, 6:15AM-6:20AM ET",polymarket_leads_crypto_momentum,24,0,0.0,0.0,0.0,0.0,0.0,0,0,0.0,0.0,REJECTED,insufficient_samples
814,BTC,1967878,btc-updown-5m-1776161700,95287590458392919359615028946659727184736793112986342942812250830841909338648,"Bitcoin Up or Down - April 14, 6:15AM-6:20AM ET",probability_momentum_continuation,1,0,0.0,0.0,0.0,0.0,0.0,0,0,0.0,0.0,REJECTED,insufficient_samples
815,BTC,1967878,btc-updown-5m-1776161700,95287590458392919359615028946659727184736793112986342942812250830841909338648,"Bitcoin Up or Down - April 14, 6:15AM-6:20AM ET",probability_momentum_continuation,4,0,0.0,0.0,0.0,0.0,0.0,0,0,0.0,0.0,REJECTED,insufficient_samples
816,BTC,1967878,btc-updown-5m-1776161700,95287590458392919359615028946659727184736793112986342942812250830841909338648,"Bitcoin Up or Down - April 14, 6:15AM-6:20AM ET",probability_momentum_continuation,24,0,0.0,0.0,0.0,0.0,0.0,0,0,0.0,0.0,REJECTED,insufficient_samples
817,BTC,1967878,btc-updown-5m-1776161700,95287590458392919359615028946659727184736793112986342942812250830841909338648,"Bitcoin Up or Down - April 14, 6:15AM-6:20AM ET",probability_reversal,1,0,0.0,0.0,0.0,0.0,0.0,0,0,0.0,0.0,REJECTED,insufficient_samples
818,BTC,1967878,btc-updown-5m-1776161700,95287590458392919359615028946659727184736793112986342942812250830841909338648,"Bitcoin Up or Down - April 14, 6:15AM-6:20AM ET",probability_reversal,4,0,0.0,0.0,0.0,0.0,0.0,0,0,0.0,0.0,REJECTED,insufficient_samples
819,BTC,1967878,btc-updown-5m-1776161700,95287590458392919359615028946659727184736793112986342942812250830841909338648,"Bitcoin Up or Down - April 14, 6:15AM-6:20AM ET",probability_reversal,24,0,0.0,0.0,0.0,0.0,0.0,0,0,0.0,0.0,REJECTED,insufficient_samples
820,BTC,1975268,btc-updown-5m-1776207300,93825285223954394797520027794977958252865878517067594542669921753758366214360,"Bitcoin Up or Down - April 14, 6:55PM-7:00PM ET",divergence_mean_reversion,1,0,0.0,0.0,0.0,0.0,0.0,0,0,0.0,0.0,REJECTED,flat_market
821,BTC,1975268,btc-updown-5m-1776207300,93825285223954394797520027794977958252865878517067594542669921753758366214360,"Bitcoin Up or Down - April 14, 6:55PM-7:00PM ET",divergence_mean_reversion,4,0,0.0,0.0,0.0,0.0,0.0,0,0,0.0,0.0,REJECTED,flat_market
822,BTC,1975268,btc-updown-5m-1776207300,93825285223954394797520027794977958252865878517067594542669921753758366214360,"Bitcoin Up or Down - April 14, 6:55PM-7:00PM ET",divergence_mean_reversion,24,0,0.0,0.0,0.0,0.0,0.0,0,0,0.0,0.0,REJECTED,flat_market
823,BTC,1975268,btc-updown-5m-1776207300,93825285223954394797520027794977958252865878517067594542669921753758366214360,"Bitcoin Up or Down - April 14, 6:55PM-7:00PM ET",high_confidence_probability_move,1,0,0.0,0.0,0.0,0.0,0.0,0,0,0.0,0.0,REJECTED,flat_market
824,BTC,1975268,btc-updown-5m-1776207300,93825285223954394797520027794977958252865878517067594542669921753758366214360,"Bitcoin Up or Down - April 14, 6:55PM-7:00PM ET",high_confidence_probability_move,4,0,0.0,0.0,0.0,0.0,0.0,0,0,0.0,0.0,REJECTED,flat_market
825,BTC,1975268,btc-updown-5m-1776207300,93825285223954394797520027794977958252865878517067594542669921753758366214360,"Bitcoin Up or Down - April 14, 6:55PM-7:00PM ET",high_confidence_probability_move,24,0,0.0,0.0,0.0,0.0,0.0,0,0,0.0,0.0,REJECTED,flat_market
826,BTC,1975268,btc-updown-5m-1776207300,93825285223954394797520027794977958252865878517067594542669921753758366214360,"Bitcoin Up or Down - April 14, 6:55PM-7:00PM ET",polymarket_leads_crypto_momentum,1,0,0.0,0.0,0.0,0.0,0.0,0,0,0.0,0.0,REJECTED,flat_market
827,BTC,1975268,btc-updown-5m-1776207300,93825285223954394797520027794977958252865878517067594542669921753758366214360,"Bitcoin Up or Down - April 14, 6:55PM-7:00PM ET",polymarket_leads_crypto_momentum,4,0,0.0,0.0,0.0,0.0,0.0,0,0,0.0,0.0,REJECTED,flat_market
828,BTC,1975268,btc-updown-5m-1776207300,93825285223954394797520027794977958252865878517067594542669921753758366214360,"Bitcoin Up or Down - April 14, 6:55PM-7:00PM ET",polymarket_leads_crypto_momentum,24,0,0.0,0.0,0.0,0.0,0.0,0,0,0.0,0.0,REJECTED,flat_market
829,BTC,1975268,btc-updown-5m-1776207300,93825285223954394797520027794977958252865878517067594542669921753758366214360,"Bitcoin Up or Down - April 14, 6:55PM-7:00PM ET",probability_momentum_continuation,1,0,0.0,0.0,0.0,0.0,0.0,0,0,0.0,0.0,REJECTED,flat_market
830,BTC,1975268,btc-updown-5m-1776207300,93825285223954394797520027794977958252865878517067594542669921753758366214360,"Bitcoin Up or Down - April 14, 6:55PM-7:00PM ET",probability_momentum_continuation,4,0,0.0,0.0,0.0,0.0,0.0,0,0,0.0,0.0,REJECTED,flat_market
831,BTC,1975268,btc-updown-5m-1776207300,93825285223954394797520027794977958252865878517067594542669921753758366214360,"Bitcoin Up or Down - April 14, 6:55PM-7:00PM ET",probability_momentum_continuation,24,0,0.0,0.0,0.0,0.0,0.0,0,0,0.0,0.0,REJECTED,flat_market
832,BTC,1975268,btc-updown-5m-1776207300,93825285223954394797520027794977958252865878517067594542669921753758366214360,"Bitcoin Up or Down - April 14, 6:55PM-7:00PM ET",probability_reversal,1,0,0.0,0.0,0.0,0.0,0.0,0,0,0.0,0.0,REJECTED,flat_market
833,BTC,1975268,btc-updown-5m-1776207300,93825285223954394797520027794977958252865878517067594542669921753758366214360,"Bitcoin Up or Down - April 14, 6:55PM-7:00PM ET",probability_reversal,4,0,0.0,0.0,0.0,0.0,0.0,0,0,0.0,0.0,REJECTED,flat_market
834,BTC,1975268,btc-updown-5m-1776207300,93825285223954394797520027794977958252865878517067594542669921753758366214360,"Bitcoin Up or Down - April 14, 6:55PM-7:00PM ET",probability_reversal,24,0,0.0,0.0,0.0,0.0,0.0,0,0,0.0,0.0,REJECTED,flat_market
835,BTC,1991340,btc-updown-5m-1776342000,114359572008396273162599885246554426484348653866499332402436335403007959998180,"Bitcoin Up or Down - April 16, 8:20AM-8:25AM ET",divergence_mean_reversion,1,0,0.0,0.0,0.0,0.0,0.0,0,0,0.0,0.0,REJECTED,flat_market
836,BTC,1991340,btc-updown-5m-1776342000,114359572008396273162599885246554426484348653866499332402436335403007959998180,"Bitcoin Up or Down - April 16, 8:20AM-8:25AM ET",divergence_mean_reversion,4,0,0.0,0.0,0.0,0.0,0.0,0,0,0.0,0.0,REJECTED,flat_market
837,BTC,1991340,btc-updown-5m-1776342000,114359572008396273162599885246554426484348653866499332402436335403007959998180,"Bitcoin Up or Down - April 16, 8:20AM-8:25AM ET",divergence_mean_reversion,24,0,0.0,0.0,0.0,0.0,0.0,0,0,0.0,0.0,REJECTED,flat_market
838,BTC,1991340,btc-updown-5m-1776342000,114359572008396273162599885246554426484348653866499332402436335403007959998180,"Bitcoin Up or Down - April 16, 8:20AM-8:25AM ET",high_confidence_probability_move,1,0,0.0,0.0,0.0,0.0,0.0,0,0,0.0,0.0,REJECTED,flat_market
839,BTC,1991340,btc-updown-5m-1776342000,114359572008396273162599885246554426484348653866499332402436335403007959998180,"Bitcoin Up or Down - April 16, 8:20AM-8:25AM ET",high_confidence_probability_move,4,0,0.0,0.0,0.0,0.0,0.0,0,0,0.0,0.0,REJECTED,flat_market
840,BTC,1991340,btc-updown-5m-1776342000,114359572008396273162599885246554426484348653866499332402436335403007959998180,"Bitcoin Up or Down - April 16, 8:20AM-8:25AM ET",high_confidence_probability_move,24,0,0.0,0.0,0.0,0.0,0.0,0,0,0.0,0.0,REJECTED,flat_market
841,BTC,1991340,btc-updown-5m-1776342000,114359572008396273162599885246554426484348653866499332402436335403007959998180,"Bitcoin Up or Down - April 16, 8:20AM-8:25AM ET",polymarket_leads_crypto_momentum,1,0,0.0,0.0,0.0,0.0,0.0,0,0,0.0,0.0,REJECTED,flat_market
842,BTC,1991340,btc-updown-5m-1776342000,114359572008396273162599885246554426484348653866499332402436335403007959998180,"Bitcoin Up or Down - April 16, 8:20AM-8:25AM ET",polymarket_leads_crypto_momentum,4,0,0.0,0.0,0.0,0.0,0.0,0,0,0.0,0.0,REJECTED,flat_market
843,BTC,1991340,btc-updown-5m-1776342000,114359572008396273162599885246554426484348653866499332402436335403007959998180,"Bitcoin Up or Down - April 16, 8:20AM-8:25AM ET",polymarket_leads_crypto_momentum,24,0,0.0,0.0,0.0,0.0,0.0,0,0,0.0,0.0,REJECTED,flat_market
844,BTC,1991340,btc-updown-5m-1776342000,114359572008396273162599885246554426484348653866499332402436335403007959998180,"Bitcoin Up or Down - April 16, 8:20AM-8:25AM ET",probability_momentum_continuation,1,0,0.0,0.0,0.0,0.0,0.0,0,0,0.0,0.0,REJECTED,flat_market
845,BTC,1991340,btc-updown-5m-1776342000,114359572008396273162599885246554426484348653866499332402436335403007959998180,"Bitcoin Up or Down - April 16, 8:20AM-8:25AM ET",probability_momentum_continuation,4,0,0.0,0.0,0.0,0.0,0.0,0,0,0.0,0.0,REJECTED,flat_market
846,BTC,1991340,btc-updown-5m-1776342000,114359572008396273162599885246554426484348653866499332402436335403007959998180,"Bitcoin Up or Down - April 16, 8:20AM-8:25AM ET",probability_momentum_continuation,24,0,0.0,0.0,0.0,0.0,0.0,0,0,0.0,0.0,REJECTED,flat_market
847,BTC,1991340,btc-updown-5m-1776342000,114359572008396273162599885246554426484348653866499332402436335403007959998180,"Bitcoin Up or Down - April 16, 8:20AM-8:25AM ET",probability_reversal,1,0,0.0,0.0,0.0,0.0,0.0,0,0,0.0,0.0,REJECTED,flat_market
848,BTC,1991340,btc-updown-5m-1776342000,114359572008396273162599885246554426484348653866499332402436335403007959998180,"Bitcoin Up or Down - April 16, 8:20AM-8:25AM ET",probability_reversal,4,0,0.0,0.0,0.0,0.0,0.0,0,0,0.0,0.0,REJECTED,flat_market
849,BTC,1991340,btc-updown-5m-1776342000,114359572008396273162599885246554426484348653866499332402436335403007959998180,"Bitcoin Up or Down - April 16, 8:20AM-8:25AM ET",probability_reversal,24,0,0.0,0.0,0.0,0.0,0.0,0,0,0.0,0.0,REJECTED,flat_market
850,BTC,1998470,btc-updown-5m-1776425400,108068267617536766861142070024009775057299245094427540319317937292036585712494,"Bitcoin Up or Down - April 17, 7:30AM-7:35AM ET",divergence_mean_reversion,1,0,0.0,0.0,0.0,0.0,0.0,0,0,0.0,0.0,REJECTED,flat_market
851,BTC,1998470,btc-updown-5m-1776425400,108068267617536766861142070024009775057299245094427540319317937292036585712494,"Bitcoin Up or Down - April 17, 7:30AM-7:35AM ET",divergence_mean_reversion,4,0,0.0,0.0,0.0,0.0,0.0,0,0,0.0,0.0,REJECTED,flat_market
852,BTC,1998470,btc-updown-5m-1776425400,108068267617536766861142070024009775057299245094427540319317937292036585712494,"Bitcoin Up or Down - April 17, 7:30AM-7:35AM ET",divergence_mean_reversion,24,0,0.0,0.0,0.0,0.0,0.0,0,0,0.0,0.0,REJECTED,flat_market
853,BTC,1998470,btc-updown-5m-1776425400,108068267617536766861142070024009775057299245094427540319317937292036585712494,"Bitcoin Up or Down - April 17, 7:30AM-7:35AM ET",high_confidence_probability_move,1,0,0.0,0.0,0.0,0.0,0.0,0,0,0.0,0.0,REJECTED,flat_market
854,BTC,1998470,btc-updown-5m-1776425400,108068267617536766861142070024009775057299245094427540319317937292036585712494,"Bitcoin Up or Down - April 17, 7:30AM-7:35AM ET",high_confidence_probability_move,4,0,0.0,0.0,0.0,0.0,0.0,0,0,0.0,0.0,REJECTED,flat_market
855,BTC,1998470,btc-updown-5m-1776425400,108068267617536766861142070024009775057299245094427540319317937292036585712494,"Bitcoin Up or Down - April 17, 7:30AM-7:35AM ET",high_confidence_probability_move,24,0,0.0,0.0,0.0,0.0,0.0,0,0,0.0,0.0,REJECTED,flat_market
856,BTC,1998470,btc-updown-5m-1776425400,108068267617536766861142070024009775057299245094427540319317937292036585712494,"Bitcoin Up or Down - April 17, 7:30AM-7:35AM ET",polymarket_leads_crypto_momentum,1,0,0.0,0.0,0.0,0.0,0.0,0,0,0.0,0.0,REJECTED,flat_market
857,BTC,1998470,btc-updown-5m-1776425400,108068267617536766861142070024009775057299245094427540319317937292036585712494,"Bitcoin Up or Down - April 17, 7:30AM-7:35AM ET",polymarket_leads_crypto_momentum,4,0,0.0,0.0,0.0,0.0,0.0,0,0,0.0,0.0,REJECTED,flat_market
858,BTC,1998470,btc-updown-5m-1776425400,108068267617536766861142070024009775057299245094427540319317937292036585712494,"Bitcoin Up or Down - April 17, 7:30AM-7:35AM ET",polymarket_leads_crypto_momentum,24,0,0.0,0.0,0.0,0.0,0.0,0,0,0.0,0.0,REJECTED,flat_market
859,BTC,1998470,btc-updown-5m-1776425400,108068267617536766861142070024009775057299245094427540319317937292036585712494,"Bitcoin Up or Down - April 17, 7:30AM-7:35AM ET",probability_momentum_continuation,1,0,0.0,0.0,0.0,0.0,0.0,0,0,0.0,0.0,REJECTED,flat_market
860,BTC,1998470,btc-updown-5m-1776425400,108068267617536766861142070024009775057299245094427540319317937292036585712494,"Bitcoin Up or Down - April 17, 7:30AM-7:35AM ET",probability_momentum_continuation,4,0,0.0,0.0,0.0,0.0,0.0,0,0,0.0,0.0,REJECTED,flat_market
861,BTC,1998470,btc-updown-5m-1776425400,108068267617536766861142070024009775057299245094427540319317937292036585712494,"Bitcoin Up or Down - April 17, 7:30AM-7:35AM ET",probability_momentum_continuation,24,0,0.0,0.0,0.0,0.0,0.0,0,0,0.0,0.0,REJECTED,flat_market
862,BTC,1998470,btc-updown-5m-1776425400,108068267617536766861142070024009775057299245094427540319317937292036585712494,"Bitcoin Up or Down - April 17, 7:30AM-7:35AM ET",probability_reversal,1,0,0.0,0.0,0.0,0.0,0.0,0,0,0.0,0.0,REJECTED,flat_market
863,BTC,1998470,btc-updown-5m-1776425400,108068267617536766861142070024009775057299245094427540319317937292036585712494,"Bitcoin Up or Down - April 17, 7:30AM-7:35AM ET",probability_reversal,4,0,0.0,0.0,0.0,0.0,0.0,0,0,0.0,0.0,REJECTED,flat_market
864,BTC,1998470,btc-updown-5m-1776425400,108068267617536766861142070024009775057299245094427540319317937292036585712494,"Bitcoin Up or Down - April 17, 7:30AM-7:35AM ET",probability_reversal,24,0,0.0,0.0,0.0,0.0,0.0,0,0,0.0,0.0,REJECTED,flat_market
865,BTC,1998810,btc-updown-5m-1776429000,50116175953583947860307080014869644439399671152644579782112295437096927621748,"Bitcoin Up or Down - April 17, 8:30AM-8:35AM ET",divergence_mean_reversion,1,0,0.0,0.0,0.0,0.0,0.0,0,0,0.0,0.0,REJECTED,flat_market
866,BTC,1998810,btc-updown-5m-1776429000,50116175953583947860307080014869644439399671152644579782112295437096927621748,"Bitcoin Up or Down - April 17, 8:30AM-8:35AM ET",divergence_mean_reversion,4,0,0.0,0.0,0.0,0.0,0.0,0,0,0.0,0.0,REJECTED,flat_market
867,BTC,1998810,btc-updown-5m-1776429000,50116175953583947860307080014869644439399671152644579782112295437096927621748,"Bitcoin Up or Down - April 17, 8:30AM-8:35AM ET",divergence_mean_reversion,24,0,0.0,0.0,0.0,0.0,0.0,0,0,0.0,0.0,REJECTED,flat_market
868,BTC,1998810,btc-updown-5m-1776429000,50116175953583947860307080014869644439399671152644579782112295437096927621748,"Bitcoin Up or Down - April 17, 8:30AM-8:35AM ET",high_confidence_probability_move,1,0,0.0,0.0,0.0,0.0,0.0,0,0,0.0,0.0,REJECTED,flat_market
869,BTC,1998810,btc-updown-5m-1776429000,50116175953583947860307080014869644439399671152644579782112295437096927621748,"Bitcoin Up or Down - April 17, 8:30AM-8:35AM ET",high_confidence_probability_move,4,0,0.0,0.0,0.0,0.0,0.0,0,0,0.0,0.0,REJECTED,flat_market
870,BTC,1998810,btc-updown-5m-1776429000,50116175953583947860307080014869644439399671152644579782112295437096927621748,"Bitcoin Up or Down - April 17, 8:30AM-8:35AM ET",high_confidence_probability_move,24,0,0.0,0.0,0.0,0.0,0.0,0,0,0.0,0.0,REJECTED,flat_market
871,BTC,1998810,btc-updown-5m-1776429000,50116175953583947860307080014869644439399671152644579782112295437096927621748,"Bitcoin Up or Down - April 17, 8:30AM-8:35AM ET",polymarket_leads_crypto_momentum,1,0,0.0,0.0,0.0,0.0,0.0,0,0,0.0,0.0,REJECTED,flat_market
872,BTC,1998810,btc-updown-5m-1776429000,50116175953583947860307080014869644439399671152644579782112295437096927621748,"Bitcoin Up or Down - April 17, 8:30AM-8:35AM ET",polymarket_leads_crypto_momentum,4,0,0.0,0.0,0.0,0.0,0.0,0,0,0.0,0.0,REJECTED,flat_market
873,BTC,1998810,btc-updown-5m-1776429000,50116175953583947860307080014869644439399671152644579782112295437096927621748,"Bitcoin Up or Down - April 17, 8:30AM-8:35AM ET",polymarket_leads_crypto_momentum,24,0,0.0,0.0,0.0,0.0,0.0,0,0,0.0,0.0,REJECTED,flat_market
874,BTC,1998810,btc-updown-5m-1776429000,50116175953583947860307080014869644439399671152644579782112295437096927621748,"Bitcoin Up or Down - April 17, 8:30AM-8:35AM ET",probability_momentum_continuation,1,0,0.0,0.0,0.0,0.0,0.0,0,0,0.0,0.0,REJECTED,flat_market
875,BTC,1998810,btc-updown-5m-1776429000,50116175953583947860307080014869644439399671152644579782112295437096927621748,"Bitcoin Up or Down - April 17, 8:30AM-8:35AM ET",probability_momentum_continuation,4,0,0.0,0.0,0.0,0.0,0.0,0,0,0.0,0.0,REJECTED,flat_market
876,BTC,1998810,btc-updown-5m-1776429000,50116175953583947860307080014869644439399671152644579782112295437096927621748,"Bitcoin Up or Down - April 17, 8:30AM-8:35AM ET",probability_momentum_continuation,24,0,0.0,0.0,0.0,0.0,0.0,0,0,0.0,0.0,REJECTED,flat_market
877,BTC,1998810,btc-updown-5m-1776429000,50116175953583947860307080014869644439399671152644579782112295437096927621748,"Bitcoin Up or Down - April 17, 8:30AM-8:35AM ET",probability_reversal,1,0,0.0,0.0,0.0,0.0,0.0,0,0,0.0,0.0,REJECTED,flat_market
878,BTC,1998810,btc-updown-5m-1776429000,50116175953583947860307080014869644439399671152644579782112295437096927621748,"Bitcoin Up or Down - April 17, 8:30AM-8:35AM ET",probability_reversal,4,0,0.0,0.0,0.0,0.0,0.0,0,0,0.0,0.0,REJECTED,flat_market
879,BTC,1998810,btc-updown-5m-1776429000,50116175953583947860307080014869644439399671152644579782112295437096927621748,"Bitcoin Up or Down - April 17, 8:30AM-8:35AM ET",probability_reversal,24,0,0.0,0.0,0.0,0.0,0.0,0,0,0.0,0.0,REJECTED,flat_market
880,BTC,2002521,btc-updown-5m-1776467100,77478762726615793941515224154212059332636196447323091230789935647683899391647,"Bitcoin Up or Down - April 17, 7:05PM-7:10PM ET",divergence_mean_reversion,1,0,0.0,0.0,0.0,0.0,0.0,0,0,0.0,0.0,REJECTED,flat_market
881,BTC,2002521,btc-updown-5m-1776467100,77478762726615793941515224154212059332636196447323091230789935647683899391647,"Bitcoin Up or Down - April 17, 7:05PM-7:10PM ET",divergence_mean_reversion,4,0,0.0,0.0,0.0,0.0,0.0,0,0,0.0,0.0,REJECTED,flat_market
882,BTC,2002521,btc-updown-5m-1776467100,77478762726615793941515224154212059332636196447323091230789935647683899391647,"Bitcoin Up or Down - April 17, 7:05PM-7:10PM ET",divergence_mean_reversion,24,0,0.0,0.0,0.0,0.0,0.0,0,0,0.0,0.0,REJECTED,flat_market
883,BTC,2002521,btc-updown-5m-1776467100,77478762726615793941515224154212059332636196447323091230789935647683899391647,"Bitcoin Up or Down - April 17, 7:05PM-7:10PM ET",high_confidence_probability_move,1,0,0.0,0.0,0.0,0.0,0.0,0,0,0.0,0.0,REJECTED,flat_market
884,BTC,2002521,btc-updown-5m-1776467100,77478762726615793941515224154212059332636196447323091230789935647683899391647,"Bitcoin Up or Down - April 17, 7:05PM-7:10PM ET",high_confidence_probability_move,4,0,0.0,0.0,0.0,0.0,0.0,0,0,0.0,0.0,REJECTED,flat_market
885,BTC,2002521,btc-updown-5m-1776467100,77478762726615793941515224154212059332636196447323091230789935647683899391647,"Bitcoin Up or Down - April 17, 7:05PM-7:10PM ET",high_confidence_probability_move,24,0,0.0,0.0,0.0,0.0,0.0,0,0,0.0,0.0,REJECTED,flat_market
886,BTC,2002521,btc-updown-5m-1776467100,77478762726615793941515224154212059332636196447323091230789935647683899391647,"Bitcoin Up or Down - April 17, 7:05PM-7:10PM ET",polymarket_leads_crypto_momentum,1,0,0.0,0.0,0.0,0.0,0.0,0,0,0.0,0.0,REJECTED,flat_market
887,BTC,2002521,btc-updown-5m-1776467100,77478762726615793941515224154212059332636196447323091230789935647683899391647,"Bitcoin Up or Down - April 17, 7:05PM-7:10PM ET",polymarket_leads_crypto_momentum,4,0,0.0,0.0,0.0,0.0,0.0,0,0,0.0,0.0,REJECTED,flat_market
888,BTC,2002521,btc-updown-5m-1776467100,77478762726615793941515224154212059332636196447323091230789935647683899391647,"Bitcoin Up or Down - April 17, 7:05PM-7:10PM ET",polymarket_leads_crypto_momentum,24,0,0.0,0.0,0.0,0.0,0.0,0,0,0.0,0.0,REJECTED,flat_market
889,BTC,2002521,btc-updown-5m-1776467100,77478762726615793941515224154212059332636196447323091230789935647683899391647,"Bitcoin Up or Down - April 17, 7:05PM-7:10PM ET",probability_momentum_continuation,1,0,0.0,0.0,0.0,0.0,0.0,0,0,0.0,0.0,REJECTED,flat_market
890,BTC,2002521,btc-updown-5m-1776467100,77478762726615793941515224154212059332636196447323091230789935647683899391647,"Bitcoin Up or Down - April 17, 7:05PM-7:10PM ET",probability_momentum_continuation,4,0,0.0,0.0,0.0,0.0,0.0,0,0,0.0,0.0,REJECTED,flat_market
891,BTC,2002521,btc-updown-5m-1776467100,77478762726615793941515224154212059332636196447323091230789935647683899391647,"Bitcoin Up or Down - April 17, 7:05PM-7:10PM ET",probability_momentum_continuation,24,0,0.0,0.0,0.0,0.0,0.0,0,0,0.0,0.0,REJECTED,flat_market
892,BTC,2002521,btc-updown-5m-1776467100,77478762726615793941515224154212059332636196447323091230789935647683899391647,"Bitcoin Up or Down - April 17, 7:05PM-7:10PM ET",probability_reversal,1,0,0.0,0.0,0.0,0.0,0.0,0,0,0.0,0.0,REJECTED,flat_market
893,BTC,2002521,btc-updown-5m-1776467100,77478762726615793941515224154212059332636196447323091230789935647683899391647,"Bitcoin Up or Down - April 17, 7:05PM-7:10PM ET",probability_reversal,4,0,0.0,0.0,0.0,0.0,0.0,0,0,0.0,0.0,REJECTED,flat_market
894,BTC,2002521,btc-updown-5m-1776467100,77478762726615793941515224154212059332636196447323091230789935647683899391647,"Bitcoin Up or Down - April 17, 7:05PM-7:10PM ET",probability_reversal,24,0,0.0,0.0,0.0,0.0,0.0,0,0,0.0,0.0,REJECTED,flat_market
895,BTC,2014943,btc-updown-5m-1776612300,51130039493243461980792899637975908633960794615677071165975838637861069032334,"Bitcoin Up or Down - April 19, 11:25AM-11:30AM ET",divergence_mean_reversion,1,0,0.0,0.0,0.0,0.0,0.0,0,0,0.0,0.0,REJECTED,flat_market
896,BTC,2014943,btc-updown-5m-1776612300,51130039493243461980792899637975908633960794615677071165975838637861069032334,"Bitcoin Up or Down - April 19, 11:25AM-11:30AM ET",divergence_mean_reversion,4,0,0.0,0.0,0.0,0.0,0.0,0,0,0.0,0.0,REJECTED,flat_market
897,BTC,2014943,btc-updown-5m-1776612300,51130039493243461980792899637975908633960794615677071165975838637861069032334,"Bitcoin Up or Down - April 19, 11:25AM-11:30AM ET",divergence_mean_reversion,24,0,0.0,0.0,0.0,0.0,0.0,0,0,0.0,0.0,REJECTED,flat_market
898,BTC,2014943,btc-updown-5m-1776612300,51130039493243461980792899637975908633960794615677071165975838637861069032334,"Bitcoin Up or Down - April 19, 11:25AM-11:30AM ET",high_confidence_probability_move,1,0,0.0,0.0,0.0,0.0,0.0,0,0,0.0,0.0,REJECTED,flat_market
899,BTC,2014943,btc-updown-5m-1776612300,51130039493243461980792899637975908633960794615677071165975838637861069032334,"Bitcoin Up or Down - April 19, 11:25AM-11:30AM ET",high_confidence_probability_move,4,0,0.0,0.0,0.0,0.0,0.0,0,0,0.0,0.0,REJECTED,flat_market
900,BTC,2014943,btc-updown-5m-1776612300,51130039493243461980792899637975908633960794615677071165975838637861069032334,"Bitcoin Up or Down - April 19, 11:25AM-11:30AM ET",high_confidence_probability_move,24,0,0.0,0.0,0.0,0.0,0.0,0,0,0.0,0.0,REJECTED,flat_market
901,BTC,2014943,btc-updown-5m-1776612300,51130039493243461980792899637975908633960794615677071165975838637861069032334,"Bitcoin Up or Down - April 19, 11:25AM-11:30AM ET",polymarket_leads_crypto_momentum,1,0,0.0,0.0,0.0,0.0,0.0,0,0,0.0,0.0,REJECTED,flat_market
902,BTC,2014943,btc-updown-5m-1776612300,51130039493243461980792899637975908633960794615677071165975838637861069032334,"Bitcoin Up or Down - April 19, 11:25AM-11:30AM ET",polymarket_leads_crypto_momentum,4,0,0.0,0.0,0.0,0.0,0.0,0,0,0.0,0.0,REJECTED,flat_market
903,BTC,2014943,btc-updown-5m-1776612300,51130039493243461980792899637975908633960794615677071165975838637861069032334,"Bitcoin Up or Down - April 19, 11:25AM-11:30AM ET",polymarket_leads_crypto_momentum,24,0,0.0,0.0,0.0,0.0,0.0,0,0,0.0,0.0,REJECTED,flat_market
904,BTC,2014943,btc-updown-5m-1776612300,51130039493243461980792899637975908633960794615677071165975838637861069032334,"Bitcoin Up or Down - April 19, 11:25AM-11:30AM ET",probability_momentum_continuation,1,0,0.0,0.0,0.0,0.0,0.0,0,0,0.0,0.0,REJECTED,flat_market
905,BTC,2014943,btc-updown-5m-1776612300,51130039493243461980792899637975908633960794615677071165975838637861069032334,"Bitcoin Up or Down - April 19, 11:25AM-11:30AM ET",probability_momentum_continuation,4,0,0.0,0.0,0.0,0.0,0.0,0,0,0.0,0.0,REJECTED,flat_market
906,BTC,2014943,btc-updown-5m-1776612300,51130039493243461980792899637975908633960794615677071165975838637861069032334,"Bitcoin Up or Down - April 19, 11:25AM-11:30AM ET",probability_momentum_continuation,24,0,0.0,0.0,0.0,0.0,0.0,0,0,0.0,0.0,REJECTED,flat_market
907,BTC,2014943,btc-updown-5m-1776612300,51130039493243461980792899637975908633960794615677071165975838637861069032334,"Bitcoin Up or Down - April 19, 11:25AM-11:30AM ET",probability_reversal,1,0,0.0,0.0,0.0,0.0,0.0,0,0,0.0,0.0,REJECTED,flat_market
908,BTC,2014943,btc-updown-5m-1776612300,51130039493243461980792899637975908633960794615677071165975838637861069032334,"Bitcoin Up or Down - April 19, 11:25AM-11:30AM ET",probability_reversal,4,0,0.0,0.0,0.0,0.0,0.0,0,0,0.0,0.0,REJECTED,flat_market
909,BTC,2014943,btc-updown-5m-1776612300,51130039493243461980792899637975908633960794615677071165975838637861069032334,"Bitcoin Up or Down - April 19, 11:25AM-11:30AM ET",probability_reversal,24,0,0.0,0.0,0.0,0.0,0.0,0,0,0.0,0.0,REJECTED,flat_market
910,BTC,2019894,btc-updown-5m-1776660600,7717234485343578449153762445080077214125010890133575327930668808991765641711,"Bitcoin Up or Down - April 20, 12:50AM-12:55AM ET",divergence_mean_reversion,1,0,0.0,0.0,0.0,0.0,0.0,0,0,0.0,0.0,REJECTED,flat_market
911,BTC,2019894,btc-updown-5m-1776660600,7717234485343578449153762445080077214125010890133575327930668808991765641711,"Bitcoin Up or Down - April 20, 12:50AM-12:55AM ET",divergence_mean_reversion,4,0,0.0,0.0,0.0,0.0,0.0,0,0,0.0,0.0,REJECTED,flat_market
912,BTC,2019894,btc-updown-5m-1776660600,7717234485343578449153762445080077214125010890133575327930668808991765641711,"Bitcoin Up or Down - April 20, 12:50AM-12:55AM ET",divergence_mean_reversion,24,0,0.0,0.0,0.0,0.0,0.0,0,0,0.0,0.0,REJECTED,flat_market
913,BTC,2019894,btc-updown-5m-1776660600,7717234485343578449153762445080077214125010890133575327930668808991765641711,"Bitcoin Up or Down - April 20, 12:50AM-12:55AM ET",high_confidence_probability_move,1,0,0.0,0.0,0.0,0.0,0.0,0,0,0.0,0.0,REJECTED,flat_market
914,BTC,2019894,btc-updown-5m-1776660600,7717234485343578449153762445080077214125010890133575327930668808991765641711,"Bitcoin Up or Down - April 20, 12:50AM-12:55AM ET",high_confidence_probability_move,4,0,0.0,0.0,0.0,0.0,0.0,0,0,0.0,0.0,REJECTED,flat_market
915,BTC,2019894,btc-updown-5m-1776660600,7717234485343578449153762445080077214125010890133575327930668808991765641711,"Bitcoin Up or Down - April 20, 12:50AM-12:55AM ET",high_confidence_probability_move,24,0,0.0,0.0,0.0,0.0,0.0,0,0,0.0,0.0,REJECTED,flat_market
916,BTC,2019894,btc-updown-5m-1776660600,7717234485343578449153762445080077214125010890133575327930668808991765641711,"Bitcoin Up or Down - April 20, 12:50AM-12:55AM ET",polymarket_leads_crypto_momentum,1,0,0.0,0.0,0.0,0.0,0.0,0,0,0.0,0.0,REJECTED,flat_market
917,BTC,2019894,btc-updown-5m-1776660600,7717234485343578449153762445080077214125010890133575327930668808991765641711,"Bitcoin Up or Down - April 20, 12:50AM-12:55AM ET",polymarket_leads_crypto_momentum,4,0,0.0,0.0,0.0,0.0,0.0,0,0,0.0,0.0,REJECTED,flat_market
918,BTC,2019894,btc-updown-5m-1776660600,7717234485343578449153762445080077214125010890133575327930668808991765641711,"Bitcoin Up or Down - April 20, 12:50AM-12:55AM ET",polymarket_leads_crypto_momentum,24,0,0.0,0.0,0.0,0.0,0.0,0,0,0.0,0.0,REJECTED,flat_market
919,BTC,2019894,btc-updown-5m-1776660600,7717234485343578449153762445080077214125010890133575327930668808991765641711,"Bitcoin Up or Down - April 20, 12:50AM-12:55AM ET",probability_momentum_continuation,1,0,0.0,0.0,0.0,0.0,0.0,0,0,0.0,0.0,REJECTED,flat_market
920,BTC,2019894,btc-updown-5m-1776660600,7717234485343578449153762445080077214125010890133575327930668808991765641711,"Bitcoin Up or Down - April 20, 12:50AM-12:55AM ET",probability_momentum_continuation,4,0,0.0,0.0,0.0,0.0,0.0,0,0,0.0,0.0,REJECTED,flat_market
921,BTC,2019894,btc-updown-5m-1776660600,7717234485343578449153762445080077214125010890133575327930668808991765641711,"Bitcoin Up or Down - April 20, 12:50AM-12:55AM ET",probability_momentum_continuation,24,0,0.0,0.0,0.0,0.0,0.0,0,0,0.0,0.0,REJECTED,flat_market
922,BTC,2019894,btc-updown-5m-1776660600,7717234485343578449153762445080077214125010890133575327930668808991765641711,"Bitcoin Up or Down - April 20, 12:50AM-12:55AM ET",probability_reversal,1,0,0.0,0.0,0.0,0.0,0.0,0,0,0.0,0.0,REJECTED,flat_market
923,BTC,2019894,btc-updown-5m-1776660600,7717234485343578449153762445080077214125010890133575327930668808991765641711,"Bitcoin Up or Down - April 20, 12:50AM-12:55AM ET",probability_reversal,4,0,0.0,0.0,0.0,0.0,0.0,0,0,0.0,0.0,REJECTED,flat_market
924,BTC,2019894,btc-updown-5m-1776660600,7717234485343578449153762445080077214125010890133575327930668808991765641711,"Bitcoin Up or Down - April 20, 12:50AM-12:55AM ET",probability_reversal,24,0,0.0,0.0,0.0,0.0,0.0,0,0,0.0,0.0,REJECTED,flat_market
925,BTC,2031663,btc-updown-5m-1776761100,20624766533044913003314907630201571274787305290305047312399837645415708457236,"Bitcoin Up or Down - April 21, 4:45AM-4:50AM ET",divergence_mean_reversion,1,0,0.0,0.0,0.0,0.0,0.0,0,0,0.0,0.0,REJECTED,flat_market
926,BTC,2031663,btc-updown-5m-1776761100,20624766533044913003314907630201571274787305290305047312399837645415708457236,"Bitcoin Up or Down - April 21, 4:45AM-4:50AM ET",divergence_mean_reversion,4,0,0.0,0.0,0.0,0.0,0.0,0,0,0.0,0.0,REJECTED,flat_market
927,BTC,2031663,btc-updown-5m-1776761100,20624766533044913003314907630201571274787305290305047312399837645415708457236,"Bitcoin Up or Down - April 21, 4:45AM-4:50AM ET",divergence_mean_reversion,24,0,0.0,0.0,0.0,0.0,0.0,0,0,0.0,0.0,REJECTED,flat_market
928,BTC,2031663,btc-updown-5m-1776761100,20624766533044913003314907630201571274787305290305047312399837645415708457236,"Bitcoin Up or Down - April 21, 4:45AM-4:50AM ET",high_confidence_probability_move,1,0,0.0,0.0,0.0,0.0,0.0,0,0,0.0,0.0,REJECTED,flat_market
929,BTC,2031663,btc-updown-5m-1776761100,20624766533044913003314907630201571274787305290305047312399837645415708457236,"Bitcoin Up or Down - April 21, 4:45AM-4:50AM ET",high_confidence_probability_move,4,0,0.0,0.0,0.0,0.0,0.0,0,0,0.0,0.0,REJECTED,flat_market
930,BTC,2031663,btc-updown-5m-1776761100,20624766533044913003314907630201571274787305290305047312399837645415708457236,"Bitcoin Up or Down - April 21, 4:45AM-4:50AM ET",high_confidence_probability_move,24,0,0.0,0.0,0.0,0.0,0.0,0,0,0.0,0.0,REJECTED,flat_market
931,BTC,2031663,btc-updown-5m-1776761100,20624766533044913003314907630201571274787305290305047312399837645415708457236,"Bitcoin Up or Down - April 21, 4:45AM-4:50AM ET",polymarket_leads_crypto_momentum,1,0,0.0,0.0,0.0,0.0,0.0,0,0,0.0,0.0,REJECTED,flat_market
932,BTC,2031663,btc-updown-5m-1776761100,20624766533044913003314907630201571274787305290305047312399837645415708457236,"Bitcoin Up or Down - April 21, 4:45AM-4:50AM ET",polymarket_leads_crypto_momentum,4,0,0.0,0.0,0.0,0.0,0.0,0,0,0.0,0.0,REJECTED,flat_market
933,BTC,2031663,btc-updown-5m-1776761100,20624766533044913003314907630201571274787305290305047312399837645415708457236,"Bitcoin Up or Down - April 21, 4:45AM-4:50AM ET",polymarket_leads_crypto_momentum,24,0,0.0,0.0,0.0,0.0,0.0,0,0,0.0,0.0,REJECTED,flat_market
934,BTC,2031663,btc-updown-5m-1776761100,20624766533044913003314907630201571274787305290305047312399837645415708457236,"Bitcoin Up or Down - April 21, 4:45AM-4:50AM ET",probability_momentum_continuation,1,0,0.0,0.0,0.0,0.0,0.0,0,0,0.0,0.0,REJECTED,flat_market
935,BTC,2031663,btc-updown-5m-1776761100,20624766533044913003314907630201571274787305290305047312399837645415708457236,"Bitcoin Up or Down - April 21, 4:45AM-4:50AM ET",probability_momentum_continuation,4,0,0.0,0.0,0.0,0.0,0.0,0,0,0.0,0.0,REJECTED,flat_market
936,BTC,2031663,btc-updown-5m-1776761100,20624766533044913003314907630201571274787305290305047312399837645415708457236,"Bitcoin Up or Down - April 21, 4:45AM-4:50AM ET",probability_momentum_continuation,24,0,0.0,0.0,0.0,0.0,0.0,0,0,0.0,0.0,REJECTED,flat_market
937,BTC,2031663,btc-updown-5m-1776761100,20624766533044913003314907630201571274787305290305047312399837645415708457236,"Bitcoin Up or Down - April 21, 4:45AM-4:50AM ET",probability_reversal,1,0,0.0,0.0,0.0,0.0,0.0,0,0,0.0,0.0,REJECTED,flat_market
938,BTC,2031663,btc-updown-5m-1776761100,20624766533044913003314907630201571274787305290305047312399837645415708457236,"Bitcoin Up or Down - April 21, 4:45AM-4:50AM ET",probability_reversal,4,0,0.0,0.0,0.0,0.0,0.0,0,0,0.0,0.0,REJECTED,flat_market
939,BTC,2031663,btc-updown-5m-1776761100,20624766533044913003314907630201571274787305290305047312399837645415708457236,"Bitcoin Up or Down - April 21, 4:45AM-4:50AM ET",probability_reversal,24,0,0.0,0.0,0.0,0.0,0.0,0,0,0.0,0.0,REJECTED,flat_market
940,BTC,2033102,btc-updown-5m-1776776100,68780332756459872695516392405845630755865221577142260156455601239519918574848,"Bitcoin Up or Down - April 21, 8:55AM-9:00AM ET",divergence_mean_reversion,1,0,0.0,0.0,0.0,0.0,0.0,0,0,0.0,0.0,REJECTED,flat_market
941,BTC,2033102,btc-updown-5m-1776776100,68780332756459872695516392405845630755865221577142260156455601239519918574848,"Bitcoin Up or Down - April 21, 8:55AM-9:00AM ET",divergence_mean_reversion,4,0,0.0,0.0,0.0,0.0,0.0,0,0,0.0,0.0,REJECTED,flat_market
942,BTC,2033102,btc-updown-5m-1776776100,68780332756459872695516392405845630755865221577142260156455601239519918574848,"Bitcoin Up or Down - April 21, 8:55AM-9:00AM ET",divergence_mean_reversion,24,0,0.0,0.0,0.0,0.0,0.0,0,0,0.0,0.0,REJECTED,flat_market
943,BTC,2033102,btc-updown-5m-1776776100,68780332756459872695516392405845630755865221577142260156455601239519918574848,"Bitcoin Up or Down - April 21, 8:55AM-9:00AM ET",high_confidence_probability_move,1,0,0.0,0.0,0.0,0.0,0.0,0,0,0.0,0.0,REJECTED,flat_market
944,BTC,2033102,btc-updown-5m-1776776100,68780332756459872695516392405845630755865221577142260156455601239519918574848,"Bitcoin Up or Down - April 21, 8:55AM-9:00AM ET",high_confidence_probability_move,4,0,0.0,0.0,0.0,0.0,0.0,0,0,0.0,0.0,REJECTED,flat_market
945,BTC,2033102,btc-updown-5m-1776776100,68780332756459872695516392405845630755865221577142260156455601239519918574848,"Bitcoin Up or Down - April 21, 8:55AM-9:00AM ET",high_confidence_probability_move,24,0,0.0,0.0,0.0,0.0,0.0,0,0,0.0,0.0,REJECTED,flat_market
946,BTC,2033102,btc-updown-5m-1776776100,68780332756459872695516392405845630755865221577142260156455601239519918574848,"Bitcoin Up or Down - April 21, 8:55AM-9:00AM ET",polymarket_leads_crypto_momentum,1,0,0.0,0.0,0.0,0.0,0.0,0,0,0.0,0.0,REJECTED,flat_market
947,BTC,2033102,btc-updown-5m-1776776100,68780332756459872695516392405845630755865221577142260156455601239519918574848,"Bitcoin Up or Down - April 21, 8:55AM-9:00AM ET",polymarket_leads_crypto_momentum,4,0,0.0,0.0,0.0,0.0,0.0,0,0,0.0,0.0,REJECTED,flat_market
948,BTC,2033102,btc-updown-5m-1776776100,68780332756459872695516392405845630755865221577142260156455601239519918574848,"Bitcoin Up or Down - April 21, 8:55AM-9:00AM ET",polymarket_leads_crypto_momentum,24,0,0.0,0.0,0.0,0.0,0.0,0,0,0.0,0.0,REJECTED,flat_market
949,BTC,2033102,btc-updown-5m-1776776100,68780332756459872695516392405845630755865221577142260156455601239519918574848,"Bitcoin Up or Down - April 21, 8:55AM-9:00AM ET",probability_momentum_continuation,1,0,0.0,0.0,0.0,0.0,0.0,0,0,0.0,0.0,REJECTED,flat_market
950,BTC,2033102,btc-updown-5m-1776776100,68780332756459872695516392405845630755865221577142260156455601239519918574848,"Bitcoin Up or Down - April 21, 8:55AM-9:00AM ET",probability_momentum_continuation,4,0,0.0,0.0,0.0,0.0,0.0,0,0,0.0,0.0,REJECTED,flat_market
951,BTC,2033102,btc-updown-5m-1776776100,68780332756459872695516392405845630755865221577142260156455601239519918574848,"Bitcoin Up or Down - April 21, 8:55AM-9:00AM ET",probability_momentum_continuation,24,0,0.0,0.0,0.0,0.0,0.0,0,0,0.0,0.0,REJECTED,flat_market
952,BTC,2033102,btc-updown-5m-1776776100,68780332756459872695516392405845630755865221577142260156455601239519918574848,"Bitcoin Up or Down - April 21, 8:55AM-9:00AM ET",probability_reversal,1,0,0.0,0.0,0.0,0.0,0.0,0,0,0.0,0.0,REJECTED,flat_market
953,BTC,2033102,btc-updown-5m-1776776100,68780332756459872695516392405845630755865221577142260156455601239519918574848,"Bitcoin Up or Down - April 21, 8:55AM-9:00AM ET",probability_reversal,4,0,0.0,0.0,0.0,0.0,0.0,0,0,0.0,0.0,REJECTED,flat_market
954,BTC,2033102,btc-updown-5m-1776776100,68780332756459872695516392405845630755865221577142260156455601239519918574848,"Bitcoin Up or Down - April 21, 8:55AM-9:00AM ET",probability_reversal,24,0,0.0,0.0,0.0,0.0,0.0,0,0,0.0,0.0,REJECTED,flat_market
955,BTC,2033236,btc-updown-5m-1776776700,1839350119352837032321404335544136096606911418758405009403772029645038497432,"Bitcoin Up or Down - April 21, 9:05AM-9:10AM ET",divergence_mean_reversion,1,0,0.0,0.0,0.0,0.0,0.0,0,0,0.0,0.0,REJECTED,flat_market
956,BTC,2033236,btc-updown-5m-1776776700,1839350119352837032321404335544136096606911418758405009403772029645038497432,"Bitcoin Up or Down - April 21, 9:05AM-9:10AM ET",divergence_mean_reversion,4,0,0.0,0.0,0.0,0.0,0.0,0,0,0.0,0.0,REJECTED,flat_market
957,BTC,2033236,btc-updown-5m-1776776700,1839350119352837032321404335544136096606911418758405009403772029645038497432,"Bitcoin Up or Down - April 21, 9:05AM-9:10AM ET",divergence_mean_reversion,24,0,0.0,0.0,0.0,0.0,0.0,0,0,0.0,0.0,REJECTED,flat_market
958,BTC,2033236,btc-updown-5m-1776776700,1839350119352837032321404335544136096606911418758405009403772029645038497432,"Bitcoin Up or Down - April 21, 9:05AM-9:10AM ET",high_confidence_probability_move,1,0,0.0,0.0,0.0,0.0,0.0,0,0,0.0,0.0,REJECTED,flat_market
959,BTC,2033236,btc-updown-5m-1776776700,1839350119352837032321404335544136096606911418758405009403772029645038497432,"Bitcoin Up or Down - April 21, 9:05AM-9:10AM ET",high_confidence_probability_move,4,0,0.0,0.0,0.0,0.0,0.0,0,0,0.0,0.0,REJECTED,flat_market
960,BTC,2033236,btc-updown-5m-1776776700,1839350119352837032321404335544136096606911418758405009403772029645038497432,"Bitcoin Up or Down - April 21, 9:05AM-9:10AM ET",high_confidence_probability_move,24,0,0.0,0.0,0.0,0.0,0.0,0,0,0.0,0.0,REJECTED,flat_market
961,BTC,2033236,btc-updown-5m-1776776700,1839350119352837032321404335544136096606911418758405009403772029645038497432,"Bitcoin Up or Down - April 21, 9:05AM-9:10AM ET",polymarket_leads_crypto_momentum,1,0,0.0,0.0,0.0,0.0,0.0,0,0,0.0,0.0,REJECTED,flat_market
962,BTC,2033236,btc-updown-5m-1776776700,1839350119352837032321404335544136096606911418758405009403772029645038497432,"Bitcoin Up or Down - April 21, 9:05AM-9:10AM ET",polymarket_leads_crypto_momentum,4,0,0.0,0.0,0.0,0.0,0.0,0,0,0.0,0.0,REJECTED,flat_market
963,BTC,2033236,btc-updown-5m-1776776700,1839350119352837032321404335544136096606911418758405009403772029645038497432,"Bitcoin Up or Down - April 21, 9:05AM-9:10AM ET",polymarket_leads_crypto_momentum,24,0,0.0,0.0,0.0,0.0,0.0,0,0,0.0,0.0,REJECTED,flat_market
964,BTC,2033236,btc-updown-5m-1776776700,1839350119352837032321404335544136096606911418758405009403772029645038497432,"Bitcoin Up or Down - April 21, 9:05AM-9:10AM ET",probability_momentum_continuation,1,0,0.0,0.0,0.0,0.0,0.0,0,0,0.0,0.0,REJECTED,flat_market
965,BTC,2033236,btc-updown-5m-1776776700,1839350119352837032321404335544136096606911418758405009403772029645038497432,"Bitcoin Up or Down - April 21, 9:05AM-9:10AM ET",probability_momentum_continuation,4,0,0.0,0.0,0.0,0.0,0.0,0,0,0.0,0.0,REJECTED,flat_market
966,BTC,2033236,btc-updown-5m-1776776700,1839350119352837032321404335544136096606911418758405009403772029645038497432,"Bitcoin Up or Down - April 21, 9:05AM-9:10AM ET",probability_momentum_continuation,24,0,0.0,0.0,0.0,0.0,0.0,0,0,0.0,0.0,REJECTED,flat_market
967,BTC,2033236,btc-updown-5m-1776776700,1839350119352837032321404335544136096606911418758405009403772029645038497432,"Bitcoin Up or Down - April 21, 9:05AM-9:10AM ET",probability_reversal,1,0,0.0,0.0,0.0,0.0,0.0,0,0,0.0,0.0,REJECTED,flat_market
968,BTC,2033236,btc-updown-5m-1776776700,1839350119352837032321404335544136096606911418758405009403772029645038497432,"Bitcoin Up or Down - April 21, 9:05AM-9:10AM ET",probability_reversal,4,0,0.0,0.0,0.0,0.0,0.0,0,0,0.0,0.0,REJECTED,flat_market
969,BTC,2033236,btc-updown-5m-1776776700,1839350119352837032321404335544136096606911418758405009403772029645038497432,"Bitcoin Up or Down - April 21, 9:05AM-9:10AM ET",probability_reversal,24,0,0.0,0.0,0.0,0.0,0.0,0,0,0.0,0.0,REJECTED,flat_market
970,BTC,2056631,btc-updown-5m-1777001100,114098843164380392617106259609610594721239428226488170403105687347708108392631,"Bitcoin Up or Down - April 23, 11:25PM-11:30PM ET",divergence_mean_reversion,1,0,0.0,0.0,0.0,0.0,0.0,0,0,0.0,0.0,REJECTED,flat_market
971,BTC,2056631,btc-updown-5m-1777001100,114098843164380392617106259609610594721239428226488170403105687347708108392631,"Bitcoin Up or Down - April 23, 11:25PM-11:30PM ET",divergence_mean_reversion,4,0,0.0,0.0,0.0,0.0,0.0,0,0,0.0,0.0,REJECTED,flat_market
972,BTC,2056631,btc-updown-5m-1777001100,114098843164380392617106259609610594721239428226488170403105687347708108392631,"Bitcoin Up or Down - April 23, 11:25PM-11:30PM ET",divergence_mean_reversion,24,0,0.0,0.0,0.0,0.0,0.0,0,0,0.0,0.0,REJECTED,flat_market
973,BTC,2056631,btc-updown-5m-1777001100,114098843164380392617106259609610594721239428226488170403105687347708108392631,"Bitcoin Up or Down - April 23, 11:25PM-11:30PM ET",high_confidence_probability_move,1,0,0.0,0.0,0.0,0.0,0.0,0,0,0.0,0.0,REJECTED,flat_market
974,BTC,2056631,btc-updown-5m-1777001100,114098843164380392617106259609610594721239428226488170403105687347708108392631,"Bitcoin Up or Down - April 23, 11:25PM-11:30PM ET",high_confidence_probability_move,4,0,0.0,0.0,0.0,0.0,0.0,0,0,0.0,0.0,REJECTED,flat_market
975,BTC,2056631,btc-updown-5m-1777001100,114098843164380392617106259609610594721239428226488170403105687347708108392631,"Bitcoin Up or Down - April 23, 11:25PM-11:30PM ET",high_confidence_probability_move,24,0,0.0,0.0,0.0,0.0,0.0,0,0,0.0,0.0,REJECTED,flat_market
976,BTC,2056631,btc-updown-5m-1777001100,114098843164380392617106259609610594721239428226488170403105687347708108392631,"Bitcoin Up or Down - April 23, 11:25PM-11:30PM ET",polymarket_leads_crypto_momentum,1,0,0.0,0.0,0.0,0.0,0.0,0,0,0.0,0.0,REJECTED,flat_market
977,BTC,2056631,btc-updown-5m-1777001100,114098843164380392617106259609610594721239428226488170403105687347708108392631,"Bitcoin Up or Down - April 23, 11:25PM-11:30PM ET",polymarket_leads_crypto_momentum,4,0,0.0,0.0,0.0,0.0,0.0,0,0,0.0,0.0,REJECTED,flat_market
978,BTC,2056631,btc-updown-5m-1777001100,114098843164380392617106259609610594721239428226488170403105687347708108392631,"Bitcoin Up or Down - April 23, 11:25PM-11:30PM ET",polymarket_leads_crypto_momentum,24,0,0.0,0.0,0.0,0.0,0.0,0,0,0.0,0.0,REJECTED,flat_market
979,BTC,2056631,btc-updown-5m-1777001100,114098843164380392617106259609610594721239428226488170403105687347708108392631,"Bitcoin Up or Down - April 23, 11:25PM-11:30PM ET",probability_momentum_continuation,1,0,0.0,0.0,0.0,0.0,0.0,0,0,0.0,0.0,REJECTED,flat_market
980,BTC,2056631,btc-updown-5m-1777001100,114098843164380392617106259609610594721239428226488170403105687347708108392631,"Bitcoin Up or Down - April 23, 11:25PM-11:30PM ET",probability_momentum_continuation,4,0,0.0,0.0,0.0,0.0,0.0,0,0,0.0,0.0,REJECTED,flat_market
981,BTC,2056631,btc-updown-5m-1777001100,114098843164380392617106259609610594721239428226488170403105687347708108392631,"Bitcoin Up or Down - April 23, 11:25PM-11:30PM ET",probability_momentum_continuation,24,0,0.0,0.0,0.0,0.0,0.0,0,0,0.0,0.0,REJECTED,flat_market
982,BTC,2056631,btc-updown-5m-1777001100,114098843164380392617106259609610594721239428226488170403105687347708108392631,"Bitcoin Up or Down - April 23, 11:25PM-11:30PM ET",probability_reversal,1,0,0.0,0.0,0.0,0.0,0.0,0,0,0.0,0.0,REJECTED,flat_market
983,BTC,2056631,btc-updown-5m-1777001100,114098843164380392617106259609610594721239428226488170403105687347708108392631,"Bitcoin Up or Down - April 23, 11:25PM-11:30PM ET",probability_reversal,4,0,0.0,0.0,0.0,0.0,0.0,0,0,0.0,0.0,REJECTED,flat_market
984,BTC,2056631,btc-updown-5m-1777001100,114098843164380392617106259609610594721239428226488170403105687347708108392631,"Bitcoin Up or Down - April 23, 11:25PM-11:30PM ET",probability_reversal,24,0,0.0,0.0,0.0,0.0,0.0,0,0,0.0,0.0,REJECTED,flat_market
985,BTC,2061847,btc-updown-5m-1777052100,102279224143306672637763924628226222696455310398243341903303781647826915742883,"Bitcoin Up or Down - April 24, 1:35PM-1:40PM ET",divergence_mean_reversion,1,0,0.0,0.0,0.0,0.0,0.0,0,0,0.0,0.0,REJECTED,flat_market
986,BTC,2061847,btc-updown-5m-1777052100,102279224143306672637763924628226222696455310398243341903303781647826915742883,"Bitcoin Up or Down - April 24, 1:35PM-1:40PM ET",divergence_mean_reversion,4,0,0.0,0.0,0.0,0.0,0.0,0,0,0.0,0.0,REJECTED,flat_market
987,BTC,2061847,btc-updown-5m-1777052100,102279224143306672637763924628226222696455310398243341903303781647826915742883,"Bitcoin Up or Down - April 24, 1:35PM-1:40PM ET",divergence_mean_reversion,24,0,0.0,0.0,0.0,0.0,0.0,0,0,0.0,0.0,REJECTED,flat_market
988,BTC,2061847,btc-updown-5m-1777052100,102279224143306672637763924628226222696455310398243341903303781647826915742883,"Bitcoin Up or Down - April 24, 1:35PM-1:40PM ET",high_confidence_probability_move,1,0,0.0,0.0,0.0,0.0,0.0,0,0,0.0,0.0,REJECTED,flat_market
989,BTC,2061847,btc-updown-5m-1777052100,102279224143306672637763924628226222696455310398243341903303781647826915742883,"Bitcoin Up or Down - April 24, 1:35PM-1:40PM ET",high_confidence_probability_move,4,0,0.0,0.0,0.0,0.0,0.0,0,0,0.0,0.0,REJECTED,flat_market
990,BTC,2061847,btc-updown-5m-1777052100,102279224143306672637763924628226222696455310398243341903303781647826915742883,"Bitcoin Up or Down - April 24, 1:35PM-1:40PM ET",high_confidence_probability_move,24,0,0.0,0.0,0.0,0.0,0.0,0,0,0.0,0.0,REJECTED,flat_market
991,BTC,2061847,btc-updown-5m-1777052100,102279224143306672637763924628226222696455310398243341903303781647826915742883,"Bitcoin Up or Down - April 24, 1:35PM-1:40PM ET",polymarket_leads_crypto_momentum,1,0,0.0,0.0,0.0,0.0,0.0,0,0,0.0,0.0,REJECTED,flat_market
992,BTC,2061847,btc-updown-5m-1777052100,102279224143306672637763924628226222696455310398243341903303781647826915742883,"Bitcoin Up or Down - April 24, 1:35PM-1:40PM ET",polymarket_leads_crypto_momentum,4,0,0.0,0.0,0.0,0.0,0.0,0,0,0.0,0.0,REJECTED,flat_market
993,BTC,2061847,btc-updown-5m-1777052100,102279224143306672637763924628226222696455310398243341903303781647826915742883,"Bitcoin Up or Down - April 24, 1:35PM-1:40PM ET",polymarket_leads_crypto_momentum,24,0,0.0,0.0,0.0,0.0,0.0,0,0,0.0,0.0,REJECTED,flat_market
994,BTC,2061847,btc-updown-5m-1777052100,102279224143306672637763924628226222696455310398243341903303781647826915742883,"Bitcoin Up or Down - April 24, 1:35PM-1:40PM ET",probability_momentum_continuation,1,0,0.0,0.0,0.0,0.0,0.0,0,0,0.0,0.0,REJECTED,flat_market
995,BTC,2061847,btc-updown-5m-1777052100,102279224143306672637763924628226222696455310398243341903303781647826915742883,"Bitcoin Up or Down - April 24, 1:35PM-1:40PM ET",probability_momentum_continuation,4,0,0.0,0.0,0.0,0.0,0.0,0,0,0.0,0.0,REJECTED,flat_market
996,BTC,2061847,btc-updown-5m-1777052100,102279224143306672637763924628226222696455310398243341903303781647826915742883,"Bitcoin Up or Down - April 24, 1:35PM-1:40PM ET",probability_momentum_continuation,24,0,0.0,0.0,0.0,0.0,0.0,0,0,0.0,0.0,REJECTED,flat_market
997,BTC,2061847,btc-updown-5m-1777052100,102279224143306672637763924628226222696455310398243341903303781647826915742883,"Bitcoin Up or Down - April 24, 1:35PM-1:40PM ET",probability_reversal,1,0,0.0,0.0,0.0,0.0,0.0,0,0,0.0,0.0,REJECTED,flat_market
998,BTC,2061847,btc-updown-5m-1777052100,102279224143306672637763924628226222696455310398243341903303781647826915742883,"Bitcoin Up or Down - April 24, 1:35PM-1:40PM ET",probability_reversal,4,0,0.0,0.0,0.0,0.0,0.0,0,0,0.0,0.0,REJECTED,flat_market
999,BTC,2061847,btc-updown-5m-1777052100,102279224143306672637763924628226222696455310398243341903303781647826915742883,"Bitcoin Up or Down - April 24, 1:35PM-1:40PM ET",probability_reversal,24,0,0.0,0.0,0.0,0.0,0.0,0,0,0.0,0.0,REJECTED,flat_market
1000,BTC,2072904,btc-updown-5m-1777162200,48526543975601377841024726035848939204054125681647437804711064393765280542352,"Bitcoin Up or Down - April 25, 8:10PM-8:15PM ET",divergence_mean_reversion,1,0,0.0,0.0,0.0,0.0,0.0,0,0,0.0,0.0,REJECTED,flat_market
1001,BTC,2072904,btc-updown-5m-1777162200,48526543975601377841024726035848939204054125681647437804711064393765280542352,"Bitcoin Up or Down - April 25, 8:10PM-8:15PM ET",divergence_mean_reversion,4,0,0.0,0.0,0.0,0.0,0.0,0,0,0.0,0.0,REJECTED,flat_market
1002,BTC,2072904,btc-updown-5m-1777162200,48526543975601377841024726035848939204054125681647437804711064393765280542352,"Bitcoin Up or Down - April 25, 8:10PM-8:15PM ET",divergence_mean_reversion,24,0,0.0,0.0,0.0,0.0,0.0,0,0,0.0,0.0,REJECTED,flat_market
1003,BTC,2072904,btc-updown-5m-1777162200,48526543975601377841024726035848939204054125681647437804711064393765280542352,"Bitcoin Up or Down - April 25, 8:10PM-8:15PM ET",high_confidence_probability_move,1,0,0.0,0.0,0.0,0.0,0.0,0,0,0.0,0.0,REJECTED,flat_market
1004,BTC,2072904,btc-updown-5m-1777162200,48526543975601377841024726035848939204054125681647437804711064393765280542352,"Bitcoin Up or Down - April 25, 8:10PM-8:15PM ET",high_confidence_probability_move,4,0,0.0,0.0,0.0,0.0,0.0,0,0,0.0,0.0,REJECTED,flat_market
1005,BTC,2072904,btc-updown-5m-1777162200,48526543975601377841024726035848939204054125681647437804711064393765280542352,"Bitcoin Up or Down - April 25, 8:10PM-8:15PM ET",high_confidence_probability_move,24,0,0.0,0.0,0.0,0.0,0.0,0,0,0.0,0.0,REJECTED,flat_market
1006,BTC,2072904,btc-updown-5m-1777162200,48526543975601377841024726035848939204054125681647437804711064393765280542352,"Bitcoin Up or Down - April 25, 8:10PM-8:15PM ET",polymarket_leads_crypto_momentum,1,0,0.0,0.0,0.0,0.0,0.0,0,0,0.0,0.0,REJECTED,flat_market
1007,BTC,2072904,btc-updown-5m-1777162200,48526543975601377841024726035848939204054125681647437804711064393765280542352,"Bitcoin Up or Down - April 25, 8:10PM-8:15PM ET",polymarket_leads_crypto_momentum,4,0,0.0,0.0,0.0,0.0,0.0,0,0,0.0,0.0,REJECTED,flat_market
1008,BTC,2072904,btc-updown-5m-1777162200,48526543975601377841024726035848939204054125681647437804711064393765280542352,"Bitcoin Up or Down - April 25, 8:10PM-8:15PM ET",polymarket_leads_crypto_momentum,24,0,0.0,0.0,0.0,0.0,0.0,0,0,0.0,0.0,REJECTED,flat_market
1009,BTC,2072904,btc-updown-5m-1777162200,48526543975601377841024726035848939204054125681647437804711064393765280542352,"Bitcoin Up or Down - April 25, 8:10PM-8:15PM ET",probability_momentum_continuation,1,0,0.0,0.0,0.0,0.0,0.0,0,0,0.0,0.0,REJECTED,flat_market
1010,BTC,2072904,btc-updown-5m-1777162200,48526543975601377841024726035848939204054125681647437804711064393765280542352,"Bitcoin Up or Down - April 25, 8:10PM-8:15PM ET",probability_momentum_continuation,4,0,0.0,0.0,0.0,0.0,0.0,0,0,0.0,0.0,REJECTED,flat_market
1011,BTC,2072904,btc-updown-5m-1777162200,48526543975601377841024726035848939204054125681647437804711064393765280542352,"Bitcoin Up or Down - April 25, 8:10PM-8:15PM ET",probability_momentum_continuation,24,0,0.0,0.0,0.0,0.0,0.0,0,0,0.0,0.0,REJECTED,flat_market
1012,BTC,2072904,btc-updown-5m-1777162200,48526543975601377841024726035848939204054125681647437804711064393765280542352,"Bitcoin Up or Down - April 25, 8:10PM-8:15PM ET",probability_reversal,1,0,0.0,0.0,0.0,0.0,0.0,0,0,0.0,0.0,REJECTED,flat_market
1013,BTC,2072904,btc-updown-5m-1777162200,48526543975601377841024726035848939204054125681647437804711064393765280542352,"Bitcoin Up or Down - April 25, 8:10PM-8:15PM ET",probability_reversal,4,0,0.0,0.0,0.0,0.0,0.0,0,0,0.0,0.0,REJECTED,flat_market
1014,BTC,2072904,btc-updown-5m-1777162200,48526543975601377841024726035848939204054125681647437804711064393765280542352,"Bitcoin Up or Down - April 25, 8:10PM-8:15PM ET",probability_reversal,24,0,0.0,0.0,0.0,0.0,0.0,0,0,0.0,0.0,REJECTED,flat_market
1015,BTC,2081390,btc-updown-5m-1777250700,1418762359442452924309032729015018227181435881141722385336665725024606160607,"Bitcoin Up or Down - April 26, 8:45PM-8:50PM ET",divergence_mean_reversion,1,0,0.0,0.0,0.0,0.0,0.0,0,0,0.0,0.0,REJECTED,flat_market
1016,BTC,2081390,btc-updown-5m-1777250700,1418762359442452924309032729015018227181435881141722385336665725024606160607,"Bitcoin Up or Down - April 26, 8:45PM-8:50PM ET",divergence_mean_reversion,4,0,0.0,0.0,0.0,0.0,0.0,0,0,0.0,0.0,REJECTED,flat_market
1017,BTC,2081390,btc-updown-5m-1777250700,1418762359442452924309032729015018227181435881141722385336665725024606160607,"Bitcoin Up or Down - April 26, 8:45PM-8:50PM ET",divergence_mean_reversion,24,0,0.0,0.0,0.0,0.0,0.0,0,0,0.0,0.0,REJECTED,flat_market
1018,BTC,2081390,btc-updown-5m-1777250700,1418762359442452924309032729015018227181435881141722385336665725024606160607,"Bitcoin Up or Down - April 26, 8:45PM-8:50PM ET",high_confidence_probability_move,1,0,0.0,0.0,0.0,0.0,0.0,0,0,0.0,0.0,REJECTED,flat_market
1019,BTC,2081390,btc-updown-5m-1777250700,1418762359442452924309032729015018227181435881141722385336665725024606160607,"Bitcoin Up or Down - April 26, 8:45PM-8:50PM ET",high_confidence_probability_move,4,0,0.0,0.0,0.0,0.0,0.0,0,0,0.0,0.0,REJECTED,flat_market
1020,BTC,2081390,btc-updown-5m-1777250700,1418762359442452924309032729015018227181435881141722385336665725024606160607,"Bitcoin Up or Down - April 26, 8:45PM-8:50PM ET",high_confidence_probability_move,24,0,0.0,0.0,0.0,0.0,0.0,0,0,0.0,0.0,REJECTED,flat_market
1021,BTC,2081390,btc-updown-5m-1777250700,1418762359442452924309032729015018227181435881141722385336665725024606160607,"Bitcoin Up or Down - April 26, 8:45PM-8:50PM ET",polymarket_leads_crypto_momentum,1,0,0.0,0.0,0.0,0.0,0.0,0,0,0.0,0.0,REJECTED,flat_market
1022,BTC,2081390,btc-updown-5m-1777250700,1418762359442452924309032729015018227181435881141722385336665725024606160607,"Bitcoin Up or Down - April 26, 8:45PM-8:50PM ET",polymarket_leads_crypto_momentum,4,0,0.0,0.0,0.0,0.0,0.0,0,0,0.0,0.0,REJECTED,flat_market
1023,BTC,2081390,btc-updown-5m-1777250700,1418762359442452924309032729015018227181435881141722385336665725024606160607,"Bitcoin Up or Down - April 26, 8:45PM-8:50PM ET",polymarket_leads_crypto_momentum,24,0,0.0,0.0,0.0,0.0,0.0,0,0,0.0,0.0,REJECTED,flat_market
1024,BTC,2081390,btc-updown-5m-1777250700,1418762359442452924309032729015018227181435881141722385336665725024606160607,"Bitcoin Up or Down - April 26, 8:45PM-8:50PM ET",probability_momentum_continuation,1,0,0.0,0.0,0.0,0.0,0.0,0,0,0.0,0.0,REJECTED,flat_market
1025,BTC,2081390,btc-updown-5m-1777250700,1418762359442452924309032729015018227181435881141722385336665725024606160607,"Bitcoin Up or Down - April 26, 8:45PM-8:50PM ET",probability_momentum_continuation,4,0,0.0,0.0,0.0,0.0,0.0,0,0,0.0,0.0,REJECTED,flat_market
1026,BTC,2081390,btc-updown-5m-1777250700,1418762359442452924309032729015018227181435881141722385336665725024606160607,"Bitcoin Up or Down - April 26, 8:45PM-8:50PM ET",probability_momentum_continuation,24,0,0.0,0.0,0.0,0.0,0.0,0,0,0.0,0.0,REJECTED,flat_market
1027,BTC,2081390,btc-updown-5m-1777250700,1418762359442452924309032729015018227181435881141722385336665725024606160607,"Bitcoin Up or Down - April 26, 8:45PM-8:50PM ET",probability_reversal,1,0,0.0,0.0,0.0,0.0,0.0,0,0,0.0,0.0,REJECTED,flat_market
1028,BTC,2081390,btc-updown-5m-1777250700,1418762359442452924309032729015018227181435881141722385336665725024606160607,"Bitcoin Up or Down - April 26, 8:45PM-8:50PM ET",probability_reversal,4,0,0.0,0.0,0.0,0.0,0.0,0,0,0.0,0.0,REJECTED,flat_market
1029,BTC,2081390,btc-updown-5m-1777250700,1418762359442452924309032729015018227181435881141722385336665725024606160607,"Bitcoin Up or Down - April 26, 8:45PM-8:50PM ET",probability_reversal,24,0,0.0,0.0,0.0,0.0,0.0,0,0,0.0,0.0,REJECTED,flat_market
1030,BTC,824952,microstrategy-sells-any-bitcoin-by-december-31-2026,111128191581505463501777127559667396812474366956707382672202929745167742497287,"MicroStrategy sells any Bitcoin by December 31, 2026?",high_confidence_probability_move,1,0,0.0,0.0,0.0,0.0,0.0,0,0,0.0,0.0,REJECTED,insufficient_samples
1031,BTC,824952,microstrategy-sells-any-bitcoin-by-december-31-2026,111128191581505463501777127559667396812474366956707382672202929745167742497287,"MicroStrategy sells any Bitcoin by December 31, 2026?",high_confidence_probability_move,4,0,0.0,0.0,0.0,0.0,0.0,0,0,0.0,0.0,REJECTED,insufficient_samples
1032,BTC,824952,microstrategy-sells-any-bitcoin-by-december-31-2026,111128191581505463501777127559667396812474366956707382672202929745167742497287,"MicroStrategy sells any Bitcoin by December 31, 2026?",high_confidence_probability_move,24,0,0.0,0.0,0.0,0.0,0.0,0,0,0.0,0.0,REJECTED,insufficient_samples
1033,BTC,824952,microstrategy-sells-any-bitcoin-by-december-31-2026,111128191581505463501777127559667396812474366956707382672202929745167742497287,"MicroStrategy sells any Bitcoin by December 31, 2026?",polymarket_leads_crypto_momentum,1,0,0.0,0.0,0.0,0.0,0.0,0,0,0.0,0.0,REJECTED,insufficient_samples
1034,BTC,824952,microstrategy-sells-any-bitcoin-by-december-31-2026,111128191581505463501777127559667396812474366956707382672202929745167742497287,"MicroStrategy sells any Bitcoin by December 31, 2026?",polymarket_leads_crypto_momentum,4,0,0.0,0.0,0.0,0.0,0.0,0,0,0.0,0.0,REJECTED,insufficient_samples
1035,BTC,824952,microstrategy-sells-any-bitcoin-by-december-31-2026,111128191581505463501777127559667396812474366956707382672202929745167742497287,"MicroStrategy sells any Bitcoin by December 31, 2026?",polymarket_leads_crypto_momentum,24,0,0.0,0.0,0.0,0.0,0.0,0,0,0.0,0.0,REJECTED,insufficient_samples
1036,BTC,824952,microstrategy-sells-any-bitcoin-by-december-31-2026,111128191581505463501777127559667396812474366956707382672202929745167742497287,"MicroStrategy sells any Bitcoin by December 31, 2026?",probability_momentum_continuation,1,0,0.0,0.0,0.0,0.0,0.0,0,0,0.0,0.0,REJECTED,insufficient_samples
1037,BTC,824952,microstrategy-sells-any-bitcoin-by-december-31-2026,111128191581505463501777127559667396812474366956707382672202929745167742497287,"MicroStrategy sells any Bitcoin by December 31, 2026?",probability_momentum_continuation,4,0,0.0,0.0,0.0,0.0,0.0,0,0,0.0,0.0,REJECTED,insufficient_samples
1038,BTC,824952,microstrategy-sells-any-bitcoin-by-december-31-2026,111128191581505463501777127559667396812474366956707382672202929745167742497287,"MicroStrategy sells any Bitcoin by December 31, 2026?",probability_momentum_continuation,24,0,0.0,0.0,0.0,0.0,0.0,0,0,0.0,0.0,REJECTED,insufficient_samples
1039,BTC,824952,microstrategy-sells-any-bitcoin-by-december-31-2026,111128191581505463501777127559667396812474366956707382672202929745167742497287,"MicroStrategy sells any Bitcoin by December 31, 2026?",probability_reversal,1,0,0.0,0.0,0.0,0.0,0.0,0,0,0.0,0.0,REJECTED,insufficient_samples
1040,BTC,824952,microstrategy-sells-any-bitcoin-by-december-31-2026,111128191581505463501777127559667396812474366956707382672202929745167742497287,"MicroStrategy sells any Bitcoin by December 31, 2026?",probability_reversal,4,0,0.0,0.0,0.0,0.0,0.0,0,0,0.0,0.0,REJECTED,insufficient_samples
1041,BTC,824952,microstrategy-sells-any-bitcoin-by-december-31-2026,111128191581505463501777127559667396812474366956707382672202929745167742497287,"MicroStrategy sells any Bitcoin by December 31, 2026?",probability_reversal,24,0,0.0,0.0,0.0,0.0,0.0,0,0,0.0,0.0,REJECTED,insufficient_samples
1042,BTC,692258,microstrategy-sells-any-bitcoin-by-june-30-2026,110251828161543119357013227499774714771527179764174739487025581227481937033858,"MicroStrategy sells any Bitcoin by June 30, 2026?",high_confidence_probability_move,1,0,0.0,0.0,0.0,0.0,0.0,0,0,0.0,0.0,REJECTED,insufficient_samples
1043,BTC,692258,microstrategy-sells-any-bitcoin-by-june-30-2026,110251828161543119357013227499774714771527179764174739487025581227481937033858,"MicroStrategy sells any Bitcoin by June 30, 2026?",high_confidence_probability_move,4,0,0.0,0.0,0.0,0.0,0.0,0,0,0.0,0.0,REJECTED,insufficient_samples
1044,BTC,692258,microstrategy-sells-any-bitcoin-by-june-30-2026,110251828161543119357013227499774714771527179764174739487025581227481937033858,"MicroStrategy sells any Bitcoin by June 30, 2026?",high_confidence_probability_move,24,0,0.0,0.0,0.0,0.0,0.0,0,0,0.0,0.0,REJECTED,insufficient_samples
1045,BTC,692258,microstrategy-sells-any-bitcoin-by-june-30-2026,110251828161543119357013227499774714771527179764174739487025581227481937033858,"MicroStrategy sells any Bitcoin by June 30, 2026?",polymarket_leads_crypto_momentum,1,0,0.0,0.0,0.0,0.0,0.0,0,0,0.0,0.0,REJECTED,insufficient_samples
1046,BTC,692258,microstrategy-sells-any-bitcoin-by-june-30-2026,110251828161543119357013227499774714771527179764174739487025581227481937033858,"MicroStrategy sells any Bitcoin by June 30, 2026?",polymarket_leads_crypto_momentum,4,0,0.0,0.0,0.0,0.0,0.0,0,0,0.0,0.0,REJECTED,insufficient_samples
1047,BTC,692258,microstrategy-sells-any-bitcoin-by-june-30-2026,110251828161543119357013227499774714771527179764174739487025581227481937033858,"MicroStrategy sells any Bitcoin by June 30, 2026?",polymarket_leads_crypto_momentum,24,0,0.0,0.0,0.0,0.0,0.0,0,0,0.0,0.0,REJECTED,insufficient_samples
1048,BTC,1343220,will-bitcoin-dip-to-10000-by-december-31-2026-888-644-567-258-946-853,42439528758178981890895605039938161151582654744978607695897321288347422769852,"Will Bitcoin dip to $10,000 by December 31, 2026?",high_confidence_probability_move,1,0,0.0,0.0,0.0,0.0,0.0,0,0,0.0,0.0,REJECTED,insufficient_samples
1049,BTC,1343220,will-bitcoin-dip-to-10000-by-december-31-2026-888-644-567-258-946-853,42439528758178981890895605039938161151582654744978607695897321288347422769852,"Will Bitcoin dip to $10,000 by December 31, 2026?",high_confidence_probability_move,4,0,0.0,0.0,0.0,0.0,0.0,0,0,0.0,0.0,REJECTED,insufficient_samples
1050,BTC,1343220,will-bitcoin-dip-to-10000-by-december-31-2026-888-644-567-258-946-853,42439528758178981890895605039938161151582654744978607695897321288347422769852,"Will Bitcoin dip to $10,000 by December 31, 2026?",high_confidence_probability_move,24,0,0.0,0.0,0.0,0.0,0.0,0,0,0.0,0.0,REJECTED,insufficient_samples
1051,BTC,701504,will-bitcoin-dip-to-25000-by-december-31-2026-948-243-253-666-115-787-981-282-573-719-186-417-762-754-486-851-278-145,58908160299895538838177673280060816284346493901538403975218911918392404378292,"Will Bitcoin dip to $25,000 by December 31, 2026?",high_confidence_probability_move,1,0,0.0,0.0,0.0,0.0,0.0,0,0,0.0,0.0,REJECTED,insufficient_samples
1052,BTC,701504,will-bitcoin-dip-to-25000-by-december-31-2026-948-243-253-666-115-787-981-282-573-719-186-417-762-754-486-851-278-145,58908160299895538838177673280060816284346493901538403975218911918392404378292,"Will Bitcoin dip to $25,000 by December 31, 2026?",high_confidence_probability_move,4,0,0.0,0.0,0.0,0.0,0.0,0,0,0.0,0.0,REJECTED,insufficient_samples
1053,BTC,701504,will-bitcoin-dip-to-25000-by-december-31-2026-948-243-253-666-115-787-981-282-573-719-186-417-762-754-486-851-278-145,58908160299895538838177673280060816284346493901538403975218911918392404378292,"Will Bitcoin dip to $25,000 by December 31, 2026?",high_confidence_probability_move,24,0,0.0,0.0,0.0,0.0,0.0,0,0,0.0,0.0,REJECTED,insufficient_samples
1054,BTC,1823786,will-bitcoin-dip-to-30k-in-april-2026-724-192,84771301702351303074871180279903621715509085776274806851229789863791098403148,"Will Bitcoin dip to $30,000 in April?",high_confidence_probability_move,1,0,0.0,0.0,0.0,0.0,0.0,0,0,0.0,0.0,REJECTED,insufficient_samples
1055,BTC,1823786,will-bitcoin-dip-to-30k-in-april-2026-724-192,84771301702351303074871180279903621715509085776274806851229789863791098403148,"Will Bitcoin dip to $30,000 in April?",high_confidence_probability_move,4,0,0.0,0.0,0.0,0.0,0.0,0,0,0.0,0.0,REJECTED,insufficient_samples
1056,BTC,1823786,will-bitcoin-dip-to-30k-in-april-2026-724-192,84771301702351303074871180279903621715509085776274806851229789863791098403148,"Will Bitcoin dip to $30,000 in April?",high_confidence_probability_move,24,0,0.0,0.0,0.0,0.0,0.0,0,0,0.0,0.0,REJECTED,insufficient_samples
1057,BTC,1823786,will-bitcoin-dip-to-30k-in-april-2026-724-192,84771301702351303074871180279903621715509085776274806851229789863791098403148,"Will Bitcoin dip to $30,000 in April?",polymarket_leads_crypto_momentum,1,0,0.0,0.0,0.0,0.0,0.0,0,0,0.0,0.0,REJECTED,insufficient_samples
1058,BTC,1823786,will-bitcoin-dip-to-30k-in-april-2026-724-192,84771301702351303074871180279903621715509085776274806851229789863791098403148,"Will Bitcoin dip to $30,000 in April?",polymarket_leads_crypto_momentum,4,0,0.0,0.0,0.0,0.0,0.0,0,0,0.0,0.0,REJECTED,insufficient_samples
1059,BTC,1823786,will-bitcoin-dip-to-30k-in-april-2026-724-192,84771301702351303074871180279903621715509085776274806851229789863791098403148,"Will Bitcoin dip to $30,000 in April?",polymarket_leads_crypto_momentum,24,0,0.0,0.0,0.0,0.0,0.0,0,0,0.0,0.0,REJECTED,insufficient_samples
1060,BTC,1823786,will-bitcoin-dip-to-30k-in-april-2026-724-192,84771301702351303074871180279903621715509085776274806851229789863791098403148,"Will Bitcoin dip to $30,000 in April?",probability_momentum_continuation,1,0,0.0,0.0,0.0,0.0,0.0,0,0,0.0,0.0,REJECTED,insufficient_samples
1061,BTC,1823786,will-bitcoin-dip-to-30k-in-april-2026-724-192,84771301702351303074871180279903621715509085776274806851229789863791098403148,"Will Bitcoin dip to $30,000 in April?",probability_momentum_continuation,4,0,0.0,0.0,0.0,0.0,0.0,0,0,0.0,0.0,REJECTED,insufficient_samples
1062,BTC,1823786,will-bitcoin-dip-to-30k-in-april-2026-724-192,84771301702351303074871180279903621715509085776274806851229789863791098403148,"Will Bitcoin dip to $30,000 in April?",probability_momentum_continuation,24,0,0.0,0.0,0.0,0.0,0.0,0,0,0.0,0.0,REJECTED,insufficient_samples
1063,BTC,1823786,will-bitcoin-dip-to-30k-in-april-2026-724-192,84771301702351303074871180279903621715509085776274806851229789863791098403148,"Will Bitcoin dip to $30,000 in April?",probability_reversal,1,0,0.0,0.0,0.0,0.0,0.0,0,0,0.0,0.0,REJECTED,insufficient_samples
1064,BTC,1823786,will-bitcoin-dip-to-30k-in-april-2026-724-192,84771301702351303074871180279903621715509085776274806851229789863791098403148,"Will Bitcoin dip to $30,000 in April?",probability_reversal,4,0,0.0,0.0,0.0,0.0,0.0,0,0,0.0,0.0,REJECTED,insufficient_samples
1065,BTC,1823786,will-bitcoin-dip-to-30k-in-april-2026-724-192,84771301702351303074871180279903621715509085776274806851229789863791098403148,"Will Bitcoin dip to $30,000 in April?",probability_reversal,24,0,0.0,0.0,0.0,0.0,0.0,0,0,0.0,0.0,REJECTED,insufficient_samples
1066,BTC,1823785,will-bitcoin-dip-to-35k-in-april-2026-269-515,55866919730905441060316639913713252112909337594136306040264616999652467664982,"Will Bitcoin dip to $35,000 in April?",high_confidence_probability_move,1,0,0.0,0.0,0.0,0.0,0.0,0,0,0.0,0.0,REJECTED,insufficient_samples
1067,BTC,1823785,will-bitcoin-dip-to-35k-in-april-2026-269-515,55866919730905441060316639913713252112909337594136306040264616999652467664982,"Will Bitcoin dip to $35,000 in April?",high_confidence_probability_move,4,0,0.0,0.0,0.0,0.0,0.0,0,0,0.0,0.0,REJECTED,insufficient_samples
1068,BTC,1823785,will-bitcoin-dip-to-35k-in-april-2026-269-515,55866919730905441060316639913713252112909337594136306040264616999652467664982,"Will Bitcoin dip to $35,000 in April?",high_confidence_probability_move,24,0,0.0,0.0,0.0,0.0,0.0,0,0,0.0,0.0,REJECTED,insufficient_samples
1069,BTC,1823785,will-bitcoin-dip-to-35k-in-april-2026-269-515,55866919730905441060316639913713252112909337594136306040264616999652467664982,"Will Bitcoin dip to $35,000 in April?",polymarket_leads_crypto_momentum,1,0,0.0,0.0,0.0,0.0,0.0,0,0,0.0,0.0,REJECTED,insufficient_samples
1070,BTC,1823785,will-bitcoin-dip-to-35k-in-april-2026-269-515,55866919730905441060316639913713252112909337594136306040264616999652467664982,"Will Bitcoin dip to $35,000 in April?",polymarket_leads_crypto_momentum,4,0,0.0,0.0,0.0,0.0,0.0,0,0,0.0,0.0,REJECTED,insufficient_samples
1071,BTC,1823785,will-bitcoin-dip-to-35k-in-april-2026-269-515,55866919730905441060316639913713252112909337594136306040264616999652467664982,"Will Bitcoin dip to $35,000 in April?",polymarket_leads_crypto_momentum,24,0,0.0,0.0,0.0,0.0,0.0,0,0,0.0,0.0,REJECTED,insufficient_samples
1072,BTC,1823785,will-bitcoin-dip-to-35k-in-april-2026-269-515,55866919730905441060316639913713252112909337594136306040264616999652467664982,"Will Bitcoin dip to $35,000 in April?",probability_momentum_continuation,1,0,0.0,0.0,0.0,0.0,0.0,0,0,0.0,0.0,REJECTED,insufficient_samples
1073,BTC,1823785,will-bitcoin-dip-to-35k-in-april-2026-269-515,55866919730905441060316639913713252112909337594136306040264616999652467664982,"Will Bitcoin dip to $35,000 in April?",probability_momentum_continuation,4,0,0.0,0.0,0.0,0.0,0.0,0,0,0.0,0.0,REJECTED,insufficient_samples
1074,BTC,1823785,will-bitcoin-dip-to-35k-in-april-2026-269-515,55866919730905441060316639913713252112909337594136306040264616999652467664982,"Will Bitcoin dip to $35,000 in April?",probability_momentum_continuation,24,0,0.0,0.0,0.0,0.0,0.0,0,0,0.0,0.0,REJECTED,insufficient_samples
1075,BTC,1823785,will-bitcoin-dip-to-35k-in-april-2026-269-515,55866919730905441060316639913713252112909337594136306040264616999652467664982,"Will Bitcoin dip to $35,000 in April?",probability_reversal,1,0,0.0,0.0,0.0,0.0,0.0,0,0,0.0,0.0,REJECTED,insufficient_samples
1076,BTC,1823785,will-bitcoin-dip-to-35k-in-april-2026-269-515,55866919730905441060316639913713252112909337594136306040264616999652467664982,"Will Bitcoin dip to $35,000 in April?",probability_reversal,4,0,0.0,0.0,0.0,0.0,0.0,0,0,0.0,0.0,REJECTED,insufficient_samples
1077,BTC,1823785,will-bitcoin-dip-to-35k-in-april-2026-269-515,55866919730905441060316639913713252112909337594136306040264616999652467664982,"Will Bitcoin dip to $35,000 in April?",probability_reversal,24,0,0.0,0.0,0.0,0.0,0.0,0,0,0.0,0.0,REJECTED,insufficient_samples
1078,BTC,1823784,will-bitcoin-dip-to-40k-in-april-2026-795-619,98951083891762751529749372132438032148715175020829409124970659708693351854318,"Will Bitcoin dip to $40,000 in April?",high_confidence_probability_move,1,0,0.0,0.0,0.0,0.0,0.0,0,0,0.0,0.0,REJECTED,insufficient_samples
1079,BTC,1823784,will-bitcoin-dip-to-40k-in-april-2026-795-619,98951083891762751529749372132438032148715175020829409124970659708693351854318,"Will Bitcoin dip to $40,000 in April?",high_confidence_probability_move,4,0,0.0,0.0,0.0,0.0,0.0,0,0,0.0,0.0,REJECTED,insufficient_samples
1080,BTC,1823784,will-bitcoin-dip-to-40k-in-april-2026-795-619,98951083891762751529749372132438032148715175020829409124970659708693351854318,"Will Bitcoin dip to $40,000 in April?",high_confidence_probability_move,24,0,0.0,0.0,0.0,0.0,0.0,0,0,0.0,0.0,REJECTED,insufficient_samples
1081,BTC,1823784,will-bitcoin-dip-to-40k-in-april-2026-795-619,98951083891762751529749372132438032148715175020829409124970659708693351854318,"Will Bitcoin dip to $40,000 in April?",polymarket_leads_crypto_momentum,1,0,0.0,0.0,0.0,0.0,0.0,0,0,0.0,0.0,REJECTED,insufficient_samples
1082,BTC,1823784,will-bitcoin-dip-to-40k-in-april-2026-795-619,98951083891762751529749372132438032148715175020829409124970659708693351854318,"Will Bitcoin dip to $40,000 in April?",polymarket_leads_crypto_momentum,4,0,0.0,0.0,0.0,0.0,0.0,0,0,0.0,0.0,REJECTED,insufficient_samples
1083,BTC,1823784,will-bitcoin-dip-to-40k-in-april-2026-795-619,98951083891762751529749372132438032148715175020829409124970659708693351854318,"Will Bitcoin dip to $40,000 in April?",polymarket_leads_crypto_momentum,24,0,0.0,0.0,0.0,0.0,0.0,0,0,0.0,0.0,REJECTED,insufficient_samples
1084,BTC,1823784,will-bitcoin-dip-to-40k-in-april-2026-795-619,98951083891762751529749372132438032148715175020829409124970659708693351854318,"Will Bitcoin dip to $40,000 in April?",probability_momentum_continuation,1,0,0.0,0.0,0.0,0.0,0.0,0,0,0.0,0.0,REJECTED,insufficient_samples
1085,BTC,1823784,will-bitcoin-dip-to-40k-in-april-2026-795-619,98951083891762751529749372132438032148715175020829409124970659708693351854318,"Will Bitcoin dip to $40,000 in April?",probability_momentum_continuation,4,0,0.0,0.0,0.0,0.0,0.0,0,0,0.0,0.0,REJECTED,insufficient_samples
1086,BTC,1823784,will-bitcoin-dip-to-40k-in-april-2026-795-619,98951083891762751529749372132438032148715175020829409124970659708693351854318,"Will Bitcoin dip to $40,000 in April?",probability_momentum_continuation,24,0,0.0,0.0,0.0,0.0,0.0,0,0,0.0,0.0,REJECTED,insufficient_samples
1087,BTC,1823784,will-bitcoin-dip-to-40k-in-april-2026-795-619,98951083891762751529749372132438032148715175020829409124970659708693351854318,"Will Bitcoin dip to $40,000 in April?",probability_reversal,1,0,0.0,0.0,0.0,0.0,0.0,0,0,0.0,0.0,REJECTED,insufficient_samples
1088,BTC,1823784,will-bitcoin-dip-to-40k-in-april-2026-795-619,98951083891762751529749372132438032148715175020829409124970659708693351854318,"Will Bitcoin dip to $40,000 in April?",probability_reversal,4,0,0.0,0.0,0.0,0.0,0.0,0,0,0.0,0.0,REJECTED,insufficient_samples
1089,BTC,1823784,will-bitcoin-dip-to-40k-in-april-2026-795-619,98951083891762751529749372132438032148715175020829409124970659708693351854318,"Will Bitcoin dip to $40,000 in April?",probability_reversal,24,0,0.0,0.0,0.0,0.0,0.0,0,0,0.0,0.0,REJECTED,insufficient_samples
1090,BTC,1339767,will-bitcoin-dip-to-50000-by-december-31-2026-454-325-222-878-949-487-451,13887983551129862992605123088744175927084435631400400451585519366058907542147,"Will Bitcoin dip to $50,000 by December 31, 2026?",high_confidence_probability_move,1,0,0.0,0.0,0.0,0.0,0.0,0,0,0.0,0.0,REJECTED,insufficient_samples
1091,BTC,1339767,will-bitcoin-dip-to-50000-by-december-31-2026-454-325-222-878-949-487-451,13887983551129862992605123088744175927084435631400400451585519366058907542147,"Will Bitcoin dip to $50,000 by December 31, 2026?",high_confidence_probability_move,4,0,0.0,0.0,0.0,0.0,0.0,0,0,0.0,0.0,REJECTED,insufficient_samples
1092,BTC,1339767,will-bitcoin-dip-to-50000-by-december-31-2026-454-325-222-878-949-487-451,13887983551129862992605123088744175927084435631400400451585519366058907542147,"Will Bitcoin dip to $50,000 by December 31, 2026?",high_confidence_probability_move,24,0,0.0,0.0,0.0,0.0,0.0,0,0,0.0,0.0,REJECTED,insufficient_samples
1093,BTC,1823779,will-bitcoin-dip-to-65k-in-april-2026-355-765,91891168804884935930999247357727984305771756132991676079520973027739343180431,"Will Bitcoin dip to $65,000 in April?",high_confidence_probability_move,1,0,0.0,0.0,0.0,0.0,0.0,0,0,0.0,0.0,REJECTED,insufficient_samples
1094,BTC,1823779,will-bitcoin-dip-to-65k-in-april-2026-355-765,91891168804884935930999247357727984305771756132991676079520973027739343180431,"Will Bitcoin dip to $65,000 in April?",high_confidence_probability_move,4,0,0.0,0.0,0.0,0.0,0.0,0,0,0.0,0.0,REJECTED,insufficient_samples
1095,BTC,1823779,will-bitcoin-dip-to-65k-in-april-2026-355-765,91891168804884935930999247357727984305771756132991676079520973027739343180431,"Will Bitcoin dip to $65,000 in April?",high_confidence_probability_move,24,0,0.0,0.0,0.0,0.0,0.0,0,0,0.0,0.0,REJECTED,insufficient_samples
1096,BTC,1393070,will-bitcoin-reach-1000000-by-december-31-2026-946,18571303954259773157233385333455041418270179723020753158306812650937565180666,"Will Bitcoin reach $1,000,000 by December 31, 2026?",divergence_mean_reversion,1,0,0.0,0.0,0.0,0.0,0.0,0,0,0.0,0.0,REJECTED,flat_market
1097,BTC,1393070,will-bitcoin-reach-1000000-by-december-31-2026-946,18571303954259773157233385333455041418270179723020753158306812650937565180666,"Will Bitcoin reach $1,000,000 by December 31, 2026?",divergence_mean_reversion,4,0,0.0,0.0,0.0,0.0,0.0,0,0,0.0,0.0,REJECTED,flat_market
1098,BTC,1393070,will-bitcoin-reach-1000000-by-december-31-2026-946,18571303954259773157233385333455041418270179723020753158306812650937565180666,"Will Bitcoin reach $1,000,000 by December 31, 2026?",divergence_mean_reversion,24,0,0.0,0.0,0.0,0.0,0.0,0,0,0.0,0.0,REJECTED,flat_market
1099,BTC,1393070,will-bitcoin-reach-1000000-by-december-31-2026-946,18571303954259773157233385333455041418270179723020753158306812650937565180666,"Will Bitcoin reach $1,000,000 by December 31, 2026?",high_confidence_probability_move,1,0,0.0,0.0,0.0,0.0,0.0,0,0,0.0,0.0,REJECTED,flat_market
1100,BTC,1393070,will-bitcoin-reach-1000000-by-december-31-2026-946,18571303954259773157233385333455041418270179723020753158306812650937565180666,"Will Bitcoin reach $1,000,000 by December 31, 2026?",high_confidence_probability_move,4,0,0.0,0.0,0.0,0.0,0.0,0,0,0.0,0.0,REJECTED,flat_market
1101,BTC,1393070,will-bitcoin-reach-1000000-by-december-31-2026-946,18571303954259773157233385333455041418270179723020753158306812650937565180666,"Will Bitcoin reach $1,000,000 by December 31, 2026?",high_confidence_probability_move,24,0,0.0,0.0,0.0,0.0,0.0,0,0,0.0,0.0,REJECTED,flat_market
1102,BTC,1393070,will-bitcoin-reach-1000000-by-december-31-2026-946,18571303954259773157233385333455041418270179723020753158306812650937565180666,"Will Bitcoin reach $1,000,000 by December 31, 2026?",polymarket_leads_crypto_momentum,1,0,0.0,0.0,0.0,0.0,0.0,0,0,0.0,0.0,REJECTED,flat_market
1103,BTC,1393070,will-bitcoin-reach-1000000-by-december-31-2026-946,18571303954259773157233385333455041418270179723020753158306812650937565180666,"Will Bitcoin reach $1,000,000 by December 31, 2026?",polymarket_leads_crypto_momentum,4,0,0.0,0.0,0.0,0.0,0.0,0,0,0.0,0.0,REJECTED,flat_market
1104,BTC,1393070,will-bitcoin-reach-1000000-by-december-31-2026-946,18571303954259773157233385333455041418270179723020753158306812650937565180666,"Will Bitcoin reach $1,000,000 by December 31, 2026?",polymarket_leads_crypto_momentum,24,0,0.0,0.0,0.0,0.0,0.0,0,0,0.0,0.0,REJECTED,flat_market
1105,BTC,1393070,will-bitcoin-reach-1000000-by-december-31-2026-946,18571303954259773157233385333455041418270179723020753158306812650937565180666,"Will Bitcoin reach $1,000,000 by December 31, 2026?",probability_momentum_continuation,1,0,0.0,0.0,0.0,0.0,0.0,0,0,0.0,0.0,REJECTED,flat_market
1106,BTC,1393070,will-bitcoin-reach-1000000-by-december-31-2026-946,18571303954259773157233385333455041418270179723020753158306812650937565180666,"Will Bitcoin reach $1,000,000 by December 31, 2026?",probability_momentum_continuation,4,0,0.0,0.0,0.0,0.0,0.0,0,0,0.0,0.0,REJECTED,flat_market
1107,BTC,1393070,will-bitcoin-reach-1000000-by-december-31-2026-946,18571303954259773157233385333455041418270179723020753158306812650937565180666,"Will Bitcoin reach $1,000,000 by December 31, 2026?",probability_momentum_continuation,24,0,0.0,0.0,0.0,0.0,0.0,0,0,0.0,0.0,REJECTED,flat_market
1108,BTC,1393070,will-bitcoin-reach-1000000-by-december-31-2026-946,18571303954259773157233385333455041418270179723020753158306812650937565180666,"Will Bitcoin reach $1,000,000 by December 31, 2026?",probability_reversal,1,0,0.0,0.0,0.0,0.0,0.0,0,0,0.0,0.0,REJECTED,flat_market
1109,BTC,1393070,will-bitcoin-reach-1000000-by-december-31-2026-946,18571303954259773157233385333455041418270179723020753158306812650937565180666,"Will Bitcoin reach $1,000,000 by December 31, 2026?",probability_reversal,4,0,0.0,0.0,0.0,0.0,0.0,0,0,0.0,0.0,REJECTED,flat_market
1110,BTC,1393070,will-bitcoin-reach-1000000-by-december-31-2026-946,18571303954259773157233385333455041418270179723020753158306812650937565180666,"Will Bitcoin reach $1,000,000 by December 31, 2026?",probability_reversal,24,0,0.0,0.0,0.0,0.0,0.0,0,0,0.0,0.0,REJECTED,flat_market
1111,BTC,1823771,will-bitcoin-reach-105k-in-april-2026,5855998775638456008143009293415543579001929689452953587667154608243793082021,"Will Bitcoin reach $105,000 in April?",divergence_mean_reversion,1,0,0.0,0.0,0.0,0.0,0.0,0,0,0.0,0.0,REJECTED,flat_market
1112,BTC,1823771,will-bitcoin-reach-105k-in-april-2026,5855998775638456008143009293415543579001929689452953587667154608243793082021,"Will Bitcoin reach $105,000 in April?",divergence_mean_reversion,4,0,0.0,0.0,0.0,0.0,0.0,0,0,0.0,0.0,REJECTED,flat_market
1113,BTC,1823771,will-bitcoin-reach-105k-in-april-2026,5855998775638456008143009293415543579001929689452953587667154608243793082021,"Will Bitcoin reach $105,000 in April?",divergence_mean_reversion,24,0,0.0,0.0,0.0,0.0,0.0,0,0,0.0,0.0,REJECTED,flat_market
1114,BTC,1823771,will-bitcoin-reach-105k-in-april-2026,5855998775638456008143009293415543579001929689452953587667154608243793082021,"Will Bitcoin reach $105,000 in April?",high_confidence_probability_move,1,0,0.0,0.0,0.0,0.0,0.0,0,0,0.0,0.0,REJECTED,flat_market
1115,BTC,1823771,will-bitcoin-reach-105k-in-april-2026,5855998775638456008143009293415543579001929689452953587667154608243793082021,"Will Bitcoin reach $105,000 in April?",high_confidence_probability_move,4,0,0.0,0.0,0.0,0.0,0.0,0,0,0.0,0.0,REJECTED,flat_market
1116,BTC,1823771,will-bitcoin-reach-105k-in-april-2026,5855998775638456008143009293415543579001929689452953587667154608243793082021,"Will Bitcoin reach $105,000 in April?",high_confidence_probability_move,24,0,0.0,0.0,0.0,0.0,0.0,0,0,0.0,0.0,REJECTED,flat_market
1117,BTC,1823771,will-bitcoin-reach-105k-in-april-2026,5855998775638456008143009293415543579001929689452953587667154608243793082021,"Will Bitcoin reach $105,000 in April?",polymarket_leads_crypto_momentum,1,0,0.0,0.0,0.0,0.0,0.0,0,0,0.0,0.0,REJECTED,flat_market
1118,BTC,1823771,will-bitcoin-reach-105k-in-april-2026,5855998775638456008143009293415543579001929689452953587667154608243793082021,"Will Bitcoin reach $105,000 in April?",polymarket_leads_crypto_momentum,4,0,0.0,0.0,0.0,0.0,0.0,0,0,0.0,0.0,REJECTED,flat_market
1119,BTC,1823771,will-bitcoin-reach-105k-in-april-2026,5855998775638456008143009293415543579001929689452953587667154608243793082021,"Will Bitcoin reach $105,000 in April?",polymarket_leads_crypto_momentum,24,0,0.0,0.0,0.0,0.0,0.0,0,0,0.0,0.0,REJECTED,flat_market
1120,BTC,1823771,will-bitcoin-reach-105k-in-april-2026,5855998775638456008143009293415543579001929689452953587667154608243793082021,"Will Bitcoin reach $105,000 in April?",probability_momentum_continuation,1,0,0.0,0.0,0.0,0.0,0.0,0,0,0.0,0.0,REJECTED,flat_market
1121,BTC,1823771,will-bitcoin-reach-105k-in-april-2026,5855998775638456008143009293415543579001929689452953587667154608243793082021,"Will Bitcoin reach $105,000 in April?",probability_momentum_continuation,4,0,0.0,0.0,0.0,0.0,0.0,0,0,0.0,0.0,REJECTED,flat_market
1122,BTC,1823771,will-bitcoin-reach-105k-in-april-2026,5855998775638456008143009293415543579001929689452953587667154608243793082021,"Will Bitcoin reach $105,000 in April?",probability_momentum_continuation,24,0,0.0,0.0,0.0,0.0,0.0,0,0,0.0,0.0,REJECTED,flat_market
1123,BTC,1823771,will-bitcoin-reach-105k-in-april-2026,5855998775638456008143009293415543579001929689452953587667154608243793082021,"Will Bitcoin reach $105,000 in April?",probability_reversal,1,0,0.0,0.0,0.0,0.0,0.0,0,0,0.0,0.0,REJECTED,flat_market
1124,BTC,1823771,will-bitcoin-reach-105k-in-april-2026,5855998775638456008143009293415543579001929689452953587667154608243793082021,"Will Bitcoin reach $105,000 in April?",probability_reversal,4,0,0.0,0.0,0.0,0.0,0.0,0,0,0.0,0.0,REJECTED,flat_market
1125,BTC,1823771,will-bitcoin-reach-105k-in-april-2026,5855998775638456008143009293415543579001929689452953587667154608243793082021,"Will Bitcoin reach $105,000 in April?",probability_reversal,24,0,0.0,0.0,0.0,0.0,0.0,0,0,0.0,0.0,REJECTED,flat_market
1126,BTC,701495,will-bitcoin-reach-110000-by-december-31-2026-658-339-969,74843373582432484858627201602003648342208168490128239235522790524493414154441,"Will Bitcoin reach $110,000 by December 31, 2026?",high_confidence_probability_move,1,0,0.0,0.0,0.0,0.0,0.0,0,0,0.0,0.0,REJECTED,insufficient_samples
1127,BTC,701495,will-bitcoin-reach-110000-by-december-31-2026-658-339-969,74843373582432484858627201602003648342208168490128239235522790524493414154441,"Will Bitcoin reach $110,000 by December 31, 2026?",high_confidence_probability_move,4,0,0.0,0.0,0.0,0.0,0.0,0,0,0.0,0.0,REJECTED,insufficient_samples
1128,BTC,701495,will-bitcoin-reach-110000-by-december-31-2026-658-339-969,74843373582432484858627201602003648342208168490128239235522790524493414154441,"Will Bitcoin reach $110,000 by December 31, 2026?",high_confidence_probability_move,24,0,0.0,0.0,0.0,0.0,0.0,0,0,0.0,0.0,REJECTED,insufficient_samples
1129,BTC,701494,will-bitcoin-reach-120000-by-december-31-2026-625-425-562,65965214225073605704712365855887384729237451947822407248598722221769498441791,"Will Bitcoin reach $120,000 by December 31, 2026?",high_confidence_probability_move,1,0,0.0,0.0,0.0,0.0,0.0,0,0,0.0,0.0,REJECTED,insufficient_samples
1130,BTC,701494,will-bitcoin-reach-120000-by-december-31-2026-625-425-562,65965214225073605704712365855887384729237451947822407248598722221769498441791,"Will Bitcoin reach $120,000 by December 31, 2026?",high_confidence_probability_move,4,0,0.0,0.0,0.0,0.0,0.0,0,0,0.0,0.0,REJECTED,insufficient_samples
1131,BTC,701494,will-bitcoin-reach-120000-by-december-31-2026-625-425-562,65965214225073605704712365855887384729237451947822407248598722221769498441791,"Will Bitcoin reach $120,000 by December 31, 2026?",high_confidence_probability_move,24,0,0.0,0.0,0.0,0.0,0.0,0,0,0.0,0.0,REJECTED,insufficient_samples
1132,BTC,701494,will-bitcoin-reach-120000-by-december-31-2026-625-425-562,65965214225073605704712365855887384729237451947822407248598722221769498441791,"Will Bitcoin reach $120,000 by December 31, 2026?",polymarket_leads_crypto_momentum,1,0,0.0,0.0,0.0,0.0,0.0,0,0,0.0,0.0,REJECTED,insufficient_samples
1133,BTC,701494,will-bitcoin-reach-120000-by-december-31-2026-625-425-562,65965214225073605704712365855887384729237451947822407248598722221769498441791,"Will Bitcoin reach $120,000 by December 31, 2026?",polymarket_leads_crypto_momentum,4,0,0.0,0.0,0.0,0.0,0.0,0,0,0.0,0.0,REJECTED,insufficient_samples
1134,BTC,701494,will-bitcoin-reach-120000-by-december-31-2026-625-425-562,65965214225073605704712365855887384729237451947822407248598722221769498441791,"Will Bitcoin reach $120,000 by December 31, 2026?",polymarket_leads_crypto_momentum,24,0,0.0,0.0,0.0,0.0,0.0,0,0,0.0,0.0,REJECTED,insufficient_samples
1135,BTC,701493,will-bitcoin-reach-130000-by-december-31-2026-756-151-855,106722178102302988256241610384561546855057790384749278490135208236665942286983,"Will Bitcoin reach $130,000 by December 31, 2026?",divergence_mean_reversion,1,0,0.0,0.0,0.0,0.0,0.0,0,0,0.0,0.0,REJECTED,flat_market
1136,BTC,701493,will-bitcoin-reach-130000-by-december-31-2026-756-151-855,106722178102302988256241610384561546855057790384749278490135208236665942286983,"Will Bitcoin reach $130,000 by December 31, 2026?",divergence_mean_reversion,4,0,0.0,0.0,0.0,0.0,0.0,0,0,0.0,0.0,REJECTED,flat_market
1137,BTC,701493,will-bitcoin-reach-130000-by-december-31-2026-756-151-855,106722178102302988256241610384561546855057790384749278490135208236665942286983,"Will Bitcoin reach $130,000 by December 31, 2026?",divergence_mean_reversion,24,0,0.0,0.0,0.0,0.0,0.0,0,0,0.0,0.0,REJECTED,flat_market
1138,BTC,701493,will-bitcoin-reach-130000-by-december-31-2026-756-151-855,106722178102302988256241610384561546855057790384749278490135208236665942286983,"Will Bitcoin reach $130,000 by December 31, 2026?",high_confidence_probability_move,1,0,0.0,0.0,0.0,0.0,0.0,0,0,0.0,0.0,REJECTED,flat_market
1139,BTC,701493,will-bitcoin-reach-130000-by-december-31-2026-756-151-855,106722178102302988256241610384561546855057790384749278490135208236665942286983,"Will Bitcoin reach $130,000 by December 31, 2026?",high_confidence_probability_move,4,0,0.0,0.0,0.0,0.0,0.0,0,0,0.0,0.0,REJECTED,flat_market
1140,BTC,701493,will-bitcoin-reach-130000-by-december-31-2026-756-151-855,106722178102302988256241610384561546855057790384749278490135208236665942286983,"Will Bitcoin reach $130,000 by December 31, 2026?",high_confidence_probability_move,24,0,0.0,0.0,0.0,0.0,0.0,0,0,0.0,0.0,REJECTED,flat_market
1141,BTC,701493,will-bitcoin-reach-130000-by-december-31-2026-756-151-855,106722178102302988256241610384561546855057790384749278490135208236665942286983,"Will Bitcoin reach $130,000 by December 31, 2026?",polymarket_leads_crypto_momentum,1,0,0.0,0.0,0.0,0.0,0.0,0,0,0.0,0.0,REJECTED,flat_market
1142,BTC,701493,will-bitcoin-reach-130000-by-december-31-2026-756-151-855,106722178102302988256241610384561546855057790384749278490135208236665942286983,"Will Bitcoin reach $130,000 by December 31, 2026?",polymarket_leads_crypto_momentum,4,0,0.0,0.0,0.0,0.0,0.0,0,0,0.0,0.0,REJECTED,flat_market
1143,BTC,701493,will-bitcoin-reach-130000-by-december-31-2026-756-151-855,106722178102302988256241610384561546855057790384749278490135208236665942286983,"Will Bitcoin reach $130,000 by December 31, 2026?",polymarket_leads_crypto_momentum,24,0,0.0,0.0,0.0,0.0,0.0,0,0,0.0,0.0,REJECTED,flat_market
1144,BTC,701493,will-bitcoin-reach-130000-by-december-31-2026-756-151-855,106722178102302988256241610384561546855057790384749278490135208236665942286983,"Will Bitcoin reach $130,000 by December 31, 2026?",probability_momentum_continuation,1,0,0.0,0.0,0.0,0.0,0.0,0,0,0.0,0.0,REJECTED,flat_market
1145,BTC,701493,will-bitcoin-reach-130000-by-december-31-2026-756-151-855,106722178102302988256241610384561546855057790384749278490135208236665942286983,"Will Bitcoin reach $130,000 by December 31, 2026?",probability_momentum_continuation,4,0,0.0,0.0,0.0,0.0,0.0,0,0,0.0,0.0,REJECTED,flat_market
1146,BTC,701493,will-bitcoin-reach-130000-by-december-31-2026-756-151-855,106722178102302988256241610384561546855057790384749278490135208236665942286983,"Will Bitcoin reach $130,000 by December 31, 2026?",probability_momentum_continuation,24,0,0.0,0.0,0.0,0.0,0.0,0,0,0.0,0.0,REJECTED,flat_market
1147,BTC,701493,will-bitcoin-reach-130000-by-december-31-2026-756-151-855,106722178102302988256241610384561546855057790384749278490135208236665942286983,"Will Bitcoin reach $130,000 by December 31, 2026?",probability_reversal,1,0,0.0,0.0,0.0,0.0,0.0,0,0,0.0,0.0,REJECTED,flat_market
1148,BTC,701493,will-bitcoin-reach-130000-by-december-31-2026-756-151-855,106722178102302988256241610384561546855057790384749278490135208236665942286983,"Will Bitcoin reach $130,000 by December 31, 2026?",probability_reversal,4,0,0.0,0.0,0.0,0.0,0.0,0,0,0.0,0.0,REJECTED,flat_market
1149,BTC,701493,will-bitcoin-reach-130000-by-december-31-2026-756-151-855,106722178102302988256241610384561546855057790384749278490135208236665942286983,"Will Bitcoin reach $130,000 by December 31, 2026?",probability_reversal,24,0,0.0,0.0,0.0,0.0,0.0,0,0,0.0,0.0,REJECTED,flat_market
1150,BTC,701492,will-bitcoin-reach-140000-by-december-31-2026-131-829-299,71296910957902084356560391757722633648005498400799774895345285101862220728868,"Will Bitcoin reach $140,000 by December 31, 2026?",high_confidence_probability_move,1,0,0.0,0.0,0.0,0.0,0.0,0,0,0.0,0.0,REJECTED,insufficient_samples
1151,BTC,701492,will-bitcoin-reach-140000-by-december-31-2026-131-829-299,71296910957902084356560391757722633648005498400799774895345285101862220728868,"Will Bitcoin reach $140,000 by December 31, 2026?",high_confidence_probability_move,4,0,0.0,0.0,0.0,0.0,0.0,0,0,0.0,0.0,REJECTED,insufficient_samples
1152,BTC,701492,will-bitcoin-reach-140000-by-december-31-2026-131-829-299,71296910957902084356560391757722633648005498400799774895345285101862220728868,"Will Bitcoin reach $140,000 by December 31, 2026?",high_confidence_probability_move,24,0,0.0,0.0,0.0,0.0,0.0,0,0,0.0,0.0,REJECTED,insufficient_samples
1153,BTC,701492,will-bitcoin-reach-140000-by-december-31-2026-131-829-299,71296910957902084356560391757722633648005498400799774895345285101862220728868,"Will Bitcoin reach $140,000 by December 31, 2026?",polymarket_leads_crypto_momentum,1,0,0.0,0.0,0.0,0.0,0.0,0,0,0.0,0.0,REJECTED,insufficient_samples
1154,BTC,701492,will-bitcoin-reach-140000-by-december-31-2026-131-829-299,71296910957902084356560391757722633648005498400799774895345285101862220728868,"Will Bitcoin reach $140,000 by December 31, 2026?",polymarket_leads_crypto_momentum,4,0,0.0,0.0,0.0,0.0,0.0,0,0,0.0,0.0,REJECTED,insufficient_samples
1155,BTC,701492,will-bitcoin-reach-140000-by-december-31-2026-131-829-299,71296910957902084356560391757722633648005498400799774895345285101862220728868,"Will Bitcoin reach $140,000 by December 31, 2026?",polymarket_leads_crypto_momentum,24,0,0.0,0.0,0.0,0.0,0.0,0,0,0.0,0.0,REJECTED,insufficient_samples
1156,BTC,701492,will-bitcoin-reach-140000-by-december-31-2026-131-829-299,71296910957902084356560391757722633648005498400799774895345285101862220728868,"Will Bitcoin reach $140,000 by December 31, 2026?",probability_momentum_continuation,1,0,0.0,0.0,0.0,0.0,0.0,0,0,0.0,0.0,REJECTED,insufficient_samples
1157,BTC,701492,will-bitcoin-reach-140000-by-december-31-2026-131-829-299,71296910957902084356560391757722633648005498400799774895345285101862220728868,"Will Bitcoin reach $140,000 by December 31, 2026?",probability_momentum_continuation,4,0,0.0,0.0,0.0,0.0,0.0,0,0,0.0,0.0,REJECTED,insufficient_samples
1158,BTC,701492,will-bitcoin-reach-140000-by-december-31-2026-131-829-299,71296910957902084356560391757722633648005498400799774895345285101862220728868,"Will Bitcoin reach $140,000 by December 31, 2026?",probability_momentum_continuation,24,0,0.0,0.0,0.0,0.0,0.0,0,0,0.0,0.0,REJECTED,insufficient_samples
1159,BTC,701492,will-bitcoin-reach-140000-by-december-31-2026-131-829-299,71296910957902084356560391757722633648005498400799774895345285101862220728868,"Will Bitcoin reach $140,000 by December 31, 2026?",probability_reversal,1,0,0.0,0.0,0.0,0.0,0.0,0,0,0.0,0.0,REJECTED,insufficient_samples
1160,BTC,701492,will-bitcoin-reach-140000-by-december-31-2026-131-829-299,71296910957902084356560391757722633648005498400799774895345285101862220728868,"Will Bitcoin reach $140,000 by December 31, 2026?",probability_reversal,4,0,0.0,0.0,0.0,0.0,0.0,0,0,0.0,0.0,REJECTED,insufficient_samples
1161,BTC,701492,will-bitcoin-reach-140000-by-december-31-2026-131-829-299,71296910957902084356560391757722633648005498400799774895345285101862220728868,"Will Bitcoin reach $140,000 by December 31, 2026?",probability_reversal,24,0,0.0,0.0,0.0,0.0,0.0,0,0,0.0,0.0,REJECTED,insufficient_samples
1162,BTC,701491,will-bitcoin-reach-150000-by-december-31-2026-557-246-971,9408196828451163378822245032645030045707991112669125056198742225498158094445,"Will Bitcoin reach $150,000 by December 31, 2026?",high_confidence_probability_move,1,0,0.0,0.0,0.0,0.0,0.0,0,0,0.0,0.0,REJECTED,insufficient_samples
1163,BTC,701491,will-bitcoin-reach-150000-by-december-31-2026-557-246-971,9408196828451163378822245032645030045707991112669125056198742225498158094445,"Will Bitcoin reach $150,000 by December 31, 2026?",high_confidence_probability_move,4,0,0.0,0.0,0.0,0.0,0.0,0,0,0.0,0.0,REJECTED,insufficient_samples
1164,BTC,701491,will-bitcoin-reach-150000-by-december-31-2026-557-246-971,9408196828451163378822245032645030045707991112669125056198742225498158094445,"Will Bitcoin reach $150,000 by December 31, 2026?",high_confidence_probability_move,24,0,0.0,0.0,0.0,0.0,0.0,0,0,0.0,0.0,REJECTED,insufficient_samples
1165,BTC,701491,will-bitcoin-reach-150000-by-december-31-2026-557-246-971,9408196828451163378822245032645030045707991112669125056198742225498158094445,"Will Bitcoin reach $150,000 by December 31, 2026?",polymarket_leads_crypto_momentum,1,0,0.0,0.0,0.0,0.0,0.0,0,0,0.0,0.0,REJECTED,insufficient_samples
1166,BTC,701491,will-bitcoin-reach-150000-by-december-31-2026-557-246-971,9408196828451163378822245032645030045707991112669125056198742225498158094445,"Will Bitcoin reach $150,000 by December 31, 2026?",polymarket_leads_crypto_momentum,4,0,0.0,0.0,0.0,0.0,0.0,0,0,0.0,0.0,REJECTED,insufficient_samples
1167,BTC,701491,will-bitcoin-reach-150000-by-december-31-2026-557-246-971,9408196828451163378822245032645030045707991112669125056198742225498158094445,"Will Bitcoin reach $150,000 by December 31, 2026?",polymarket_leads_crypto_momentum,24,0,0.0,0.0,0.0,0.0,0.0,0,0,0.0,0.0,REJECTED,insufficient_samples
1168,BTC,1823769,will-bitcoin-reach-150k-in-april-2026,77276629954845974131206708639482331195080176051253233339450147891178665959820,"Will Bitcoin reach $150,000 in April?",divergence_mean_reversion,1,0,0.0,0.0,0.0,0.0,0.0,0,0,0.0,0.0,REJECTED,flat_market
1169,BTC,1823769,will-bitcoin-reach-150k-in-april-2026,77276629954845974131206708639482331195080176051253233339450147891178665959820,"Will Bitcoin reach $150,000 in April?",divergence_mean_reversion,4,0,0.0,0.0,0.0,0.0,0.0,0,0,0.0,0.0,REJECTED,flat_market
1170,BTC,1823769,will-bitcoin-reach-150k-in-april-2026,77276629954845974131206708639482331195080176051253233339450147891178665959820,"Will Bitcoin reach $150,000 in April?",divergence_mean_reversion,24,0,0.0,0.0,0.0,0.0,0.0,0,0,0.0,0.0,REJECTED,flat_market
1171,BTC,1823769,will-bitcoin-reach-150k-in-april-2026,77276629954845974131206708639482331195080176051253233339450147891178665959820,"Will Bitcoin reach $150,000 in April?",high_confidence_probability_move,1,0,0.0,0.0,0.0,0.0,0.0,0,0,0.0,0.0,REJECTED,flat_market
1172,BTC,1823769,will-bitcoin-reach-150k-in-april-2026,77276629954845974131206708639482331195080176051253233339450147891178665959820,"Will Bitcoin reach $150,000 in April?",high_confidence_probability_move,4,0,0.0,0.0,0.0,0.0,0.0,0,0,0.0,0.0,REJECTED,flat_market
1173,BTC,1823769,will-bitcoin-reach-150k-in-april-2026,77276629954845974131206708639482331195080176051253233339450147891178665959820,"Will Bitcoin reach $150,000 in April?",high_confidence_probability_move,24,0,0.0,0.0,0.0,0.0,0.0,0,0,0.0,0.0,REJECTED,flat_market
1174,BTC,1823769,will-bitcoin-reach-150k-in-april-2026,77276629954845974131206708639482331195080176051253233339450147891178665959820,"Will Bitcoin reach $150,000 in April?",polymarket_leads_crypto_momentum,1,0,0.0,0.0,0.0,0.0,0.0,0,0,0.0,0.0,REJECTED,flat_market
1175,BTC,1823769,will-bitcoin-reach-150k-in-april-2026,77276629954845974131206708639482331195080176051253233339450147891178665959820,"Will Bitcoin reach $150,000 in April?",polymarket_leads_crypto_momentum,4,0,0.0,0.0,0.0,0.0,0.0,0,0,0.0,0.0,REJECTED,flat_market
1176,BTC,1823769,will-bitcoin-reach-150k-in-april-2026,77276629954845974131206708639482331195080176051253233339450147891178665959820,"Will Bitcoin reach $150,000 in April?",polymarket_leads_crypto_momentum,24,0,0.0,0.0,0.0,0.0,0.0,0,0,0.0,0.0,REJECTED,flat_market
1177,BTC,1823769,will-bitcoin-reach-150k-in-april-2026,77276629954845974131206708639482331195080176051253233339450147891178665959820,"Will Bitcoin reach $150,000 in April?",probability_momentum_continuation,1,0,0.0,0.0,0.0,0.0,0.0,0,0,0.0,0.0,REJECTED,flat_market
1178,BTC,1823769,will-bitcoin-reach-150k-in-april-2026,77276629954845974131206708639482331195080176051253233339450147891178665959820,"Will Bitcoin reach $150,000 in April?",probability_momentum_continuation,4,0,0.0,0.0,0.0,0.0,0.0,0,0,0.0,0.0,REJECTED,flat_market
1179,BTC,1823769,will-bitcoin-reach-150k-in-april-2026,77276629954845974131206708639482331195080176051253233339450147891178665959820,"Will Bitcoin reach $150,000 in April?",probability_momentum_continuation,24,0,0.0,0.0,0.0,0.0,0.0,0,0,0.0,0.0,REJECTED,flat_market
1180,BTC,1823769,will-bitcoin-reach-150k-in-april-2026,77276629954845974131206708639482331195080176051253233339450147891178665959820,"Will Bitcoin reach $150,000 in April?",probability_reversal,1,0,0.0,0.0,0.0,0.0,0.0,0,0,0.0,0.0,REJECTED,flat_market
1181,BTC,1823769,will-bitcoin-reach-150k-in-april-2026,77276629954845974131206708639482331195080176051253233339450147891178665959820,"Will Bitcoin reach $150,000 in April?",probability_reversal,4,0,0.0,0.0,0.0,0.0,0.0,0,0,0.0,0.0,REJECTED,flat_market
1182,BTC,1823769,will-bitcoin-reach-150k-in-april-2026,77276629954845974131206708639482331195080176051253233339450147891178665959820,"Will Bitcoin reach $150,000 in April?",probability_reversal,24,0,0.0,0.0,0.0,0.0,0.0,0,0,0.0,0.0,REJECTED,flat_market
1183,BTC,1345530,will-bitcoin-reach-80000-by-december-31-2026-195-842-488-785,57919935471407397521237084573781793510659396827525482575585173092467716045100,"Will Bitcoin reach $80,000 by December 31, 2026?",high_confidence_probability_move,1,0,0.0,0.0,0.0,0.0,0.0,0,0,0.0,0.0,REJECTED,insufficient_samples
1184,BTC,1345530,will-bitcoin-reach-80000-by-december-31-2026-195-842-488-785,57919935471407397521237084573781793510659396827525482575585173092467716045100,"Will Bitcoin reach $80,000 by December 31, 2026?",high_confidence_probability_move,4,0,0.0,0.0,0.0,0.0,0.0,0,0,0.0,0.0,REJECTED,insufficient_samples
1185,BTC,1345530,will-bitcoin-reach-80000-by-december-31-2026-195-842-488-785,57919935471407397521237084573781793510659396827525482575585173092467716045100,"Will Bitcoin reach $80,000 by December 31, 2026?",high_confidence_probability_move,24,0,0.0,0.0,0.0,0.0,0.0,0,0,0.0,0.0,REJECTED,insufficient_samples
1186,BTC,1823776,will-bitcoin-reach-80k-in-april-2026-794,22893138393795740138249503228269517733051888602506683062209713465144747482167,"Will Bitcoin reach $80,000 in April?",high_confidence_probability_move,1,0,0.0,0.0,0.0,0.0,0.0,0,0,0.0,0.0,REJECTED,insufficient_samples
1187,BTC,1823776,will-bitcoin-reach-80k-in-april-2026-794,22893138393795740138249503228269517733051888602506683062209713465144747482167,"Will Bitcoin reach $80,000 in April?",high_confidence_probability_move,4,0,0.0,0.0,0.0,0.0,0.0,0,0,0.0,0.0,REJECTED,insufficient_samples
1188,BTC,1823776,will-bitcoin-reach-80k-in-april-2026-794,22893138393795740138249503228269517733051888602506683062209713465144747482167,"Will Bitcoin reach $80,000 in April?",high_confidence_probability_move,24,0,0.0,0.0,0.0,0.0,0.0,0,0,0.0,0.0,REJECTED,insufficient_samples
1189,BTC,665258,will-china-unban-bitcoin-by-2027,91810646921497227084241579668235102205462718984593674693010693975258849328842,Will China unban Bitcoin by 2027?,high_confidence_probability_move,1,0,0.0,0.0,0.0,0.0,0.0,0,0,0.0,0.0,REJECTED,insufficient_samples
1190,BTC,665258,will-china-unban-bitcoin-by-2027,91810646921497227084241579668235102205462718984593674693010693975258849328842,Will China unban Bitcoin by 2027?,high_confidence_probability_move,4,0,0.0,0.0,0.0,0.0,0.0,0,0,0.0,0.0,REJECTED,insufficient_samples
1191,BTC,665258,will-china-unban-bitcoin-by-2027,91810646921497227084241579668235102205462718984593674693010693975258849328842,Will China unban Bitcoin by 2027?,high_confidence_probability_move,24,0,0.0,0.0,0.0,0.0,0.0,0,0,0.0,0.0,REJECTED,insufficient_samples
1192,ETH,2041624,eth-updown-5m-1776845400,38328747178310920999893836581133314578005584951069136796985337035943864658169,"Ethereum Up or Down - April 22, 4:10AM-4:15AM ET",divergence_mean_reversion,1,0,0.0,0.0,0.0,0.0,0.0,0,0,0.0,0.0,REJECTED,flat_market
1193,ETH,2041624,eth-updown-5m-1776845400,38328747178310920999893836581133314578005584951069136796985337035943864658169,"Ethereum Up or Down - April 22, 4:10AM-4:15AM ET",divergence_mean_reversion,4,0,0.0,0.0,0.0,0.0,0.0,0,0,0.0,0.0,REJECTED,flat_market
1194,ETH,2041624,eth-updown-5m-1776845400,38328747178310920999893836581133314578005584951069136796985337035943864658169,"Ethereum Up or Down - April 22, 4:10AM-4:15AM ET",divergence_mean_reversion,24,0,0.0,0.0,0.0,0.0,0.0,0,0,0.0,0.0,REJECTED,flat_market
1195,ETH,2041624,eth-updown-5m-1776845400,38328747178310920999893836581133314578005584951069136796985337035943864658169,"Ethereum Up or Down - April 22, 4:10AM-4:15AM ET",high_confidence_probability_move,1,0,0.0,0.0,0.0,0.0,0.0,0,0,0.0,0.0,REJECTED,flat_market
1196,ETH,2041624,eth-updown-5m-1776845400,38328747178310920999893836581133314578005584951069136796985337035943864658169,"Ethereum Up or Down - April 22, 4:10AM-4:15AM ET",high_confidence_probability_move,4,0,0.0,0.0,0.0,0.0,0.0,0,0,0.0,0.0,REJECTED,flat_market
1197,ETH,2041624,eth-updown-5m-1776845400,38328747178310920999893836581133314578005584951069136796985337035943864658169,"Ethereum Up or Down - April 22, 4:10AM-4:15AM ET",high_confidence_probability_move,24,0,0.0,0.0,0.0,0.0,0.0,0,0,0.0,0.0,REJECTED,flat_market
1198,ETH,2041624,eth-updown-5m-1776845400,38328747178310920999893836581133314578005584951069136796985337035943864658169,"Ethereum Up or Down - April 22, 4:10AM-4:15AM ET",polymarket_leads_crypto_momentum,1,0,0.0,0.0,0.0,0.0,0.0,0,0,0.0,0.0,REJECTED,flat_market
1199,ETH,2041624,eth-updown-5m-1776845400,38328747178310920999893836581133314578005584951069136796985337035943864658169,"Ethereum Up or Down - April 22, 4:10AM-4:15AM ET",polymarket_leads_crypto_momentum,4,0,0.0,0.0,0.0,0.0,0.0,0,0,0.0,0.0,REJECTED,flat_market
1200,ETH,2041624,eth-updown-5m-1776845400,38328747178310920999893836581133314578005584951069136796985337035943864658169,"Ethereum Up or Down - April 22, 4:10AM-4:15AM ET",polymarket_leads_crypto_momentum,24,0,0.0,0.0,0.0,0.0,0.0,0,0,0.0,0.0,REJECTED,flat_market
1201,ETH,2041624,eth-updown-5m-1776845400,38328747178310920999893836581133314578005584951069136796985337035943864658169,"Ethereum Up or Down - April 22, 4:10AM-4:15AM ET",probability_momentum_continuation,1,0,0.0,0.0,0.0,0.0,0.0,0,0,0.0,0.0,REJECTED,flat_market
1202,ETH,2041624,eth-updown-5m-1776845400,38328747178310920999893836581133314578005584951069136796985337035943864658169,"Ethereum Up or Down - April 22, 4:10AM-4:15AM ET",probability_momentum_continuation,4,0,0.0,0.0,0.0,0.0,0.0,0,0,0.0,0.0,REJECTED,flat_market
1203,ETH,2041624,eth-updown-5m-1776845400,38328747178310920999893836581133314578005584951069136796985337035943864658169,"Ethereum Up or Down - April 22, 4:10AM-4:15AM ET",probability_momentum_continuation,24,0,0.0,0.0,0.0,0.0,0.0,0,0,0.0,0.0,REJECTED,flat_market
1204,ETH,2041624,eth-updown-5m-1776845400,38328747178310920999893836581133314578005584951069136796985337035943864658169,"Ethereum Up or Down - April 22, 4:10AM-4:15AM ET",probability_reversal,1,0,0.0,0.0,0.0,0.0,0.0,0,0,0.0,0.0,REJECTED,flat_market
1205,ETH,2041624,eth-updown-5m-1776845400,38328747178310920999893836581133314578005584951069136796985337035943864658169,"Ethereum Up or Down - April 22, 4:10AM-4:15AM ET",probability_reversal,4,0,0.0,0.0,0.0,0.0,0.0,0,0,0.0,0.0,REJECTED,flat_market
1206,ETH,2041624,eth-updown-5m-1776845400,38328747178310920999893836581133314578005584951069136796985337035943864658169,"Ethereum Up or Down - April 22, 4:10AM-4:15AM ET",probability_reversal,24,0,0.0,0.0,0.0,0.0,0.0,0,0,0.0,0.0,REJECTED,flat_market
1207,ETH,1683284,ethereum-above-1800-on-march-29,109094156621519541870699273583786238236341299511399201395427426376752624557399,"Will the price of Ethereum be above $1,800 on March 29?",divergence_mean_reversion,1,0,0.0,0.0,0.0,0.0,0.0,0,0,0.0,0.0,REJECTED,insufficient_samples
1208,ETH,1683284,ethereum-above-1800-on-march-29,109094156621519541870699273583786238236341299511399201395427426376752624557399,"Will the price of Ethereum be above $1,800 on March 29?",divergence_mean_reversion,4,0,0.0,0.0,0.0,0.0,0.0,0,0,0.0,0.0,REJECTED,insufficient_samples
1209,ETH,1683284,ethereum-above-1800-on-march-29,109094156621519541870699273583786238236341299511399201395427426376752624557399,"Will the price of Ethereum be above $1,800 on March 29?",divergence_mean_reversion,24,0,0.0,0.0,0.0,0.0,0.0,0,0,0.0,0.0,REJECTED,insufficient_samples
1210,ETH,1683284,ethereum-above-1800-on-march-29,109094156621519541870699273583786238236341299511399201395427426376752624557399,"Will the price of Ethereum be above $1,800 on March 29?",high_confidence_probability_move,1,0,0.0,0.0,0.0,0.0,0.0,0,0,0.0,0.0,REJECTED,insufficient_samples
1211,ETH,1683284,ethereum-above-1800-on-march-29,109094156621519541870699273583786238236341299511399201395427426376752624557399,"Will the price of Ethereum be above $1,800 on March 29?",high_confidence_probability_move,4,0,0.0,0.0,0.0,0.0,0.0,0,0,0.0,0.0,REJECTED,insufficient_samples
1212,ETH,1683284,ethereum-above-1800-on-march-29,109094156621519541870699273583786238236341299511399201395427426376752624557399,"Will the price of Ethereum be above $1,800 on March 29?",high_confidence_probability_move,24,0,0.0,0.0,0.0,0.0,0.0,0,0,0.0,0.0,REJECTED,insufficient_samples
1213,ETH,1683284,ethereum-above-1800-on-march-29,109094156621519541870699273583786238236341299511399201395427426376752624557399,"Will the price of Ethereum be above $1,800 on March 29?",polymarket_leads_crypto_momentum,1,0,0.0,0.0,0.0,0.0,0.0,0,0,0.0,0.0,REJECTED,insufficient_samples
1214,ETH,1683284,ethereum-above-1800-on-march-29,109094156621519541870699273583786238236341299511399201395427426376752624557399,"Will the price of Ethereum be above $1,800 on March 29?",polymarket_leads_crypto_momentum,4,0,0.0,0.0,0.0,0.0,0.0,0,0,0.0,0.0,REJECTED,insufficient_samples
1215,ETH,1683284,ethereum-above-1800-on-march-29,109094156621519541870699273583786238236341299511399201395427426376752624557399,"Will the price of Ethereum be above $1,800 on March 29?",polymarket_leads_crypto_momentum,24,0,0.0,0.0,0.0,0.0,0.0,0,0,0.0,0.0,REJECTED,insufficient_samples
1216,ETH,1683284,ethereum-above-1800-on-march-29,109094156621519541870699273583786238236341299511399201395427426376752624557399,"Will the price of Ethereum be above $1,800 on March 29?",probability_momentum_continuation,1,0,0.0,0.0,0.0,0.0,0.0,0,0,0.0,0.0,REJECTED,insufficient_samples
1217,ETH,1683284,ethereum-above-1800-on-march-29,109094156621519541870699273583786238236341299511399201395427426376752624557399,"Will the price of Ethereum be above $1,800 on March 29?",probability_momentum_continuation,4,0,0.0,0.0,0.0,0.0,0.0,0,0,0.0,0.0,REJECTED,insufficient_samples
1218,ETH,1683284,ethereum-above-1800-on-march-29,109094156621519541870699273583786238236341299511399201395427426376752624557399,"Will the price of Ethereum be above $1,800 on March 29?",probability_momentum_continuation,24,0,0.0,0.0,0.0,0.0,0.0,0,0,0.0,0.0,REJECTED,insufficient_samples
1219,ETH,1683284,ethereum-above-1800-on-march-29,109094156621519541870699273583786238236341299511399201395427426376752624557399,"Will the price of Ethereum be above $1,800 on March 29?",probability_reversal,1,0,0.0,0.0,0.0,0.0,0.0,0,0,0.0,0.0,REJECTED,insufficient_samples
1220,ETH,1683284,ethereum-above-1800-on-march-29,109094156621519541870699273583786238236341299511399201395427426376752624557399,"Will the price of Ethereum be above $1,800 on March 29?",probability_reversal,4,0,0.0,0.0,0.0,0.0,0.0,0,0,0.0,0.0,REJECTED,insufficient_samples
1221,ETH,1683284,ethereum-above-1800-on-march-29,109094156621519541870699273583786238236341299511399201395427426376752624557399,"Will the price of Ethereum be above $1,800 on March 29?",probability_reversal,24,0,0.0,0.0,0.0,0.0,0.0,0,0,0.0,0.0,REJECTED,insufficient_samples
1222,ETH,1299187,megaeth-market-cap-fdv-1pt5b-one-day-after-launch-371-844-879-681,59361386662140736273790755583050126642583489495616165418126619457111736694733,MegaETH market cap (FDV) >$1.5B one day after launch?,high_confidence_probability_move,1,0,0.0,0.0,0.0,0.0,0.0,0,0,0.0,0.0,REJECTED,insufficient_samples
1223,ETH,1299187,megaeth-market-cap-fdv-1pt5b-one-day-after-launch-371-844-879-681,59361386662140736273790755583050126642583489495616165418126619457111736694733,MegaETH market cap (FDV) >$1.5B one day after launch?,high_confidence_probability_move,4,0,0.0,0.0,0.0,0.0,0.0,0,0,0.0,0.0,REJECTED,insufficient_samples
1224,ETH,1299187,megaeth-market-cap-fdv-1pt5b-one-day-after-launch-371-844-879-681,59361386662140736273790755583050126642583489495616165418126619457111736694733,MegaETH market cap (FDV) >$1.5B one day after launch?,high_confidence_probability_move,24,0,0.0,0.0,0.0,0.0,0.0,0,0,0.0,0.0,REJECTED,insufficient_samples
1225,ETH,556062,megaeth-market-cap-fdv-2b-one-day-after-launch-738-867-649-272-765-733,57301498276970257025109591078431189727442302532145853906375186182281603517458,MegaETH market cap (FDV) >$2B one day after launch?,high_confidence_probability_move,1,0,0.0,0.0,0.0,0.0,0.0,0,0,0.0,0.0,REJECTED,insufficient_samples
1226,ETH,556062,megaeth-market-cap-fdv-2b-one-day-after-launch-738-867-649-272-765-733,57301498276970257025109591078431189727442302532145853906375186182281603517458,MegaETH market cap (FDV) >$2B one day after launch?,high_confidence_probability_move,4,0,0.0,0.0,0.0,0.0,0.0,0,0,0.0,0.0,REJECTED,insufficient_samples
1227,ETH,556062,megaeth-market-cap-fdv-2b-one-day-after-launch-738-867-649-272-765-733,57301498276970257025109591078431189727442302532145853906375186182281603517458,MegaETH market cap (FDV) >$2B one day after launch?,high_confidence_probability_move,24,0,0.0,0.0,0.0,0.0,0.0,0,0,0.0,0.0,REJECTED,insufficient_samples
1228,ETH,1373744,megaeth-market-cap-fdv-800m-one-day-after-launch-987-114-655,61268780060811317912125567165718241493378747385698282791855508063291413917546,MegaETH market cap (FDV) >$800M one day after launch?,high_confidence_probability_move,1,0,0.0,0.0,0.0,0.0,0.0,0,0,0.0,0.0,REJECTED,insufficient_samples
1229,ETH,1373744,megaeth-market-cap-fdv-800m-one-day-after-launch-987-114-655,61268780060811317912125567165718241493378747385698282791855508063291413917546,MegaETH market cap (FDV) >$800M one day after launch?,high_confidence_probability_move,4,0,0.0,0.0,0.0,0.0,0.0,0,0,0.0,0.0,REJECTED,insufficient_samples
1230,ETH,1373744,megaeth-market-cap-fdv-800m-one-day-after-launch-987-114-655,61268780060811317912125567165718241493378747385698282791855508063291413917546,MegaETH market cap (FDV) >$800M one day after launch?,high_confidence_probability_move,24,0,0.0,0.0,0.0,0.0,0.0,0,0,0.0,0.0,REJECTED,insufficient_samples
1231,ETH,701552,will-ethereum-dip-to-1500-by-december-31-2026,101639751789549589765350117072740510018809594718571111931328241076831078702528,"Will Ethereum dip to $1,500 by December 31, 2026?",high_confidence_probability_move,1,0,0.0,0.0,0.0,0.0,0.0,0,0,0.0,0.0,REJECTED,insufficient_samples
1232,ETH,701552,will-ethereum-dip-to-1500-by-december-31-2026,101639751789549589765350117072740510018809594718571111931328241076831078702528,"Will Ethereum dip to $1,500 by December 31, 2026?",high_confidence_probability_move,4,0,0.0,0.0,0.0,0.0,0.0,0,0,0.0,0.0,REJECTED,insufficient_samples
1233,ETH,701552,will-ethereum-dip-to-1500-by-december-31-2026,101639751789549589765350117072740510018809594718571111931328241076831078702528,"Will Ethereum dip to $1,500 by December 31, 2026?",high_confidence_probability_move,24,0,0.0,0.0,0.0,0.0,0.0,0,0,0.0,0.0,REJECTED,insufficient_samples
1234,ETH,1823800,will-ethereum-dip-to-1800-in-april-2026,88623813947148129759226599572615258910454701043061032464667581751883927272067,"Will Ethereum dip to $1,800 in April?",high_confidence_probability_move,1,0,0.0,0.0,0.0,0.0,0.0,0,0,0.0,0.0,REJECTED,insufficient_samples
1235,ETH,1823800,will-ethereum-dip-to-1800-in-april-2026,88623813947148129759226599572615258910454701043061032464667581751883927272067,"Will Ethereum dip to $1,800 in April?",high_confidence_probability_move,4,0,0.0,0.0,0.0,0.0,0.0,0,0,0.0,0.0,REJECTED,insufficient_samples
1236,ETH,1823800,will-ethereum-dip-to-1800-in-april-2026,88623813947148129759226599572615258910454701043061032464667581751883927272067,"Will Ethereum dip to $1,800 in April?",high_confidence_probability_move,24,0,0.0,0.0,0.0,0.0,0.0,0,0,0.0,0.0,REJECTED,insufficient_samples
1237,ETH,1823808,will-ethereum-dip-to-200-in-april-2026,45066766949965778603315663573010696695673430548613485477519584798737825506732,Will Ethereum dip to $200 in April?,divergence_mean_reversion,1,0,0.0,0.0,0.0,0.0,0.0,0,0,0.0,0.0,REJECTED,flat_market
1238,ETH,1823808,will-ethereum-dip-to-200-in-april-2026,45066766949965778603315663573010696695673430548613485477519584798737825506732,Will Ethereum dip to $200 in April?,divergence_mean_reversion,4,0,0.0,0.0,0.0,0.0,0.0,0,0,0.0,0.0,REJECTED,flat_market
1239,ETH,1823808,will-ethereum-dip-to-200-in-april-2026,45066766949965778603315663573010696695673430548613485477519584798737825506732,Will Ethereum dip to $200 in April?,divergence_mean_reversion,24,0,0.0,0.0,0.0,0.0,0.0,0,0,0.0,0.0,REJECTED,flat_market
1240,ETH,1823808,will-ethereum-dip-to-200-in-april-2026,45066766949965778603315663573010696695673430548613485477519584798737825506732,Will Ethereum dip to $200 in April?,high_confidence_probability_move,1,0,0.0,0.0,0.0,0.0,0.0,0,0,0.0,0.0,REJECTED,flat_market
1241,ETH,1823808,will-ethereum-dip-to-200-in-april-2026,45066766949965778603315663573010696695673430548613485477519584798737825506732,Will Ethereum dip to $200 in April?,high_confidence_probability_move,4,0,0.0,0.0,0.0,0.0,0.0,0,0,0.0,0.0,REJECTED,flat_market
1242,ETH,1823808,will-ethereum-dip-to-200-in-april-2026,45066766949965778603315663573010696695673430548613485477519584798737825506732,Will Ethereum dip to $200 in April?,high_confidence_probability_move,24,0,0.0,0.0,0.0,0.0,0.0,0,0,0.0,0.0,REJECTED,flat_market
1243,ETH,1823808,will-ethereum-dip-to-200-in-april-2026,45066766949965778603315663573010696695673430548613485477519584798737825506732,Will Ethereum dip to $200 in April?,polymarket_leads_crypto_momentum,1,0,0.0,0.0,0.0,0.0,0.0,0,0,0.0,0.0,REJECTED,flat_market
1244,ETH,1823808,will-ethereum-dip-to-200-in-april-2026,45066766949965778603315663573010696695673430548613485477519584798737825506732,Will Ethereum dip to $200 in April?,polymarket_leads_crypto_momentum,4,0,0.0,0.0,0.0,0.0,0.0,0,0,0.0,0.0,REJECTED,flat_market
1245,ETH,1823808,will-ethereum-dip-to-200-in-april-2026,45066766949965778603315663573010696695673430548613485477519584798737825506732,Will Ethereum dip to $200 in April?,polymarket_leads_crypto_momentum,24,0,0.0,0.0,0.0,0.0,0.0,0,0,0.0,0.0,REJECTED,flat_market
1246,ETH,1823808,will-ethereum-dip-to-200-in-april-2026,45066766949965778603315663573010696695673430548613485477519584798737825506732,Will Ethereum dip to $200 in April?,probability_momentum_continuation,1,0,0.0,0.0,0.0,0.0,0.0,0,0,0.0,0.0,REJECTED,flat_market
1247,ETH,1823808,will-ethereum-dip-to-200-in-april-2026,45066766949965778603315663573010696695673430548613485477519584798737825506732,Will Ethereum dip to $200 in April?,probability_momentum_continuation,4,0,0.0,0.0,0.0,0.0,0.0,0,0,0.0,0.0,REJECTED,flat_market
1248,ETH,1823808,will-ethereum-dip-to-200-in-april-2026,45066766949965778603315663573010696695673430548613485477519584798737825506732,Will Ethereum dip to $200 in April?,probability_momentum_continuation,24,0,0.0,0.0,0.0,0.0,0.0,0,0,0.0,0.0,REJECTED,flat_market
1249,ETH,1823808,will-ethereum-dip-to-200-in-april-2026,45066766949965778603315663573010696695673430548613485477519584798737825506732,Will Ethereum dip to $200 in April?,probability_reversal,1,0,0.0,0.0,0.0,0.0,0.0,0,0,0.0,0.0,REJECTED,flat_market
1250,ETH,1823808,will-ethereum-dip-to-200-in-april-2026,45066766949965778603315663573010696695673430548613485477519584798737825506732,Will Ethereum dip to $200 in April?,probability_reversal,4,0,0.0,0.0,0.0,0.0,0.0,0,0,0.0,0.0,REJECTED,flat_market
1251,ETH,1823808,will-ethereum-dip-to-200-in-april-2026,45066766949965778603315663573010696695673430548613485477519584798737825506732,Will Ethereum dip to $200 in April?,probability_reversal,24,0,0.0,0.0,0.0,0.0,0.0,0,0,0.0,0.0,REJECTED,flat_market
1252,ETH,1823799,will-ethereum-dip-to-2000-in-april-2026,115443844896518160070261607488184121309794437412699113546532889479676113001808,"Will Ethereum dip to $2,000 in April?",high_confidence_probability_move,1,0,0.0,0.0,0.0,0.0,0.0,0,0,0.0,0.0,REJECTED,insufficient_samples
1253,ETH,1823799,will-ethereum-dip-to-2000-in-april-2026,115443844896518160070261607488184121309794437412699113546532889479676113001808,"Will Ethereum dip to $2,000 in April?",high_confidence_probability_move,4,0,0.0,0.0,0.0,0.0,0.0,0,0,0.0,0.0,REJECTED,insufficient_samples
1254,ETH,1823799,will-ethereum-dip-to-2000-in-april-2026,115443844896518160070261607488184121309794437412699113546532889479676113001808,"Will Ethereum dip to $2,000 in April?",high_confidence_probability_move,24,0,0.0,0.0,0.0,0.0,0.0,0,0,0.0,0.0,REJECTED,insufficient_samples
1255,ETH,1823796,will-ethereum-reach-2600-in-april-2026,50308948122998050994686144925841639946050360545921215447281194779092729393480,"Will Ethereum reach $2,600 in April?",high_confidence_probability_move,1,0,0.0,0.0,0.0,0.0,0.0,0,0,0.0,0.0,REJECTED,insufficient_samples
1256,ETH,1823796,will-ethereum-reach-2600-in-april-2026,50308948122998050994686144925841639946050360545921215447281194779092729393480,"Will Ethereum reach $2,600 in April?",high_confidence_probability_move,4,0,0.0,0.0,0.0,0.0,0.0,0,0,0.0,0.0,REJECTED,insufficient_samples
1257,ETH,1823796,will-ethereum-reach-2600-in-april-2026,50308948122998050994686144925841639946050360545921215447281194779092729393480,"Will Ethereum reach $2,600 in April?",high_confidence_probability_move,24,0,0.0,0.0,0.0,0.0,0.0,0,0,0.0,0.0,REJECTED,insufficient_samples
1258,ETH,1823795,will-ethereum-reach-2800-in-april-2026,103455081209713767851750094101142549597038869631663604903086082563273644697340,"Will Ethereum reach $2,800 in April?",high_confidence_probability_move,1,0,0.0,0.0,0.0,0.0,0.0,0,0,0.0,0.0,REJECTED,insufficient_samples
1259,ETH,1823795,will-ethereum-reach-2800-in-april-2026,103455081209713767851750094101142549597038869631663604903086082563273644697340,"Will Ethereum reach $2,800 in April?",high_confidence_probability_move,4,0,0.0,0.0,0.0,0.0,0.0,0,0,0.0,0.0,REJECTED,insufficient_samples
1260,ETH,1823795,will-ethereum-reach-2800-in-april-2026,103455081209713767851750094101142549597038869631663604903086082563273644697340,"Will Ethereum reach $2,800 in April?",high_confidence_probability_move,24,0,0.0,0.0,0.0,0.0,0.0,0,0,0.0,0.0,REJECTED,insufficient_samples
1261,ETH,1823794,will-ethereum-reach-3000-in-april-2026,98694887273478515891138203442549017191281454470497426834485838288268569808164,"Will Ethereum reach $3,000 in April?",high_confidence_probability_move,1,0,0.0,0.0,0.0,0.0,0.0,0,0,0.0,0.0,REJECTED,insufficient_samples
1262,ETH,1823794,will-ethereum-reach-3000-in-april-2026,98694887273478515891138203442549017191281454470497426834485838288268569808164,"Will Ethereum reach $3,000 in April?",high_confidence_probability_move,4,0,0.0,0.0,0.0,0.0,0.0,0,0,0.0,0.0,REJECTED,insufficient_samples
1263,ETH,1823794,will-ethereum-reach-3000-in-april-2026,98694887273478515891138203442549017191281454470497426834485838288268569808164,"Will Ethereum reach $3,000 in April?",high_confidence_probability_move,24,0,0.0,0.0,0.0,0.0,0.0,0,0,0.0,0.0,REJECTED,insufficient_samples
1264,ETH,1473059,will-ethereum-reach-3200-in-march-2026,109032826224197715026334794225382473216036340732102671964821699411734124191297,"Will Ethereum reach $3,200 in March?",divergence_mean_reversion,1,0,0.0,0.0,0.0,0.0,0.0,0,0,0.0,0.0,REJECTED,flat_market
1265,ETH,1473059,will-ethereum-reach-3200-in-march-2026,109032826224197715026334794225382473216036340732102671964821699411734124191297,"Will Ethereum reach $3,200 in March?",divergence_mean_reversion,4,0,0.0,0.0,0.0,0.0,0.0,0,0,0.0,0.0,REJECTED,flat_market
1266,ETH,1473059,will-ethereum-reach-3200-in-march-2026,109032826224197715026334794225382473216036340732102671964821699411734124191297,"Will Ethereum reach $3,200 in March?",divergence_mean_reversion,24,0,0.0,0.0,0.0,0.0,0.0,0,0,0.0,0.0,REJECTED,flat_market
1267,ETH,1473059,will-ethereum-reach-3200-in-march-2026,109032826224197715026334794225382473216036340732102671964821699411734124191297,"Will Ethereum reach $3,200 in March?",high_confidence_probability_move,1,0,0.0,0.0,0.0,0.0,0.0,0,0,0.0,0.0,REJECTED,flat_market
1268,ETH,1473059,will-ethereum-reach-3200-in-march-2026,109032826224197715026334794225382473216036340732102671964821699411734124191297,"Will Ethereum reach $3,200 in March?",high_confidence_probability_move,4,0,0.0,0.0,0.0,0.0,0.0,0,0,0.0,0.0,REJECTED,flat_market
1269,ETH,1473059,will-ethereum-reach-3200-in-march-2026,109032826224197715026334794225382473216036340732102671964821699411734124191297,"Will Ethereum reach $3,200 in March?",high_confidence_probability_move,24,0,0.0,0.0,0.0,0.0,0.0,0,0,0.0,0.0,REJECTED,flat_market
1270,ETH,1473059,will-ethereum-reach-3200-in-march-2026,109032826224197715026334794225382473216036340732102671964821699411734124191297,"Will Ethereum reach $3,200 in March?",polymarket_leads_crypto_momentum,1,0,0.0,0.0,0.0,0.0,0.0,0,0,0.0,0.0,REJECTED,flat_market
1271,ETH,1473059,will-ethereum-reach-3200-in-march-2026,109032826224197715026334794225382473216036340732102671964821699411734124191297,"Will Ethereum reach $3,200 in March?",polymarket_leads_crypto_momentum,4,0,0.0,0.0,0.0,0.0,0.0,0,0,0.0,0.0,REJECTED,flat_market
1272,ETH,1473059,will-ethereum-reach-3200-in-march-2026,109032826224197715026334794225382473216036340732102671964821699411734124191297,"Will Ethereum reach $3,200 in March?",polymarket_leads_crypto_momentum,24,0,0.0,0.0,0.0,0.0,0.0,0,0,0.0,0.0,REJECTED,flat_market
1273,ETH,1473059,will-ethereum-reach-3200-in-march-2026,109032826224197715026334794225382473216036340732102671964821699411734124191297,"Will Ethereum reach $3,200 in March?",probability_momentum_continuation,1,0,0.0,0.0,0.0,0.0,0.0,0,0,0.0,0.0,REJECTED,flat_market
1274,ETH,1473059,will-ethereum-reach-3200-in-march-2026,109032826224197715026334794225382473216036340732102671964821699411734124191297,"Will Ethereum reach $3,200 in March?",probability_momentum_continuation,4,0,0.0,0.0,0.0,0.0,0.0,0,0,0.0,0.0,REJECTED,flat_market
1275,ETH,1473059,will-ethereum-reach-3200-in-march-2026,109032826224197715026334794225382473216036340732102671964821699411734124191297,"Will Ethereum reach $3,200 in March?",probability_momentum_continuation,24,0,0.0,0.0,0.0,0.0,0.0,0,0,0.0,0.0,REJECTED,flat_market
1276,ETH,1473059,will-ethereum-reach-3200-in-march-2026,109032826224197715026334794225382473216036340732102671964821699411734124191297,"Will Ethereum reach $3,200 in March?",probability_reversal,1,0,0.0,0.0,0.0,0.0,0.0,0,0,0.0,0.0,REJECTED,flat_market
1277,ETH,1473059,will-ethereum-reach-3200-in-march-2026,109032826224197715026334794225382473216036340732102671964821699411734124191297,"Will Ethereum reach $3,200 in March?",probability_reversal,4,0,0.0,0.0,0.0,0.0,0.0,0,0,0.0,0.0,REJECTED,flat_market
1278,ETH,1473059,will-ethereum-reach-3200-in-march-2026,109032826224197715026334794225382473216036340732102671964821699411734124191297,"Will Ethereum reach $3,200 in March?",probability_reversal,24,0,0.0,0.0,0.0,0.0,0.0,0,0,0.0,0.0,REJECTED,flat_market
1279,ETH,1383662,will-megaeth-launch-a-token-by-june-30-2026-676-993-477,29601542826076048097538062468538667893425689293490219370577801090612691914945,"Will MegaETH launch a token by June 30, 2026?",high_confidence_probability_move,1,0,0.0,0.0,0.0,0.0,0.0,0,0,0.0,0.0,REJECTED,insufficient_samples
1280,ETH,1383662,will-megaeth-launch-a-token-by-june-30-2026-676-993-477,29601542826076048097538062468538667893425689293490219370577801090612691914945,"Will MegaETH launch a token by June 30, 2026?",high_confidence_probability_move,4,0,0.0,0.0,0.0,0.0,0.0,0,0,0.0,0.0,REJECTED,insufficient_samples
1281,ETH,1383662,will-megaeth-launch-a-token-by-june-30-2026-676-993-477,29601542826076048097538062468538667893425689293490219370577801090612691914945,"Will MegaETH launch a token by June 30, 2026?",high_confidence_probability_move,24,0,0.0,0.0,0.0,0.0,0.0,0,0,0.0,0.0,REJECTED,insufficient_samples
1282,SOL,1938186,solana-above-90-on-april-17,78049396186231898492663494001134050059411966497302094454855717401716270526313,Will the price of Solana be above $90 on April 17?,divergence_mean_reversion,4,0,0.0,0.0,0.0,0.0,0.0,0,0,0.0,0.0,REJECTED,insufficient_samples
1283,SOL,1938186,solana-above-90-on-april-17,78049396186231898492663494001134050059411966497302094454855717401716270526313,Will the price of Solana be above $90 on April 17?,divergence_mean_reversion,24,0,0.0,0.0,0.0,0.0,0.0,0,0,0.0,0.0,REJECTED,insufficient_samples
1284,SOL,1938186,solana-above-90-on-april-17,78049396186231898492663494001134050059411966497302094454855717401716270526313,Will the price of Solana be above $90 on April 17?,high_confidence_probability_move,1,0,0.0,0.0,0.0,0.0,0.0,0,0,0.0,0.0,REJECTED,insufficient_samples
1285,SOL,1938186,solana-above-90-on-april-17,78049396186231898492663494001134050059411966497302094454855717401716270526313,Will the price of Solana be above $90 on April 17?,high_confidence_probability_move,4,0,0.0,0.0,0.0,0.0,0.0,0,0,0.0,0.0,REJECTED,insufficient_samples
1286,SOL,1938186,solana-above-90-on-april-17,78049396186231898492663494001134050059411966497302094454855717401716270526313,Will the price of Solana be above $90 on April 17?,high_confidence_probability_move,24,0,0.0,0.0,0.0,0.0,0.0,0,0,0.0,0.0,REJECTED,insufficient_samples
1287,SOL,1938186,solana-above-90-on-april-17,78049396186231898492663494001134050059411966497302094454855717401716270526313,Will the price of Solana be above $90 on April 17?,polymarket_leads_crypto_momentum,1,0,0.0,0.0,0.0,0.0,0.0,0,0,0.0,0.0,REJECTED,insufficient_samples
1288,SOL,1938186,solana-above-90-on-april-17,78049396186231898492663494001134050059411966497302094454855717401716270526313,Will the price of Solana be above $90 on April 17?,polymarket_leads_crypto_momentum,4,0,0.0,0.0,0.0,0.0,0.0,0,0,0.0,0.0,REJECTED,insufficient_samples
1289,SOL,1938186,solana-above-90-on-april-17,78049396186231898492663494001134050059411966497302094454855717401716270526313,Will the price of Solana be above $90 on April 17?,polymarket_leads_crypto_momentum,24,0,0.0,0.0,0.0,0.0,0.0,0,0,0.0,0.0,REJECTED,insufficient_samples
1290,SOL,1938186,solana-above-90-on-april-17,78049396186231898492663494001134050059411966497302094454855717401716270526313,Will the price of Solana be above $90 on April 17?,probability_momentum_continuation,4,0,0.0,0.0,0.0,0.0,0.0,0,0,0.0,0.0,REJECTED,insufficient_samples
1291,SOL,1938186,solana-above-90-on-april-17,78049396186231898492663494001134050059411966497302094454855717401716270526313,Will the price of Solana be above $90 on April 17?,probability_momentum_continuation,24,0,0.0,0.0,0.0,0.0,0.0,0,0,0.0,0.0,REJECTED,insufficient_samples
1292,SOL,1938186,solana-above-90-on-april-17,78049396186231898492663494001134050059411966497302094454855717401716270526313,Will the price of Solana be above $90 on April 17?,probability_reversal,4,0,0.0,0.0,0.0,0.0,0.0,0,0,0.0,0.0,REJECTED,insufficient_samples
1293,SOL,1938186,solana-above-90-on-april-17,78049396186231898492663494001134050059411966497302094454855717401716270526313,Will the price of Solana be above $90 on April 17?,probability_reversal,24,0,0.0,0.0,0.0,0.0,0.0,0,0,0.0,0.0,REJECTED,insufficient_samples
1294,SOL,1823881,will-solana-reach-160-in-april-2026,2239666445220242421622333852346062404205114740031545382107437837927896782621,Will Solana reach $160 in April?,high_confidence_probability_move,1,0,0.0,0.0,0.0,0.0,0.0,0,0,0.0,0.0,REJECTED,insufficient_samples
1295,SOL,1823881,will-solana-reach-160-in-april-2026,2239666445220242421622333852346062404205114740031545382107437837927896782621,Will Solana reach $160 in April?,high_confidence_probability_move,4,0,0.0,0.0,0.0,0.0,0.0,0,0,0.0,0.0,REJECTED,insufficient_samples
1296,SOL,1823881,will-solana-reach-160-in-april-2026,2239666445220242421622333852346062404205114740031545382107437837927896782621,Will Solana reach $160 in April?,high_confidence_probability_move,24,0,0.0,0.0,0.0,0.0,0.0,0,0,0.0,0.0,REJECTED,insufficient_samples
1297,SOL,1823881,will-solana-reach-160-in-april-2026,2239666445220242421622333852346062404205114740031545382107437837927896782621,Will Solana reach $160 in April?,polymarket_leads_crypto_momentum,1,0,0.0,0.0,0.0,0.0,0.0,0,0,0.0,0.0,REJECTED,insufficient_samples
1298,SOL,1823881,will-solana-reach-160-in-april-2026,2239666445220242421622333852346062404205114740031545382107437837927896782621,Will Solana reach $160 in April?,polymarket_leads_crypto_momentum,4,0,0.0,0.0,0.0,0.0,0.0,0,0,0.0,0.0,REJECTED,insufficient_samples
1299,SOL,1823881,will-solana-reach-160-in-april-2026,2239666445220242421622333852346062404205114740031545382107437837927896782621,Will Solana reach $160 in April?,polymarket_leads_crypto_momentum,24,0,0.0,0.0,0.0,0.0,0.0,0,0,0.0,0.0,REJECTED,insufficient_samples
1300,XRP,1823902,will-xrp-reach-2-in-april-2026,67556301124097607260152199396403959080839673893054926374870558197278260784915,Will XRP reach $2.00 in April?,high_confidence_probability_move,1,0,0.0,0.0,0.0,0.0,0.0,0,0,0.0,0.0,REJECTED,insufficient_samples
1301,XRP,1823902,will-xrp-reach-2-in-april-2026,67556301124097607260152199396403959080839673893054926374870558197278260784915,Will XRP reach $2.00 in April?,high_confidence_probability_move,4,0,0.0,0.0,0.0,0.0,0.0,0,0,0.0,0.0,REJECTED,insufficient_samples
1302,XRP,1823902,will-xrp-reach-2-in-april-2026,67556301124097607260152199396403959080839673893054926374870558197278260784915,Will XRP reach $2.00 in April?,high_confidence_probability_move,24,0,0.0,0.0,0.0,0.0,0.0,0,0,0.0,0.0,REJECTED,insufficient_samples
1303,XRP,1823900,will-xrp-reach-2pt4-in-april-2026,6907787482165930535735013797025597365762483807798181321474369791814479389352,Will XRP reach $2.40 in April?,high_confidence_probability_move,1,0,0.0,0.0,0.0,0.0,0.0,0,0,0.0,0.0,REJECTED,insufficient_samples
1304,XRP,1823900,will-xrp-reach-2pt4-in-april-2026,6907787482165930535735013797025597365762483807798181321474369791814479389352,Will XRP reach $2.40 in April?,high_confidence_probability_move,4,0,0.0,0.0,0.0,0.0,0.0,0,0,0.0,0.0,REJECTED,insufficient_samples
1305,XRP,1823900,will-xrp-reach-2pt4-in-april-2026,6907787482165930535735013797025597365762483807798181321474369791814479389352,Will XRP reach $2.40 in April?,high_confidence_probability_move,24,0,0.0,0.0,0.0,0.0,0.0,0,0,0.0,0.0,REJECTED,insufficient_samples
