asset,market_id,market_slug,token_id,lag_hours,signal_time_ns,entry_time_ns,exit_time_ns,side,notional_usd,probability_change,gross_return,net_return,pnl_usd
ETH,1299187,megaeth-market-cap-fdv-1pt5b-one-day-after-launch-371-844-879-681,59361386662140736273790755583050126642583489495616165418126619457111736694733,4,1777039200000000000,1777042800000000000,1777057200000000000,1,10.0,0.0,-0.0009510243952819408,-0.004951024395281941,-0.04951024395281941
ETH,1299187,megaeth-market-cap-fdv-1pt5b-one-day-after-launch-371-844-879-681,59361386662140736273790755583050126642583489495616165418126619457111736694733,4,1777111200000000000,1777114800000000000,1777129200000000000,-1,10.0,0.0,0.002398817447830992,-0.001601182552169008,-0.01601182552169008
ETH,1299187,megaeth-market-cap-fdv-1pt5b-one-day-after-launch-371-844-879-681,59361386662140736273790755583050126642583489495616165418126619457111736694733,4,1777114800000000000,1777118400000000000,1777132800000000000,-1,10.0,-0.019999999999999907,0.0017375894188584873,-0.002262410581141513,-0.022624105811415128
ETH,1299187,megaeth-market-cap-fdv-1pt5b-one-day-after-launch-371-844-879-681,59361386662140736273790755583050126642583489495616165418126619457111736694733,4,1777118400000000000,1777122000000000000,1777136400000000000,1,10.0,0.009999999999999898,-0.0029746357258498834,-0.0069746357258498835,-0.06974635725849884
ETH,1299187,megaeth-market-cap-fdv-1pt5b-one-day-after-launch-371-844-879-681,59361386662140736273790755583050126642583489495616165418126619457111736694733,4,1777122000000000000,1777125600000000000,1777140000000000000,1,10.0,-0.009999999999999898,-0.0019300351465012522,-0.005930035146501252,-0.05930035146501252
ETH,1299187,megaeth-market-cap-fdv-1pt5b-one-day-after-launch-371-844-879-681,59361386662140736273790755583050126642583489495616165418126619457111736694733,4,1777125600000000000,1777129200000000000,1777143600000000000,1,10.0,0.0,0.000853519576792916,-0.003146480423207084,-0.03146480423207084
ETH,1299187,megaeth-market-cap-fdv-1pt5b-one-day-after-launch-371-844-879-681,59361386662140736273790755583050126642583489495616165418126619457111736694733,4,1777129200000000000,1777132800000000000,1777147200000000000,1,10.0,0.0,0.0015890679055909906,-0.0024109320944090094,-0.024109320944090094
ETH,1299187,megaeth-market-cap-fdv-1pt5b-one-day-after-launch-371-844-879-681,59361386662140736273790755583050126642583489495616165418126619457111736694733,4,1777132800000000000,1777136400000000000,1777150800000000000,1,10.0,0.0,0.002788651401254061,-0.0012113485987459392,-0.012113485987459392
ETH,1299187,megaeth-market-cap-fdv-1pt5b-one-day-after-launch-371-844-879-681,59361386662140736273790755583050126642583489495616165418126619457111736694733,4,1777136400000000000,1777140000000000000,1777154400000000000,1,10.0,0.0,0.002682182950833667,-0.001317817049166333,-0.013178170491663331
ETH,1299187,megaeth-market-cap-fdv-1pt5b-one-day-after-launch-371-844-879-681,59361386662140736273790755583050126642583489495616165418126619457111736694733,4,1777140000000000000,1777143600000000000,1777158000000000000,1,10.0,0.0,0.00408647394439976,8.647394439975989e-05,0.0008647394439975989
ETH,1299187,megaeth-market-cap-fdv-1pt5b-one-day-after-launch-371-844-879-681,59361386662140736273790755583050126642583489495616165418126619457111736694733,4,1777143600000000000,1777147200000000000,1777161600000000000,1,10.0,-0.010000000000000009,0.0009380944146637482,-0.003061905585336252,-0.03061905585336252
ETH,1299187,megaeth-market-cap-fdv-1pt5b-one-day-after-launch-371-844-879-681,59361386662140736273790755583050126642583489495616165418126619457111736694733,4,1777147200000000000,1777150800000000000,1777165200000000000,1,10.0,0.0,-0.0008420416270836784,-0.0048420416270836784,-0.048420416270836784
ETH,1299187,megaeth-market-cap-fdv-1pt5b-one-day-after-launch-371-844-879-681,59361386662140736273790755583050126642583489495616165418126619457111736694733,4,1777150800000000000,1777154400000000000,1777168800000000000,1,10.0,0.0,-0.0011217775860208334,-0.0051217775860208335,-0.051217775860208335
ETH,1299187,megaeth-market-cap-fdv-1pt5b-one-day-after-launch-371-844-879-681,59361386662140736273790755583050126642583489495616165418126619457111736694733,4,1777154400000000000,1777158000000000000,1777172400000000000,1,10.0,0.0,-0.004095710282388421,-0.00809571028238842,-0.08095710282388421
ETH,1299187,megaeth-market-cap-fdv-1pt5b-one-day-after-launch-371-844-879-681,59361386662140736273790755583050126642583489495616165418126619457111736694733,4,1777158000000000000,1777161600000000000,1777176000000000000,1,10.0,-0.0050000000000000044,0.0010235945010947933,-0.0029764054989052068,-0.029764054989052068
ETH,1299187,megaeth-market-cap-fdv-1pt5b-one-day-after-launch-371-844-879-681,59361386662140736273790755583050126642583489495616165418126619457111736694733,4,1777161600000000000,1777165200000000000,1777179600000000000,1,10.0,0.0,0.006046200056183615,0.002046200056183615,0.020462000561836148
ETH,1299187,megaeth-market-cap-fdv-1pt5b-one-day-after-launch-371-844-879-681,59361386662140736273790755583050126642583489495616165418126619457111736694733,4,1777165200000000000,1777168800000000000,1777183200000000000,-1,10.0,0.0,-0.006409951838973527,-0.010409951838973527,-0.10409951838973527
ETH,1299187,megaeth-market-cap-fdv-1pt5b-one-day-after-launch-371-844-879-681,59361386662140736273790755583050126642583489495616165418126619457111736694733,4,1777168800000000000,1777172400000000000,1777186800000000000,1,10.0,-0.0050000000000000044,0.0091948051948052,0.0051948051948052,0.051948051948052
ETH,1299187,megaeth-market-cap-fdv-1pt5b-one-day-after-launch-371-844-879-681,59361386662140736273790755583050126642583489495616165418126619457111736694733,4,1777172400000000000,1777176000000000000,1777190400000000000,1,10.0,-0.0050000000000000044,0.006316497967848056,0.002316497967848056,0.02316497967848056
ETH,1299187,megaeth-market-cap-fdv-1pt5b-one-day-after-launch-371-844-879-681,59361386662140736273790755583050126642583489495616165418126619457111736694733,4,1777176000000000000,1777179600000000000,1777194000000000000,1,10.0,0.0,0.0029426421059866037,-0.0010573578940133964,-0.010573578940133964
ETH,1299187,megaeth-market-cap-fdv-1pt5b-one-day-after-launch-371-844-879-681,59361386662140736273790755583050126642583489495616165418126619457111736694733,4,1777179600000000000,1777183200000000000,1777197600000000000,1,10.0,0.0050000000000000044,0.0012703917184193614,-0.0027296082815806387,-0.027296082815806387
ETH,1299187,megaeth-market-cap-fdv-1pt5b-one-day-after-launch-371-844-879-681,59361386662140736273790755583050126642583489495616165418126619457111736694733,4,1777183200000000000,1777186800000000000,1777201200000000000,1,10.0,0.0,0.0020203840016472796,-0.0019796159983527205,-0.019796159983527205
ETH,1299187,megaeth-market-cap-fdv-1pt5b-one-day-after-launch-371-844-879-681,59361386662140736273790755583050126642583489495616165418126619457111736694733,4,1777186800000000000,1777190400000000000,1777204800000000000,1,10.0,0.0,-0.0014963256416193893,-0.005496325641619389,-0.054963256416193894
ETH,1299187,megaeth-market-cap-fdv-1pt5b-one-day-after-launch-371-844-879-681,59361386662140736273790755583050126642583489495616165418126619457111736694733,4,1777190400000000000,1777194000000000000,1777208400000000000,1,10.0,0.0,0.00022701086653897917,-0.003772989133461021,-0.03772989133461021
ETH,1299187,megaeth-market-cap-fdv-1pt5b-one-day-after-launch-371-844-879-681,59361386662140736273790755583050126642583489495616165418126619457111736694733,4,1777194000000000000,1777197600000000000,1777212000000000000,1,10.0,0.0,0.005679504490023302,0.0016795044900233015,0.016795044900233015
ETH,1299187,megaeth-market-cap-fdv-1pt5b-one-day-after-launch-371-844-879-681,59361386662140736273790755583050126642583489495616165418126619457111736694733,4,1777197600000000000,1777201200000000000,1777215600000000000,1,10.0,0.0,0.00517990539181068,0.0011799053918106796,0.011799053918106796
ETH,1299187,megaeth-market-cap-fdv-1pt5b-one-day-after-launch-371-844-879-681,59361386662140736273790755583050126642583489495616165418126619457111736694733,4,1777201200000000000,1777204800000000000,1777219200000000000,1,10.0,0.0,0.006024329186866018,0.0020243291868660175,0.020243291868660175
ETH,1299187,megaeth-market-cap-fdv-1pt5b-one-day-after-launch-371-844-879-681,59361386662140736273790755583050126642583489495616165418126619457111736694733,4,1777204800000000000,1777208400000000000,1777222800000000000,1,10.0,0.0,0.0060850797783507105,0.0020850797783507104,0.020850797783507104
ETH,1299187,megaeth-market-cap-fdv-1pt5b-one-day-after-launch-371-844-879-681,59361386662140736273790755583050126642583489495616165418126619457111736694733,4,1777208400000000000,1777212000000000000,1777226400000000000,1,10.0,0.0,0.006730031540363113,0.0027300315403631127,0.027300315403631127
ETH,1299187,megaeth-market-cap-fdv-1pt5b-one-day-after-launch-371-844-879-681,59361386662140736273790755583050126642583489495616165418126619457111736694733,4,1777212000000000000,1777215600000000000,1777230000000000000,1,10.0,0.0,0.008240880730819189,0.004240880730819189,0.04240880730819189
ETH,1299187,megaeth-market-cap-fdv-1pt5b-one-day-after-launch-371-844-879-681,59361386662140736273790755583050126642583489495616165418126619457111736694733,4,1777215600000000000,1777219200000000000,1777233600000000000,1,10.0,0.0,0.008357092858484183,0.004357092858484183,0.04357092858484183
ETH,1299187,megaeth-market-cap-fdv-1pt5b-one-day-after-launch-371-844-879-681,59361386662140736273790755583050126642583489495616165418126619457111736694733,4,1777219200000000000,1777222800000000000,1777237200000000000,1,10.0,0.0,0.006346220147014581,0.0023462201470145806,0.023462201470145806
ETH,1299187,megaeth-market-cap-fdv-1pt5b-one-day-after-launch-371-844-879-681,59361386662140736273790755583050126642583489495616165418126619457111736694733,4,1777222800000000000,1777226400000000000,1777240800000000000,1,10.0,0.0,-4.233718178314749e-05,-0.004042337181783148,-0.040423371817831476
ETH,1299187,megaeth-market-cap-fdv-1pt5b-one-day-after-launch-371-844-879-681,59361386662140736273790755583050126642583489495616165418126619457111736694733,4,1777226400000000000,1777230000000000000,1777244400000000000,1,10.0,0.0,0.0008617048238572789,-0.003138295176142721,-0.03138295176142721
ETH,1299187,megaeth-market-cap-fdv-1pt5b-one-day-after-launch-371-844-879-681,59361386662140736273790755583050126642583489495616165418126619457111736694733,4,1777230000000000000,1777233600000000000,1777248000000000000,1,10.0,0.0,0.01196190476190484,0.00796190476190484,0.0796190476190484
ETH,1299187,megaeth-market-cap-fdv-1pt5b-one-day-after-launch-371-844-879-681,59361386662140736273790755583050126642583489495616165418126619457111736694733,4,1777233600000000000,1777237200000000000,1777251600000000000,1,10.0,0.0,0.01280272718813702,0.00880272718813702,0.08802727188137019
ETH,1299187,megaeth-market-cap-fdv-1pt5b-one-day-after-launch-371-844-879-681,59361386662140736273790755583050126642583489495616165418126619457111736694733,4,1777237200000000000,1777240800000000000,1777255200000000000,1,10.0,0.010000000000000009,0.012816007519401929,0.008816007519401928,0.08816007519401928
ETH,1299187,megaeth-market-cap-fdv-1pt5b-one-day-after-launch-371-844-879-681,59361386662140736273790755583050126642583489495616165418126619457111736694733,4,1777240800000000000,1777244400000000000,1777258800000000000,1,10.0,0.0,0.010724052940779272,0.006724052940779272,0.06724052940779271
ETH,1299187,megaeth-market-cap-fdv-1pt5b-one-day-after-launch-371-844-879-681,59361386662140736273790755583050126642583489495616165418126619457111736694733,4,1777244400000000000,1777248000000000000,1777262400000000000,-1,10.0,0.0,0.003312754103297677,-0.000687245896702323,-0.00687245896702323
ETH,1299187,megaeth-market-cap-fdv-1pt5b-one-day-after-launch-371-844-879-681,59361386662140736273790755583050126642583489495616165418126619457111736694733,4,1777248000000000000,1777251600000000000,1777266000000000000,-1,10.0,0.019999999999999907,0.029829492067601993,0.025829492067601992,0.25829492067601995
ETH,1299187,megaeth-market-cap-fdv-1pt5b-one-day-after-launch-371-844-879-681,59361386662140736273790755583050126642583489495616165418126619457111736694733,4,1777251600000000000,1777255200000000000,1777269600000000000,-1,10.0,0.0,0.02974717410206673,0.02574717410206673,0.25747174102066733
ETH,1299187,megaeth-market-cap-fdv-1pt5b-one-day-after-launch-371-844-879-681,59361386662140736273790755583050126642583489495616165418126619457111736694733,4,1777255200000000000,1777258800000000000,1777273200000000000,-1,10.0,0.010000000000000009,0.03292064221141189,0.028920642211411888,0.2892064221141189
ETH,1299187,megaeth-market-cap-fdv-1pt5b-one-day-after-launch-371-844-879-681,59361386662140736273790755583050126642583489495616165418126619457111736694733,4,1777258800000000000,1777262400000000000,1777276800000000000,-1,10.0,0.0,0.026506185895821877,0.022506185895821876,0.22506185895821876
ETH,1299187,megaeth-market-cap-fdv-1pt5b-one-day-after-launch-371-844-879-681,59361386662140736273790755583050126642583489495616165418126619457111736694733,4,1777262400000000000,1777266000000000000,1777280400000000000,-1,10.0,0.0,0.0004261400321970976,-0.0035738599678029025,-0.035738599678029025
ETH,1299187,megaeth-market-cap-fdv-1pt5b-one-day-after-launch-371-844-879-681,59361386662140736273790755583050126642583489495616165418126619457111736694733,4,1777266000000000000,1777269600000000000,1777284000000000000,-1,10.0,0.010000000000000009,0.00037052994398967254,-0.0036294700560103275,-0.036294700560103275
ETH,1299187,megaeth-market-cap-fdv-1pt5b-one-day-after-launch-371-844-879-681,59361386662140736273790755583050126642583489495616165418126619457111736694733,4,1777269600000000000,1777273200000000000,1777287600000000000,-1,10.0,-0.010000000000000009,-0.0018911835441124403,-0.00589118354411244,-0.058911835441124404
ETH,1299187,megaeth-market-cap-fdv-1pt5b-one-day-after-launch-371-844-879-681,59361386662140736273790755583050126642583489495616165418126619457111736694733,4,1777273200000000000,1777276800000000000,1777291200000000000,-1,10.0,0.0,0.002401193268036894,-0.001598806731963106,-0.01598806731963106
ETH,1299187,megaeth-market-cap-fdv-1pt5b-one-day-after-launch-371-844-879-681,59361386662140736273790755583050126642583489495616165418126619457111736694733,4,1777276800000000000,1777280400000000000,1777294800000000000,-1,10.0,0.0,0.00426752332927105,0.0002675233292710501,0.0026752332927105008
ETH,1299187,megaeth-market-cap-fdv-1pt5b-one-day-after-launch-371-844-879-681,59361386662140736273790755583050126642583489495616165418126619457111736694733,4,1777280400000000000,1777284000000000000,1777298400000000000,-1,10.0,0.010000000000000009,0.002323135672847254,-0.001676864327152746,-0.01676864327152746
ETH,1299187,megaeth-market-cap-fdv-1pt5b-one-day-after-launch-371-844-879-681,59361386662140736273790755583050126642583489495616165418126619457111736694733,4,1777284000000000000,1777287600000000000,1777302000000000000,-1,10.0,0.0,0.019531199496636176,0.015531199496636176,0.15531199496636175
ETH,1299187,megaeth-market-cap-fdv-1pt5b-one-day-after-launch-371-844-879-681,59361386662140736273790755583050126642583489495616165418126619457111736694733,4,1777287600000000000,1777291200000000000,1777305600000000000,-1,10.0,0.0,0.015552415399440966,0.011552415399440966,0.11552415399440966
ETH,1299187,megaeth-market-cap-fdv-1pt5b-one-day-after-launch-371-844-879-681,59361386662140736273790755583050126642583489495616165418126619457111736694733,4,1777291200000000000,1777294800000000000,1777309200000000000,-1,10.0,0.0,0.010898334111785868,0.006898334111785868,0.06898334111785867
ETH,1299187,megaeth-market-cap-fdv-1pt5b-one-day-after-launch-371-844-879-681,59361386662140736273790755583050126642583489495616165418126619457111736694733,4,1777294800000000000,1777298400000000000,1777312800000000000,-1,10.0,0.0,0.011232314504806107,0.007232314504806107,0.07232314504806106
ETH,1299187,megaeth-market-cap-fdv-1pt5b-one-day-after-launch-371-844-879-681,59361386662140736273790755583050126642583489495616165418126619457111736694733,4,1777298400000000000,1777302000000000000,1777316400000000000,-1,10.0,0.0,-0.006184425094612367,-0.010184425094612367,-0.10184425094612368
ETH,1299187,megaeth-market-cap-fdv-1pt5b-one-day-after-launch-371-844-879-681,59361386662140736273790755583050126642583489495616165418126619457111736694733,4,1777302000000000000,1777305600000000000,1777320000000000000,-1,10.0,0.0,-0.005961055607255128,-0.009961055607255128,-0.09961055607255129
ETH,1299187,megaeth-market-cap-fdv-1pt5b-one-day-after-launch-371-844-879-681,59361386662140736273790755583050126642583489495616165418126619457111736694733,4,1777305600000000000,1777309200000000000,1777323600000000000,-1,10.0,0.010000000000000009,-0.001770816936880193,-0.005770816936880193,-0.05770816936880193
ETH,1299187,megaeth-market-cap-fdv-1pt5b-one-day-after-launch-371-844-879-681,59361386662140736273790755583050126642583489495616165418126619457111736694733,4,1777305600000000000,1777309200000000000,1777323600000000000,-1,10.0,0.010000000000000009,-0.0005596655998041378,-0.004559665599804138,-0.04559665599804138
BTC,1343220,will-bitcoin-dip-to-10000-by-december-31-2026-888-644-567-258-946-853,42439528758178981890895605039938161151582654744978607695897321288347422769852,24,1776996000000000000,1776999600000000000,1777086000000000000,-1,10.0,0.0004999999999999935,0.0007561310224041273,-0.0032438689775958728,-0.03243868977595873
BTC,1343220,will-bitcoin-dip-to-10000-by-december-31-2026-888-644-567-258-946-853,42439528758178981890895605039938161151582654744978607695897321288347422769852,24,1776999600000000000,1777003200000000000,1777089600000000000,1,10.0,0.0,-0.0006559804300244609,-0.004655980430024461,-0.04655980430024461
BTC,1343220,will-bitcoin-dip-to-10000-by-december-31-2026-888-644-567-258-946-853,42439528758178981890895605039938161151582654744978607695897321288347422769852,24,1777003200000000000,1777006800000000000,1777093200000000000,1,10.0,0.0,-0.005685442138054553,-0.009685442138054553,-0.09685442138054554
BTC,1343220,will-bitcoin-dip-to-10000-by-december-31-2026-888-644-567-258-946-853,42439528758178981890895605039938161151582654744978607695897321288347422769852,24,1777006800000000000,1777010400000000000,1777096800000000000,1,10.0,0.0,-0.0036781195465983574,-0.0076781195465983575,-0.07678119546598358
BTC,1343220,will-bitcoin-dip-to-10000-by-december-31-2026-888-644-567-258-946-853,42439528758178981890895605039938161151582654744978607695897321288347422769852,24,1777010400000000000,1777014000000000000,1777100400000000000,-1,10.0,-0.0004999999999999935,0.0018470054582031548,-0.0021529945417968453,-0.021529945417968453
BTC,1343220,will-bitcoin-dip-to-10000-by-december-31-2026-888-644-567-258-946-853,42439528758178981890895605039938161151582654744978607695897321288347422769852,24,1777082400000000000,1777086000000000000,1777172400000000000,1,10.0,-0.0005000000000000004,-0.003589898797706992,-0.007589898797706992,-0.07589898797706993
BTC,1343220,will-bitcoin-dip-to-10000-by-december-31-2026-888-644-567-258-946-853,42439528758178981890895605039938161151582654744978607695897321288347422769852,24,1777086000000000000,1777089600000000000,1777176000000000000,1,10.0,0.0,0.002000024478526763,-0.001999975521473237,-0.019999755214732372
BTC,1343220,will-bitcoin-dip-to-10000-by-december-31-2026-888-644-567-258-946-853,42439528758178981890895605039938161151582654744978607695897321288347422769852,24,1777089600000000000,1777093200000000000,1777179600000000000,1,10.0,0.0005000000000000004,0.0061028033958849814,0.0021028033958849814,0.021028033958849814
BTC,1343220,will-bitcoin-dip-to-10000-by-december-31-2026-888-644-567-258-946-853,42439528758178981890895605039938161151582654744978607695897321288347422769852,24,1777093200000000000,1777096800000000000,1777183200000000000,1,10.0,0.0,0.006392087699633953,0.0023920876996339525,0.023920876996339525
BTC,1343220,will-bitcoin-dip-to-10000-by-december-31-2026-888-644-567-258-946-853,42439528758178981890895605039938161151582654744978607695897321288347422769852,24,1777096800000000000,1777100400000000000,1777186800000000000,1,10.0,0.000999999999999994,0.007759106666620275,0.0037591066666202745,0.037591066666202745
BTC,1343220,will-bitcoin-dip-to-10000-by-december-31-2026-888-644-567-258-946-853,42439528758178981890895605039938161151582654744978607695897321288347422769852,24,1777168800000000000,1777172400000000000,1777258800000000000,-1,10.0,0.0,-0.022031981566975167,-0.026031981566975167,-0.26031981566975165
BTC,1343220,will-bitcoin-dip-to-10000-by-december-31-2026-888-644-567-258-946-853,42439528758178981890895605039938161151582654744978607695897321288347422769852,24,1777172400000000000,1777176000000000000,1777262400000000000,-1,10.0,0.0,-0.01478547730876123,-0.01878547730876123,-0.1878547730876123
BTC,1343220,will-bitcoin-dip-to-10000-by-december-31-2026-888-644-567-258-946-853,42439528758178981890895605039938161151582654744978607695897321288347422769852,24,1777176000000000000,1777179600000000000,1777266000000000000,-1,10.0,0.0,0.002536055471356713,-0.0014639445286432871,-0.014639445286432871
BTC,1343220,will-bitcoin-dip-to-10000-by-december-31-2026-888-644-567-258-946-853,42439528758178981890895605039938161151582654744978607695897321288347422769852,24,1777179600000000000,1777183200000000000,1777269600000000000,-1,10.0,0.0,0.003832354859752085,-0.00016764514024791496,-0.0016764514024791496
BTC,1343220,will-bitcoin-dip-to-10000-by-december-31-2026-888-644-567-258-946-853,42439528758178981890895605039938161151582654744978607695897321288347422769852,24,1777183200000000000,1777186800000000000,1777273200000000000,-1,10.0,0.0,0.006349730284025301,0.002349730284025301,0.02349730284025301
ETH,1299187,megaeth-market-cap-fdv-1pt5b-one-day-after-launch-371-844-879-681,59361386662140736273790755583050126642583489495616165418126619457111736694733,1,1777039200000000000,1777042800000000000,1777046400000000000,1,10.0,0.0,-0.0030725403539876295,-0.0070725403539876296,-0.0707254035398763
ETH,1299187,megaeth-market-cap-fdv-1pt5b-one-day-after-launch-371-844-879-681,59361386662140736273790755583050126642583489495616165418126619457111736694733,1,1777042800000000000,1777046400000000000,1777050000000000000,-1,10.0,0.010000000000000009,-0.0012647463816597426,-0.005264746381659743,-0.05264746381659743
ETH,1299187,megaeth-market-cap-fdv-1pt5b-one-day-after-launch-371-844-879-681,59361386662140736273790755583050126642583489495616165418126619457111736694733,1,1777046400000000000,1777050000000000000,1777053600000000000,-1,10.0,0.0,-0.00013795481979661517,-0.004137954819796615,-0.04137954819796615
ETH,1299187,megaeth-market-cap-fdv-1pt5b-one-day-after-launch-371-844-879-681,59361386662140736273790755583050126642583489495616165418126619457111736694733,1,1777050000000000000,1777053600000000000,1777057200000000000,-1,10.0,0.0,-0.0007241629021690343,-0.004724162902169034,-0.047241629021690344
ETH,1299187,megaeth-market-cap-fdv-1pt5b-one-day-after-launch-371-844-879-681,59361386662140736273790755583050126642583489495616165418126619457111736694733,1,1777053600000000000,1777057200000000000,1777060800000000000,-1,10.0,0.0,-0.002097691247415545,-0.006097691247415545,-0.06097691247415545
ETH,1299187,megaeth-market-cap-fdv-1pt5b-one-day-after-launch-371-844-879-681,59361386662140736273790755583050126642583489495616165418126619457111736694733,1,1777057200000000000,1777060800000000000,1777064400000000000,-1,10.0,0.0,0.004852845727647437,0.0008528457276474367,0.008528457276474367
ETH,1299187,megaeth-market-cap-fdv-1pt5b-one-day-after-launch-371-844-879-681,59361386662140736273790755583050126642583489495616165418126619457111736694733,1,1777060800000000000,1777064400000000000,1777068000000000000,-1,10.0,0.0,0.0014080978584817272,-0.002591902141518273,-0.02591902141518273
ETH,1299187,megaeth-market-cap-fdv-1pt5b-one-day-after-launch-371-844-879-681,59361386662140736273790755583050126642583489495616165418126619457111736694733,1,1777064400000000000,1777068000000000000,1777071600000000000,-1,10.0,0.0,-0.00132790061939847,-0.00532790061939847,-0.0532790061939847
ETH,1299187,megaeth-market-cap-fdv-1pt5b-one-day-after-launch-371-844-879-681,59361386662140736273790755583050126642583489495616165418126619457111736694733,1,1777068000000000000,1777071600000000000,1777075200000000000,-1,10.0,-0.030000000000000027,-0.00045356567414978066,-0.004453565674149781,-0.04453565674149781
ETH,1299187,megaeth-market-cap-fdv-1pt5b-one-day-after-launch-371-844-879-681,59361386662140736273790755583050126642583489495616165418126619457111736694733,1,1777071600000000000,1777075200000000000,1777078800000000000,-1,10.0,0.0,-0.0008462720851107886,-0.004846272085110789,-0.048462720851107886
ETH,1299187,megaeth-market-cap-fdv-1pt5b-one-day-after-launch-371-844-879-681,59361386662140736273790755583050126642583489495616165418126619457111736694733,1,1777075200000000000,1777078800000000000,1777082400000000000,-1,10.0,0.0,0.0002588438308886998,-0.0037411561691113003,-0.037411561691113
ETH,1299187,megaeth-market-cap-fdv-1pt5b-one-day-after-launch-371-844-879-681,59361386662140736273790755583050126642583489495616165418126619457111736694733,1,1777078800000000000,1777082400000000000,1777086000000000000,-1,10.0,0.010000000000000009,-0.00044446362302563713,-0.004444463623025637,-0.04444463623025637
ETH,1299187,megaeth-market-cap-fdv-1pt5b-one-day-after-launch-371-844-879-681,59361386662140736273790755583050126642583489495616165418126619457111736694733,1,1777082400000000000,1777086000000000000,1777089600000000000,-1,10.0,0.0,0.0007073752496300489,-0.003292624750369951,-0.03292624750369951
ETH,1299187,megaeth-market-cap-fdv-1pt5b-one-day-after-launch-371-844-879-681,59361386662140736273790755583050126642583489495616165418126619457111736694733,1,1777086000000000000,1777089600000000000,1777093200000000000,-1,10.0,0.0,0.00033667272389803493,-0.003663327276101965,-0.03663327276101965
ETH,1299187,megaeth-market-cap-fdv-1pt5b-one-day-after-launch-371-844-879-681,59361386662140736273790755583050126642583489495616165418126619457111736694733,1,1777089600000000000,1777093200000000000,1777096800000000000,-1,10.0,0.0,-0.0,-0.004,-0.04
ETH,1299187,megaeth-market-cap-fdv-1pt5b-one-day-after-launch-371-844-879-681,59361386662140736273790755583050126642583489495616165418126619457111736694733,1,1777093200000000000,1777096800000000000,1777100400000000000,-1,10.0,0.0,-0.00020293522048686619,-0.004202935220486866,-0.04202935220486866
ETH,1299187,megaeth-market-cap-fdv-1pt5b-one-day-after-launch-371-844-879-681,59361386662140736273790755583050126642583489495616165418126619457111736694733,1,1777096800000000000,1777100400000000000,1777104000000000000,-1,10.0,0.0,-0.001277800801215756,-0.005277800801215756,-0.05277800801215756
ETH,1299187,megaeth-market-cap-fdv-1pt5b-one-day-after-launch-371-844-879-681,59361386662140736273790755583050126642583489495616165418126619457111736694733,1,1777100400000000000,1777104000000000000,1777107600000000000,-1,10.0,0.0,0.00013796433621915405,-0.003862035663780846,-0.03862035663780846
ETH,1299187,megaeth-market-cap-fdv-1pt5b-one-day-after-launch-371-844-879-681,59361386662140736273790755583050126642583489495616165418126619457111736694733,1,1777104000000000000,1777107600000000000,1777111200000000000,-1,10.0,0.0,-0.0006209251785160852,-0.004620925178516085,-0.04620925178516085
ETH,1299187,megaeth-market-cap-fdv-1pt5b-one-day-after-launch-371-844-879-681,59361386662140736273790755583050126642583489495616165418126619457111736694733,1,1777107600000000000,1777111200000000000,1777114800000000000,-1,10.0,0.0,0.002982038818216348,-0.0010179611817836519,-0.010179611817836519
ETH,1299187,megaeth-market-cap-fdv-1pt5b-one-day-after-launch-371-844-879-681,59361386662140736273790755583050126642583489495616165418126619457111736694733,1,1777111200000000000,1777114800000000000,1777118400000000000,-1,10.0,0.0,3.8899742397124903e-05,-0.003961100257602875,-0.03961100257602875
ETH,1299187,megaeth-market-cap-fdv-1pt5b-one-day-after-launch-371-844-879-681,59361386662140736273790755583050126642583489495616165418126619457111736694733,1,1777114800000000000,1777118400000000000,1777122000000000000,-1,10.0,-0.019999999999999907,-0.0011670376693824203,-0.00516703766938242,-0.0516703766938242
ETH,1299187,megaeth-market-cap-fdv-1pt5b-one-day-after-launch-371-844-879-681,59361386662140736273790755583050126642583489495616165418126619457111736694733,1,1777118400000000000,1777122000000000000,1777125600000000000,1,10.0,0.009999999999999898,-9.929843497036295e-05,-0.004099298434970363,-0.04099298434970363
ETH,1299187,megaeth-market-cap-fdv-1pt5b-one-day-after-launch-371-844-879-681,59361386662140736273790755583050126642583489495616165418126619457111736694733,1,1777122000000000000,1777125600000000000,1777129200000000000,1,10.0,-0.009999999999999898,-0.003423977340437423,-0.007423977340437423,-0.07423977340437424
ETH,1299187,megaeth-market-cap-fdv-1pt5b-one-day-after-launch-371-844-879-681,59361386662140736273790755583050126642583489495616165418126619457111736694733,1,1777125600000000000,1777129200000000000,1777132800000000000,1,10.0,0.0,0.0006238924825288095,-0.0033761075174711906,-0.033761075174711906
ETH,1299187,megaeth-market-cap-fdv-1pt5b-one-day-after-launch-371-844-879-681,59361386662140736273790755583050126642583489495616165418126619457111736694733,1,1777129200000000000,1777132800000000000,1777136400000000000,1,10.0,0.0,-7.360805012279759e-05,-0.004073608050122798,-0.04073608050122798
ETH,1299187,megaeth-market-cap-fdv-1pt5b-one-day-after-launch-371-844-879-681,59361386662140736273790755583050126642583489495616165418126619457111736694733,1,1777132800000000000,1777136400000000000,1777140000000000000,1,10.0,0.0,0.000948314684587892,-0.003051685315412108,-0.03051685315412108
ETH,1299187,megaeth-market-cap-fdv-1pt5b-one-day-after-launch-371-844-879-681,59361386662140736273790755583050126642583489495616165418126619457111736694733,1,1777136400000000000,1777140000000000000,1777143600000000000,1,10.0,0.0,-0.000644589128506956,-0.004644589128506956,-0.04644589128506956
ETH,1299187,megaeth-market-cap-fdv-1pt5b-one-day-after-launch-371-844-879-681,59361386662140736273790755583050126642583489495616165418126619457111736694733,1,1777140000000000000,1777143600000000000,1777147200000000000,1,10.0,0.0,0.0013592720535395841,-0.002640727946460416,-0.02640727946460416
ETH,1299187,megaeth-market-cap-fdv-1pt5b-one-day-after-launch-371-844-879-681,59361386662140736273790755583050126642583489495616165418126619457111736694733,1,1777143600000000000,1777147200000000000,1777150800000000000,1,10.0,-0.010000000000000009,0.0011239840913022103,-0.0028760159086977898,-0.028760159086977898
ETH,1299187,megaeth-market-cap-fdv-1pt5b-one-day-after-launch-371-844-879-681,59361386662140736273790755583050126642583489495616165418126619457111736694733,1,1777147200000000000,1777150800000000000,1777154400000000000,1,10.0,0.0,0.0008420416270833453,-0.003157958372916655,-0.03157958372916655
ETH,1299187,megaeth-market-cap-fdv-1pt5b-one-day-after-launch-371-844-879-681,59361386662140736273790755583050126642583489495616165418126619457111736694733,1,1777150800000000000,1777154400000000000,1777158000000000000,1,10.0,0.0,0.0007550426059756976,-0.0032449573940243025,-0.032449573940243025
ETH,1299187,megaeth-market-cap-fdv-1pt5b-one-day-after-launch-371-844-879-681,59361386662140736273790755583050126642583489495616165418126619457111736694733,1,1777154400000000000,1777158000000000000,1777161600000000000,1,10.0,0.0,-0.0017805561543436932,-0.005780556154343693,-0.05780556154343693
ETH,1299187,megaeth-market-cap-fdv-1pt5b-one-day-after-launch-371-844-879-681,59361386662140736273790755583050126642583489495616165418126619457111736694733,1,1777158000000000000,1777161600000000000,1777165200000000000,1,10.0,-0.0050000000000000044,-0.0006564825492253457,-0.004656482549225346,-0.04656482549225346
ETH,1299187,megaeth-market-cap-fdv-1pt5b-one-day-after-launch-371-844-879-681,59361386662140736273790755583050126642583489495616165418126619457111736694733,1,1777161600000000000,1777165200000000000,1777168800000000000,1,10.0,0.0,0.0005618341724831222,-0.003438165827516878,-0.03438165827516878
ETH,1299187,megaeth-market-cap-fdv-1pt5b-one-day-after-launch-371-844-879-681,59361386662140736273790755583050126642583489495616165418126619457111736694733,1,1777165200000000000,1777168800000000000,1777172400000000000,-1,10.0,0.0,0.0022244778956007627,-0.0017755221043992374,-0.017755221043992374
ETH,1299187,megaeth-market-cap-fdv-1pt5b-one-day-after-launch-371-844-879-681,59361386662140736273790755583050126642583489495616165418126619457111736694733,1,1777168800000000000,1777172400000000000,1777176000000000000,1,10.0,-0.0050000000000000044,0.003350649350649215,-0.0006493506493507849,-0.006493506493507849
ETH,1299187,megaeth-market-cap-fdv-1pt5b-one-day-after-launch-371-844-879-681,59361386662140736273790755583050126642583489495616165418126619457111736694733,1,1777172400000000000,1777176000000000000,1777179600000000000,1,10.0,-0.0050000000000000044,0.00435769327016855,0.00035769327016854993,0.0035769327016854993
ETH,1299187,megaeth-market-cap-fdv-1pt5b-one-day-after-launch-371-844-879-681,59361386662140736273790755583050126642583489495616165418126619457111736694733,1,1777176000000000000,1777179600000000000,1777183200000000000,1,10.0,0.0,0.0009236029967694126,-0.0030763970032305875,-0.030763970032305875
ETH,1299187,megaeth-market-cap-fdv-1pt5b-one-day-after-launch-371-844-879-681,59361386662140736273790755583050126642583489495616165418126619457111736694733,1,1777179600000000000,1777183200000000000,1777186800000000000,1,10.0,0.0050000000000000044,0.0005364829891973955,-0.0034635170108026046,-0.034635170108026046
ETH,1299187,megaeth-market-cap-fdv-1pt5b-one-day-after-launch-371-844-879-681,59361386662140736273790755583050126642583489495616165418126619457111736694733,1,1777183200000000000,1777186800000000000,1777190400000000000,1,10.0,0.0,0.0004890101405261582,-0.003510989859473842,-0.03510989859473842
ETH,1299187,megaeth-market-cap-fdv-1pt5b-one-day-after-launch-371-844-879-681,59361386662140736273790755583050126642583489495616165418126619457111736694733,1,1777186800000000000,1777190400000000000,1777194000000000000,1,10.0,0.0,0.000990404651043164,-0.003009595348956836,-0.03009595348956836
ETH,1299187,megaeth-market-cap-fdv-1pt5b-one-day-after-launch-371-844-879-681,59361386662140736273790755583050126642583489495616165418126619457111736694733,1,1777190400000000000,1777194000000000000,1777197600000000000,1,10.0,0.0,-0.0007452809580715813,-0.004745280958071581,-0.047452809580715814
ETH,1299187,megaeth-market-cap-fdv-1pt5b-one-day-after-launch-371-844-879-681,59361386662140736273790755583050126642583489495616165418126619457111736694733,1,1777194000000000000,1777197600000000000,1777201200000000000,1,10.0,0.0,0.0012859255449109153,-0.002714074455089085,-0.027140744550890848
ETH,1299187,megaeth-market-cap-fdv-1pt5b-one-day-after-launch-371-844-879-681,59361386662140736273790755583050126642583489495616165418126619457111736694733,1,1777197600000000000,1777201200000000000,1777204800000000000,1,10.0,0.0,-0.003022324964147338,-0.007022324964147338,-0.07022324964147339
ETH,1299187,megaeth-market-cap-fdv-1pt5b-one-day-after-launch-371-844-879-681,59361386662140736273790755583050126642583489495616165418126619457111736694733,1,1777201200000000000,1777204800000000000,1777208400000000000,1,10.0,0.0,0.0027180330543734588,-0.0012819669456265413,-0.012819669456265413
ETH,1299187,megaeth-market-cap-fdv-1pt5b-one-day-after-launch-371-844-879-681,59361386662140736273790755583050126642583489495616165418126619457111736694733,1,1777204800000000000,1777208400000000000,1777212000000000000,1,10.0,0.0,0.004701912453644708,0.0007019124536447076,0.007019124536447076
ETH,1299187,megaeth-market-cap-fdv-1pt5b-one-day-after-launch-371-844-879-681,59361386662140736273790755583050126642583489495616165418126619457111736694733,1,1777208400000000000,1777212000000000000,1777215600000000000,1,10.0,0.0,0.0007885090785100246,-0.0032114909214899755,-0.032114909214899755
ETH,1299187,megaeth-market-cap-fdv-1pt5b-one-day-after-launch-371-844-879-681,59361386662140736273790755583050126642583489495616165418126619457111736694733,1,1777212000000000000,1777215600000000000,1777219200000000000,1,10.0,0.0,-0.002184791635612582,-0.006184791635612582,-0.06184791635612582
ETH,1299187,megaeth-market-cap-fdv-1pt5b-one-day-after-launch-371-844-879-681,59361386662140736273790755583050126642583489495616165418126619457111736694733,1,1777215600000000000,1777219200000000000,1777222800000000000,1,10.0,0.0,0.0027785839892100483,-0.0012214160107899517,-0.012214160107899517
ETH,1299187,megaeth-market-cap-fdv-1pt5b-one-day-after-launch-371-844-879-681,59361386662140736273790755583050126642583489495616165418126619457111736694733,1,1777219200000000000,1777222800000000000,1777226400000000000,1,10.0,0.0,0.005345977534976454,0.0013459775349764537,0.013459775349764537
ETH,1299187,megaeth-market-cap-fdv-1pt5b-one-day-after-launch-371-844-879-681,59361386662140736273790755583050126642583489495616165418126619457111736694733,1,1777222800000000000,1777226400000000000,1777230000000000000,1,10.0,0.0,0.00229044153446889,-0.00170955846553111,-0.0170955846553111
ETH,1299187,megaeth-market-cap-fdv-1pt5b-one-day-after-launch-371-844-879-681,59361386662140736273790755583050126642583489495616165418126619457111736694733,1,1777226400000000000,1777230000000000000,1777233600000000000,1,10.0,0.0,-0.0020697811945594724,-0.0060697811945594725,-0.060697811945594725
ETH,1299187,megaeth-market-cap-fdv-1pt5b-one-day-after-launch-371-844-879-681,59361386662140736273790755583050126642583489495616165418126619457111736694733,1,1777230000000000000,1777233600000000000,1777237200000000000,1,10.0,0.0,0.000778835978836101,-0.003221164021163899,-0.03221164021163899
ETH,1299187,megaeth-market-cap-fdv-1pt5b-one-day-after-launch-371-844-879-681,59361386662140736273790755583050126642583489495616165418126619457111736694733,1,1777233600000000000,1777237200000000000,1777240800000000000,1,10.0,0.0,-0.0010362299838433398,-0.00503622998384334,-0.0503622998384334
ETH,1299187,megaeth-market-cap-fdv-1pt5b-one-day-after-launch-371-844-879-681,59361386662140736273790755583050126642583489495616165418126619457111736694733,1,1777237200000000000,1777240800000000000,1777244400000000000,1,10.0,0.010000000000000009,0.0031965925593486766,-0.0008034074406513235,-0.008034074406513235
ETH,1299187,megaeth-market-cap-fdv-1pt5b-one-day-after-launch-371-844-879-681,59361386662140736273790755583050126642583489495616165418126619457111736694733,1,1777240800000000000,1777244400000000000,1777248000000000000,1,10.0,0.0,0.008997906678371415,0.0049979066783714145,0.049979066783714145
ETH,1299187,megaeth-market-cap-fdv-1pt5b-one-day-after-launch-371-844-879-681,59361386662140736273790755583050126642583489495616165418126619457111736694733,1,1777244400000000000,1777248000000000000,1777251600000000000,-1,10.0,0.0,-0.0016103665779918508,-0.005610366577991851,-0.05610366577991851
ETH,1299187,megaeth-market-cap-fdv-1pt5b-one-day-after-launch-371-844-879-681,59361386662140736273790755583050126642583489495616165418126619457111736694733,1,1777248000000000000,1777251600000000000,1777255200000000000,-1,10.0,0.019999999999999907,0.001023131115296505,-0.002976868884703495,-0.02976868884703495
ETH,1299187,megaeth-market-cap-fdv-1pt5b-one-day-after-launch-371-844-879-681,59361386662140736273790755583050126642583489495616165418126619457111736694733,1,1777251600000000000,1777255200000000000,1777258800000000000,-1,10.0,0.0,-0.001124506721958518,-0.005124506721958518,-0.05124506721958518
ETH,1299187,megaeth-market-cap-fdv-1pt5b-one-day-after-launch-371-844-879-681,59361386662140736273790755583050126642583489495616165418126619457111736694733,1,1777255200000000000,1777258800000000000,1777262400000000000,-1,10.0,0.010000000000000009,0.0050149278660457375,0.0010149278660457374,0.010149278660457374
ETH,1299187,megaeth-market-cap-fdv-1pt5b-one-day-after-launch-371-844-879-681,59361386662140736273790755583050126642583489495616165418126619457111736694733,1,1777258800000000000,1777262400000000000,1777266000000000000,-1,10.0,0.0,0.02503735038861199,0.02103735038861199,0.2103735038861199
ETH,1299187,megaeth-market-cap-fdv-1pt5b-one-day-after-launch-371-844-879-681,59361386662140736273790755583050126642583489495616165418126619457111736694733,1,1777262400000000000,1777266000000000000,1777269600000000000,-1,10.0,0.0,0.0009383689597878275,-0.0030616310402121726,-0.030616310402121726
ETH,1299187,megaeth-market-cap-fdv-1pt5b-one-day-after-launch-371-844-879-681,59361386662140736273790755583050126642583489495616165418126619457111736694733,1,1777266000000000000,1777269600000000000,1777273200000000000,-1,10.0,0.010000000000000009,0.002149935372684042,-0.001850064627315958,-0.01850064627315958
ETH,1299187,megaeth-market-cap-fdv-1pt5b-one-day-after-launch-371-844-879-681,59361386662140736273790755583050126642583489495616165418126619457111736694733,1,1777269600000000000,1777273200000000000,1777276800000000000,-1,10.0,-0.010000000000000009,-0.0015846218280575197,-0.00558462182805752,-0.0558462182805752
ETH,1299187,megaeth-market-cap-fdv-1pt5b-one-day-after-launch-371-844-879-681,59361386662140736273790755583050126642583489495616165418126619457111736694733,1,1777273200000000000,1777276800000000000,1777280400000000000,-1,10.0,0.0,-0.0010820457994207278,-0.005082045799420728,-0.05082045799420728
ETH,1299187,megaeth-market-cap-fdv-1pt5b-one-day-after-launch-371-844-879-681,59361386662140736273790755583050126642583489495616165418126619457111736694733,1,1777276800000000000,1777280400000000000,1777284000000000000,-1,10.0,0.0,0.0008827873688200816,-0.0031172126311799185,-0.031172126311799185
ETH,1299187,megaeth-market-cap-fdv-1pt5b-one-day-after-launch-371-844-879-681,59361386662140736273790755583050126642583489495616165418126619457111736694733,1,1777280400000000000,1777284000000000000,1777287600000000000,-1,10.0,0.010000000000000009,-0.00010775211840674537,-0.0041077521184067455,-0.041077521184067455
ETH,1299187,megaeth-market-cap-fdv-1pt5b-one-day-after-launch-371-844-879-681,59361386662140736273790755583050126642583489495616165418126619457111736694733,1,1777284000000000000,1777287600000000000,1777291200000000000,-1,10.0,0.0,0.002706441589560238,-0.0012935584104397622,-0.012935584104397622
ETH,1299187,megaeth-market-cap-fdv-1pt5b-one-day-after-launch-371-844-879-681,59361386662140736273790755583050126642583489495616165418126619457111736694733,1,1777287600000000000,1777291200000000000,1777294800000000000,-1,10.0,0.0,0.0007908007830224051,-0.003209199216977595,-0.03209199216977595
ETH,1299187,megaeth-market-cap-fdv-1pt5b-one-day-after-launch-371-844-879-681,59361386662140736273790755583050126642583489495616165418126619457111736694733,1,1777291200000000000,1777294800000000000,1777298400000000000,-1,10.0,0.0,-0.0010682097323853057,-0.005068209732385306,-0.05068209732385306
ETH,1299187,megaeth-market-cap-fdv-1pt5b-one-day-after-launch-371-844-879-681,59361386662140736273790755583050126642583489495616165418126619457111736694733,1,1777294800000000000,1777298400000000000,1777302000000000000,-1,10.0,0.0,0.017142239982719465,0.013142239982719465,0.13142239982719464
ETH,1299187,megaeth-market-cap-fdv-1pt5b-one-day-after-launch-371-844-879-681,59361386662140736273790755583050126642583489495616165418126619457111736694733,1,1777298400000000000,1777302000000000000,1777305600000000000,-1,10.0,0.0,-0.0013406180908717147,-0.005340618090871715,-0.05340618090871715
ETH,1299187,megaeth-market-cap-fdv-1pt5b-one-day-after-launch-371-844-879-681,59361386662140736273790755583050126642583489495616165418126619457111736694733,1,1777302000000000000,1777305600000000000,1777309200000000000,-1,10.0,0.0,-0.003933067617158059,-0.00793306761715806,-0.0793306761715806
ETH,1299187,megaeth-market-cap-fdv-1pt5b-one-day-after-launch-371-844-879-681,59361386662140736273790755583050126642583489495616165418126619457111736694733,1,1777305600000000000,1777309200000000000,1777312800000000000,-1,10.0,0.010000000000000009,-0.0007301887122443951,-0.004730188712244395,-0.04730188712244395
ETH,1299187,megaeth-market-cap-fdv-1pt5b-one-day-after-launch-371-844-879-681,59361386662140736273790755583050126642583489495616165418126619457111736694733,1,1777309200000000000,1777312800000000000,1777316400000000000,-1,10.0,0.0,-0.0001703986892407361,-0.004170398689240736,-0.04170398689240736
ETH,1299187,megaeth-market-cap-fdv-1pt5b-one-day-after-launch-371-844-879-681,59361386662140736273790755583050126642583489495616165418126619457111736694733,1,1777312800000000000,1777316400000000000,1777320000000000000,1,10.0,0.0,0.0011183239120367006,-0.0028816760879632995,-0.028816760879632995
ETH,1299187,megaeth-market-cap-fdv-1pt5b-one-day-after-launch-371-844-879-681,59361386662140736273790755583050126642583489495616165418126619457111736694733,1,1777316400000000000,1777320000000000000,1777323600000000000,1,10.0,0.0,-0.0002487236549285621,-0.004248723654928562,-0.04248723654928562
ETH,1299187,megaeth-market-cap-fdv-1pt5b-one-day-after-launch-371-844-879-681,59361386662140736273790755583050126642583489495616165418126619457111736694733,1,1777316400000000000,1777320000000000000,1777323600000000000,1,10.0,0.0,-0.0014574333464238975,-0.005457433346423898,-0.054574333464238976
BTC,1345530,will-bitcoin-reach-80000-by-december-31-2026-195-842-488-785,57919935471407397521237084573781793510659396827525482575585173092467716045100,1,1777039200000000000,1777042800000000000,1777046400000000000,1,10.0,-0.0004999999999999449,-0.003348854708091875,-0.007348854708091875,-0.07348854708091876
BTC,1345530,will-bitcoin-reach-80000-by-december-31-2026-195-842-488-785,57919935471407397521237084573781793510659396827525482575585173092467716045100,1,1777042800000000000,1777046400000000000,1777050000000000000,1,10.0,-0.0040000000000000036,-0.0012287650069531253,-0.005228765006953125,-0.052287650069531254
BTC,1345530,will-bitcoin-reach-80000-by-december-31-2026-195-842-488-785,57919935471407397521237084573781793510659396827525482575585173092467716045100,1,1777046400000000000,1777050000000000000,1777053600000000000,1,10.0,0.0004999999999999449,-0.0008170520448120833,-0.004817052044812083,-0.048170520448120834
BTC,1345530,will-bitcoin-reach-80000-by-december-31-2026-195-842-488-785,57919935471407397521237084573781793510659396827525482575585173092467716045100,1,1777050000000000000,1777053600000000000,1777057200000000000,1,10.0,0.000500000000000056,0.00013669467382926292,-0.003863305326170737,-0.03863305326170737
BTC,1345530,will-bitcoin-reach-80000-by-december-31-2026-195-842-488-785,57919935471407397521237084573781793510659396827525482575585173092467716045100,1,1777053600000000000,1777057200000000000,1777060800000000000,1,10.0,0.0,0.001152406611717005,-0.002847593388282995,-0.02847593388282995
BTC,1345530,will-bitcoin-reach-80000-by-december-31-2026-195-842-488-785,57919935471407397521237084573781793510659396827525482575585173092467716045100,1,1777057200000000000,1777060800000000000,1777064400000000000,1,10.0,0.0,-0.0023396031128314343,-0.006339603112831434,-0.06339603112831435
BTC,1345530,will-bitcoin-reach-80000-by-december-31-2026-195-842-488-785,57919935471407397521237084573781793510659396827525482575585173092467716045100,1,1777060800000000000,1777064400000000000,1777068000000000000,1,10.0,0.0,-0.002677062461437396,-0.006677062461437396,-0.06677062461437397
BTC,1345530,will-bitcoin-reach-80000-by-december-31-2026-195-842-488-785,57919935471407397521237084573781793510659396827525482575585173092467716045100,1,1777064400000000000,1777068000000000000,1777071600000000000,1,10.0,-0.000500000000000056,0.0013994765993727842,-0.002600523400627216,-0.02600523400627216
BTC,1345530,will-bitcoin-reach-80000-by-december-31-2026-195-842-488-785,57919935471407397521237084573781793510659396827525482575585173092467716045100,1,1777068000000000000,1777071600000000000,1777075200000000000,1,10.0,0.0,0.00025504560925737607,-0.003744954390742624,-0.03744954390742624
BTC,1345530,will-bitcoin-reach-80000-by-december-31-2026-195-842-488-785,57919935471407397521237084573781793510659396827525482575585173092467716045100,1,1777071600000000000,1777075200000000000,1777078800000000000,1,10.0,0.0,0.0010941571620235457,-0.0029058428379764543,-0.029058428379764543
BTC,1345530,will-bitcoin-reach-80000-by-december-31-2026-195-842-488-785,57919935471407397521237084573781793510659396827525482575585173092467716045100,1,1777075200000000000,1777078800000000000,1777082400000000000,1,10.0,-0.0010000000000000009,0.0008533480660646298,-0.0031466519339353703,-0.0314665193393537
BTC,1345530,will-bitcoin-reach-80000-by-december-31-2026-195-842-488-785,57919935471407397521237084573781793510659396827525482575585173092467716045100,1,1777078800000000000,1777082400000000000,1777086000000000000,1,10.0,0.0,0.000918335528129921,-0.003081664471870079,-0.03081664471870079
BTC,1345530,will-bitcoin-reach-80000-by-december-31-2026-195-842-488-785,57919935471407397521237084573781793510659396827525482575585173092467716045100,1,1777082400000000000,1777086000000000000,1777089600000000000,1,10.0,0.000500000000000056,-0.000772666305093539,-0.004772666305093539,-0.04772666305093539
BTC,1345530,will-bitcoin-reach-80000-by-december-31-2026-195-842-488-785,57919935471407397521237084573781793510659396827525482575585173092467716045100,1,1777086000000000000,1777089600000000000,1777093200000000000,1,10.0,-0.013500000000000068,-0.0014013312453580173,-0.005401331245358017,-0.054013312453580174
BTC,1345530,will-bitcoin-reach-80000-by-december-31-2026-195-842-488-785,57919935471407397521237084573781793510659396827525482575585173092467716045100,1,1777089600000000000,1777093200000000000,1777096800000000000,1,10.0,0.013500000000000068,-8.579507131178943e-05,-0.0040857950713117895,-0.040857950713117895
BTC,1345530,will-bitcoin-reach-80000-by-december-31-2026-195-842-488-785,57919935471407397521237084573781793510659396827525482575585173092467716045100,1,1777093200000000000,1777096800000000000,1777100400000000000,1,10.0,0.013499999999999956,-3.1482396372961574e-05,-0.004031482396372962,-0.04031482396372962
BTC,1345530,will-bitcoin-reach-80000-by-december-31-2026-195-842-488-785,57919935471407397521237084573781793510659396827525482575585173092467716045100,1,1777096800000000000,1777100400000000000,1777104000000000000,1,10.0,0.009499999999999953,0.0018345524759038057,-0.0021654475240961944,-0.021654475240961944
BTC,1345530,will-bitcoin-reach-80000-by-december-31-2026-195-842-488-785,57919935471407397521237084573781793510659396827525482575585173092467716045100,1,1777100400000000000,1777104000000000000,1777107600000000000,1,10.0,0.0,0.0009167556740519167,-0.0030832443259480834,-0.030832443259480834
BTC,1345530,will-bitcoin-reach-80000-by-december-31-2026-195-842-488-785,57919935471407397521237084573781793510659396827525482575585173092467716045100,1,1777104000000000000,1777107600000000000,1777111200000000000,1,10.0,-0.017999999999999905,0.0009421659135901983,-0.0030578340864098018,-0.030578340864098018
BTC,1345530,will-bitcoin-reach-80000-by-december-31-2026-195-842-488-785,57919935471407397521237084573781793510659396827525482575585173092467716045100,1,1777107600000000000,1777111200000000000,1777114800000000000,1,10.0,-0.007000000000000006,-0.0013558686667582975,-0.005355868666758298,-0.053558686667582976
BTC,1345530,will-bitcoin-reach-80000-by-december-31-2026-195-842-488-785,57919935471407397521237084573781793510659396827525482575585173092467716045100,1,1777111200000000000,1777114800000000000,1777118400000000000,1,10.0,0.0014999999999999458,-0.0016111778358777196,-0.00561117783587772,-0.056111778358777196
BTC,1345530,will-bitcoin-reach-80000-by-december-31-2026-195-842-488-785,57919935471407397521237084573781793510659396827525482575585173092467716045100,1,1777114800000000000,1777118400000000000,1777122000000000000,1,10.0,0.014000000000000012,0.0017348499441831589,-0.0022651500558168412,-0.022651500558168412
BTC,1345530,will-bitcoin-reach-80000-by-december-31-2026-195-842-488-785,57919935471407397521237084573781793510659396827525482575585173092467716045100,1,1777118400000000000,1777122000000000000,1777125600000000000,1,10.0,-0.02849999999999997,-0.00044972634782436405,-0.004449726347824364,-0.04449726347824364
BTC,1345530,will-bitcoin-reach-80000-by-december-31-2026-195-842-488-785,57919935471407397521237084573781793510659396827525482575585173092467716045100,1,1777122000000000000,1777125600000000000,1777129200000000000,1,10.0,-0.01550000000000007,-0.004204270716969272,-0.008204270716969272,-0.08204270716969272
BTC,1345530,will-bitcoin-reach-80000-by-december-31-2026-195-842-488-785,57919935471407397521237084573781793510659396827525482575585173092467716045100,1,1777125600000000000,1777129200000000000,1777132800000000000,1,10.0,-0.0004999999999999449,0.0008665430583061351,-0.003133456941693865,-0.03133456941693865
BTC,1345530,will-bitcoin-reach-80000-by-december-31-2026-195-842-488-785,57919935471407397521237084573781793510659396827525482575585173092467716045100,1,1777129200000000000,1777132800000000000,1777136400000000000,1,10.0,0.0010000000000000009,-0.0019574333823402235,-0.0059574333823402235,-0.059574333823402235
BTC,1345530,will-bitcoin-reach-80000-by-december-31-2026-195-842-488-785,57919935471407397521237084573781793510659396827525482575585173092467716045100,1,1777132800000000000,1777136400000000000,1777140000000000000,1,10.0,0.0,0.0008703389195290345,-0.0031296610804709656,-0.031296610804709656
BTC,1345530,will-bitcoin-reach-80000-by-december-31-2026-195-842-488-785,57919935471407397521237084573781793510659396827525482575585173092467716045100,1,1777136400000000000,1777140000000000000,1777143600000000000,1,10.0,0.0004999999999999449,0.0002200147452562362,-0.003779985254743764,-0.03779985254743764
BTC,1345530,will-bitcoin-reach-80000-by-december-31-2026-195-842-488-785,57919935471407397521237084573781793510659396827525482575585173092467716045100,1,1777140000000000000,1777143600000000000,1777147200000000000,1,10.0,0.0030000000000000027,0.0019283587316232254,-0.0020716412683767747,-0.020716412683767747
BTC,1345530,will-bitcoin-reach-80000-by-december-31-2026-195-842-488-785,57919935471407397521237084573781793510659396827525482575585173092467716045100,1,1777143600000000000,1777147200000000000,1777150800000000000,1,10.0,0.000500000000000056,0.0006028720250212949,-0.003397127974978705,-0.03397127974978705
BTC,1345530,will-bitcoin-reach-80000-by-december-31-2026-195-842-488-785,57919935471407397521237084573781793510659396827525482575585173092467716045100,1,1777147200000000000,1777150800000000000,1777154400000000000,1,10.0,0.0,0.0004020594939699862,-0.003597940506030014,-0.03597940506030014
BTC,1345530,will-bitcoin-reach-80000-by-december-31-2026-195-842-488-785,57919935471407397521237084573781793510659396827525482575585173092467716045100,1,1777150800000000000,1777154400000000000,1777158000000000000,1,10.0,0.02400000000000002,0.0008766454508755128,-0.0031233545491244873,-0.031233545491244873
BTC,1345530,will-bitcoin-reach-80000-by-december-31-2026-195-842-488-785,57919935471407397521237084573781793510659396827525482575585173092467716045100,1,1777154400000000000,1777158000000000000,1777161600000000000,1,10.0,-0.0010000000000000009,-0.001579388083736033,-0.005579388083736033,-0.05579388083736033
BTC,1345530,will-bitcoin-reach-80000-by-december-31-2026-195-842-488-785,57919935471407397521237084573781793510659396827525482575585173092467716045100,1,1777158000000000000,1777161600000000000,1777165200000000000,1,10.0,-0.0010000000000000009,-0.0005321125539337057,-0.004532112553933706,-0.04532112553933706
BTC,1345530,will-bitcoin-reach-80000-by-december-31-2026-195-842-488-785,57919935471407397521237084573781793510659396827525482575585173092467716045100,1,1777161600000000000,1777165200000000000,1777168800000000000,1,10.0,-0.0030000000000000027,0.0006649784227346078,-0.0033350215772653923,-0.03335021577265392
BTC,1345530,will-bitcoin-reach-80000-by-december-31-2026-195-842-488-785,57919935471407397521237084573781793510659396827525482575585173092467716045100,1,1777165200000000000,1777168800000000000,1777172400000000000,1,10.0,0.0,-0.0014508595820527104,-0.0054508595820527105,-0.054508595820527105
BTC,1345530,will-bitcoin-reach-80000-by-december-31-2026-195-842-488-785,57919935471407397521237084573781793510659396827525482575585173092467716045100,1,1777168800000000000,1777172400000000000,1777176000000000000,1,10.0,0.0,0.00483306182244192,0.0008330618224419196,0.008330618224419196
BTC,1345530,will-bitcoin-reach-80000-by-december-31-2026-195-842-488-785,57919935471407397521237084573781793510659396827525482575585173092467716045100,1,1777172400000000000,1777176000000000000,1777179600000000000,1,10.0,0.0,0.0026875205160985516,-0.0013124794839014485,-0.013124794839014485
BTC,1345530,will-bitcoin-reach-80000-by-december-31-2026-195-842-488-785,57919935471407397521237084573781793510659396827525482575585173092467716045100,1,1777176000000000000,1777179600000000000,1777183200000000000,1,10.0,0.0004999999999999449,0.00020170982739764476,-0.0037982901726023553,-0.03798290172602355
BTC,1345530,will-bitcoin-reach-80000-by-december-31-2026-195-842-488-785,57919935471407397521237084573781793510659396827525482575585173092467716045100,1,1777179600000000000,1777183200000000000,1777186800000000000,1,10.0,0.0,0.0013268112017790212,-0.002673188798220979,-0.02673188798220979
BTC,1345530,will-bitcoin-reach-80000-by-december-31-2026-195-842-488-785,57919935471407397521237084573781793510659396827525482575585173092467716045100,1,1777183200000000000,1777186800000000000,1777190400000000000,1,10.0,0.0,-0.0008954895571244847,-0.004895489557124485,-0.04895489557124485
BTC,1345530,will-bitcoin-reach-80000-by-december-31-2026-195-842-488-785,57919935471407397521237084573781793510659396827525482575585173092467716045100,1,1777186800000000000,1777190400000000000,1777194000000000000,1,10.0,0.0,-0.00041777416333343975,-0.00441777416333344,-0.0441777416333344
BTC,1345530,will-bitcoin-reach-80000-by-december-31-2026-195-842-488-785,57919935471407397521237084573781793510659396827525482575585173092467716045100,1,1777190400000000000,1777194000000000000,1777197600000000000,1,10.0,0.0,3.128205529234762e-05,-0.0039687179447076525,-0.039687179447076525
BTC,1345530,will-bitcoin-reach-80000-by-december-31-2026-195-842-488-785,57919935471407397521237084573781793510659396827525482575585173092467716045100,1,1777194000000000000,1777197600000000000,1777201200000000000,1,10.0,0.000500000000000056,0.0012693194301769406,-0.0027306805698230595,-0.027306805698230595
BTC,1345530,will-bitcoin-reach-80000-by-december-31-2026-195-842-488-785,57919935471407397521237084573781793510659396827525482575585173092467716045100,1,1777197600000000000,1777201200000000000,1777204800000000000,1,10.0,0.0,-0.0034360442009776504,-0.0074360442009776505,-0.07436044200977651
BTC,1345530,will-bitcoin-reach-80000-by-december-31-2026-195-842-488-785,57919935471407397521237084573781793510659396827525482575585173092467716045100,1,1777201200000000000,1777204800000000000,1777208400000000000,1,10.0,0.0,0.0018592351735275958,-0.0021407648264724043,-0.021407648264724043
BTC,1345530,will-bitcoin-reach-80000-by-december-31-2026-195-842-488-785,57919935471407397521237084573781793510659396827525482575585173092467716045100,1,1777204800000000000,1777208400000000000,1777212000000000000,1,10.0,0.0,0.0015115842600823548,-0.0024884157399176453,-0.024884157399176453
BTC,1345530,will-bitcoin-reach-80000-by-december-31-2026-195-842-488-785,57919935471407397521237084573781793510659396827525482575585173092467716045100,1,1777208400000000000,1777212000000000000,1777215600000000000,1,10.0,0.0,-0.0005974723819480721,-0.004597472381948072,-0.04597472381948072
BTC,1345530,will-bitcoin-reach-80000-by-december-31-2026-195-842-488-785,57919935471407397521237084573781793510659396827525482575585173092467716045100,1,1777212000000000000,1777215600000000000,1777219200000000000,1,10.0,-0.0010000000000000009,-0.0016601109559379879,-0.005660110955937988,-0.05660110955937988
BTC,1345530,will-bitcoin-reach-80000-by-december-31-2026-195-842-488-785,57919935471407397521237084573781793510659396827525482575585173092467716045100,1,1777215600000000000,1777219200000000000,1777222800000000000,-1,10.0,0.0010000000000000009,-0.0012723399028973237,-0.005272339902897324,-0.05272339902897324
BTC,1345530,will-bitcoin-reach-80000-by-december-31-2026-195-842-488-785,57919935471407397521237084573781793510659396827525482575585173092467716045100,1,1777219200000000000,1777222800000000000,1777226400000000000,-1,10.0,0.0014999999999999458,-0.00340162604877281,-0.00740162604877281,-0.07401626048772811
BTC,1345530,will-bitcoin-reach-80000-by-december-31-2026-195-842-488-785,57919935471407397521237084573781793510659396827525482575585173092467716045100,1,1777222800000000000,1777226400000000000,1777230000000000000,-1,10.0,0.0,0.0008022077575023934,-0.0031977922424976067,-0.03197792242497607
BTC,1345530,will-bitcoin-reach-80000-by-december-31-2026-195-842-488-785,57919935471407397521237084573781793510659396827525482575585173092467716045100,1,1777226400000000000,1777230000000000000,1777233600000000000,-1,10.0,0.0,0.0003444080859962284,-0.0036555919140037717,-0.03655591914003772
BTC,1345530,will-bitcoin-reach-80000-by-december-31-2026-195-842-488-785,57919935471407397521237084573781793510659396827525482575585173092467716045100,1,1777230000000000000,1777233600000000000,1777237200000000000,-1,10.0,0.0,-0.0028543030418362036,-0.006854303041836204,-0.06854303041836204
BTC,1345530,will-bitcoin-reach-80000-by-december-31-2026-195-842-488-785,57919935471407397521237084573781793510659396827525482575585173092467716045100,1,1777233600000000000,1777237200000000000,1777240800000000000,-1,10.0,0.0025000000000000577,0.0013248333501451048,-0.0026751666498548952,-0.026751666498548952
BTC,1345530,will-bitcoin-reach-80000-by-december-31-2026-195-842-488-785,57919935471407397521237084573781793510659396827525482575585173092467716045100,1,1777237200000000000,1777240800000000000,1777244400000000000,-1,10.0,0.0,-0.00439298348484396,-0.00839298348484396,-0.0839298348484396
BTC,1345530,will-bitcoin-reach-80000-by-december-31-2026-195-842-488-785,57919935471407397521237084573781793510659396827525482575585173092467716045100,1,1777240800000000000,1777244400000000000,1777248000000000000,-1,10.0,0.0,-0.008277018544310177,-0.012277018544310177,-0.12277018544310178
BTC,1345530,will-bitcoin-reach-80000-by-december-31-2026-195-842-488-785,57919935471407397521237084573781793510659396827525482575585173092467716045100,1,1777244400000000000,1777248000000000000,1777251600000000000,-1,10.0,0.006000000000000005,0.00031446778785659824,-0.003685532212143402,-0.03685532212143402
BTC,1345530,will-bitcoin-reach-80000-by-december-31-2026-195-842-488-785,57919935471407397521237084573781793510659396827525482575585173092467716045100,1,1777248000000000000,1777251600000000000,1777255200000000000,-1,10.0,0.0,0.001937978140767127,-0.002062021859232873,-0.02062021859232873
BTC,1345530,will-bitcoin-reach-80000-by-december-31-2026-195-842-488-785,57919935471407397521237084573781793510659396827525482575585173092467716045100,1,1777251600000000000,1777255200000000000,1777258800000000000,-1,10.0,0.02299999999999991,0.00030986979528990766,-0.0036901302047100924,-0.036901302047100924
BTC,1345530,will-bitcoin-reach-80000-by-december-31-2026-195-842-488-785,57919935471407397521237084573781793510659396827525482575585173092467716045100,1,1777255200000000000,1777258800000000000,1777262400000000000,-1,10.0,0.0,0.0022914970882552677,-0.0017085029117447324,-0.017085029117447324
BTC,1345530,will-bitcoin-reach-80000-by-december-31-2026-195-842-488-785,57919935471407397521237084573781793510659396827525482575585173092467716045100,1,1777258800000000000,1777262400000000000,1777266000000000000,-1,10.0,0.000500000000000056,0.014427510338398064,0.010427510338398064,0.10427510338398063
BTC,1345530,will-bitcoin-reach-80000-by-december-31-2026-195-842-488-785,57919935471407397521237084573781793510659396827525482575585173092467716045100,1,1777262400000000000,1777266000000000000,1777269600000000000,-1,10.0,0.009000000000000008,0.0010981475477318536,-0.0029018524522681464,-0.029018524522681464
BTC,1345530,will-bitcoin-reach-80000-by-december-31-2026-195-842-488-785,57919935471407397521237084573781793510659396827525482575585173092467716045100,1,1777266000000000000,1777269600000000000,1777273200000000000,-1,10.0,0.0,0.0012036017447590863,-0.0027963982552409138,-0.027963982552409138
BTC,1345530,will-bitcoin-reach-80000-by-december-31-2026-195-842-488-785,57919935471407397521237084573781793510659396827525482575585173092467716045100,1,1777269600000000000,1777273200000000000,1777276800000000000,-1,10.0,-0.014000000000000012,-0.0025479791667202267,-0.006547979166720227,-0.06547979166720228
BTC,1345530,will-bitcoin-reach-80000-by-december-31-2026-195-842-488-785,57919935471407397521237084573781793510659396827525482575585173092467716045100,1,1777273200000000000,1777276800000000000,1777280400000000000,-1,10.0,-0.006500000000000061,-0.0012296229233483835,-0.005229622923348384,-0.052296229233483836
BTC,1345530,will-bitcoin-reach-80000-by-december-31-2026-195-842-488-785,57919935471407397521237084573781793510659396827525482575585173092467716045100,1,1777276800000000000,1777280400000000000,1777284000000000000,-1,10.0,-0.0039999999999998925,0.0006418484413545089,-0.003358151558645491,-0.03358151558645491
BTC,1345530,will-bitcoin-reach-80000-by-december-31-2026-195-842-488-785,57919935471407397521237084573781793510659396827525482575585173092467716045100,1,1777280400000000000,1777284000000000000,1777287600000000000,-1,10.0,0.0004999999999999449,7.385997766728991e-05,-0.00392614002233271,-0.0392614002233271
BTC,1345530,will-bitcoin-reach-80000-by-december-31-2026-195-842-488-785,57919935471407397521237084573781793510659396827525482575585173092467716045100,1,1777284000000000000,1777287600000000000,1777291200000000000,-1,10.0,-0.008000000000000007,0.0022724861152253473,-0.0017275138847746528,-0.017275138847746528
BTC,1345530,will-bitcoin-reach-80000-by-december-31-2026-195-842-488-785,57919935471407397521237084573781793510659396827525482575585173092467716045100,1,1777287600000000000,1777291200000000000,1777294800000000000,-1,10.0,0.007000000000000006,-0.0010220509619485174,-0.0050220509619485175,-0.050220509619485175
BTC,1345530,will-bitcoin-reach-80000-by-december-31-2026-195-842-488-785,57919935471407397521237084573781793510659396827525482575585173092467716045100,1,1777291200000000000,1777294800000000000,1777298400000000000,-1,10.0,-0.0010000000000000009,-0.0008811945041038438,-0.004881194504103844,-0.04881194504103844
BTC,1345530,will-bitcoin-reach-80000-by-december-31-2026-195-842-488-785,57919935471407397521237084573781793510659396827525482575585173092467716045100,1,1777294800000000000,1777298400000000000,1777302000000000000,-1,10.0,-0.0044999999999999485,0.013135728536501579,0.009135728536501578,0.09135728536501578
BTC,1345530,will-bitcoin-reach-80000-by-december-31-2026-195-842-488-785,57919935471407397521237084573781793510659396827525482575585173092467716045100,1,1777298400000000000,1777302000000000000,1777305600000000000,-1,10.0,-0.0015000000000000568,0.0022723398680792872,-0.0017276601319207129,-0.01727660131920713
BTC,1345530,will-bitcoin-reach-80000-by-december-31-2026-195-842-488-785,57919935471407397521237084573781793510659396827525482575585173092467716045100,1,1777302000000000000,1777305600000000000,1777309200000000000,-1,10.0,0.0040000000000000036,-0.0016268897665698834,-0.0056268897665698835,-0.056268897665698835
BTC,1345530,will-bitcoin-reach-80000-by-december-31-2026-195-842-488-785,57919935471407397521237084573781793510659396827525482575585173092467716045100,1,1777305600000000000,1777309200000000000,1777312800000000000,-1,10.0,-0.014000000000000012,-0.001183426709635782,-0.005183426709635782,-0.05183426709635782
BTC,1345530,will-bitcoin-reach-80000-by-december-31-2026-195-842-488-785,57919935471407397521237084573781793510659396827525482575585173092467716045100,1,1777309200000000000,1777312800000000000,1777316400000000000,1,10.0,-0.06499999999999995,0.0005727928473389099,-0.00342720715266109,-0.0342720715266109
BTC,1345530,will-bitcoin-reach-80000-by-december-31-2026-195-842-488-785,57919935471407397521237084573781793510659396827525482575585173092467716045100,1,1777312800000000000,1777316400000000000,1777320000000000000,1,10.0,0.012499999999999956,0.0010713068109018398,-0.0029286931890981603,-0.029286931890981603
BTC,1345530,will-bitcoin-reach-80000-by-december-31-2026-195-842-488-785,57919935471407397521237084573781793510659396827525482575585173092467716045100,1,1777316400000000000,1777320000000000000,1777323600000000000,1,10.0,-0.007000000000000006,-0.0008382229673092878,-0.004838222967309288,-0.04838222967309288
BTC,1345530,will-bitcoin-reach-80000-by-december-31-2026-195-842-488-785,57919935471407397521237084573781793510659396827525482575585173092467716045100,1,1777316400000000000,1777320000000000000,1777323600000000000,1,10.0,-0.007000000000000006,-0.0003655125107797641,-0.004365512510779764,-0.04365512510779764
ETH,1823799,will-ethereum-dip-to-2000-in-april-2026,115443844896518160070261607488184121309794437412699113546532889479676113001808,1,1776862800000000000,1776866400000000000,1776870000000000000,-1,10.0,-0.014000000000000012,-0.00027463724996557026,-0.00427463724996557,-0.0427463724996557
ETH,1823799,will-ethereum-dip-to-2000-in-april-2026,115443844896518160070261607488184121309794437412699113546532889479676113001808,1,1776866400000000000,1776870000000000000,1776873600000000000,-1,10.0,-0.006999999999999992,0.007359089453081169,0.003359089453081169,0.03359089453081169
ETH,1823799,will-ethereum-dip-to-2000-in-april-2026,115443844896518160070261607488184121309794437412699113546532889479676113001808,1,1776870000000000000,1776873600000000000,1776877200000000000,-1,10.0,0.016,-0.005477465697737882,-0.009477465697737882,-0.09477465697737883
ETH,1823799,will-ethereum-dip-to-2000-in-april-2026,115443844896518160070261607488184121309794437412699113546532889479676113001808,1,1776873600000000000,1776877200000000000,1776880800000000000,-1,10.0,-0.004500000000000004,0.0009586488885925393,-0.003041351111407461,-0.030413511114074608
ETH,1823799,will-ethereum-dip-to-2000-in-april-2026,115443844896518160070261607488184121309794437412699113546532889479676113001808,1,1776877200000000000,1776880800000000000,1776884400000000000,-1,10.0,-0.004500000000000004,-0.0003671393585908955,-0.004367139358590896,-0.043671393585908956
ETH,1823799,will-ethereum-dip-to-2000-in-april-2026,115443844896518160070261607488184121309794437412699113546532889479676113001808,1,1776880800000000000,1776884400000000000,1776888000000000000,-1,10.0,0.0,0.002448087614011163,-0.0015519123859888372,-0.015519123859888372
ETH,1823799,will-ethereum-dip-to-2000-in-april-2026,115443844896518160070261607488184121309794437412699113546532889479676113001808,1,1776884400000000000,1776888000000000000,1776891600000000000,-1,10.0,-0.009499999999999995,-0.0044441285661729335,-0.008444128566172934,-0.08444128566172934
ETH,1823799,will-ethereum-dip-to-2000-in-april-2026,115443844896518160070261607488184121309794437412699113546532889479676113001808,1,1776888000000000000,1776891600000000000,1776895200000000000,-1,10.0,0.0,0.0010239120934008028,-0.0029760879065991973,-0.029760879065991973
ETH,1823799,will-ethereum-dip-to-2000-in-april-2026,115443844896518160070261607488184121309794437412699113546532889479676113001808,1,1776891600000000000,1776895200000000000,1776898800000000000,-1,10.0,-0.012499999999999997,0.010841260119412222,0.0068412601194122215,0.06841260119412221
ETH,1823799,will-ethereum-dip-to-2000-in-april-2026,115443844896518160070261607488184121309794437412699113546532889479676113001808,1,1776895200000000000,1776898800000000000,1776902400000000000,-1,10.0,-0.006999999999999999,0.00046755150437860493,-0.003532448495621395,-0.03532448495621395
ETH,1823799,will-ethereum-dip-to-2000-in-april-2026,115443844896518160070261607488184121309794437412699113546532889479676113001808,1,1776898800000000000,1776902400000000000,1776906000000000000,-1,10.0,0.001999999999999995,0.0026001281100398455,-0.0013998718899601546,-0.013998718899601546
ETH,1823799,will-ethereum-dip-to-2000-in-april-2026,115443844896518160070261607488184121309794437412699113546532889479676113001808,1,1776902400000000000,1776906000000000000,1776909600000000000,-1,10.0,0.0155,0.006265870651811056,0.002265870651811056,0.022658706518110562
ETH,1823799,will-ethereum-dip-to-2000-in-april-2026,115443844896518160070261607488184121309794437412699113546532889479676113001808,1,1776906000000000000,1776909600000000000,1776913200000000000,-1,10.0,0.0050000000000000044,0.0047407268831103355,0.0007407268831103354,0.007407268831103354
ETH,1823799,will-ethereum-dip-to-2000-in-april-2026,115443844896518160070261607488184121309794437412699113546532889479676113001808,1,1776909600000000000,1776913200000000000,1776916800000000000,-1,10.0,-0.0005000000000000004,-0.0030032339233001526,-0.007003233923300153,-0.07003233923300153
ETH,1823799,will-ethereum-dip-to-2000-in-april-2026,115443844896518160070261607488184121309794437412699113546532889479676113001808,1,1776913200000000000,1776916800000000000,1776920400000000000,-1,10.0,0.006999999999999992,-0.0003961087637998073,-0.004396108763799807,-0.043961087637998074
ETH,1823799,will-ethereum-dip-to-2000-in-april-2026,115443844896518160070261607488184121309794437412699113546532889479676113001808,1,1776916800000000000,1776920400000000000,1776924000000000000,-1,10.0,0.017,-0.0024097719231768178,-0.006409771923176818,-0.06409771923176819
ETH,1823799,will-ethereum-dip-to-2000-in-april-2026,115443844896518160070261607488184121309794437412699113546532889479676113001808,1,1776920400000000000,1776924000000000000,1776927600000000000,-1,10.0,-0.0049999999999999906,0.004247312513007362,0.0002473125130073618,0.002473125130073618
ETH,1823799,will-ethereum-dip-to-2000-in-april-2026,115443844896518160070261607488184121309794437412699113546532889479676113001808,1,1776924000000000000,1776927600000000000,1776931200000000000,-1,10.0,0.005499999999999991,0.0019237085346970328,-0.0020762914653029672,-0.020762914653029672
ETH,1823799,will-ethereum-dip-to-2000-in-april-2026,115443844896518160070261607488184121309794437412699113546532889479676113001808,1,1776927600000000000,1776931200000000000,1776934800000000000,-1,10.0,-0.0059999999999999915,0.010115730452323168,0.006115730452323168,0.06115730452323168
ETH,1823799,will-ethereum-dip-to-2000-in-april-2026,115443844896518160070261607488184121309794437412699113546532889479676113001808,1,1776931200000000000,1776934800000000000,1776938400000000000,-1,10.0,0.0,0.0009325418240689887,-0.0030674581759310114,-0.030674581759310114
ETH,1823799,will-ethereum-dip-to-2000-in-april-2026,115443844896518160070261607488184121309794437412699113546532889479676113001808,1,1776934800000000000,1776938400000000000,1776942000000000000,-1,10.0,0.0,-0.006430173415899798,-0.010430173415899798,-0.10430173415899799
ETH,1823799,will-ethereum-dip-to-2000-in-april-2026,115443844896518160070261607488184121309794437412699113546532889479676113001808,1,1776938400000000000,1776942000000000000,1776945600000000000,-1,10.0,0.007499999999999993,4.2937435862144824e-05,-0.003957062564137855,-0.03957062564137855
ETH,1823799,will-ethereum-dip-to-2000-in-april-2026,115443844896518160070261607488184121309794437412699113546532889479676113001808,1,1776942000000000000,1776945600000000000,1776949200000000000,-1,10.0,0.012999999999999998,0.003886004800611298,-0.00011399519938870215,-0.0011399519938870215
ETH,1823799,will-ethereum-dip-to-2000-in-april-2026,115443844896518160070261607488184121309794437412699113546532889479676113001808,1,1776945600000000000,1776949200000000000,1776952800000000000,-1,10.0,-0.0049999999999999906,-0.006215999517203752,-0.010215999517203752,-0.10215999517203753
ETH,1823799,will-ethereum-dip-to-2000-in-april-2026,115443844896518160070261607488184121309794437412699113546532889479676113001808,1,1776949200000000000,1776952800000000000,1776956400000000000,-1,10.0,-0.006000000000000005,0.0004198368633900884,-0.0035801631366099117,-0.03580163136609912
ETH,1823799,will-ethereum-dip-to-2000-in-april-2026,115443844896518160070261607488184121309794437412699113546532889479676113001808,1,1776952800000000000,1776956400000000000,1776960000000000000,-1,10.0,0.0050000000000000044,0.0029486641008718006,-0.0010513358991281994,-0.010513358991281994
ETH,1823799,will-ethereum-dip-to-2000-in-april-2026,115443844896518160070261607488184121309794437412699113546532889479676113001808,1,1776956400000000000,1776960000000000000,1776963600000000000,-1,10.0,-0.0175,0.006860444123487963,0.002860444123487963,0.02860444123487963
ETH,1823799,will-ethereum-dip-to-2000-in-april-2026,115443844896518160070261607488184121309794437412699113546532889479676113001808,1,1776960000000000000,1776963600000000000,1776967200000000000,-1,10.0,-0.0020000000000000018,0.002211719081379182,-0.001788280918620818,-0.01788280918620818
ETH,1823799,will-ethereum-dip-to-2000-in-april-2026,115443844896518160070261607488184121309794437412699113546532889479676113001808,1,1776963600000000000,1776967200000000000,1776970800000000000,-1,10.0,-0.0015000000000000013,-0.0032837232302813657,-0.007283723230281366,-0.07283723230281366
ETH,1823799,will-ethereum-dip-to-2000-in-april-2026,115443844896518160070261607488184121309794437412699113546532889479676113001808,1,1776967200000000000,1776970800000000000,1776974400000000000,-1,10.0,0.027499999999999997,-0.005400193697900457,-0.009400193697900457,-0.09400193697900458
ETH,1823799,will-ethereum-dip-to-2000-in-april-2026,115443844896518160070261607488184121309794437412699113546532889479676113001808,1,1776970800000000000,1776974400000000000,1776978000000000000,-1,10.0,-0.0024999999999999883,0.0015954450259528796,-0.0024045549740471205,-0.024045549740471205
ETH,1823799,will-ethereum-dip-to-2000-in-april-2026,115443844896518160070261607488184121309794437412699113546532889479676113001808,1,1776974400000000000,1776978000000000000,1776981600000000000,-1,10.0,-0.0015000000000000013,-0.004440788056821354,-0.008440788056821354,-0.08440788056821355
ETH,1823799,will-ethereum-dip-to-2000-in-april-2026,115443844896518160070261607488184121309794437412699113546532889479676113001808,1,1776978000000000000,1776981600000000000,1776985200000000000,-1,10.0,-0.013499999999999998,0.0007332855911523772,-0.003266714408847623,-0.03266714408847623
ETH,1823799,will-ethereum-dip-to-2000-in-april-2026,115443844896518160070261607488184121309794437412699113546532889479676113001808,1,1776981600000000000,1776985200000000000,1776988800000000000,-1,10.0,-0.0025000000000000022,-0.0009526833915527444,-0.0049526833915527445,-0.049526833915527445
ETH,1823799,will-ethereum-dip-to-2000-in-april-2026,115443844896518160070261607488184121309794437412699113546532889479676113001808,1,1776985200000000000,1776988800000000000,1776992400000000000,-1,10.0,-0.005500000000000005,-0.0001543421594183414,-0.0041543421594183415,-0.041543421594183415
ETH,1823799,will-ethereum-dip-to-2000-in-april-2026,115443844896518160070261607488184121309794437412699113546532889479676113001808,1,1776988800000000000,1776992400000000000,1776996000000000000,-1,10.0,0.0025000000000000022,0.005542600435520795,0.0015426004355207946,0.015426004355207946
ETH,1823799,will-ethereum-dip-to-2000-in-april-2026,115443844896518160070261607488184121309794437412699113546532889479676113001808,1,1776992400000000000,1776996000000000000,1776999600000000000,-1,10.0,-0.008500000000000008,0.004857947075533109,0.0008579470755331088,0.008579470755331088
ETH,1823799,will-ethereum-dip-to-2000-in-april-2026,115443844896518160070261607488184121309794437412699113546532889479676113001808,1,1776996000000000000,1776999600000000000,1777003200000000000,-1,10.0,0.0,0.0010742255180539173,-0.0029257744819460828,-0.029257744819460828
ETH,1823799,will-ethereum-dip-to-2000-in-april-2026,115443844896518160070261607488184121309794437412699113546532889479676113001808,1,1776999600000000000,1777003200000000000,1777006800000000000,-1,10.0,0.0010000000000000009,-0.00372047039234058,-0.00772047039234058,-0.07720470392340581
ETH,1823799,will-ethereum-dip-to-2000-in-april-2026,115443844896518160070261607488184121309794437412699113546532889479676113001808,1,1777003200000000000,1777006800000000000,1777010400000000000,-1,10.0,0.019000000000000003,0.0023933573533095887,-0.0016066426466904114,-0.016066426466904114
ETH,1823799,will-ethereum-dip-to-2000-in-april-2026,115443844896518160070261607488184121309794437412699113546532889479676113001808,1,1777006800000000000,1777010400000000000,1777014000000000000,-1,10.0,0.0,-0.0010523124891739233,-0.005052312489173923,-0.050523124891739234
ETH,1823799,will-ethereum-dip-to-2000-in-april-2026,115443844896518160070261607488184121309794437412699113546532889479676113001808,1,1777010400000000000,1777014000000000000,1777017600000000000,-1,10.0,-0.013999999999999999,-0.001561668606134825,-0.005561668606134825,-0.05561668606134825
ETH,1823799,will-ethereum-dip-to-2000-in-april-2026,115443844896518160070261607488184121309794437412699113546532889479676113001808,1,1777014000000000000,1777017600000000000,1777021200000000000,-1,10.0,0.0020000000000000018,0.0021855185639501062,-0.0018144814360498938,-0.01814481436049894
ETH,1823799,will-ethereum-dip-to-2000-in-april-2026,115443844896518160070261607488184121309794437412699113546532889479676113001808,1,1777017600000000000,1777021200000000000,1777024800000000000,-1,10.0,-0.0020000000000000018,-0.002527941545680479,-0.006527941545680479,-0.0652794154568048
ETH,1823799,will-ethereum-dip-to-2000-in-april-2026,115443844896518160070261607488184121309794437412699113546532889479676113001808,1,1777021200000000000,1777024800000000000,1777028400000000000,-1,10.0,-0.012999999999999998,-0.005215844422759686,-0.009215844422759686,-0.09215844422759686
ETH,1823799,will-ethereum-dip-to-2000-in-april-2026,115443844896518160070261607488184121309794437412699113546532889479676113001808,1,1777024800000000000,1777028400000000000,1777032000000000000,-1,10.0,0.004500000000000004,0.0012241742193204175,-0.0027758257806795826,-0.027758257806795826
ETH,1823799,will-ethereum-dip-to-2000-in-april-2026,115443844896518160070261607488184121309794437412699113546532889479676113001808,1,1777028400000000000,1777032000000000000,1777035600000000000,-1,10.0,-0.004500000000000004,0.0034103859800020953,-0.0005896140199979048,-0.005896140199979048
ETH,1823799,will-ethereum-dip-to-2000-in-april-2026,115443844896518160070261607488184121309794437412699113546532889479676113001808,1,1777032000000000000,1777035600000000000,1777039200000000000,-1,10.0,-0.021500000000000005,0.0016872939430032652,-0.002312706056996735,-0.02312706056996735
ETH,1823799,will-ethereum-dip-to-2000-in-april-2026,115443844896518160070261607488184121309794437412699113546532889479676113001808,1,1777035600000000000,1777039200000000000,1777042800000000000,-1,10.0,0.0005000000000000004,-0.004495528246182046,-0.008495528246182046,-0.08495528246182046
ETH,1823799,will-ethereum-dip-to-2000-in-april-2026,115443844896518160070261607488184121309794437412699113546532889479676113001808,1,1777039200000000000,1777042800000000000,1777046400000000000,-1,10.0,0.013500000000000005,0.0030725403539876295,-0.0009274596460123706,-0.009274596460123706
ETH,1823799,will-ethereum-dip-to-2000-in-april-2026,115443844896518160070261607488184121309794437412699113546532889479676113001808,1,1777042800000000000,1777046400000000000,1777050000000000000,-1,10.0,0.004499999999999997,-0.0012647463816597426,-0.005264746381659743,-0.05264746381659743
ETH,1823799,will-ethereum-dip-to-2000-in-april-2026,115443844896518160070261607488184121309794437412699113546532889479676113001808,1,1777046400000000000,1777050000000000000,1777053600000000000,-1,10.0,-0.0020000000000000018,-0.00013795481979661517,-0.004137954819796615,-0.04137954819796615
ETH,1823799,will-ethereum-dip-to-2000-in-april-2026,115443844896518160070261607488184121309794437412699113546532889479676113001808,1,1777050000000000000,1777053600000000000,1777057200000000000,-1,10.0,-0.001999999999999995,-0.0007241629021690343,-0.004724162902169034,-0.047241629021690344
ETH,1823799,will-ethereum-dip-to-2000-in-april-2026,115443844896518160070261607488184121309794437412699113546532889479676113001808,1,1777053600000000000,1777057200000000000,1777060800000000000,-1,10.0,-0.0010000000000000009,-0.002097691247415545,-0.006097691247415545,-0.06097691247415545
ETH,1823799,will-ethereum-dip-to-2000-in-april-2026,115443844896518160070261607488184121309794437412699113546532889479676113001808,1,1777057200000000000,1777060800000000000,1777064400000000000,-1,10.0,-0.0015000000000000013,0.004852845727647437,0.0008528457276474367,0.008528457276474367
ETH,1823799,will-ethereum-dip-to-2000-in-april-2026,115443844896518160070261607488184121309794437412699113546532889479676113001808,1,1777060800000000000,1777064400000000000,1777068000000000000,-1,10.0,-0.0015000000000000013,0.0014080978584817272,-0.002591902141518273,-0.02591902141518273
ETH,1823799,will-ethereum-dip-to-2000-in-april-2026,115443844896518160070261607488184121309794437412699113546532889479676113001808,1,1777064400000000000,1777068000000000000,1777071600000000000,-1,10.0,0.0015000000000000013,-0.00132790061939847,-0.00532790061939847,-0.0532790061939847
ETH,1823799,will-ethereum-dip-to-2000-in-april-2026,115443844896518160070261607488184121309794437412699113546532889479676113001808,1,1777068000000000000,1777071600000000000,1777075200000000000,-1,10.0,0.0,-0.00045356567414978066,-0.004453565674149781,-0.04453565674149781
ETH,1823799,will-ethereum-dip-to-2000-in-april-2026,115443844896518160070261607488184121309794437412699113546532889479676113001808,1,1777071600000000000,1777075200000000000,1777078800000000000,-1,10.0,0.0025000000000000022,-0.0008462720851107886,-0.004846272085110789,-0.048462720851107886
ETH,1823799,will-ethereum-dip-to-2000-in-april-2026,115443844896518160070261607488184121309794437412699113546532889479676113001808,1,1777075200000000000,1777078800000000000,1777082400000000000,-1,10.0,0.0,0.0002588438308886998,-0.0037411561691113003,-0.037411561691113
ETH,1823799,will-ethereum-dip-to-2000-in-april-2026,115443844896518160070261607488184121309794437412699113546532889479676113001808,1,1777078800000000000,1777082400000000000,1777086000000000000,-1,10.0,-0.0030000000000000027,-0.00044446362302563713,-0.004444463623025637,-0.04444463623025637
ETH,1823799,will-ethereum-dip-to-2000-in-april-2026,115443844896518160070261607488184121309794437412699113546532889479676113001808,1,1777082400000000000,1777086000000000000,1777089600000000000,-1,10.0,-0.003999999999999997,0.0007073752496300489,-0.003292624750369951,-0.03292624750369951
ETH,1823799,will-ethereum-dip-to-2000-in-april-2026,115443844896518160070261607488184121309794437412699113546532889479676113001808,1,1777086000000000000,1777089600000000000,1777093200000000000,-1,10.0,-0.0010000000000000009,0.00033667272389803493,-0.003663327276101965,-0.03663327276101965
ETH,1823799,will-ethereum-dip-to-2000-in-april-2026,115443844896518160070261607488184121309794437412699113546532889479676113001808,1,1777089600000000000,1777093200000000000,1777096800000000000,1,10.0,0.0010000000000000009,0.0,-0.004,-0.04
ETH,1823799,will-ethereum-dip-to-2000-in-april-2026,115443844896518160070261607488184121309794437412699113546532889479676113001808,1,1777093200000000000,1777096800000000000,1777100400000000000,1,10.0,-0.013000000000000005,0.00020293522048686619,-0.003797064779513134,-0.03797064779513134
ETH,1823799,will-ethereum-dip-to-2000-in-april-2026,115443844896518160070261607488184121309794437412699113546532889479676113001808,1,1777096800000000000,1777100400000000000,1777104000000000000,1,10.0,-0.0015000000000000013,0.001277800801215756,-0.002722199198784244,-0.02722199198784244
ETH,1823799,will-ethereum-dip-to-2000-in-april-2026,115443844896518160070261607488184121309794437412699113546532889479676113001808,1,1777100400000000000,1777104000000000000,1777107600000000000,1,10.0,0.003500000000000003,-0.00013796433621915405,-0.004137964336219154,-0.04137964336219154
ETH,1823799,will-ethereum-dip-to-2000-in-april-2026,115443844896518160070261607488184121309794437412699113546532889479676113001808,1,1777104000000000000,1777107600000000000,1777111200000000000,1,10.0,0.0005000000000000004,0.0006209251785160852,-0.003379074821483915,-0.03379074821483915
ETH,1823799,will-ethereum-dip-to-2000-in-april-2026,115443844896518160070261607488184121309794437412699113546532889479676113001808,1,1777107600000000000,1777111200000000000,1777114800000000000,1,10.0,-0.0025000000000000022,-0.002982038818216348,-0.006982038818216348,-0.06982038818216349
ETH,1823799,will-ethereum-dip-to-2000-in-april-2026,115443844896518160070261607488184121309794437412699113546532889479676113001808,1,1777111200000000000,1777114800000000000,1777118400000000000,1,10.0,0.0005000000000000004,-3.8899742397124903e-05,-0.004038899742397125,-0.04038899742397125
ETH,1823799,will-ethereum-dip-to-2000-in-april-2026,115443844896518160070261607488184121309794437412699113546532889479676113001808,1,1777114800000000000,1777118400000000000,1777122000000000000,1,10.0,-0.0005000000000000004,0.0011670376693824203,-0.00283296233061758,-0.028329623306175798
ETH,1823799,will-ethereum-dip-to-2000-in-april-2026,115443844896518160070261607488184121309794437412699113546532889479676113001808,1,1777118400000000000,1777122000000000000,1777125600000000000,1,10.0,0.0025000000000000022,-9.929843497036295e-05,-0.004099298434970363,-0.04099298434970363
ETH,1823799,will-ethereum-dip-to-2000-in-april-2026,115443844896518160070261607488184121309794437412699113546532889479676113001808,1,1777122000000000000,1777125600000000000,1777129200000000000,1,10.0,-0.0005000000000000004,-0.003423977340437423,-0.007423977340437423,-0.07423977340437424
ETH,1823799,will-ethereum-dip-to-2000-in-april-2026,115443844896518160070261607488184121309794437412699113546532889479676113001808,1,1777125600000000000,1777129200000000000,1777132800000000000,1,10.0,0.0,0.0006238924825288095,-0.0033761075174711906,-0.033761075174711906
ETH,1823799,will-ethereum-dip-to-2000-in-april-2026,115443844896518160070261607488184121309794437412699113546532889479676113001808,1,1777129200000000000,1777132800000000000,1777136400000000000,1,10.0,-0.014499999999999999,-7.360805012279759e-05,-0.004073608050122798,-0.04073608050122798
ETH,1823799,will-ethereum-dip-to-2000-in-april-2026,115443844896518160070261607488184121309794437412699113546532889479676113001808,1,1777132800000000000,1777136400000000000,1777140000000000000,1,10.0,0.0024999999999999988,0.000948314684587892,-0.003051685315412108,-0.03051685315412108
ETH,1823799,will-ethereum-dip-to-2000-in-april-2026,115443844896518160070261607488184121309794437412699113546532889479676113001808,1,1777136400000000000,1777140000000000000,1777143600000000000,1,10.0,0.002999999999999999,-0.000644589128506956,-0.004644589128506956,-0.04644589128506956
ETH,1823799,will-ethereum-dip-to-2000-in-april-2026,115443844896518160070261607488184121309794437412699113546532889479676113001808,1,1777140000000000000,1777143600000000000,1777147200000000000,1,10.0,0.0025000000000000022,0.0013592720535395841,-0.002640727946460416,-0.02640727946460416
ETH,1823799,will-ethereum-dip-to-2000-in-april-2026,115443844896518160070261607488184121309794437412699113546532889479676113001808,1,1777143600000000000,1777147200000000000,1777150800000000000,1,10.0,-0.003500000000000003,0.0011239840913022103,-0.0028760159086977898,-0.028760159086977898
ETH,1823799,will-ethereum-dip-to-2000-in-april-2026,115443844896518160070261607488184121309794437412699113546532889479676113001808,1,1777147200000000000,1777150800000000000,1777154400000000000,1,10.0,0.0,0.0008420416270833453,-0.003157958372916655,-0.03157958372916655
ETH,1823799,will-ethereum-dip-to-2000-in-april-2026,115443844896518160070261607488184121309794437412699113546532889479676113001808,1,1777150800000000000,1777154400000000000,1777158000000000000,1,10.0,0.0030000000000000027,0.0007550426059756976,-0.0032449573940243025,-0.032449573940243025
ETH,1823799,will-ethereum-dip-to-2000-in-april-2026,115443844896518160070261607488184121309794437412699113546532889479676113001808,1,1777154400000000000,1777158000000000000,1777161600000000000,1,10.0,-0.0025000000000000022,-0.0017805561543436932,-0.005780556154343693,-0.05780556154343693
ETH,1823799,will-ethereum-dip-to-2000-in-april-2026,115443844896518160070261607488184121309794437412699113546532889479676113001808,1,1777158000000000000,1777161600000000000,1777165200000000000,1,10.0,0.003500000000000003,-0.0006564825492253457,-0.004656482549225346,-0.04656482549225346
ETH,1823799,will-ethereum-dip-to-2000-in-april-2026,115443844896518160070261607488184121309794437412699113546532889479676113001808,1,1777161600000000000,1777165200000000000,1777168800000000000,1,10.0,-0.0045000000000000005,0.0005618341724831222,-0.003438165827516878,-0.03438165827516878
ETH,1823799,will-ethereum-dip-to-2000-in-april-2026,115443844896518160070261607488184121309794437412699113546532889479676113001808,1,1777165200000000000,1777168800000000000,1777172400000000000,1,10.0,0.0,-0.0022244778956007627,-0.006224477895600763,-0.06224477895600763
ETH,1823799,will-ethereum-dip-to-2000-in-april-2026,115443844896518160070261607488184121309794437412699113546532889479676113001808,1,1777168800000000000,1777172400000000000,1777176000000000000,1,10.0,0.0,0.003350649350649215,-0.0006493506493507849,-0.006493506493507849
ETH,1823799,will-ethereum-dip-to-2000-in-april-2026,115443844896518160070261607488184121309794437412699113546532889479676113001808,1,1777172400000000000,1777176000000000000,1777179600000000000,1,10.0,0.0019999999999999983,0.00435769327016855,0.00035769327016854993,0.0035769327016854993
ETH,1823799,will-ethereum-dip-to-2000-in-april-2026,115443844896518160070261607488184121309794437412699113546532889479676113001808,1,1777176000000000000,1777179600000000000,1777183200000000000,1,10.0,-0.0010000000000000009,0.0009236029967694126,-0.0030763970032305875,-0.030763970032305875
ETH,1823799,will-ethereum-dip-to-2000-in-april-2026,115443844896518160070261607488184121309794437412699113546532889479676113001808,1,1777179600000000000,1777183200000000000,1777186800000000000,1,10.0,0.0010000000000000009,0.0005364829891973955,-0.0034635170108026046,-0.034635170108026046
ETH,1823799,will-ethereum-dip-to-2000-in-april-2026,115443844896518160070261607488184121309794437412699113546532889479676113001808,1,1777183200000000000,1777186800000000000,1777190400000000000,1,10.0,-0.0015000000000000013,0.0004890101405261582,-0.003510989859473842,-0.03510989859473842
ETH,1823799,will-ethereum-dip-to-2000-in-april-2026,115443844896518160070261607488184121309794437412699113546532889479676113001808,1,1777186800000000000,1777190400000000000,1777194000000000000,1,10.0,-0.0049999999999999975,0.000990404651043164,-0.003009595348956836,-0.03009595348956836
ETH,1823799,will-ethereum-dip-to-2000-in-april-2026,115443844896518160070261607488184121309794437412699113546532889479676113001808,1,1777190400000000000,1777194000000000000,1777197600000000000,1,10.0,0.006499999999999999,-0.0007452809580715813,-0.004745280958071581,-0.047452809580715814
ETH,1823799,will-ethereum-dip-to-2000-in-april-2026,115443844896518160070261607488184121309794437412699113546532889479676113001808,1,1777194000000000000,1777197600000000000,1777201200000000000,1,10.0,0.0015000000000000013,0.0012859255449109153,-0.002714074455089085,-0.027140744550890848
ETH,1823799,will-ethereum-dip-to-2000-in-april-2026,115443844896518160070261607488184121309794437412699113546532889479676113001808,1,1777197600000000000,1777201200000000000,1777204800000000000,1,10.0,0.0,-0.003022324964147338,-0.007022324964147338,-0.07022324964147339
ETH,1823799,will-ethereum-dip-to-2000-in-april-2026,115443844896518160070261607488184121309794437412699113546532889479676113001808,1,1777201200000000000,1777204800000000000,1777208400000000000,1,10.0,0.0010000000000000009,0.0027180330543734588,-0.0012819669456265413,-0.012819669456265413
ETH,1823799,will-ethereum-dip-to-2000-in-april-2026,115443844896518160070261607488184121309794437412699113546532889479676113001808,1,1777204800000000000,1777208400000000000,1777212000000000000,1,10.0,0.0,0.004701912453644708,0.0007019124536447076,0.007019124536447076
ETH,1823799,will-ethereum-dip-to-2000-in-april-2026,115443844896518160070261607488184121309794437412699113546532889479676113001808,1,1777208400000000000,1777212000000000000,1777215600000000000,1,10.0,0.0005000000000000004,0.0007885090785100246,-0.0032114909214899755,-0.032114909214899755
ETH,1823799,will-ethereum-dip-to-2000-in-april-2026,115443844896518160070261607488184121309794437412699113546532889479676113001808,1,1777212000000000000,1777215600000000000,1777219200000000000,-1,10.0,-0.004500000000000004,0.002184791635612582,-0.0018152083643874183,-0.018152083643874183
ETH,1823799,will-ethereum-dip-to-2000-in-april-2026,115443844896518160070261607488184121309794437412699113546532889479676113001808,1,1777215600000000000,1777219200000000000,1777222800000000000,-1,10.0,-0.006999999999999999,-0.0027785839892100483,-0.006778583989210048,-0.06778583989210049
ETH,1823799,will-ethereum-dip-to-2000-in-april-2026,115443844896518160070261607488184121309794437412699113546532889479676113001808,1,1777219200000000000,1777222800000000000,1777226400000000000,-1,10.0,0.0034999999999999996,-0.005345977534976454,-0.009345977534976454,-0.09345977534976455
ETH,1823799,will-ethereum-dip-to-2000-in-april-2026,115443844896518160070261607488184121309794437412699113546532889479676113001808,1,1777222800000000000,1777226400000000000,1777230000000000000,-1,10.0,-0.0014999999999999979,-0.00229044153446889,-0.00629044153446889,-0.06290441534468891
ETH,1823799,will-ethereum-dip-to-2000-in-april-2026,115443844896518160070261607488184121309794437412699113546532889479676113001808,1,1777226400000000000,1777230000000000000,1777233600000000000,-1,10.0,-0.0005000000000000004,0.0020697811945594724,-0.0019302188054405277,-0.019302188054405277
ETH,1823799,will-ethereum-dip-to-2000-in-april-2026,115443844896518160070261607488184121309794437412699113546532889479676113001808,1,1777230000000000000,1777233600000000000,1777237200000000000,-1,10.0,-0.006499999999999999,-0.000778835978836101,-0.004778835978836101,-0.04778835978836101
ETH,1823799,will-ethereum-dip-to-2000-in-april-2026,115443844896518160070261607488184121309794437412699113546532889479676113001808,1,1777233600000000000,1777237200000000000,1777240800000000000,-1,10.0,0.004499999999999997,0.0010362299838433398,-0.0029637700161566603,-0.029637700161566603
ETH,1823799,will-ethereum-dip-to-2000-in-april-2026,115443844896518160070261607488184121309794437412699113546532889479676113001808,1,1777237200000000000,1777240800000000000,1777244400000000000,-1,10.0,-0.004,-0.0031965925593486766,-0.007196592559348677,-0.07196592559348677
ETH,1823799,will-ethereum-dip-to-2000-in-april-2026,115443844896518160070261607488184121309794437412699113546532889479676113001808,1,1777240800000000000,1777244400000000000,1777248000000000000,-1,10.0,0.0025000000000000022,-0.008997906678371415,-0.012997906678371415,-0.12997906678371415
ETH,1823799,will-ethereum-dip-to-2000-in-april-2026,115443844896518160070261607488184121309794437412699113546532889479676113001808,1,1777244400000000000,1777248000000000000,1777251600000000000,-1,10.0,0.005499999999999998,-0.0016103665779918508,-0.005610366577991851,-0.05610366577991851
ETH,1823799,will-ethereum-dip-to-2000-in-april-2026,115443844896518160070261607488184121309794437412699113546532889479676113001808,1,1777248000000000000,1777251600000000000,1777255200000000000,-1,10.0,-0.0049999999999999975,0.001023131115296505,-0.002976868884703495,-0.02976868884703495
ETH,1823799,will-ethereum-dip-to-2000-in-april-2026,115443844896518160070261607488184121309794437412699113546532889479676113001808,1,1777251600000000000,1777255200000000000,1777258800000000000,-1,10.0,-0.0030000000000000027,-0.001124506721958518,-0.005124506721958518,-0.05124506721958518
ETH,1823799,will-ethereum-dip-to-2000-in-april-2026,115443844896518160070261607488184121309794437412699113546532889479676113001808,1,1777255200000000000,1777258800000000000,1777262400000000000,-1,10.0,0.0030000000000000027,0.0050149278660457375,0.0010149278660457374,0.010149278660457374
ETH,1823799,will-ethereum-dip-to-2000-in-april-2026,115443844896518160070261607488184121309794437412699113546532889479676113001808,1,1777258800000000000,1777262400000000000,1777266000000000000,-1,10.0,0.0014999999999999979,0.02503735038861199,0.02103735038861199,0.2103735038861199
ETH,1823799,will-ethereum-dip-to-2000-in-april-2026,115443844896518160070261607488184121309794437412699113546532889479676113001808,1,1777262400000000000,1777266000000000000,1777269600000000000,-1,10.0,-0.0010000000000000009,0.0009383689597878275,-0.0030616310402121726,-0.030616310402121726
ETH,1823799,will-ethereum-dip-to-2000-in-april-2026,115443844896518160070261607488184121309794437412699113546532889479676113001808,1,1777266000000000000,1777269600000000000,1777273200000000000,-1,10.0,-0.0034999999999999996,0.002149935372684042,-0.001850064627315958,-0.01850064627315958
ETH,1823799,will-ethereum-dip-to-2000-in-april-2026,115443844896518160070261607488184121309794437412699113546532889479676113001808,1,1777269600000000000,1777273200000000000,1777276800000000000,-1,10.0,0.017000000000000005,-0.0015846218280575197,-0.00558462182805752,-0.0558462182805752
ETH,1823799,will-ethereum-dip-to-2000-in-april-2026,115443844896518160070261607488184121309794437412699113546532889479676113001808,1,1777273200000000000,1777276800000000000,1777280400000000000,-1,10.0,-0.0020000000000000018,-0.0010820457994207278,-0.005082045799420728,-0.05082045799420728
ETH,1823799,will-ethereum-dip-to-2000-in-april-2026,115443844896518160070261607488184121309794437412699113546532889479676113001808,1,1777276800000000000,1777280400000000000,1777284000000000000,-1,10.0,-0.0005000000000000004,0.0008827873688200816,-0.0031172126311799185,-0.031172126311799185
ETH,1823799,will-ethereum-dip-to-2000-in-april-2026,115443844896518160070261607488184121309794437412699113546532889479676113001808,1,1777280400000000000,1777284000000000000,1777287600000000000,-1,10.0,-0.0020000000000000018,-0.00010775211840674537,-0.0041077521184067455,-0.041077521184067455
ETH,1823799,will-ethereum-dip-to-2000-in-april-2026,115443844896518160070261607488184121309794437412699113546532889479676113001808,1,1777284000000000000,1777287600000000000,1777291200000000000,-1,10.0,-0.005499999999999998,0.002706441589560238,-0.0012935584104397622,-0.012935584104397622
ETH,1823799,will-ethereum-dip-to-2000-in-april-2026,115443844896518160070261607488184121309794437412699113546532889479676113001808,1,1777287600000000000,1777291200000000000,1777294800000000000,-1,10.0,-0.003500000000000003,0.0007908007830224051,-0.003209199216977595,-0.03209199216977595
ETH,1823799,will-ethereum-dip-to-2000-in-april-2026,115443844896518160070261607488184121309794437412699113546532889479676113001808,1,1777291200000000000,1777294800000000000,1777298400000000000,-1,10.0,0.0015000000000000013,-0.0010682097323853057,-0.005068209732385306,-0.05068209732385306
ETH,1823799,will-ethereum-dip-to-2000-in-april-2026,115443844896518160070261607488184121309794437412699113546532889479676113001808,1,1777294800000000000,1777298400000000000,1777302000000000000,-1,10.0,0.0015000000000000013,0.017142239982719465,0.013142239982719465,0.13142239982719464
ETH,1823799,will-ethereum-dip-to-2000-in-april-2026,115443844896518160070261607488184121309794437412699113546532889479676113001808,1,1777298400000000000,1777302000000000000,1777305600000000000,-1,10.0,0.0024999999999999988,-0.0013406180908717147,-0.005340618090871715,-0.05340618090871715
ETH,1823799,will-ethereum-dip-to-2000-in-april-2026,115443844896518160070261607488184121309794437412699113546532889479676113001808,1,1777302000000000000,1777305600000000000,1777309200000000000,1,10.0,-0.0034999999999999996,0.003933067617158059,-6.693238284194089e-05,-0.0006693238284194089
ETH,1823799,will-ethereum-dip-to-2000-in-april-2026,115443844896518160070261607488184121309794437412699113546532889479676113001808,1,1777305600000000000,1777309200000000000,1777312800000000000,1,10.0,0.013499999999999998,0.0007301887122443951,-0.003269811287755605,-0.03269811287755605
ETH,1823799,will-ethereum-dip-to-2000-in-april-2026,115443844896518160070261607488184121309794437412699113546532889479676113001808,1,1777309200000000000,1777312800000000000,1777316400000000000,1,10.0,0.0005000000000000004,0.0001703986892407361,-0.003829601310759264,-0.03829601310759264
ETH,1823799,will-ethereum-dip-to-2000-in-april-2026,115443844896518160070261607488184121309794437412699113546532889479676113001808,1,1777312800000000000,1777316400000000000,1777320000000000000,1,10.0,-0.012499999999999997,0.0011183239120367006,-0.0028816760879632995,-0.028816760879632995
ETH,1823799,will-ethereum-dip-to-2000-in-april-2026,115443844896518160070261607488184121309794437412699113546532889479676113001808,1,1777316400000000000,1777320000000000000,1777323600000000000,1,10.0,-0.0015000000000000013,-0.0014574333464238975,-0.005457433346423898,-0.054574333464238976
ETH,1823799,will-ethereum-dip-to-2000-in-april-2026,115443844896518160070261607488184121309794437412699113546532889479676113001808,1,1777316400000000000,1777320000000000000,1777323600000000000,1,10.0,-0.0015000000000000013,-0.0002487236549285621,-0.004248723654928562,-0.04248723654928562
BTC,1823776,will-bitcoin-reach-80k-in-april-2026-794,22893138393795740138249503228269517733051888602506683062209713465144747482167,1,1776870000000000000,1776873600000000000,1776877200000000000,-1,10.0,0.039999999999999925,-0.001986320410334308,-0.005986320410334308,-0.05986320410334308
BTC,1823776,will-bitcoin-reach-80k-in-april-2026-794,22893138393795740138249503228269517733051888602506683062209713465144747482167,1,1776873600000000000,1776877200000000000,1776880800000000000,-1,10.0,0.040000000000000036,-0.0015512040557668083,-0.005551204055766808,-0.055512040557668084
BTC,1823776,will-bitcoin-reach-80k-in-april-2026-794,22893138393795740138249503228269517733051888602506683062209713465144747482167,1,1776877200000000000,1776880800000000000,1776884400000000000,-1,10.0,-0.10999999999999999,0.0022243063010369823,-0.0017756936989630177,-0.017756936989630177
BTC,1823776,will-bitcoin-reach-80k-in-april-2026-794,22893138393795740138249503228269517733051888602506683062209713465144747482167,1,1776880800000000000,1776884400000000000,1776888000000000000,-1,10.0,0.040000000000000036,0.005199208285656454,0.0011992082856564536,0.011992082856564536
BTC,1823776,will-bitcoin-reach-80k-in-april-2026-794,22893138393795740138249503228269517733051888602506683062209713465144747482167,1,1776884400000000000,1776888000000000000,1776891600000000000,-1,10.0,0.010000000000000009,-0.004156346240050013,-0.008156346240050013,-0.08156346240050014
BTC,1823776,will-bitcoin-reach-80k-in-april-2026-794,22893138393795740138249503228269517733051888602506683062209713465144747482167,1,1776888000000000000,1776891600000000000,1776895200000000000,-1,10.0,-0.03500000000000003,0.0019646357939273607,-0.0020353642060726394,-0.020353642060726394
BTC,1823776,will-bitcoin-reach-80k-in-april-2026-794,22893138393795740138249503228269517733051888602506683062209713465144747482167,1,1776891600000000000,1776895200000000000,1776898800000000000,-1,10.0,-0.05500000000000005,0.005466622650762476,0.001466622650762476,0.01466622650762476
BTC,1823776,will-bitcoin-reach-80k-in-april-2026-794,22893138393795740138249503228269517733051888602506683062209713465144747482167,1,1776895200000000000,1776898800000000000,1776902400000000000,-1,10.0,0.040000000000000036,-0.0031474235218678093,-0.007147423521867809,-0.0714742352186781
BTC,1823776,will-bitcoin-reach-80k-in-april-2026-794,22893138393795740138249503228269517733051888602506683062209713465144747482167,1,1776898800000000000,1776902400000000000,1776906000000000000,-1,10.0,-0.040000000000000036,0.0008295899140431384,-0.0031704100859568617,-0.03170410085956862
BTC,1823776,will-bitcoin-reach-80k-in-april-2026-794,22893138393795740138249503228269517733051888602506683062209713465144747482167,1,1776902400000000000,1776906000000000000,1776909600000000000,-1,10.0,-0.05999999999999994,0.005351124558013121,0.0013511245580131205,0.013511245580131205
BTC,1823776,will-bitcoin-reach-80k-in-april-2026-794,22893138393795740138249503228269517733051888602506683062209713465144747482167,1,1776906000000000000,1776909600000000000,1776913200000000000,-1,10.0,0.039999999999999925,0.0024821683163133157,-0.0015178316836866844,-0.015178316836866844
BTC,1823776,will-bitcoin-reach-80k-in-april-2026-794,22893138393795740138249503228269517733051888602506683062209713465144747482167,1,1776909600000000000,1776913200000000000,1776916800000000000,-1,10.0,-0.009999999999999898,-0.002233284962427806,-0.006233284962427806,-0.06233284962427806
BTC,1823776,will-bitcoin-reach-80k-in-april-2026-794,22893138393795740138249503228269517733051888602506683062209713465144747482167,1,1776913200000000000,1776916800000000000,1776920400000000000,-1,10.0,-0.08000000000000007,-0.0014602139191575159,-0.005460213919157516,-0.05460213919157516
BTC,1823776,will-bitcoin-reach-80k-in-april-2026-794,22893138393795740138249503228269517733051888602506683062209713465144747482167,1,1776916800000000000,1776920400000000000,1776924000000000000,-1,10.0,-0.040000000000000036,-0.002275422198078747,-0.006275422198078747,-0.06275422198078748
BTC,1823776,will-bitcoin-reach-80k-in-april-2026-794,22893138393795740138249503228269517733051888602506683062209713465144747482167,1,1776920400000000000,1776924000000000000,1776927600000000000,-1,10.0,0.030000000000000027,0.0020816650456333408,-0.0019183349543666593,-0.019183349543666593
BTC,1823776,will-bitcoin-reach-80k-in-april-2026-794,22893138393795740138249503228269517733051888602506683062209713465144747482167,1,1776924000000000000,1776927600000000000,1776931200000000000,-1,10.0,0.020000000000000018,0.0024378393878070614,-0.0015621606121929386,-0.015621606121929386
BTC,1823776,will-bitcoin-reach-80k-in-april-2026-794,22893138393795740138249503228269517733051888602506683062209713465144747482167,1,1776927600000000000,1776931200000000000,1776934800000000000,-1,10.0,0.030000000000000027,0.002607427462822054,-0.0013925725371779461,-0.013925725371779461
BTC,1823776,will-bitcoin-reach-80k-in-april-2026-794,22893138393795740138249503228269517733051888602506683062209713465144747482167,1,1776931200000000000,1776934800000000000,1776938400000000000,-1,10.0,-0.030000000000000027,0.003241373999521402,-0.0007586260004785982,-0.0075862600047859816
BTC,1823776,will-bitcoin-reach-80k-in-april-2026-794,22893138393795740138249503228269517733051888602506683062209713465144747482167,1,1776934800000000000,1776938400000000000,1776942000000000000,-1,10.0,-0.050000000000000044,-0.0038885773186605466,-0.007888577318660547,-0.07888577318660547
BTC,1823776,will-bitcoin-reach-80k-in-april-2026-794,22893138393795740138249503228269517733051888602506683062209713465144747482167,1,1776938400000000000,1776942000000000000,1776945600000000000,-1,10.0,-0.009999999999999898,-0.002135136881179056,-0.006135136881179056,-0.06135136881179056
BTC,1823776,will-bitcoin-reach-80k-in-april-2026-794,22893138393795740138249503228269517733051888602506683062209713465144747482167,1,1776942000000000000,1776945600000000000,1776949200000000000,-1,10.0,-0.04500000000000004,0.0043443906186333425,0.00034439061863334244,0.0034439061863334244
BTC,1823776,will-bitcoin-reach-80k-in-april-2026-794,22893138393795740138249503228269517733051888602506683062209713465144747482167,1,1776945600000000000,1776949200000000000,1776952800000000000,-1,10.0,0.03500000000000003,-0.008364779395614086,-0.012364779395614086,-0.12364779395614087
BTC,1823776,will-bitcoin-reach-80k-in-april-2026-794,22893138393795740138249503228269517733051888602506683062209713465144747482167,1,1776949200000000000,1776952800000000000,1776956400000000000,-1,10.0,0.019999999999999907,-0.002506882446923875,-0.006506882446923875,-0.06506882446923876
BTC,1823776,will-bitcoin-reach-80k-in-april-2026-794,22893138393795740138249503228269517733051888602506683062209713465144747482167,1,1776952800000000000,1776956400000000000,1776960000000000000,-1,10.0,-0.04499999999999993,0.0034836857252071862,-0.0005163142747928139,-0.005163142747928139
BTC,1823776,will-bitcoin-reach-80k-in-april-2026-794,22893138393795740138249503228269517733051888602506683062209713465144747482167,1,1776956400000000000,1776960000000000000,1776963600000000000,-1,10.0,0.09499999999999997,0.004282894591960518,0.0002828945919605176,0.002828945919605176
BTC,1823776,will-bitcoin-reach-80k-in-april-2026-794,22893138393795740138249503228269517733051888602506683062209713465144747482167,1,1776960000000000000,1776963600000000000,1776967200000000000,-1,10.0,0.040000000000000036,0.0011644711319558354,-0.0028355288680441647,-0.028355288680441647
BTC,1823776,will-bitcoin-reach-80k-in-april-2026-794,22893138393795740138249503228269517733051888602506683062209713465144747482167,1,1776963600000000000,1776967200000000000,1776970800000000000,-1,10.0,-0.050000000000000044,-0.0006257832750697911,-0.004625783275069791,-0.04625783275069791
BTC,1823776,will-bitcoin-reach-80k-in-april-2026-794,22893138393795740138249503228269517733051888602506683062209713465144747482167,1,1776967200000000000,1776970800000000000,1776974400000000000,-1,10.0,-0.04999999999999993,-0.002054748874461776,-0.006054748874461776,-0.06054748874461776
BTC,1823776,will-bitcoin-reach-80k-in-april-2026-794,22893138393795740138249503228269517733051888602506683062209713465144747482167,1,1776970800000000000,1776974400000000000,1776978000000000000,-1,10.0,0.009999999999999898,0.0002842580729485178,-0.0037157419270514823,-0.03715741927051482
BTC,1823776,will-bitcoin-reach-80k-in-april-2026-794,22893138393795740138249503228269517733051888602506683062209713465144747482167,1,1776974400000000000,1776978000000000000,1776981600000000000,-1,10.0,-0.014999999999999902,-0.004757860512891288,-0.008757860512891288,-0.08757860512891288
BTC,1823776,will-bitcoin-reach-80k-in-april-2026-794,22893138393795740138249503228269517733051888602506683062209713465144747482167,1,1776978000000000000,1776981600000000000,1776985200000000000,-1,10.0,0.02499999999999991,-0.00028350373808239127,-0.004283503738082391,-0.042835037380823913
BTC,1823776,will-bitcoin-reach-80k-in-april-2026-794,22893138393795740138249503228269517733051888602506683062209713465144747482167,1,1776981600000000000,1776985200000000000,1776988800000000000,-1,10.0,0.010000000000000009,-0.0020412106293226095,-0.00604121062932261,-0.060412106293226096
BTC,1823776,will-bitcoin-reach-80k-in-april-2026-794,22893138393795740138249503228269517733051888602506683062209713465144747482167,1,1776985200000000000,1776988800000000000,1776992400000000000,-1,10.0,0.050000000000000044,-0.00015953128662293814,-0.004159531286622938,-0.04159531286622938
BTC,1823776,will-bitcoin-reach-80k-in-april-2026-794,22893138393795740138249503228269517733051888602506683062209713465144747482167,1,1776988800000000000,1776992400000000000,1776996000000000000,-1,10.0,-0.020000000000000018,0.003877101196191779,-0.00012289880380822113,-0.0012289880380822113
BTC,1823776,will-bitcoin-reach-80k-in-april-2026-794,22893138393795740138249503228269517733051888602506683062209713465144747482167,1,1776992400000000000,1776996000000000000,1776999600000000000,-1,10.0,0.040000000000000036,0.004963798701194677,0.0009637987011946771,0.00963798701194677
BTC,1823776,will-bitcoin-reach-80k-in-april-2026-794,22893138393795740138249503228269517733051888602506683062209713465144747482167,1,1776996000000000000,1776999600000000000,1777003200000000000,-1,10.0,-0.0050000000000000044,0.0008728052036428569,-0.0031271947963571432,-0.03127194796357143
BTC,1823776,will-bitcoin-reach-80k-in-april-2026-794,22893138393795740138249503228269517733051888602506683062209713465144747482167,1,1776999600000000000,1777003200000000000,1777006800000000000,-1,10.0,-0.04500000000000004,-0.0036498004377494286,-0.007649800437749429,-0.0764980043774943
BTC,1823776,will-bitcoin-reach-80k-in-april-2026-794,22893138393795740138249503228269517733051888602506683062209713465144747482167,1,1777003200000000000,1777006800000000000,1777010400000000000,-1,10.0,-0.07999999999999996,0.002100355237508289,-0.001899644762491711,-0.01899644762491711
BTC,1823776,will-bitcoin-reach-80k-in-april-2026-794,22893138393795740138249503228269517733051888602506683062209713465144747482167,1,1777006800000000000,1777010400000000000,1777014000000000000,-1,10.0,0.0,0.0018659270662265692,-0.002134072933773431,-0.02134072933773431
BTC,1823776,will-bitcoin-reach-80k-in-april-2026-794,22893138393795740138249503228269517733051888602506683062209713465144747482167,1,1777010400000000000,1777014000000000000,1777017600000000000,-1,10.0,0.03500000000000003,-0.0018173833080472601,-0.00581738330804726,-0.0581738330804726
BTC,1823776,will-bitcoin-reach-80k-in-april-2026-794,22893138393795740138249503228269517733051888602506683062209713465144747482167,1,1777014000000000000,1777017600000000000,1777021200000000000,-1,10.0,-0.03500000000000003,0.003317061707092561,-0.0006829382929074389,-0.006829382929074389
BTC,1823776,will-bitcoin-reach-80k-in-april-2026-794,22893138393795740138249503228269517733051888602506683062209713465144747482167,1,1777017600000000000,1777021200000000000,1777024800000000000,-1,10.0,-0.020000000000000018,-0.002897932338755238,-0.006897932338755238,-0.06897932338755239
BTC,1823776,will-bitcoin-reach-80k-in-april-2026-794,22893138393795740138249503228269517733051888602506683062209713465144747482167,1,1777021200000000000,1777024800000000000,1777028400000000000,-1,10.0,0.020000000000000018,-0.00627505068656431,-0.01027505068656431,-0.1027505068656431
BTC,1823776,will-bitcoin-reach-80k-in-april-2026-794,22893138393795740138249503228269517733051888602506683062209713465144747482167,1,1777024800000000000,1777028400000000000,1777032000000000000,-1,10.0,-0.040000000000000036,-0.0004524524841815758,-0.004452452484181576,-0.04452452484181576
BTC,1823776,will-bitcoin-reach-80k-in-april-2026-794,22893138393795740138249503228269517733051888602506683062209713465144747482167,1,1777028400000000000,1777032000000000000,1777035600000000000,-1,10.0,0.025000000000000022,0.0023234553372020184,-0.0016765446627979817,-0.016765446627979817
BTC,1823776,will-bitcoin-reach-80k-in-april-2026-794,22893138393795740138249503228269517733051888602506683062209713465144747482167,1,1777032000000000000,1777035600000000000,1777039200000000000,-1,10.0,0.10999999999999999,0.0007190072347621479,-0.003280992765237852,-0.03280992765237852
BTC,1823776,will-bitcoin-reach-80k-in-april-2026-794,22893138393795740138249503228269517733051888602506683062209713465144747482167,1,1777035600000000000,1777039200000000000,1777042800000000000,-1,10.0,-0.0050000000000000044,-1.2558042503441058e-05,-0.004012558042503441,-0.04012558042503441
BTC,1823776,will-bitcoin-reach-80k-in-april-2026-794,22893138393795740138249503228269517733051888602506683062209713465144747482167,1,1777039200000000000,1777042800000000000,1777046400000000000,-1,10.0,-0.03500000000000003,0.003348854708091875,-0.000651145291908125,-0.0065114529190812495
BTC,1823776,will-bitcoin-reach-80k-in-april-2026-794,22893138393795740138249503228269517733051888602506683062209713465144747482167,1,1777042800000000000,1777046400000000000,1777050000000000000,-1,10.0,-0.015000000000000013,0.0012287650069531253,-0.002771234993046875,-0.027712349930468748
BTC,1823776,will-bitcoin-reach-80k-in-april-2026-794,22893138393795740138249503228269517733051888602506683062209713465144747482167,1,1777046400000000000,1777050000000000000,1777053600000000000,-1,10.0,0.015000000000000013,0.0008170520448120833,-0.003182947955187917,-0.03182947955187917
BTC,1823776,will-bitcoin-reach-80k-in-april-2026-794,22893138393795740138249503228269517733051888602506683062209713465144747482167,1,1777050000000000000,1777053600000000000,1777057200000000000,-1,10.0,-0.05499999999999994,-0.00013669467382926292,-0.004136694673829263,-0.04136694673829263
BTC,1823776,will-bitcoin-reach-80k-in-april-2026-794,22893138393795740138249503228269517733051888602506683062209713465144747482167,1,1777053600000000000,1777057200000000000,1777060800000000000,-1,10.0,-0.025000000000000022,-0.001152406611717005,-0.005152406611717005,-0.05152406611717005
BTC,1823776,will-bitcoin-reach-80k-in-april-2026-794,22893138393795740138249503228269517733051888602506683062209713465144747482167,1,1777057200000000000,1777060800000000000,1777064400000000000,-1,10.0,-0.025000000000000022,0.0023396031128314343,-0.0016603968871685658,-0.016603968871685658
BTC,1823776,will-bitcoin-reach-80k-in-april-2026-794,22893138393795740138249503228269517733051888602506683062209713465144747482167,1,1777060800000000000,1777064400000000000,1777068000000000000,-1,10.0,0.0,0.002677062461437396,-0.001322937538562604,-0.01322937538562604
BTC,1823776,will-bitcoin-reach-80k-in-april-2026-794,22893138393795740138249503228269517733051888602506683062209713465144747482167,1,1777064400000000000,1777068000000000000,1777071600000000000,-1,10.0,-0.0050000000000000044,-0.0013994765993727842,-0.005399476599372784,-0.05399476599372784
BTC,1823776,will-bitcoin-reach-80k-in-april-2026-794,22893138393795740138249503228269517733051888602506683062209713465144747482167,1,1777068000000000000,1777071600000000000,1777075200000000000,-1,10.0,-0.019999999999999962,-0.00025504560925737607,-0.004255045609257376,-0.04255045609257376
BTC,1823776,will-bitcoin-reach-80k-in-april-2026-794,22893138393795740138249503228269517733051888602506683062209713465144747482167,1,1777071600000000000,1777075200000000000,1777078800000000000,-1,10.0,-0.025000000000000022,-0.0010941571620235457,-0.005094157162023546,-0.05094157162023546
BTC,1823776,will-bitcoin-reach-80k-in-april-2026-794,22893138393795740138249503228269517733051888602506683062209713465144747482167,1,1777075200000000000,1777078800000000000,1777082400000000000,-1,10.0,0.020000000000000018,-0.0008533480660646298,-0.00485334806606463,-0.0485334806606463
BTC,1823776,will-bitcoin-reach-80k-in-april-2026-794,22893138393795740138249503228269517733051888602506683062209713465144747482167,1,1777078800000000000,1777082400000000000,1777086000000000000,-1,10.0,-0.020000000000000018,-0.000918335528129921,-0.004918335528129921,-0.04918335528129921
BTC,1823776,will-bitcoin-reach-80k-in-april-2026-794,22893138393795740138249503228269517733051888602506683062209713465144747482167,1,1777082400000000000,1777086000000000000,1777089600000000000,-1,10.0,0.04999999999999999,0.000772666305093539,-0.003227333694906461,-0.03227333694906461
BTC,1823776,will-bitcoin-reach-80k-in-april-2026-794,22893138393795740138249503228269517733051888602506683062209713465144747482167,1,1777086000000000000,1777089600000000000,1777093200000000000,-1,10.0,-0.0050000000000000044,0.0014013312453580173,-0.0025986687546419827,-0.025986687546419827
BTC,1823776,will-bitcoin-reach-80k-in-april-2026-794,22893138393795740138249503228269517733051888602506683062209713465144747482167,1,1777089600000000000,1777093200000000000,1777096800000000000,-1,10.0,0.0,8.579507131178943e-05,-0.003914204928688211,-0.03914204928688211
BTC,1823776,will-bitcoin-reach-80k-in-april-2026-794,22893138393795740138249503228269517733051888602506683062209713465144747482167,1,1777093200000000000,1777096800000000000,1777100400000000000,-1,10.0,-0.009999999999999953,3.1482396372961574e-05,-0.0039685176036270385,-0.039685176036270385
BTC,1823776,will-bitcoin-reach-80k-in-april-2026-794,22893138393795740138249503228269517733051888602506683062209713465144747482167,1,1777096800000000000,1777100400000000000,1777104000000000000,-1,10.0,-0.025000000000000022,-0.0018345524759038057,-0.005834552475903806,-0.05834552475903806
BTC,1823776,will-bitcoin-reach-80k-in-april-2026-794,22893138393795740138249503228269517733051888602506683062209713465144747482167,1,1777100400000000000,1777104000000000000,1777107600000000000,-1,10.0,0.020000000000000018,-0.0009167556740519167,-0.004916755674051917,-0.04916755674051917
BTC,1823776,will-bitcoin-reach-80k-in-april-2026-794,22893138393795740138249503228269517733051888602506683062209713465144747482167,1,1777104000000000000,1777107600000000000,1777111200000000000,-1,10.0,-0.010000000000000009,-0.0009421659135901983,-0.004942165913590198,-0.049421659135901984
BTC,1823776,will-bitcoin-reach-80k-in-april-2026-794,22893138393795740138249503228269517733051888602506683062209713465144747482167,1,1777107600000000000,1777111200000000000,1777114800000000000,-1,10.0,0.0,0.0013558686667582975,-0.0026441313332417025,-0.026441313332417025
BTC,1823776,will-bitcoin-reach-80k-in-april-2026-794,22893138393795740138249503228269517733051888602506683062209713465144747482167,1,1777111200000000000,1777114800000000000,1777118400000000000,-1,10.0,0.020000000000000018,0.0016111778358777196,-0.0023888221641222805,-0.023888221641222805
BTC,1823776,will-bitcoin-reach-80k-in-april-2026-794,22893138393795740138249503228269517733051888602506683062209713465144747482167,1,1777114800000000000,1777118400000000000,1777122000000000000,-1,10.0,0.009999999999999953,-0.0017348499441831589,-0.005734849944183159,-0.05734849944183159
BTC,1823776,will-bitcoin-reach-80k-in-april-2026-794,22893138393795740138249503228269517733051888602506683062209713465144747482167,1,1777118400000000000,1777122000000000000,1777125600000000000,-1,10.0,-0.009999999999999953,0.00044972634782436405,-0.003550273652175636,-0.03550273652175636
BTC,1823776,will-bitcoin-reach-80k-in-april-2026-794,22893138393795740138249503228269517733051888602506683062209713465144747482167,1,1777122000000000000,1777125600000000000,1777129200000000000,-1,10.0,-0.020000000000000018,0.004204270716969272,0.0002042707169692716,0.002042707169692716
BTC,1823776,will-bitcoin-reach-80k-in-april-2026-794,22893138393795740138249503228269517733051888602506683062209713465144747482167,1,1777125600000000000,1777129200000000000,1777132800000000000,-1,10.0,0.0,-0.0008665430583061351,-0.004866543058306135,-0.04866543058306135
BTC,1823776,will-bitcoin-reach-80k-in-april-2026-794,22893138393795740138249503228269517733051888602506683062209713465144747482167,1,1777129200000000000,1777132800000000000,1777136400000000000,-1,10.0,0.010000000000000009,0.0019574333823402235,-0.0020425666176597766,-0.020425666176597766
BTC,1823776,will-bitcoin-reach-80k-in-april-2026-794,22893138393795740138249503228269517733051888602506683062209713465144747482167,1,1777132800000000000,1777136400000000000,1777140000000000000,-1,10.0,-0.040000000000000036,-0.0008703389195290345,-0.004870338919529035,-0.048703389195290346
BTC,1823776,will-bitcoin-reach-80k-in-april-2026-794,22893138393795740138249503228269517733051888602506683062209713465144747482167,1,1777136400000000000,1777140000000000000,1777143600000000000,-1,10.0,0.0050000000000000044,-0.0002200147452562362,-0.004220014745256236,-0.04220014745256236
BTC,1823776,will-bitcoin-reach-80k-in-april-2026-794,22893138393795740138249503228269517733051888602506683062209713465144747482167,1,1777140000000000000,1777143600000000000,1777147200000000000,1,10.0,-0.014999999999999958,0.0019283587316232254,-0.0020716412683767747,-0.020716412683767747
BTC,1823776,will-bitcoin-reach-80k-in-april-2026-794,22893138393795740138249503228269517733051888602506683062209713465144747482167,1,1777143600000000000,1777147200000000000,1777150800000000000,1,10.0,0.0,0.0006028720250212949,-0.003397127974978705,-0.03397127974978705
BTC,1823776,will-bitcoin-reach-80k-in-april-2026-794,22893138393795740138249503228269517733051888602506683062209713465144747482167,1,1777147200000000000,1777150800000000000,1777154400000000000,1,10.0,0.0,0.0004020594939699862,-0.003597940506030014,-0.03597940506030014
BTC,1823776,will-bitcoin-reach-80k-in-april-2026-794,22893138393795740138249503228269517733051888602506683062209713465144747482167,1,1777150800000000000,1777154400000000000,1777158000000000000,1,10.0,0.0,0.0008766454508755128,-0.0031233545491244873,-0.031233545491244873
BTC,1823776,will-bitcoin-reach-80k-in-april-2026-794,22893138393795740138249503228269517733051888602506683062209713465144747482167,1,1777154400000000000,1777158000000000000,1777161600000000000,1,10.0,0.009999999999999953,-0.001579388083736033,-0.005579388083736033,-0.05579388083736033
BTC,1823776,will-bitcoin-reach-80k-in-april-2026-794,22893138393795740138249503228269517733051888602506683062209713465144747482167,1,1777158000000000000,1777161600000000000,1777165200000000000,1,10.0,0.040000000000000036,-0.0005321125539337057,-0.004532112553933706,-0.04532112553933706
BTC,1823776,will-bitcoin-reach-80k-in-april-2026-794,22893138393795740138249503228269517733051888602506683062209713465144747482167,1,1777161600000000000,1777165200000000000,1777168800000000000,1,10.0,-0.0050000000000000044,0.0006649784227346078,-0.0033350215772653923,-0.03335021577265392
BTC,1823776,will-bitcoin-reach-80k-in-april-2026-794,22893138393795740138249503228269517733051888602506683062209713465144747482167,1,1777165200000000000,1777168800000000000,1777172400000000000,1,10.0,-0.015000000000000013,-0.0014508595820527104,-0.0054508595820527105,-0.054508595820527105
BTC,1823776,will-bitcoin-reach-80k-in-april-2026-794,22893138393795740138249503228269517733051888602506683062209713465144747482167,1,1777168800000000000,1777172400000000000,1777176000000000000,1,10.0,0.0,0.00483306182244192,0.0008330618224419196,0.008330618224419196
BTC,1823776,will-bitcoin-reach-80k-in-april-2026-794,22893138393795740138249503228269517733051888602506683062209713465144747482167,1,1777172400000000000,1777176000000000000,1777179600000000000,1,10.0,0.0,0.0026875205160985516,-0.0013124794839014485,-0.013124794839014485
BTC,1823776,will-bitcoin-reach-80k-in-april-2026-794,22893138393795740138249503228269517733051888602506683062209713465144747482167,1,1777176000000000000,1777179600000000000,1777183200000000000,1,10.0,-0.010000000000000009,0.00020170982739764476,-0.0037982901726023553,-0.03798290172602355
BTC,1823776,will-bitcoin-reach-80k-in-april-2026-794,22893138393795740138249503228269517733051888602506683062209713465144747482167,1,1777179600000000000,1777183200000000000,1777186800000000000,1,10.0,0.030000000000000027,0.0013268112017790212,-0.002673188798220979,-0.02673188798220979
BTC,1823776,will-bitcoin-reach-80k-in-april-2026-794,22893138393795740138249503228269517733051888602506683062209713465144747482167,1,1777183200000000000,1777186800000000000,1777190400000000000,1,10.0,0.06,-0.0008954895571244847,-0.004895489557124485,-0.04895489557124485
BTC,1823776,will-bitcoin-reach-80k-in-april-2026-794,22893138393795740138249503228269517733051888602506683062209713465144747482167,1,1777186800000000000,1777190400000000000,1777194000000000000,1,10.0,-0.020000000000000018,-0.00041777416333343975,-0.00441777416333344,-0.0441777416333344
BTC,1823776,will-bitcoin-reach-80k-in-april-2026-794,22893138393795740138249503228269517733051888602506683062209713465144747482167,1,1777190400000000000,1777194000000000000,1777197600000000000,1,10.0,0.020000000000000018,3.128205529234762e-05,-0.0039687179447076525,-0.039687179447076525
BTC,1823776,will-bitcoin-reach-80k-in-april-2026-794,22893138393795740138249503228269517733051888602506683062209713465144747482167,1,1777194000000000000,1777197600000000000,1777201200000000000,1,10.0,0.0,0.0012693194301769406,-0.0027306805698230595,-0.027306805698230595
BTC,1823776,will-bitcoin-reach-80k-in-april-2026-794,22893138393795740138249503228269517733051888602506683062209713465144747482167,1,1777197600000000000,1777201200000000000,1777204800000000000,1,10.0,-0.010000000000000009,-0.0034360442009776504,-0.0074360442009776505,-0.07436044200977651
BTC,1823776,will-bitcoin-reach-80k-in-april-2026-794,22893138393795740138249503228269517733051888602506683062209713465144747482167,1,1777201200000000000,1777204800000000000,1777208400000000000,1,10.0,-0.020000000000000018,0.0018592351735275958,-0.0021407648264724043,-0.021407648264724043
BTC,1823776,will-bitcoin-reach-80k-in-april-2026-794,22893138393795740138249503228269517733051888602506683062209713465144747482167,1,1777204800000000000,1777208400000000000,1777212000000000000,1,10.0,0.020000000000000018,0.0015115842600823548,-0.0024884157399176453,-0.024884157399176453
BTC,1823776,will-bitcoin-reach-80k-in-april-2026-794,22893138393795740138249503228269517733051888602506683062209713465144747482167,1,1777208400000000000,1777212000000000000,1777215600000000000,1,10.0,-0.03999999999999998,-0.0005974723819480721,-0.004597472381948072,-0.04597472381948072
BTC,1823776,will-bitcoin-reach-80k-in-april-2026-794,22893138393795740138249503228269517733051888602506683062209713465144747482167,1,1777212000000000000,1777215600000000000,1777219200000000000,1,10.0,0.0,-0.0016601109559379879,-0.005660110955937988,-0.05660110955937988
BTC,1823776,will-bitcoin-reach-80k-in-april-2026-794,22893138393795740138249503228269517733051888602506683062209713465144747482167,1,1777215600000000000,1777219200000000000,1777222800000000000,1,10.0,0.04999999999999999,0.0012723399028973237,-0.0027276600971026764,-0.027276600971026764
BTC,1823776,will-bitcoin-reach-80k-in-april-2026-794,22893138393795740138249503228269517733051888602506683062209713465144747482167,1,1777219200000000000,1777222800000000000,1777226400000000000,1,10.0,-0.020000000000000018,0.00340162604877281,-0.00059837395122719,-0.0059837395122719
BTC,1823776,will-bitcoin-reach-80k-in-april-2026-794,22893138393795740138249503228269517733051888602506683062209713465144747482167,1,1777222800000000000,1777226400000000000,1777230000000000000,1,10.0,0.0,-0.0008022077575023934,-0.0048022077575023935,-0.048022077575023935
BTC,1823776,will-bitcoin-reach-80k-in-april-2026-794,22893138393795740138249503228269517733051888602506683062209713465144747482167,1,1777226400000000000,1777230000000000000,1777233600000000000,1,10.0,0.0,-0.0003444080859962284,-0.0043444080859962285,-0.043444080859962285
BTC,1823776,will-bitcoin-reach-80k-in-april-2026-794,22893138393795740138249503228269517733051888602506683062209713465144747482167,1,1777230000000000000,1777233600000000000,1777237200000000000,1,10.0,0.06000000000000005,0.0028543030418362036,-0.0011456969581637964,-0.011456969581637964
BTC,1823776,will-bitcoin-reach-80k-in-april-2026-794,22893138393795740138249503228269517733051888602506683062209713465144747482167,1,1777233600000000000,1777237200000000000,1777240800000000000,1,10.0,-0.010000000000000009,-0.0013248333501451048,-0.005324833350145105,-0.05324833350145105
BTC,1823776,will-bitcoin-reach-80k-in-april-2026-794,22893138393795740138249503228269517733051888602506683062209713465144747482167,1,1777237200000000000,1777240800000000000,1777244400000000000,1,10.0,0.019999999999999907,0.00439298348484396,0.00039298348484395965,0.0039298348484395965
BTC,1823776,will-bitcoin-reach-80k-in-april-2026-794,22893138393795740138249503228269517733051888602506683062209713465144747482167,1,1777240800000000000,1777244400000000000,1777248000000000000,1,10.0,0.030000000000000027,0.008277018544310177,0.004277018544310177,0.04277018544310177
BTC,1823776,will-bitcoin-reach-80k-in-april-2026-794,22893138393795740138249503228269517733051888602506683062209713465144747482167,1,1777244400000000000,1777248000000000000,1777251600000000000,1,10.0,-0.020000000000000018,-0.00031446778785659824,-0.004314467787856598,-0.04314467787856598
BTC,1823776,will-bitcoin-reach-80k-in-april-2026-794,22893138393795740138249503228269517733051888602506683062209713465144747482167,1,1777248000000000000,1777251600000000000,1777255200000000000,1,10.0,0.06000000000000005,-0.001937978140767127,-0.005937978140767127,-0.05937978140767127
BTC,1823776,will-bitcoin-reach-80k-in-april-2026-794,22893138393795740138249503228269517733051888602506683062209713465144747482167,1,1777251600000000000,1777255200000000000,1777258800000000000,-1,10.0,0.15000000000000002,0.00030986979528990766,-0.0036901302047100924,-0.036901302047100924
BTC,1823776,will-bitcoin-reach-80k-in-april-2026-794,22893138393795740138249503228269517733051888602506683062209713465144747482167,1,1777255200000000000,1777258800000000000,1777262400000000000,-1,10.0,-0.030000000000000027,0.0022914970882552677,-0.0017085029117447324,-0.017085029117447324
BTC,1823776,will-bitcoin-reach-80k-in-april-2026-794,22893138393795740138249503228269517733051888602506683062209713465144747482167,1,1777258800000000000,1777262400000000000,1777266000000000000,-1,10.0,-0.025000000000000022,0.014427510338398064,0.010427510338398064,0.10427510338398063
BTC,1823776,will-bitcoin-reach-80k-in-april-2026-794,22893138393795740138249503228269517733051888602506683062209713465144747482167,1,1777262400000000000,1777266000000000000,1777269600000000000,-1,10.0,-0.015000000000000013,0.0010981475477318536,-0.0029018524522681464,-0.029018524522681464
BTC,1823776,will-bitcoin-reach-80k-in-april-2026-794,22893138393795740138249503228269517733051888602506683062209713465144747482167,1,1777266000000000000,1777269600000000000,1777273200000000000,1,10.0,-0.04999999999999993,-0.0012036017447590863,-0.005203601744759086,-0.052036017447590864
BTC,1823776,will-bitcoin-reach-80k-in-april-2026-794,22893138393795740138249503228269517733051888602506683062209713465144747482167,1,1777269600000000000,1777273200000000000,1777276800000000000,1,10.0,-0.19000000000000006,0.0025479791667202267,-0.0014520208332797734,-0.014520208332797734
BTC,1823776,will-bitcoin-reach-80k-in-april-2026-794,22893138393795740138249503228269517733051888602506683062209713465144747482167,1,1777273200000000000,1777276800000000000,1777280400000000000,1,10.0,-0.044999999999999984,0.0012296229233483835,-0.0027703770766516166,-0.027703770766516166
BTC,1823776,will-bitcoin-reach-80k-in-april-2026-794,22893138393795740138249503228269517733051888602506683062209713465144747482167,1,1777276800000000000,1777280400000000000,1777284000000000000,1,10.0,-0.024999999999999967,-0.0006418484413545089,-0.004641848441354509,-0.04641848441354509
BTC,1823776,will-bitcoin-reach-80k-in-april-2026-794,22893138393795740138249503228269517733051888602506683062209713465144747482167,1,1777280400000000000,1777284000000000000,1777287600000000000,1,10.0,0.014999999999999958,-7.385997766728991e-05,-0.00407385997766729,-0.0407385997766729
BTC,1823776,will-bitcoin-reach-80k-in-april-2026-794,22893138393795740138249503228269517733051888602506683062209713465144747482167,1,1777284000000000000,1777287600000000000,1777291200000000000,1,10.0,0.03500000000000003,-0.0022724861152253473,-0.006272486115225347,-0.06272486115225348
BTC,1823776,will-bitcoin-reach-80k-in-april-2026-794,22893138393795740138249503228269517733051888602506683062209713465144747482167,1,1777287600000000000,1777291200000000000,1777294800000000000,1,10.0,-0.0050000000000000044,0.0010220509619485174,-0.0029779490380514827,-0.029779490380514827
BTC,1823776,will-bitcoin-reach-80k-in-april-2026-794,22893138393795740138249503228269517733051888602506683062209713465144747482167,1,1777291200000000000,1777294800000000000,1777298400000000000,1,10.0,0.0,0.0008811945041038438,-0.0031188054958961563,-0.031188054958961563
BTC,1823776,will-bitcoin-reach-80k-in-april-2026-794,22893138393795740138249503228269517733051888602506683062209713465144747482167,1,1777294800000000000,1777298400000000000,1777302000000000000,1,10.0,-0.025000000000000022,-0.013135728536501579,-0.01713572853650158,-0.1713572853650158
BTC,1823776,will-bitcoin-reach-80k-in-april-2026-794,22893138393795740138249503228269517733051888602506683062209713465144747482167,1,1777298400000000000,1777302000000000000,1777305600000000000,1,10.0,0.0,-0.0022723398680792872,-0.006272339868079287,-0.06272339868079288
BTC,1823776,will-bitcoin-reach-80k-in-april-2026-794,22893138393795740138249503228269517733051888602506683062209713465144747482167,1,1777302000000000000,1777305600000000000,1777309200000000000,1,10.0,0.020000000000000018,0.0016268897665698834,-0.0023731102334301167,-0.023731102334301167
BTC,1823776,will-bitcoin-reach-80k-in-april-2026-794,22893138393795740138249503228269517733051888602506683062209713465144747482167,1,1777305600000000000,1777309200000000000,1777312800000000000,1,10.0,-0.18,0.001183426709635782,-0.002816573290364218,-0.02816573290364218
BTC,1823776,will-bitcoin-reach-80k-in-april-2026-794,22893138393795740138249503228269517733051888602506683062209713465144747482167,1,1777309200000000000,1777312800000000000,1777316400000000000,1,10.0,-0.04000000000000001,0.0005727928473389099,-0.00342720715266109,-0.0342720715266109
BTC,1823776,will-bitcoin-reach-80k-in-april-2026-794,22893138393795740138249503228269517733051888602506683062209713465144747482167,1,1777312800000000000,1777316400000000000,1777320000000000000,1,10.0,0.01999999999999999,0.0010713068109018398,-0.0029286931890981603,-0.029286931890981603
BTC,1823776,will-bitcoin-reach-80k-in-april-2026-794,22893138393795740138249503228269517733051888602506683062209713465144747482167,1,1777316400000000000,1777320000000000000,1777323600000000000,1,10.0,0.010000000000000009,-0.0003655125107797641,-0.004365512510779764,-0.04365512510779764
BTC,1823776,will-bitcoin-reach-80k-in-april-2026-794,22893138393795740138249503228269517733051888602506683062209713465144747482167,1,1777316400000000000,1777320000000000000,1777323600000000000,1,10.0,0.010000000000000009,-0.0008382229673092878,-0.004838222967309288,-0.04838222967309288
