market_id,market_slug,asset,is_active,is_closed,is_archived,volume_1mo_usd,volume_total_usd,wallet_flow_rows,trade_rows,copy_rows,market_flow_hourly_rows,whale_flow_hourly_rows,observed_flow_hours,first_flow_hour_ns,last_flow_hour_ns,coverage_span_hours,continuity_ratio,missing_hours_estimate,recent_coverage,coverage_need
1001041,xrp-updown-15m-1766565900,XRP,True,True,False,9978.924657999998,9978.924658,0,0,0,0,0,0,,,0,0.0000,0,False,breadth
1013579,btc-updown-15m-1766700000,BTC,True,True,False,99878.53430899997,99878.534309,0,0,0,0,0,0,,,0,0.0000,0,False,breadth
1014007,sol-updown-15m-1766704500,SOL,True,True,False,0.0,9974.632303,0,0,0,0,0,0,,,0,0.0000,0,False,breadth
1033733,btc-updown-15m-1766891700,BTC,True,True,False,99833.27451399998,99833.274514,0,0,0,0,0,0,,,0,0.0000,0,False,breadth
1038917,btc-updown-15m-1766935800,BTC,True,True,False,0.0,99984.248338,0,0,0,0,0,0,,,0,0.0000,0,False,breadth
1043317,xrp-updown-15m-1766970900,XRP,True,True,False,0.0,997.34022,0,0,0,0,0,0,,,0,0.0000,0,False,breadth
1055817,eth-updown-15m-1767084300,ETH,True,True,False,99938.20815299993,99938.208153,0,0,0,0,0,0,,,0,0.0000,0,False,breadth
1063983,btc-updown-15m-1767162600,BTC,True,True,False,9991.091649000002,9991.091649,0,0,0,0,0,0,,,0,0.0000,0,False,breadth
1068384,will-el-salvador-hold-1b-of-btc-by-december-31-2026,BTC,True,False,False,509.1899039999999,7465.673088999998,0,0,0,0,0,0,,,0,0.0000,0,False,breadth
1076110,will-cryptopunks-floor-price-dip-to-20-eth-before-2027,ETH,True,False,False,0.0,916.7558920000001,0,0,0,0,0,0,,,0,0.0000,0,False,breadth
1076131,will-pudgy-penguins-floor-price-reach-10-eth-before-2027,ETH,True,False,False,0.0,799.5188500000002,0,0,0,0,0,0,,,0,0.0000,0,False,breadth
1077492,xrp-updown-15m-1767312900,XRP,True,True,False,9963.096431000002,9963.096431,0,0,0,0,0,0,,,0,0.0000,0,False,breadth
1082090,ethereum-up-or-down-on-january-3,ETH,True,True,False,99948.37753299998,99948.377533,0,0,0,0,0,0,,,0,0.0000,0,False,breadth
1099805,will-milady-floor-price-reach-6-eth-before-2027,ETH,True,False,False,0.0,793.1779610000001,0,0,0,0,0,0,,,0,0.0000,0,False,breadth
1105144,eth-updown-15m-1767626100,ETH,True,True,False,99826.33436100002,99826.334361,0,0,0,0,0,0,,,0,0.0000,0,False,breadth
1125904,sol-updown-15m-1767829500,SOL,True,True,False,0.0,9986.866188,0,0,0,0,0,0,,,0,0.0000,0,False,breadth
1137190,bitcoin-above-84k-on-january-15,BTC,True,True,False,99716.706334,99716.706334,0,0,0,0,0,0,,,0,0.0000,0,False,breadth
1141903,xrp-updown-15m-1768029300,XRP,True,True,False,0.0,9965.491957,0,0,0,0,0,0,,,0,0.0000,0,False,breadth
1142011,xrp-updown-15m-1768032000,XRP,True,True,False,0.0,9991.650322,0,0,0,0,0,0,,,0,0.0000,0,False,breadth
1180069,xrp-updown-15m-1768409100,XRP,True,True,False,0.0,9997.058796,0,0,0,0,0,0,,,0,0.0000,0,False,breadth
1186736,xrp-updown-15m-1768524300,XRP,True,True,False,0.0,9995.35559,0,0,0,0,0,0,,,0,0.0000,0,False,breadth
1200930,btc-updown-15m-1768687200,BTC,True,True,False,0.0,99835.149666,0,0,0,0,0,0,,,0,0.0000,0,False,breadth
1212461,xrp-updown-15m-1768816800,XRP,True,True,False,0.0,9988.98899,0,0,0,0,0,0,,,0,0.0000,0,False,breadth
1214030,xrp-updown-15m-1768841100,XRP,True,True,False,0.0,9980.746041,0,0,0,0,0,0,,,0,0.0000,0,False,breadth
1220929,will-the-price-of-bitcoin-be-between-98000-100000-on-january-26,BTC,True,True,False,99959.31210699996,99959.312107,0,0,0,0,0,0,,,0,0.0000,0,False,breadth
1224266,will-the-nyse-choose-solana,SOL,True,False,False,0.0,519.203855,0,0,0,0,0,0,,,0,0.0000,0,False,breadth
1224604,sol-updown-15m-1768961700,SOL,True,True,False,0.0,9971.83885,0,0,0,0,0,0,,,0,0.0000,0,False,breadth
1226295,xrp-updown-15m-1768986900,XRP,True,True,False,0.0,9988.407676,0,0,0,0,0,0,,,0,0.0000,0,False,breadth
1231927,xrp-updown-15m-1769046300,XRP,True,True,False,0.0,9981.835606,0,0,0,0,0,0,,,0,0.0000,0,False,breadth
1240343,sol-updown-15m-1769156100,SOL,True,True,False,9999.839342000003,9999.839342,0,0,0,0,0,0,,,0,0.0000,0,False,breadth
1243009,xrp-above-2pt3-on-january-29,XRP,True,True,False,9985.949033,9985.949033,0,0,0,0,0,0,,,0,0.0000,0,False,breadth
1244314,xrp-updown-15m-1769202000,XRP,True,True,False,0.0,9985.79387,0,0,0,0,0,0,,,0,0.0000,0,False,breadth
1246096,sol-updown-15m-1769221800,SOL,True,True,False,0.0,9973.015686,0,0,0,0,0,0,,,0,0.0000,0,False,breadth
1253195,sol-updown-15m-1769292900,SOL,True,True,False,0.0,9963.058464,0,0,0,0,0,0,,,0,0.0000,0,False,breadth
1271954,solana-above-120-on-february-2,SOL,True,True,False,99663.161343,99663.161343,0,0,0,0,0,0,,,0,0.0000,0,False,breadth
1280602,xrp-updown-15m-1769652900,XRP,True,True,False,0.0,9979.355561,0,0,0,0,0,0,,,0,0.0000,0,False,breadth
1295996,will-march-be-the-best-month-for-bitcoin-in-2026,BTC,True,False,False,43481.927843000005,51695.973245000016,4,4,0,2,2,2,1776747600000000000,1777356000000000000,169,0.0118,168,False,depth
1295998,will-may-be-the-best-month-for-bitcoin-in-2026,BTC,True,False,False,1075.336964,6280.931613999998,0,0,0,0,0,0,,,0,0.0000,0,False,breadth
1295999,will-june-be-the-best-month-for-bitcoin-in-2026,BTC,True,False,False,1518.040074,6762.156226000001,0,0,0,0,0,0,,,0,0.0000,0,False,breadth
1296000,will-july-be-the-best-month-for-bitcoin-in-2026,BTC,True,False,False,0.0,5772.726141,0,0,0,0,0,0,,,0,0.0000,0,False,breadth
1296001,will-august-be-the-best-month-for-bitcoin-in-2026,BTC,True,False,False,0.0,5610.986357000001,0,0,0,0,0,0,,,0,0.0000,0,False,breadth
1296002,will-september-be-the-best-month-for-bitcoin-in-2026,BTC,True,False,False,0.0,5825.369182000001,0,0,0,0,0,0,,,0,0.0000,0,False,breadth
1297883,xrp-updown-15m-1769845500,XRP,True,True,False,0.0,9997.89389,0,0,0,0,0,0,,,0,0.0000,0,False,breadth
1299187,megaeth-market-cap-fdv-1pt5b-one-day-after-launch-371-844-879-681,ETH,True,False,False,639216.1464780001,977356.135069998,850,848,2,67,66,67,1776589200000000000,1777636800000000000,291,0.2295,225,False,continuity_repair
1299759,xrp-above-1pt3-on-february-6,XRP,True,True,False,99678.00816899998,99678.008169,0,0,0,0,0,0,,,0,0.0000,0,False,breadth
1308008,bitcoin-up-or-down-february-2-11am-et,BTC,True,True,False,998475.0938579983,998475.093858,0,0,0,0,0,0,,,0,0.0000,0,False,breadth
1309382,xrp-updown-15m-1769972400,XRP,True,True,False,0.0,9993.970954,0,0,0,0,0,0,,,0,0.0000,0,False,breadth
1320351,will-the-price-of-bitcoin-be-between-72000-74000-on-february-9,BTC,True,True,False,99866.65797600009,99866.657976,0,0,0,0,0,0,,,0,0.0000,0,False,breadth
1339767,will-bitcoin-dip-to-50000-by-december-31-2026-454-325-222-878-949-487-451,BTC,True,False,False,527093.6617549995,976986.0578079995,146,146,0,36,36,36,1774256400000000000,1777964400000000000,1030,0.0349,995,True,continuity_repair
1339768,will-bitcoin-dip-to-40000-by-december-31-2026-593-522-842-874-931-776-991,BTC,True,False,False,228944.09493099994,541020.6500200006,0,0,0,0,0,0,,,0,0.0000,0,False,breadth
1340780,bitmine-sells-any-ethereum-in-2026,ETH,True,False,False,0.0,6699.327215000004,0,0,0,0,0,0,,,0,0.0000,0,False,breadth
1343220,will-bitcoin-dip-to-10000-by-december-31-2026-888-644-567-258-946-853,BTC,True,False,False,128366.06960099985,587768.5092110005,428,428,0,38,38,38,1770451200000000000,1777420800000000000,1936,0.0196,1899,False,continuity_repair
1343228,will-bitcoin-dip-to-5000-by-december-31-2026-jy3n-991-141-345-117-196-482,BTC,True,False,False,175769.44759500012,523020.8825120004,18,18,0,6,6,6,1773086400000000000,1777874400000000000,1330,0.0045,1325,False,depth
1345530,will-bitcoin-reach-80000-by-december-31-2026-195-842-488-785,BTC,True,False,False,380138.4501960006,726369.6102039948,94,94,0,31,28,31,1774008000000000000,1777881600000000000,1076,0.0288,1046,False,continuity_repair
1345824,bitcoin-above-72k-on-february-13,BTC,True,True,False,999989.6555089994,999989.655509,0,0,0,0,0,0,,,0,0.0000,0,False,breadth
1360309,will-the-price-of-solana-be-between-90-100-on-february-16,SOL,True,True,False,9972.183246999999,9972.183247,0,0,0,0,0,0,,,0,0.0000,0,False,breadth
1363333,eth-updown-15m-1770828300,ETH,True,True,False,99811.10264599991,99811.102646,0,0,0,0,0,0,,,0,0.0000,0,False,breadth
1366407,eth-updown-15m-1770913800,ETH,True,True,False,99657.00528599991,99657.005286,0,0,0,0,0,0,,,0,0.0000,0,False,breadth
1367237,btc-updown-4h-1770930000,BTC,True,True,False,99939.174556,99939.174556,0,0,0,0,0,0,,,0,0.0000,0,False,breadth
1368105,btc-updown-5m-1770943500,BTC,True,True,False,99752.211628,99752.211628,0,0,0,0,0,0,,,0,0.0000,0,False,breadth
1368658,xrp-updown-15m-1770969600,XRP,True,True,False,0.0,9996.818976,0,0,0,0,0,0,,,0,0.0000,0,False,breadth
1368757,btc-updown-5m-1770973200,BTC,True,True,False,99701.38707800006,99701.387078,0,0,0,0,0,0,,,0,0.0000,0,False,breadth
1372718,btc-updown-5m-1771077900,BTC,True,True,False,0.0,99730.535892,0,0,0,0,0,0,,,0,0.0000,0,False,breadth
1373744,megaeth-market-cap-fdv-800m-one-day-after-launch-987-114-655,ETH,True,False,False,877204.2648909992,991872.7928130007,203,203,0,34,34,34,1776261600000000000,1777590000000000000,369,0.0919,336,False,continuity_repair
1377154,xrp-updown-15m-1771169400,XRP,True,True,False,0.0,9971.196133,0,0,0,0,0,0,,,0,0.0000,0,False,breadth
1383662,will-megaeth-launch-a-token-by-june-30-2026-676-993-477,ETH,True,False,False,564560.6366819998,652326.0693849989,401,399,2,37,37,37,1774342800000000000,1777554000000000000,892,0.0414,856,False,continuity_repair
1383663,will-megaeth-launch-a-token-by-september-30-2026-936-122-154,ETH,True,False,False,64461.043712000006,68682.129297,26,26,0,6,6,6,1776956400000000000,1777158000000000000,56,0.1053,51,False,depth
1384039,will-solana-dip-to-80-february-16-22,SOL,True,True,False,99673.20869999999,99673.2087,0,0,0,0,0,0,,,0,0.0000,0,False,breadth
1384632,btc-updown-5m-1771315200,BTC,True,True,False,99911.79594200001,99911.795942,0,0,0,0,0,0,,,0,0.0000,0,False,breadth
1386992,btc-updown-5m-1771367100,BTC,True,True,False,99796.669468,99796.669468,0,0,0,0,0,0,,,0,0.0000,0,False,breadth
1388038,btc-updown-5m-1771399200,BTC,True,True,False,0.0,99916.234661,0,0,0,0,0,0,,,0,0.0000,0,False,breadth
1390823,xrp-updown-15m-1771459200,XRP,True,True,False,9971.414232000001,9971.414232,0,0,0,0,0,0,,,0,0.0000,0,False,breadth
1391643,ethereum-up-or-down-february-20-3am-et,ETH,True,True,False,99945.8911619999,99945.891162,0,0,0,0,0,0,,,0,0.0000,0,False,breadth
1391895,btc-updown-5m-1771495800,BTC,True,True,False,99633.52556200011,99633.525562,0,0,0,0,0,0,,,0,0.0000,0,False,breadth
1393070,will-bitcoin-reach-1000000-by-december-31-2026-946,BTC,True,False,False,417855.04961500067,999768.2219180046,36,36,0,14,14,14,1772193600000000000,1777449600000000000,1460,0.0096,1447,False,depth
1393658,eth-updown-5m-1771463700,ETH,True,True,False,0.0,9974.368597,0,0,0,0,0,0,,,0,0.0000,0,False,breadth
1394018,sol-updown-5m-1771488300,SOL,True,True,False,0.0,998.057758,0,0,0,0,0,0,,,0,0.0000,0,False,breadth
1396633,btc-updown-5m-1771576800,BTC,True,True,False,99949.00981699994,99949.009817,0,0,0,0,0,0,,,0,0.0000,0,False,breadth
1396636,sol-updown-15m-1771577100,SOL,True,True,False,9987.287280999997,9987.287281,0,0,0,0,0,0,,,0,0.0000,0,False,breadth
1396783,btc-updown-4h-1771578000,BTC,True,True,False,99810.93362999997,99810.93363,0,0,0,0,0,0,,,0,0.0000,0,False,breadth
1396824,btc-updown-5m-1771579800,BTC,True,True,False,99970.03541299987,99970.035413,0,0,0,0,0,0,,,0,0.0000,0,False,breadth
1399195,btc-updown-5m-1771617000,BTC,True,True,False,99923.66873599989,99923.668736,0,0,0,0,0,0,,,0,0.0000,0,False,breadth
1399448,btc-updown-15m-1771623900,BTC,True,True,False,0.0,99868.766554,0,0,0,0,0,0,,,0,0.0000,0,False,breadth
1400398,xrp-updown-5m-1771636200,XRP,True,True,False,0.0,997.135582,0,0,0,0,0,0,,,0,0.0000,0,False,breadth
1400745,sol-updown-5m-1771648500,SOL,True,True,False,0.0,998.860041,0,0,0,0,0,0,,,0,0.0000,0,False,breadth
1400748,btc-updown-5m-1771648500,BTC,True,True,False,99895.22731300011,99895.227313,0,0,0,0,0,0,,,0,0.0000,0,False,breadth
1401172,btc-updown-5m-1771653900,BTC,True,True,False,99708.66143999991,99708.66144,0,0,0,0,0,0,,,0,0.0000,0,False,breadth
1401850,eth-updown-5m-1771673400,ETH,True,True,False,0.0,9991.399758,0,0,0,0,0,0,,,0,0.0000,0,False,breadth
1402535,eth-updown-5m-1771688400,ETH,True,True,False,0.0,9966.862993,0,0,0,0,0,0,,,0,0.0000,0,False,breadth
1403697,btc-updown-5m-1771708800,BTC,True,True,False,99648.78008999991,99648.78009,0,0,0,0,0,0,,,0,0.0000,0,False,breadth
1403809,sol-updown-15m-1771712100,SOL,True,True,False,0.0,9972.107651,0,0,0,0,0,0,,,0,0.0000,0,False,breadth
1404376,sol-updown-15m-1771715700,SOL,True,True,False,9980.086917999999,9980.086918,0,0,0,0,0,0,,,0,0.0000,0,False,breadth
1407831,xrp-updown-5m-1771770600,XRP,True,True,False,0.0,996.841883,0,0,0,0,0,0,,,0,0.0000,0,False,breadth
1410451,btc-updown-5m-1771799100,BTC,True,True,False,99717.68480799992,99717.684808,0,0,0,0,0,0,,,0,0.0000,0,False,breadth
1411491,eth-updown-5m-1771805700,ETH,True,True,False,9984.005506000003,9984.005506,0,0,0,0,0,0,,,0,0.0000,0,False,breadth
1412931,xrp-updown-15m-1771827300,XRP,True,True,False,0.0,9974.184723,0,0,0,0,0,0,,,0,0.0000,0,False,breadth
1413795,btc-updown-5m-1771845300,BTC,True,True,False,99862.02022599988,99862.020226,0,0,0,0,0,0,,,0,0.0000,0,False,breadth
1413804,btc-updown-5m-1771845600,BTC,True,True,False,0.0,99668.165393,0,0,0,0,0,0,,,0,0.0000,0,False,breadth
1413838,btc-updown-15m-1771847100,BTC,True,True,False,0.0,99942.208199,0,0,0,0,0,0,,,0,0.0000,0,False,breadth
1424304,eth-updown-5m-1772000700,ETH,True,True,False,0.0,9982.145602,0,0,0,0,0,0,,,0,0.0000,0,False,breadth
1427970,solana-above-30-on-march-3,SOL,True,True,False,9968.715378,9968.715378,0,0,0,0,0,0,,,0,0.0000,0,False,breadth
1431572,btc-updown-5m-1772069700,BTC,True,True,False,99697.15720400009,99697.157204,0,0,0,0,0,0,,,0,0.0000,0,False,breadth
1433045,btc-updown-15m-1772086500,BTC,True,True,False,0.0,99988.474869,0,0,0,0,0,0,,,0,0.0000,0,False,breadth
1433157,btc-updown-5m-1772089200,BTC,True,True,False,0.0,99824.551096,0,0,0,0,0,0,,,0,0.0000,0,False,breadth
1433977,btc-updown-15m-1772101800,BTC,True,True,False,0.0,99773.487175,0,0,0,0,0,0,,,0,0.0000,0,False,breadth
1434547,eth-updown-5m-1772106900,ETH,True,True,False,0.0,9968.766675,0,0,0,0,0,0,,,0,0.0000,0,False,breadth
1442633,btc-updown-5m-1772172600,BTC,True,True,False,0.0,99792.184178,0,0,0,0,0,0,,,0,0.0000,0,False,breadth
1447230,sol-updown-15m-1772199000,SOL,True,True,False,0.0,9985.526809,0,0,0,0,0,0,,,0,0.0000,0,False,breadth
1447727,eth-updown-5m-1772205000,ETH,True,True,False,0.0,9998.172084,0,0,0,0,0,0,,,0,0.0000,0,False,breadth
1449418,sol-updown-15m-1772218800,SOL,True,True,False,0.0,9995.051442,0,0,0,0,0,0,,,0,0.0000,0,False,breadth
1451170,eth-updown-5m-1772234100,ETH,True,True,False,9982.910785000004,9977.910785,0,0,0,0,0,0,,,0,0.0000,0,False,breadth
1454718,eth-updown-5m-1772291700,ETH,True,True,False,0.0,9972.938353,0,0,0,0,0,0,,,0,0.0000,0,False,breadth
1462525,xrp-up-or-down-march-1-11pm-et,XRP,True,True,False,9980.859736,9980.859736,0,0,0,0,0,0,,,0,0.0000,0,False,breadth
1464674,xrp-updown-5m-1772357100,XRP,True,True,False,0.0,999.967406,0,0,0,0,0,0,,,0,0.0000,0,False,breadth
1467668,sol-updown-15m-1772387100,SOL,True,True,False,0.0,9969.008107,0,0,0,0,0,0,,,0,0.0000,0,False,breadth
1468054,eth-updown-5m-1772390700,ETH,True,True,False,0.0,9979.633395,0,0,0,0,0,0,,,0,0.0000,0,False,breadth
1471952,sol-updown-5m-1772410800,SOL,True,True,False,9976.598173999995,9976.598174,0,0,0,0,0,0,,,0,0.0000,0,False,breadth
1472388,btc-updown-5m-1772419800,BTC,True,True,False,99992.21890799995,99977.051854,0,0,0,0,0,0,,,0,0.0000,0,False,breadth
1473059,will-ethereum-reach-3200-in-march-2026,ETH,True,True,False,0.0,997433.0805379985,0,0,0,0,0,0,,,0,0.0000,0,False,breadth
1474309,xrp-updown-5m-1772435700,XRP,True,True,False,0.0,999.274803,0,0,0,0,0,0,,,0,0.0000,0,False,breadth
1474917,sol-updown-5m-1772445600,SOL,True,True,False,0.0,9966.63867,0,0,0,0,0,0,,,0,0.0000,0,False,breadth
1478056,btc-updown-15m-1772480700,BTC,True,True,False,0.0,99837.60502,0,0,0,0,0,0,,,0,0.0000,0,False,breadth
1482779,btc-updown-5m-1772539200,BTC,True,True,False,99638.71741399997,99638.717414,0,0,0,0,0,0,,,0,0.0000,0,False,breadth
1488089,sol-updown-5m-1772587200,SOL,True,True,False,9995.910134000003,9995.910134,0,0,0,0,0,0,,,0,0.0000,0,False,breadth
1492323,eth-updown-5m-1772634300,ETH,True,True,False,0.0,9965.029775,0,0,0,0,0,0,,,0,0.0000,0,False,breadth
1493136,sol-updown-5m-1772643300,SOL,True,True,False,9970.200541000007,9970.200541,0,0,0,0,0,0,,,0,0.0000,0,False,breadth
1541322,ethereal-fdv-above-50m-one-day-after-launch-232,ETH,True,False,False,3172.8119719999995,6394.751325000003,0,0,0,0,0,0,,,0,0.0000,0,False,breadth
1541325,ethereal-fdv-above-300m-one-day-after-launch-833,ETH,True,False,False,0.0,647.73,0,0,0,0,0,0,,,0,0.0000,0,False,breadth
1541327,ethereal-fdv-above-500m-one-day-after-launch-597,ETH,True,False,False,0.0,5214.728826,0,0,0,0,0,0,,,0,0.0000,0,False,breadth
1541328,ethereal-fdv-above-600m-one-day-after-launch-816,ETH,True,False,False,0.0,9.658716,0,0,0,0,0,0,,,0,0.0000,0,False,breadth
1541748,megaeth-market-cap-fdv-600m-one-day-after-launch-185,ETH,True,False,False,809146.1588280014,871753.4592719999,203,195,8,25,24,25,1776715200000000000,1777647600000000000,259,0.0962,235,False,continuity_repair
1584738,eth-updown-5m-1773556200,ETH,True,True,False,0.0,9999.258738000008,0,0,0,0,0,0,,,0,0.0000,0,False,breadth
1652116,xrp-above-0pt9-on-march-26,XRP,True,True,False,0.0,9966.863339,0,0,0,0,0,0,,,0,0.0000,0,False,breadth
1662771,btc-updown-15m-1774107000,BTC,True,True,False,0.0,99646.58075499978,0,0,0,0,0,0,,,0,0.0000,0,False,breadth
1665516,will-the-bitcoin-realized-volatility-index-hit-80-by-april-30,BTC,True,False,False,0.0,826.2589069999999,0,0,0,0,0,0,,,0,0.0000,0,False,breadth
1665517,will-the-bitcoin-realized-volatility-index-hit-70-by-april-30,BTC,True,False,False,74.16524,74.16524,0,0,0,0,0,0,,,0,0.0000,0,False,breadth
1665680,sol-updown-15m-1774126800,SOL,True,True,False,0.0,9984.329787000008,0,0,0,0,0,0,,,0,0.0000,0,False,breadth
1667094,will-the-bitcoin-volatility-index-hit-80-by-april-30,BTC,True,False,False,6794.026704,8949.624729000001,0,0,0,0,0,0,,,0,0.0000,0,False,breadth
1667095,will-the-bitcoin-volatility-index-hit-70-by-april-30,BTC,True,False,False,8086.309323999999,9440.005946000001,0,0,0,0,0,0,,,0,0.0000,0,False,breadth
1667098,will-the-bitcoin-volatility-index-dip-to-40-by-april-30,BTC,True,False,False,2795.967867,8315.444208,0,0,0,0,0,0,,,0,0.0000,0,False,breadth
1667187,will-the-ethereum-volatility-index-hit-110-by-april-30,ETH,True,False,False,987.0005610000001,70657.91569499997,0,0,0,0,0,0,,,0,0.0000,0,False,breadth
1667188,will-the-ethereum-volatility-index-hit-100-by-april-30,ETH,True,False,False,2038.6822,76613.81786599994,0,0,0,0,0,0,,,0,0.0000,0,False,breadth
1667189,will-the-ethereum-volatility-index-hit-90-by-april-30,ETH,True,False,False,708.713,725.2269120000001,0,0,0,0,0,0,,,0,0.0000,0,False,breadth
1668690,will-xrp-dip-to-1pt2-on-march-21,XRP,True,True,False,0.0,999.9859999999999,0,0,0,0,0,0,,,0,0.0000,0,False,breadth
1673097,xrp-above-1pt1-on-march-28,XRP,True,True,False,0.0,9975.35638,0,0,0,0,0,0,,,0,0.0000,0,False,breadth
1683284,ethereum-above-1800-on-march-29,ETH,True,True,False,0.0,99743.291569,0,0,0,0,0,0,,,0,0.0000,0,False,breadth
1692116,will-the-price-of-bitcoin-be-between-78000-80000-on-march-30,BTC,True,True,False,0.0,9982.350282,0,0,0,0,0,0,,,0,0.0000,0,False,breadth
1696383,will-bitcoin-outperform-the-sp-500-in-april-2026,BTC,True,False,False,4629.007806,5658.4294039999995,0,0,0,0,0,0,,,0,0.0000,0,False,breadth
1696384,will-bitcoin-outperform-nvidia-nvda-in-april-2026,BTC,True,False,False,4223.504956,8212.417141,0,0,0,0,0,0,,,0,0.0000,0,False,breadth
1715810,ethereum-etf-flows-on-march-27,ETH,True,True,False,0.0,9.98494,0,0,0,0,0,0,,,0,0.0000,0,False,breadth
1717573,xrp-above-1-on-april-1,XRP,True,True,False,0.0,996.3213200000001,0,0,0,0,0,0,,,0,0.0000,0,False,breadth
1731531,xrp-up-or-down-march-28-2026-12pm-et,XRP,True,True,False,0.0,9971.035731999997,0,0,0,0,0,0,,,0,0.0000,0,False,breadth
1740816,sol-updown-5m-1774684800,SOL,True,True,False,0.0,9979.677617999996,0,0,0,0,0,0,,,0,0.0000,0,False,breadth
1743053,bitcoin-above-67400-on-march-27-2026-12pm-et,BTC,True,True,False,0.0,99.9932,0,0,0,0,0,0,,,0,0.0000,0,False,breadth
1744849,ethereum-above-1910-on-march-27-2026-3pm-et,ETH,True,True,False,0.0,999.99,0,0,0,0,0,0,,,0,0.0000,0,False,breadth
1745452,bitcoin-above-64200-on-march-27-2026-4pm-et,BTC,True,True,False,0.0,998.76,0,0,0,0,0,0,,,0,0.0000,0,False,breadth
1746542,bitcoin-above-64000-on-march-27-2026-5pm-et,BTC,True,True,False,0.0,999.979,0,0,0,0,0,0,,,0,0.0000,0,False,breadth
1747818,bitcoin-above-64000-on-march-27-2026-7pm-et,BTC,True,True,False,0.0,999.9590000000001,0,0,0,0,0,0,,,0,0.0000,0,False,breadth
1752124,bitcoin-above-64400-on-march-28-2026-12am-et,BTC,True,True,False,0.0,99.992,0,0,0,0,0,0,,,0,0.0000,0,False,breadth
1752847,will-ethereum-reach-2100-on-march-28,ETH,True,True,False,0.0,9992.813227,0,0,0,0,0,0,,,0,0.0000,0,False,breadth
1754475,bitcoin-above-64400-on-march-28-2026-3am-et,BTC,True,True,False,0.0,999.99,0,0,0,0,0,0,,,0,0.0000,0,False,breadth
1755557,eth-updown-5m-1774769100,ETH,True,True,False,0.0,9993.445846000004,0,0,0,0,0,0,,,0,0.0000,0,False,breadth
1756103,bitcoin-up-or-down-march-30-2026-5am-et,BTC,True,True,False,0.0,99881.6341209998,0,0,0,0,0,0,,,0,0.0000,0,False,breadth
1757916,ethereum-above-2025-on-march-28-2026-8am-et,ETH,True,True,False,0.0,9.99,0,0,0,0,0,0,,,0,0.0000,0,False,breadth
1759906,ethereum-above-1965-on-march-28-2026-10am-et,ETH,True,True,False,0.0,9.99,0,0,0,0,0,0,,,0,0.0000,0,False,breadth
1764378,btc-updown-5m-1774808400,BTC,True,True,False,0.0,99993.7229799999,0,0,0,0,0,0,,,0,0.0000,0,False,breadth
1765600,btc-updown-5m-1774815000,BTC,True,True,False,0.0,99992.75834999984,0,0,0,0,0,0,,,0,0.0000,0,False,breadth
1767109,btc-updown-15m-1774822500,BTC,True,True,False,0.0,99884.5027639998,0,0,0,0,0,0,,,0,0.0000,0,False,breadth
1771601,xrp-updown-5m-1774847400,XRP,True,True,False,0.0,9975.059150999998,0,0,0,0,0,0,,,0,0.0000,0,False,breadth
1771701,sol-updown-5m-1774848000,SOL,True,True,False,0.0,9971.758181000001,0,0,0,0,0,0,,,0,0.0000,0,False,breadth
1773052,sol-updown-5m-1774857900,SOL,True,True,False,0.0,9978.541069000004,0,0,0,0,0,0,,,0,0.0000,0,False,breadth
1773180,btc-updown-5m-1774858800,BTC,True,True,False,0.0,99845.80873299985,0,0,0,0,0,0,,,0,0.0000,0,False,breadth
1773774,btc-updown-15m-1774862100,BTC,True,True,False,0.0,99817.94254699996,0,0,0,0,0,0,,,0,0.0000,0,False,breadth
1774331,btc-updown-5m-1774866300,BTC,True,True,False,0.0,99836.27606199987,0,0,0,0,0,0,,,0,0.0000,0,False,breadth
1783973,eth-updown-5m-1774910400,ETH,True,True,False,0.0,9969.797302000012,0,0,0,0,0,0,,,0,0.0000,0,False,breadth
1784850,ethereum-above-1985-on-march-29-2026-10pm-et,ETH,True,True,False,0.0,99.875949,0,0,0,0,0,0,,,0,0.0000,0,False,breadth
1787515,sol-updown-15m-1774933200,SOL,True,True,False,0.0,9990.392413000007,0,0,0,0,0,0,,,0,0.0000,0,False,breadth
1787728,sol-updown-5m-1774936200,SOL,True,True,False,0.0,9981.341275999994,0,0,0,0,0,0,,,0,0.0000,0,False,breadth
1788572,btc-updown-15m-1774943100,BTC,True,True,False,0.0,99831.71587699997,0,0,0,0,0,0,,,0,0.0000,0,False,breadth
1791719,xrp-updown-15m-1774965600,XRP,True,True,False,0.0,9974.105321999998,0,0,0,0,0,0,,,0,0.0000,0,False,breadth
1796790,bitcoin-above-67400-on-march-30-2026-7pm-et,BTC,True,True,False,0.0,9.99,0,0,0,0,0,0,,,0,0.0000,0,False,breadth
1797082,btc-updown-15m-1774994400,BTC,True,True,False,0.0,99895.03804600009,0,0,0,0,0,0,,,0,0.0000,0,False,breadth
1799497,ethereum-above-2090-on-march-31-2026-12am-et,ETH,True,True,False,0.0,9.99,0,0,0,0,0,0,,,0,0.0000,0,False,breadth
1800544,sol-updown-5m-1775018100,SOL,True,True,False,0.0,9999.892962999993,0,0,0,0,0,0,,,0,0.0000,0,False,breadth
1801080,bitcoin-above-67000-on-march-31-2026-3am-et,BTC,True,True,False,0.0,9.99,0,0,0,0,0,0,,,0,0.0000,0,False,breadth
1801082,bitcoin-above-68200-on-march-31-2026-3am-et,BTC,True,True,False,0.0,9.99,0,0,0,0,0,0,,,0,0.0000,0,False,breadth
1801566,bitcoin-above-68200-on-march-31-2026-4am-et,BTC,True,True,False,0.0,9.99,0,0,0,0,0,0,,,0,0.0000,0,False,breadth
1803131,ethereum-above-1970-on-march-31-2026-7am-et,ETH,True,True,False,0.0,998.0029999999999,0,0,0,0,0,0,,,0,0.0000,0,False,breadth
1806842,ethereum-above-2095-on-march-31-2026-11am-et,ETH,True,True,False,0.0,99.80779199999999,0,0,0,0,0,0,,,0,0.0000,0,False,breadth
1808471,bitcoin-above-67800-on-march-31-2026-2pm-et,BTC,True,True,False,0.0,997.5844680000001,0,0,0,0,0,0,,,0,0.0000,0,False,breadth
1810905,eth-updown-5m-1775077200,ETH,True,True,False,0.0,9998.058304999997,0,0,0,0,0,0,,,0,0.0000,0,False,breadth
1812655,btc-updown-15m-1775090700,BTC,True,True,False,0.0,99930.874154,0,0,0,0,0,0,,,0,0.0000,0,False,breadth
1813971,xrp-updown-5m-1775102400,XRP,True,True,False,0.0,9989.443902000005,0,0,0,0,0,0,,,0,0.0000,0,False,breadth
1814076,eth-updown-5m-1775105700,ETH,True,True,False,0.0,9973.911028999999,0,0,0,0,0,0,,,0,0.0000,0,False,breadth
1814218,eth-updown-5m-1775109300,ETH,True,True,False,0.0,9998.114436999998,0,0,0,0,0,0,,,0,0.0000,0,False,breadth
1817112,btc-updown-5m-1775143800,BTC,True,True,False,0.0,99827.87220800003,0,0,0,0,0,0,,,0,0.0000,0,False,breadth
1820574,btc-updown-5m-1775164500,BTC,True,True,False,0.0,99911.92901199969,0,0,0,0,0,0,,,0,0.0000,0,False,breadth
1821265,bitcoin-quantum-resistant-upgrade-implemented-in-2026,BTC,True,False,False,0.0,947.8538879999999,0,0,0,0,0,0,,,0,0.0000,0,False,breadth
1822871,btc-updown-5m-1775181900,BTC,True,True,False,0.0,99978.315203,0,0,0,0,0,0,,,0,0.0000,0,False,breadth
1823173,xrp-updown-15m-1775184300,XRP,True,True,False,0.0,9982.297685000003,0,0,0,0,0,0,,,0,0.0000,0,False,breadth
1823769,will-bitcoin-reach-150k-in-april-2026,BTC,True,False,False,8129099.653078973,8129099.653078935,87,87,0,25,22,25,1775170800000000000,1777878000000000000,752,0.0332,728,False,continuity_repair
1823771,will-bitcoin-reach-105k-in-april-2026,BTC,True,False,False,916186.8900850005,916186.8900850039,356,356,0,31,30,31,1775242800000000000,1777665600000000000,673,0.0460,643,False,continuity_repair
1823776,will-bitcoin-reach-80k-in-april-2026-794,BTC,True,False,False,8689572.225558951,8689572.225558972,3419,3406,13,134,130,134,1775109600000000000,1777924800000000000,782,0.1711,649,True,continuity_repair
1823779,will-bitcoin-dip-to-65k-in-april-2026-355-765,BTC,True,False,False,6778467.046116999,6778467.046117013,1013,1012,1,101,99,101,1775224800000000000,1777665600000000000,678,0.1487,578,False,continuity_repair
1823784,will-bitcoin-dip-to-40k-in-april-2026-795-619,BTC,True,False,False,944572.6479320026,944572.6479320035,82,82,0,27,23,27,1775106000000000000,1777809600000000000,751,0.0359,725,False,continuity_repair
1823785,will-bitcoin-dip-to-35k-in-april-2026-269-515,BTC,True,False,False,0.0,612380.984403004,30,30,0,16,16,16,1775509200000000000,1777525200000000000,560,0.0285,545,False,depth
1823786,will-bitcoin-dip-to-30k-in-april-2026-724-192,BTC,True,False,False,832571.2954150023,832571.2954150042,35,35,0,14,13,14,1775124000000000000,1777665600000000000,706,0.0198,693,False,depth
1823794,will-ethereum-reach-3000-in-april-2026,ETH,True,False,False,649831.7101109993,649831.7101109996,171,171,0,40,40,40,1775178000000000000,1777924800000000000,763,0.0524,724,True,continuity_repair
1823795,will-ethereum-reach-2800-in-april-2026,ETH,True,False,False,865115.4723359979,865115.4723359976,261,260,1,48,48,48,1775178000000000000,1777924800000000000,763,0.0628,716,True,continuity_repair
1823796,will-ethereum-reach-2600-in-april-2026,ETH,True,False,False,727899.719673,727899.7196729991,313,313,0,46,44,46,1775224800000000000,1777924800000000000,750,0.0613,705,True,continuity_repair
1823799,will-ethereum-dip-to-2000-in-april-2026,ETH,True,False,False,829476.1781900009,829476.1781900008,314,314,0,48,48,48,1775138400000000000,1777550400000000000,670,0.0715,623,False,continuity_repair
1823800,will-ethereum-dip-to-1800-in-april-2026,ETH,True,False,False,845064.3815680008,845064.3815680012,83,83,0,17,15,17,1775224800000000000,1777924800000000000,750,0.0226,734,True,depth
1823807,will-ethereum-dip-to-400-in-april-2026,ETH,True,False,False,0.0,87953.2054299999,24,24,0,9,9,9,1775732400000000000,1776895200000000000,323,0.0278,315,False,depth
1823808,will-ethereum-dip-to-200-in-april-2026,ETH,True,False,False,842782.4006620005,842782.4006620012,48,48,0,17,15,17,1775192400000000000,1777860000000000000,741,0.0229,725,False,depth
1823881,will-solana-reach-160-in-april-2026,SOL,True,False,False,539166.9550469997,539166.9550469999,60,60,0,8,8,8,1775289600000000000,1777615200000000000,646,0.0124,639,False,depth
1823895,will-solana-dip-to-20-in-april-2026,SOL,True,False,False,94950.71186800004,94950.7118679999,20,20,0,3,3,3,1776096000000000000,1776924000000000000,230,0.0130,228,False,depth
1823897,will-xrp-reach-3-in-april-2026,XRP,True,False,False,565684.7506580002,565684.7506579994,533,533,0,39,38,39,1776034800000000000,1777863600000000000,508,0.0766,470,False,continuity_repair
1823900,will-xrp-reach-2pt4-in-april-2026,XRP,True,False,False,0.0,98812.56781099994,4,4,0,2,2,2,1777316400000000000,1777449600000000000,37,0.0526,36,False,depth
1823902,will-xrp-reach-2-in-april-2026,XRP,True,False,False,99349.414851,99349.41485099992,10,10,0,4,4,4,1776927600000000000,1777456800000000000,147,0.0270,144,False,depth
1823904,will-xrp-reach-1pt6-in-april-2026,XRP,True,False,False,96303.90722499993,96303.90722499997,127,127,0,27,26,27,1775476800000000000,1777579200000000000,584,0.0462,558,False,continuity_repair
1823906,will-xrp-dip-to-1pt2-in-april-2026,XRP,True,False,False,67644.80765700003,67644.80765700004,38,38,0,14,14,14,1777312800000000000,1777485600000000000,48,0.2857,35,False,depth
1823907,will-xrp-dip-to-1-in-april-2026,XRP,True,False,False,834563.62333,834563.62333,55,55,0,12,12,12,1776546000000000000,1777579200000000000,287,0.0417,276,False,depth
1823909,will-xrp-dip-to-0pt6-in-april-2026,XRP,True,False,False,0.0,99229.09161200006,177,177,0,35,35,35,1776758400000000000,1777449600000000000,192,0.1813,158,False,continuity_repair
1823911,will-xrp-dip-to-0pt2-in-april-2026,XRP,True,False,False,0.0,72884.37857599994,7,7,0,5,5,5,1775836800000000000,1777424400000000000,441,0.0113,437,False,depth
1823917,will-ethena-reach-0pt28-in-april,ETH,True,False,False,900.644527,900.6445269999999,0,0,0,0,0,0,,,0,0.0000,0,False,breadth
1823919,will-ethena-reach-0pt2-in-april,ETH,True,False,False,0.0,928.41779,0,0,0,0,0,0,,,0,0.0000,0,False,breadth
1823923,will-ethena-dip-to-0pt04-in-april,ETH,True,False,False,6115.796485,6115.796485,0,0,0,0,0,0,,,0,0.0000,0,False,breadth
1823937,xrp-updown-5m-1775187900,XRP,True,True,False,0.0,9994.600345,0,0,0,0,0,0,,,0,0.0000,0,False,breadth
1826180,bitcoin-above-65000-on-april-2-2026-6am-et,BTC,True,True,False,0.0,999.67,0,0,0,0,0,0,,,0,0.0000,0,False,breadth
1827758,btc-updown-5m-1775211300,BTC,True,True,False,0.0,99671.91297299995,0,0,0,0,0,0,,,0,0.0000,0,False,breadth
1828355,sol-updown-5m-1775216700,SOL,True,True,False,0.0,9999.368019000005,0,0,0,0,0,0,,,0,0.0000,0,False,breadth
1828910,eth-updown-5m-1775219100,ETH,True,True,False,0.0,9985.614625999999,0,0,0,0,0,0,,,0,0.0000,0,False,breadth
1840300,eth-updown-5m-1775277900,ETH,True,True,False,0.0,9971.655108999996,0,0,0,0,0,0,,,0,0.0000,0,False,breadth
1846921,xrp-updown-5m-1775321700,XRP,True,True,False,0.0,997.88354,0,0,0,0,0,0,,,0,0.0000,0,False,breadth
1848055,eth-updown-15m-1775328300,ETH,True,True,False,0.0,9973.967425000015,0,0,0,0,0,0,,,0,0.0000,0,False,breadth
1849282,eth-updown-15m-1775336400,ETH,True,True,False,0.0,9978.474784999995,0,0,0,0,0,0,,,0,0.0000,0,False,breadth
1856721,btc-updown-15m-1775369700,BTC,True,True,False,0.0,99813.55769000005,0,0,0,0,0,0,,,0,0.0000,0,False,breadth
1861642,btc-updown-5m-1775399400,BTC,True,True,False,0.0,99731.54400699999,0,0,0,0,0,0,,,0,0.0000,0,False,breadth
1870161,eth-updown-5m-1775439000,ETH,True,True,False,0.0,9979.430201000006,0,0,0,0,0,0,,,0,0.0000,0,False,breadth
1871445,eth-updown-5m-1775447700,ETH,True,True,False,0.0,9969.600247000011,0,0,0,0,0,0,,,0,0.0000,0,False,breadth
1874170,eth-updown-5m-1775460000,ETH,True,True,False,0.0,9993.221183000005,0,0,0,0,0,0,,,0,0.0000,0,False,breadth
1883370,btc-updown-5m-1775512200,BTC,True,True,False,0.0,99838.05144499995,0,0,0,0,0,0,,,0,0.0000,0,False,breadth
1885033,eth-updown-5m-1775524200,ETH,True,True,False,0.0,9975.880444999995,0,0,0,0,0,0,,,0,0.0000,0,False,breadth
1886095,will-solana-reach-100-april-6-12,SOL,True,True,False,0.0,9990.330455999998,0,0,0,0,0,0,,,0,0.0000,0,False,breadth
1887591,btc-updown-5m-1775538600,BTC,True,True,False,0.0,99943.22813499992,0,0,0,0,0,0,,,0,0.0000,0,False,breadth
1887647,xrp-updown-5m-1775538900,XRP,True,True,False,0.0,9967.644189999997,0,0,0,0,0,0,,,0,0.0000,0,False,breadth
1887937,btc-updown-5m-1775540700,BTC,True,True,False,0.0,99714.21235099985,0,0,0,0,0,0,,,0,0.0000,0,False,breadth
1887945,btc-updown-15m-1775540700,BTC,True,True,False,0.0,99912.6629069998,0,0,0,0,0,0,,,0,0.0000,0,False,breadth
1890799,sol-updown-15m-1775566800,SOL,True,True,False,0.0,9964.589103999995,0,0,0,0,0,0,,,0,0.0000,0,False,breadth
1890827,sol-updown-5m-1775567400,SOL,True,True,False,0.0,9993.183258999996,0,0,0,0,0,0,,,0,0.0000,0,False,breadth
1897472,btc-updown-5m-1775600400,BTC,True,True,False,0.0,99913.36052599973,0,0,0,0,0,0,,,0,0.0000,0,False,breadth
1900649,btc-updown-5m-1775616000,BTC,True,True,False,0.0,99807.36481999997,0,0,0,0,0,0,,,0,0.0000,0,False,breadth
1900694,eth-updown-5m-1775616900,ETH,True,True,False,0.0,9990.434085999996,0,0,0,0,0,0,,,0,0.0000,0,False,breadth
1902555,bitcoin-above-67600-on-april-7-2026-2am-et,BTC,True,True,False,0.0,99.98955,0,0,0,0,0,0,,,0,0.0000,0,False,breadth
1910550,solana-up-or-down-april-9-2026-3pm-et,SOL,True,True,False,0.0,9997.801751000005,0,0,0,0,0,0,,,0,0.0000,0,False,breadth
1912458,quantum-breaks-bitcoin-by-december-31-2026,BTC,True,False,False,0.0,770.2090690000001,0,0,0,0,0,0,,,0,0.0000,0,False,breadth
1913245,btc-updown-5m-1775692200,BTC,True,True,False,0.0,99847.82243799962,0,0,0,0,0,0,,,0,0.0000,0,False,breadth
1915902,eth-updown-5m-1775715600,ETH,True,True,False,0.0,9963.223721000006,0,0,0,0,0,0,,,0,0.0000,0,False,breadth
1916826,sol-updown-5m-1775724000,SOL,True,True,False,0.0,9991.607210999995,0,0,0,0,0,0,,,0,0.0000,0,False,breadth
1918787,btc-updown-15m-1775745900,BTC,True,True,False,0.0,99734.71377199989,0,0,0,0,0,0,,,0,0.0000,0,False,breadth
1922953,btc-updown-5m-1775776800,BTC,True,True,False,0.0,99921.52450799975,0,0,0,0,0,0,,,0,0.0000,0,False,breadth
1923072,btc-updown-5m-1775778000,BTC,True,True,False,0.0,99948.23505000003,0,0,0,0,0,0,,,0,0.0000,0,False,breadth
1925489,eth-updown-5m-1775802000,ETH,True,True,False,0.0,9985.023708000002,0,0,0,0,0,0,,,0,0.0000,0,False,breadth
1930367,ethereum-above-2260-on-april-9-2026-5pm-et,ETH,True,True,False,0.0,999.88,0,0,0,0,0,0,,,0,0.0000,0,False,breadth
1930931,btc-updown-5m-1775854200,BTC,True,True,False,0.0,99824.73695499999,0,0,0,0,0,0,,,0,0.0000,0,False,breadth
1931882,eth-updown-15m-1775859300,ETH,True,True,False,0.0,9995.807348000002,0,0,0,0,0,0,,,0,0.0000,0,False,breadth
1938186,solana-above-90-on-april-17,SOL,True,True,False,0.0,99793.93197000002,0,0,0,0,0,0,,,0,0.0000,0,False,breadth
1943393,eth-updown-15m-1775962800,ETH,True,True,False,0.0,9977.500440000005,0,0,0,0,0,0,,,0,0.0000,0,False,breadth
1944265,eth-updown-5m-1775970900,ETH,True,True,False,0.0,9969.845873000011,0,0,0,0,0,0,,,0,0.0000,0,False,breadth
1947087,eth-updown-5m-1776001200,ETH,True,True,False,0.0,9972.869593000003,0,0,0,0,0,0,,,0,0.0000,0,False,breadth
1962705,megaeth-fdv-above-500m-one-day-after-launch,ETH,True,False,False,7548.179528999996,7548.1795289999955,0,0,0,0,0,0,,,0,0.0000,0,False,breadth
1962706,megaeth-fdv-above-600m-one-day-after-launch,ETH,True,False,False,9204.561331,9204.561331,0,0,0,0,0,0,,,0,0.0000,0,False,breadth
1962707,megaeth-fdv-above-700m-one-day-after-launch,ETH,True,False,False,9793.150903,9793.150902999998,0,0,0,0,0,0,,,0,0.0000,0,False,breadth
1962709,megaeth-fdv-above-1b-one-day-after-launch,ETH,True,False,False,50917.62999500001,50917.62999500001,0,0,0,0,0,0,,,0,0.0000,0,False,breadth
1962710,megaeth-fdv-above-1pt2b-one-day-after-launch,ETH,True,False,False,55521.19292300001,55521.19292300001,0,0,0,0,0,0,,,0,0.0000,0,False,breadth
1962711,megaeth-fdv-above-1pt4b-one-day-after-launch,ETH,True,False,False,8774.463335,8774.463335,0,0,0,0,0,0,,,0,0.0000,0,False,breadth
1962713,megaeth-fdv-above-1pt8b-one-day-after-launch,ETH,True,False,False,6771.722147,6771.722146999999,0,0,0,0,0,0,,,0,0.0000,0,False,breadth
1962715,megaeth-fdv-above-2pt5b-one-day-after-launch,ETH,True,False,False,0.0,599.201096,0,0,0,0,0,0,,,0,0.0000,0,False,breadth
1967878,btc-updown-5m-1776161700,BTC,True,True,False,0.0,99987.54748999975,0,0,0,0,0,0,,,0,0.0000,0,False,breadth
1971017,btc-updown-15m-1776182400,BTC,True,True,False,0.0,99839.4968429999,0,0,0,0,0,0,,,0,0.0000,0,False,breadth
1972056,sol-updown-5m-1776186000,SOL,True,True,False,0.0,9990.655643999999,0,0,0,0,0,0,,,0,0.0000,0,False,breadth
1972275,xrp-up-or-down-april-15-2026-2pm-et,XRP,True,True,False,0.0,9969.33521,0,0,0,0,0,0,,,0,0.0000,0,False,breadth
1975268,btc-updown-5m-1776207300,BTC,True,True,False,0.0,99957.1440649999,0,0,0,0,0,0,,,0,0.0000,0,False,breadth
1980544,eth-updown-5m-1776258300,ETH,True,True,False,0.0,9992.998636000006,0,0,0,0,0,0,,,0,0.0000,0,False,breadth
1980638,sol-updown-15m-1776259800,SOL,True,True,False,0.0,9969.82254800001,0,0,0,0,0,0,,,0,0.0000,0,False,breadth
1984463,xrp-updown-5m-1776276000,XRP,True,True,False,0.0,9972.08555200001,0,0,0,0,0,0,,,0,0.0000,0,False,breadth
1991277,eth-updown-5m-1776341100,ETH,True,True,False,0.0,9997.169577,0,0,0,0,0,0,,,0,0.0000,0,False,breadth
1991340,btc-updown-5m-1776342000,BTC,True,True,False,0.0,99884.55830399983,0,0,0,0,0,0,,,0,0.0000,0,False,breadth
1992496,xrp-up-or-down-april-17-2026-12pm-et,XRP,True,True,False,0.0,9981.816238999994,0,0,0,0,0,0,,,0,0.0000,0,False,breadth
1993812,eth-updown-5m-1776368100,ETH,True,True,False,0.0,9980.281557999997,0,0,0,0,0,0,,,0,0.0000,0,False,breadth
1998354,eth-updown-5m-1776422400,ETH,True,True,False,0.0,9984.210746000002,0,0,0,0,0,0,,,0,0.0000,0,False,breadth
1998470,btc-updown-5m-1776425400,BTC,True,True,False,0.0,99676.86520799964,0,0,0,0,0,0,,,0,0.0000,0,False,breadth
1998810,btc-updown-5m-1776429000,BTC,True,True,False,0.0,99826.89205799997,0,0,0,0,0,0,,,0,0.0000,0,False,breadth
2002521,btc-updown-5m-1776467100,BTC,True,True,False,0.0,99753.05226699985,0,0,0,0,0,0,,,0,0.0000,0,False,breadth
2002832,eth-updown-5m-1776474000,ETH,True,True,False,0.0,9978.126276999994,0,0,0,0,0,0,,,0,0.0000,0,False,breadth
2003124,sol-updown-5m-1776480900,SOL,True,True,False,0.0,9987.625653,0,0,0,0,0,0,,,0,0.0000,0,False,breadth
2004413,eth-updown-15m-1776490200,ETH,True,True,False,0.0,9985.604716999993,0,0,0,0,0,0,,,0,0.0000,0,False,breadth
2005293,bitcoin-above-74800-on-april-17-2026-7am-et,BTC,True,True,False,0.0,997.190166,0,0,0,0,0,0,,,0,0.0000,0,False,breadth
2007342,ethereum-above-2475-on-april-17-2026-2pm-et,ETH,True,True,False,0.0,99.99,0,0,0,0,0,0,,,0,0.0000,0,False,breadth
2010205,eth-updown-15m-1776558600,ETH,True,True,False,0.0,9994.385777999996,0,0,0,0,0,0,,,0,0.0000,0,False,breadth
2010694,eth-updown-15m-1776568500,ETH,True,True,False,0.0,9976.795741,0,0,0,0,0,0,,,0,0.0000,0,False,breadth
2011006,will-ethereum-dip-to-2400-on-april-18,ETH,True,True,False,0.0,9.99,0,0,0,0,0,0,,,0,0.0000,0,False,breadth
2011886,xrp-updown-15m-1776576600,XRP,True,True,False,0.0,9989.753665,0,0,0,0,0,0,,,0,0.0000,0,False,breadth
2012116,ethereum-above-2440-on-april-18-2026-4am-et,ETH,True,True,False,0.0,99.99510000000001,0,0,0,0,0,0,,,0,0.0000,0,False,breadth
2012534,eth-updown-5m-1776585000,ETH,True,True,False,0.0,9971.528004000002,0,0,0,0,0,0,,,0,0.0000,0,False,breadth
2012827,solana-up-or-down-april-20-2026-5am-et,SOL,True,True,False,0.0,9975.635032999999,0,0,0,0,0,0,,,0,0.0000,0,False,breadth
2014943,btc-updown-5m-1776612300,BTC,True,True,False,0.0,99712.70985399981,0,0,0,0,0,0,,,0,0.0000,0,False,breadth
2015863,eth-updown-5m-1776621900,ETH,True,True,False,0.0,9998.022026000017,0,0,0,0,0,0,,,0,0.0000,0,False,breadth
2019894,btc-updown-5m-1776660600,BTC,True,True,False,0.0,99722.12179599985,0,0,0,0,0,0,,,0,0.0000,0,False,breadth
2024843,eth-updown-15m-1776707100,ETH,True,True,False,0.0,9994.056410999994,0,0,0,0,0,0,,,0,0.0000,0,False,breadth
2025883,ethereum-up-or-down-april-21-2026-5pm-et,ETH,True,True,False,0.0,9978.289963000003,0,0,0,0,0,0,,,0,0.0000,0,False,breadth
2028244,eth-updown-5m-1776728700,ETH,True,True,False,0.0,9983.076241,0,0,0,0,0,0,,,0,0.0000,0,False,breadth
2029446,will-solana-dip-to-75-on-april-20,SOL,True,True,False,0.0,997.917611,0,0,0,0,0,0,,,0,0.0000,0,False,breadth
2030417,bitcoin-above-75200-on-april-20-2026-2am-et,BTC,True,True,False,0.0,99.9863,0,0,0,0,0,0,,,0,0.0000,0,False,breadth
2030656,btc-updown-15m-1776748500,BTC,True,True,False,0.0,99701.37173600006,0,0,0,0,0,0,,,0,0.0000,0,False,breadth
2030956,bitcoin-above-75800-on-april-20-2026-4am-et,BTC,True,True,False,0.0,99.99000000000001,0,0,0,0,0,0,,,0,0.0000,0,False,breadth
2031663,btc-updown-5m-1776761100,BTC,True,True,False,0.0,99703.80127700002,0,0,0,0,0,0,,,0,0.0000,0,False,breadth
2032267,eth-updown-5m-1776770100,ETH,True,True,False,0.0,9997.975277000003,0,0,0,0,0,0,,,0,0.0000,0,False,breadth
2033102,btc-updown-5m-1776776100,BTC,True,True,False,0.0,99726.22010199989,0,0,0,0,0,0,,,0,0.0000,0,False,breadth
2033236,btc-updown-5m-1776776700,BTC,True,True,False,0.0,99841.21324499998,0,0,0,0,0,0,,,0,0.0000,0,False,breadth
2039815,eth-updown-5m-1776828000,ETH,True,True,False,0.0,9982.979842000008,0,0,0,0,0,0,,,0,0.0000,0,False,breadth
2041624,eth-updown-5m-1776845400,ETH,True,True,False,0.0,99869.63520799998,0,0,0,0,0,0,,,0,0.0000,0,False,breadth
2041826,ethereum-above-2365-on-april-21-2026-6am-et,ETH,True,True,False,0.0,99.9702,0,0,0,0,0,0,,,0,0.0000,0,False,breadth
2043375,bitcoin-above-76600-on-april-21-2026-10am-et,BTC,True,True,False,0.0,99.9876,0,0,0,0,0,0,,,0,0.0000,0,False,breadth
2044318,ethereum-above-2290-on-april-21-2026-1pm-et,ETH,True,True,False,0.0,99.986,0,0,0,0,0,0,,,0,0.0000,0,False,breadth
2044409,will-the-price-of-bitcoin-be-between-66000-68000-on-april-28,BTC,True,False,False,55466.431916,55466.431916,2,2,0,1,1,1,1777305600000000000,1777305600000000000,0,1.0000,0,False,depth
2044413,will-the-price-of-bitcoin-be-between-70000-72000-on-april-28,BTC,True,False,False,5220.620723,5220.620723000001,0,0,0,0,0,0,,,0,0.0000,0,False,breadth
2044415,will-the-price-of-bitcoin-be-between-72000-74000-on-april-28,BTC,True,False,False,5971.534795,5971.534795,0,0,0,0,0,0,,,0,0.0000,0,False,breadth
2044417,will-the-price-of-bitcoin-be-between-74000-76000-on-april-28,BTC,True,False,False,5867.380862999999,5867.380862999997,0,0,0,0,0,0,,,0,0.0000,0,False,breadth
2044419,will-the-price-of-bitcoin-be-between-76000-78000-on-april-28,BTC,True,False,False,9333.076764,9333.076763999996,24,24,0,13,9,13,1777305600000000000,1777413600000000000,30,0.4194,18,False,depth
2044420,ethereum-above-2300-on-april-28,ETH,True,False,False,7698.480697,7698.480697000001,0,0,0,0,0,0,,,0,0.0000,0,False,breadth
2044422,will-the-price-of-bitcoin-be-between-78000-80000-on-april-28,BTC,True,False,False,5799.3974579999995,5799.397458000002,0,0,0,0,0,0,,,0,0.0000,0,False,breadth
2044423,ethereum-above-2400-on-april-28,ETH,True,False,False,68138.826355,68138.82635499998,130,130,0,10,8,10,1777305600000000000,1777446000000000000,39,0.2500,30,False,depth
2044431,ethereum-above-2800-on-april-28,ETH,True,False,False,9417.435423,9417.435422999999,6,6,0,3,3,3,1776859200000000000,1777273200000000000,115,0.0259,113,False,depth
2044451,bitcoin-above-66k-on-april-28,BTC,True,False,False,85510.15838200001,85510.158382,65,65,0,8,8,8,1776873600000000000,1777402800000000000,147,0.0541,140,False,depth
2044462,will-the-price-of-ethereum-be-between-2400-2500-on-april-28,ETH,True,False,False,5805.698599,5805.698599000001,0,0,0,0,0,0,,,0,0.0000,0,False,breadth
2044464,bitcoin-above-72k-on-april-28,BTC,True,False,False,94728.691044,94728.69104400004,803,801,2,32,30,32,1777136400000000000,1777449600000000000,87,0.3636,56,False,continuity_repair
2044470,bitcoin-above-76k-on-april-28,BTC,True,False,False,75436.754582,75436.75458199997,363,356,7,41,34,41,1777136400000000000,1777442400000000000,85,0.4767,45,False,continuity_repair
2044473,bitcoin-above-78k-on-april-28,BTC,True,False,False,69470.84803100002,69470.84803099997,524,519,5,38,27,38,1777233600000000000,1777543200000000000,86,0.4368,49,False,continuity_repair
2044478,bitcoin-above-80k-on-april-28,BTC,True,False,False,69232.62845100001,69232.62845099995,230,229,1,27,21,27,1777266000000000000,1777543200000000000,77,0.3462,51,False,continuity_repair
2044483,bitcoin-above-84k-on-april-28,BTC,True,False,False,91716.57071300002,91716.57071300004,125,125,0,14,12,14,1777021200000000000,1777417200000000000,110,0.1261,97,False,depth
2044485,bitcoin-above-86k-on-april-28,BTC,True,False,False,57706.85094200001,57706.85094200002,13,13,0,4,4,4,1776981600000000000,1777212000000000000,64,0.0615,61,False,depth
2044519,will-the-price-of-solana-be-between-110-120-on-april-28,SOL,True,False,False,660.991,660.991,0,0,0,0,0,0,,,0,0.0000,0,False,breadth
2044521,solana-above-60-on-april-28,SOL,True,False,False,984.735,984.735,0,0,0,0,0,0,,,0,0.0000,0,False,breadth
2044522,will-the-price-of-solana-be-between-120-130-on-april-28,SOL,True,False,False,588.535,588.535,0,0,0,0,0,0,,,0,0.0000,0,False,breadth
2044549,will-the-price-of-xrp-be-less-than-1pt00-on-april-28,XRP,True,False,False,557.3249999999999,557.3249999999999,0,0,0,0,0,0,,,0,0.0000,0,False,breadth
2044563,will-the-price-of-xrp-be-between-1pt60-1pt70-on-april-28,XRP,True,False,False,714.0,714.0,0,0,0,0,0,0,,,0,0.0000,0,False,breadth
2044565,will-the-price-of-xrp-be-between-1pt70-1pt80-on-april-28,XRP,True,False,False,782.95,782.95,0,0,0,0,0,0,,,0,0.0000,0,False,breadth
2044569,will-the-price-of-xrp-be-greater-than-1pt90-on-april-28,XRP,True,False,False,568.0,568.0,0,0,0,0,0,0,,,0,0.0000,0,False,breadth
2044572,xrp-above-1-on-april-28,XRP,True,False,False,666.9705,666.9705000000001,0,0,0,0,0,0,,,0,0.0000,0,False,breadth
2044586,xrp-above-1pt8-on-april-28,XRP,True,False,False,853.2461490000001,853.2461490000001,0,0,0,0,0,0,,,0,0.0000,0,False,breadth
2044588,xrp-above-1pt9-on-april-28,XRP,True,False,False,675.007,675.007,0,0,0,0,0,0,,,0,0.0000,0,False,breadth
2045789,ethereum-above-2275-on-april-21-2026-3pm-et,ETH,True,True,False,0.0,99.99999999999999,0,0,0,0,0,0,,,0,0.0000,0,False,breadth
2046596,will-bitcoin-dip-to-70000-in-april-118-383,BTC,True,False,False,965628.0518780005,965628.0518780004,1115,1114,1,107,103,107,1776816000000000000,1777636800000000000,228,0.4672,122,False,continuity_repair
2048538,eth-updown-5m-1776911400,ETH,True,True,False,0.0,9975.018058,0,0,0,0,0,0,,,0,0.0000,0,False,breadth
2052691,btc-updown-15m-1776952800,BTC,True,True,False,0.0,99965.08778099986,0,0,0,0,0,0,,,0,0.0000,0,False,breadth
2053218,bitcoin-above-77200-on-april-22-2026-1pm-et,BTC,True,True,False,0.0,998.2945,0,0,0,0,0,0,,,0,0.0000,0,False,breadth
2053353,will-the-price-of-bitcoin-be-less-than-70000-on-april-29,BTC,True,False,False,7025.333033999999,7025.333033999999,0,0,0,0,0,0,,,0,0.0000,0,False,breadth
2053355,will-the-price-of-bitcoin-be-between-70000-72000-on-april-29,BTC,True,False,False,5173.840829999999,5173.840829999999,0,0,0,0,0,0,,,0,0.0000,0,False,breadth
2053356,ethereum-above-2000-on-april-29,ETH,True,False,False,5542.206698,5542.206698000001,0,0,0,0,0,0,,,0,0.0000,0,False,breadth
2053358,ethereum-above-2100-on-april-29,ETH,True,False,False,67846.576906,67846.57690599997,16,15,1,6,5,6,1777359600000000000,1777489200000000000,36,0.1622,31,False,depth
2053359,will-the-price-of-bitcoin-be-between-74000-76000-on-april-29,BTC,True,False,False,96287.01808400001,96287.01808399995,58,57,1,9,9,9,1777237200000000000,1777478400000000000,67,0.1324,59,False,depth
2053360,ethereum-above-2200-on-april-29,ETH,True,False,False,92037.459846,92037.45984600003,58,57,1,12,11,12,1777392000000000000,1777510800000000000,33,0.3529,22,False,depth
2053361,will-the-price-of-bitcoin-be-between-76000-78000-on-april-29,BTC,True,False,False,89016.260499,89016.26049899975,36,34,2,9,7,9,1777222800000000000,1777521600000000000,83,0.1071,75,False,depth
2053362,ethereum-above-2300-on-april-29,ETH,True,False,False,55214.459181000006,55214.45918100002,0,0,0,0,0,0,,,0,0.0000,0,False,breadth
2053364,ethereum-above-2400-on-april-29,ETH,True,False,False,62995.327717000015,62995.327717000015,3,3,0,3,3,3,1777226400000000000,1777467600000000000,67,0.0441,65,False,depth
2053367,ethereum-above-2500-on-april-29,ETH,True,False,False,56210.80865600002,56210.80865599999,11,8,3,3,3,3,1777449600000000000,1777464000000000000,4,0.6000,2,False,depth
2053368,will-the-price-of-bitcoin-be-between-82000-84000-on-april-29,BTC,True,False,False,779.967414,779.967414,0,0,0,0,0,0,,,0,0.0000,0,False,breadth
2053371,ethereum-above-2700-on-april-29,ETH,True,False,False,8927.284108,8927.284108,3,3,0,2,2,2,1777291200000000000,1777294800000000000,1,1.0000,0,False,depth
2053372,will-the-price-of-bitcoin-be-between-86000-88000-on-april-29,BTC,True,False,False,7410.056039,7410.056039,0,0,0,0,0,0,,,0,0.0000,0,False,breadth
2053373,ethereum-above-2800-on-april-29,ETH,True,False,False,0.0,9051.710773,0,0,0,0,0,0,,,0,0.0000,0,False,breadth
2053374,ethereum-above-2900-on-april-29,ETH,True,False,False,8956.049233,8956.049233,3,3,0,3,3,3,1777273200000000000,1777384800000000000,31,0.0938,29,False,depth
2053375,will-the-price-of-bitcoin-be-greater-than-88000-on-april-29,BTC,True,False,False,9991.241066,9991.241066,3,3,0,1,1,1,1777212000000000000,1777212000000000000,0,1.0000,0,False,depth
2053394,will-the-price-of-ethereum-be-less-than-2000-on-april-29,ETH,True,False,False,894.294,894.2939999999999,0,0,0,0,0,0,,,0,0.0000,0,False,breadth
2053396,will-the-price-of-ethereum-be-between-2000-2100-on-april-29,ETH,True,False,False,834.772835,834.7728349999998,0,0,0,0,0,0,,,0,0.0000,0,False,breadth
2053399,will-the-price-of-ethereum-be-between-2100-2200-on-april-29,ETH,True,False,False,737.981073,737.981073,0,0,0,0,0,0,,,0,0.0000,0,False,breadth
2053401,will-the-price-of-ethereum-be-between-2200-2300-on-april-29,ETH,True,False,False,5976.448963,5976.448963,0,0,0,0,0,0,,,0,0.0000,0,False,breadth
2053402,bitcoin-above-74k-on-april-29,BTC,True,False,False,522157.3884329997,522157.38843300106,235,235,0,37,32,37,1777248000000000000,1777561200000000000,87,0.4205,51,False,continuity_repair
2053403,will-the-price-of-ethereum-be-between-2300-2400-on-april-29,ETH,True,False,False,6825.484334,6825.484333999999,0,0,0,0,0,0,,,0,0.0000,0,False,breadth
2053404,bitcoin-above-76k-on-april-29,BTC,True,False,False,52933.77589900003,52933.775899000015,27,27,0,17,17,17,1777219200000000000,1777464000000000000,68,0.2464,52,False,depth
2053406,will-the-price-of-ethereum-be-between-2400-2500-on-april-29,ETH,True,False,False,701.295453,701.295453,0,0,0,0,0,0,,,0,0.0000,0,False,breadth
2053407,bitcoin-above-78k-on-april-29,BTC,True,False,False,84844.00819100002,84844.00819099987,175,165,10,49,22,49,1777179600000000000,1777636800000000000,127,0.3828,79,False,continuity_repair
2053415,bitcoin-above-82k-on-april-29,BTC,True,False,False,7808.647709999998,7808.64771,0,0,0,0,0,0,,,0,0.0000,0,False,breadth
2053418,bitcoin-above-84k-on-april-29,BTC,True,False,False,79710.577255,79710.57725500001,25,25,0,6,5,6,1777316400000000000,1777489200000000000,48,0.1224,43,False,depth
2053420,will-the-price-of-ethereum-be-between-2800-2900-on-april-29,ETH,True,False,False,6753.502259,6753.502259,0,0,0,0,0,0,,,0,0.0000,0,False,breadth
2053424,will-the-price-of-ethereum-be-greater-than-2900-on-april-29,ETH,True,False,False,6774.447879,6774.447878999999,0,0,0,0,0,0,,,0,0.0000,0,False,breadth
2053425,bitcoin-above-88k-on-april-29,BTC,True,False,False,63775.297277,63775.297277000005,10,10,0,3,3,3,1777258800000000000,1777309200000000000,14,0.2000,12,False,depth
2053458,will-the-price-of-solana-be-between-70-80-on-april-29,SOL,True,False,False,597.058,597.058,0,0,0,0,0,0,,,0,0.0000,0,False,breadth
2053460,solana-above-40-on-april-29,SOL,True,False,False,0.0,566.215,0,0,0,0,0,0,,,0,0.0000,0,False,breadth
2053461,will-the-price-of-solana-be-between-80-90-on-april-29,SOL,True,False,False,99.158384,99.15838399999998,0,0,0,0,0,0,,,0,0.0000,0,False,breadth
2053464,will-the-price-of-solana-be-between-90-100-on-april-29,SOL,True,False,False,755.840166,755.840166,0,0,0,0,0,0,,,0,0.0000,0,False,breadth
2053467,will-the-price-of-solana-be-between-100-110-on-april-29,SOL,True,False,False,5543.6538,5543.653800000001,0,0,0,0,0,0,,,0,0.0000,0,False,breadth
2053472,solana-above-80-on-april-29,SOL,True,False,False,74.66000000000001,74.66,0,0,0,0,0,0,,,0,0.0000,0,False,breadth
2053474,will-the-price-of-solana-be-between-120-130-on-april-29,SOL,True,False,False,0.0,526.2424,0,0,0,0,0,0,,,0,0.0000,0,False,breadth
2053477,solana-above-90-on-april-29,SOL,True,False,False,796.312474,796.312474,0,0,0,0,0,0,,,0,0.0000,0,False,breadth
2053480,solana-above-100-on-april-29,SOL,True,False,False,567.428791,567.428791,0,0,0,0,0,0,,,0,0.0000,0,False,breadth
2053482,solana-above-110-on-april-29,SOL,True,False,False,0.0,598.9300000000001,0,0,0,0,0,0,,,0,0.0000,0,False,breadth
2053483,solana-above-120-on-april-29,SOL,True,False,False,845.1445,845.1445,0,0,0,0,0,0,,,0,0.0000,0,False,breadth
2053484,solana-above-130-on-april-29,SOL,True,False,False,0.0,922.29,0,0,0,0,0,0,,,0,0.0000,0,False,breadth
2053485,solana-above-140-on-april-29,SOL,True,False,False,0.0,680.94,0,0,0,0,0,0,,,0,0.0000,0,False,breadth
2053490,will-the-price-of-xrp-be-less-than-1pt00-on-april-29,XRP,True,False,False,0.0,830.98,0,0,0,0,0,0,,,0,0.0000,0,False,breadth
2053491,will-the-price-of-xrp-be-between-1pt00-1pt10-on-april-29,XRP,True,False,False,559.94,559.94,0,0,0,0,0,0,,,0,0.0000,0,False,breadth
2053493,will-the-price-of-xrp-be-between-1pt10-1pt20-on-april-29,XRP,True,False,False,6035.1359999999995,6035.136,0,0,0,0,0,0,,,0,0.0000,0,False,breadth
2053494,will-the-price-of-xrp-be-between-1pt20-1pt30-on-april-29,XRP,True,False,False,0.0,55.98,0,0,0,0,0,0,,,0,0.0000,0,False,breadth
2053495,will-the-price-of-xrp-be-between-1pt30-1pt40-on-april-29,XRP,True,False,False,7876.673119999999,7876.6731199999995,0,0,0,0,0,0,,,0,0.0000,0,False,breadth
2053496,will-the-price-of-xrp-be-between-1pt40-1pt50-on-april-29,XRP,True,False,False,7239.129745999999,7239.1297460000005,0,0,0,0,0,0,,,0,0.0000,0,False,breadth
2053497,will-the-price-of-xrp-be-between-1pt50-1pt60-on-april-29,XRP,True,False,False,91.97999999999999,91.97999999999999,0,0,0,0,0,0,,,0,0.0000,0,False,breadth
2053501,will-the-price-of-xrp-be-between-1pt70-1pt80-on-april-29,XRP,True,False,False,514.07,514.0699999999999,0,0,0,0,0,0,,,0,0.0000,0,False,breadth
2053503,will-the-price-of-xrp-be-between-1pt80-1pt90-on-april-29,XRP,True,False,False,0.0,788.48,0,0,0,0,0,0,,,0,0.0000,0,False,breadth
2053505,xrp-above-1pt3-on-april-29,XRP,True,False,False,850.611095,850.611095,0,0,0,0,0,0,,,0,0.0000,0,False,breadth
2053506,will-the-price-of-xrp-be-greater-than-1pt90-on-april-29,XRP,True,False,False,0.0,860.26205,0,0,0,0,0,0,,,0,0.0000,0,False,breadth
2053507,xrp-above-1pt4-on-april-29,XRP,True,False,False,601.7437960000001,601.743796,0,0,0,0,0,0,,,0,0.0000,0,False,breadth
2053508,xrp-above-1pt5-on-april-29,XRP,True,False,False,873.3083970000001,873.308397,0,0,0,0,0,0,,,0,0.0000,0,False,breadth
2053512,xrp-above-1pt8-on-april-29,XRP,True,False,False,90.015,90.015,0,0,0,0,0,0,,,0,0.0000,0,False,breadth
2053514,xrp-above-1pt9-on-april-29,XRP,True,False,False,0.0,761.0,0,0,0,0,0,0,,,0,0.0000,0,False,breadth
2054301,bitcoin-above-78200-on-april-22-2026-4pm-et,BTC,True,True,False,0.0,99.812668,0,0,0,0,0,0,,,0,0.0000,0,False,breadth
2054828,will-bitcoin-reach-82500-in-april,BTC,True,False,False,889805.4353279977,889805.4353280033,1513,1510,3,98,97,98,1776931200000000000,1777629600000000000,194,0.5026,97,False,continuity_repair
2054872,will-bitcoin-dip-to-75000-in-april,BTC,True,False,False,774913.7692960019,774913.769296,671,665,6,79,73,79,1776942000000000000,1777888800000000000,263,0.2992,185,False,continuity_repair
2056631,btc-updown-5m-1777001100,BTC,True,True,False,0.0,99952.76100399996,0,0,0,0,0,0,,,0,0.0000,0,False,breadth
2058271,bitcoin-above-77000-on-april-23-2026-4am-et,BTC,True,True,False,0.0,99.9946,0,0,0,0,0,0,,,0,0.0000,0,False,breadth
2059401,bitcoin-etf-flows-on-april-27,BTC,True,False,False,75.993416,75.993416,0,0,0,0,0,0,,,0,0.0000,0,False,breadth
2060893,will-the-price-of-bitcoin-be-less-than-70000-on-april-30,BTC,True,False,False,8480.727378000001,8480.727378000001,0,0,0,0,0,0,,,0,0.0000,0,False,breadth
2060896,will-the-price-of-bitcoin-be-between-70000-72000-on-april-30,BTC,True,False,False,833.509859,833.5098589999999,0,0,0,0,0,0,,,0,0.0000,0,False,breadth
2060898,will-the-price-of-bitcoin-be-between-72000-74000-on-april-30,BTC,True,False,False,532.0731820000001,532.073182,0,0,0,0,0,0,,,0,0.0000,0,False,breadth
2060901,will-the-price-of-bitcoin-be-between-74000-76000-on-april-30,BTC,True,False,False,875.60164,875.6016400000001,0,0,0,0,0,0,,,0,0.0000,0,False,breadth
2060902,ethereum-above-1900-on-april-30,ETH,True,False,False,8028.045559,8028.045559,0,0,0,0,0,0,,,0,0.0000,0,False,breadth
2060904,will-the-price-of-bitcoin-be-between-76000-78000-on-april-30,BTC,True,False,False,655.668551,655.6685509999999,0,0,0,0,0,0,,,0,0.0000,0,False,breadth
2060905,ethereum-above-2000-on-april-30,ETH,True,False,False,8171.596557999998,8171.596557999998,0,0,0,0,0,0,,,0,0.0000,0,False,breadth
2060908,will-the-price-of-bitcoin-be-between-78000-80000-on-april-30,BTC,True,False,False,804.3193480000002,804.3193480000006,0,0,0,0,0,0,,,0,0.0000,0,False,breadth
2060910,ethereum-above-2100-on-april-30,ETH,True,False,False,9803.590768000002,9803.590768,0,0,0,0,0,0,,,0,0.0000,0,False,breadth
2060911,will-the-price-of-bitcoin-be-between-80000-82000-on-april-30,BTC,True,False,False,838.999069,838.9990689999998,0,0,0,0,0,0,,,0,0.0000,0,False,breadth
2060912,ethereum-above-2200-on-april-30,ETH,True,False,False,9821.971899,9821.971898999998,0,0,0,0,0,0,,,0,0.0000,0,False,breadth
2060915,will-the-price-of-bitcoin-be-between-82000-84000-on-april-30,BTC,True,False,False,0.0,72.987776,0,0,0,0,0,0,,,0,0.0000,0,False,breadth
2060917,ethereum-above-2300-on-april-30,ETH,True,False,False,6254.408964000001,6254.408964,0,0,0,0,0,0,,,0,0.0000,0,False,breadth
2060920,ethereum-above-2400-on-april-30,ETH,True,False,False,62776.87001200001,62776.87001200002,0,0,0,0,0,0,,,0,0.0000,0,False,breadth
2060922,ethereum-above-2500-on-april-30,ETH,True,False,False,8015.948697,8015.948697000002,0,0,0,0,0,0,,,0,0.0000,0,False,breadth
2060924,ethereum-above-2600-on-april-30,ETH,True,False,False,561.984666,561.984666,0,0,0,0,0,0,,,0,0.0000,0,False,breadth
2060944,will-the-price-of-ethereum-be-less-than-1900-on-april-30,ETH,True,False,False,622.3467760000001,622.3467760000001,0,0,0,0,0,0,,,0,0.0000,0,False,breadth
2060945,will-the-price-of-ethereum-be-between-1900-2000-on-april-30,ETH,True,False,False,6943.485942,6943.485942,0,0,0,0,0,0,,,0,0.0000,0,False,breadth
2060947,will-the-price-of-ethereum-be-between-2100-2200-on-april-30,ETH,True,False,False,6010.661668000001,6010.661668000002,0,0,0,0,0,0,,,0,0.0000,0,False,breadth
2060948,bitcoin-above-68k-on-april-30,BTC,True,False,False,60221.299533,60221.29953299999,0,0,0,0,0,0,,,0,0.0000,0,False,breadth
2060950,will-the-price-of-ethereum-be-between-2200-2300-on-april-30,ETH,True,False,False,874.095811,874.095811,0,0,0,0,0,0,,,0,0.0000,0,False,breadth
2060951,bitcoin-above-70k-on-april-30,BTC,True,False,False,71648.49845800002,71648.498458,75,75,0,26,24,26,1776974400000000000,1777597200000000000,173,0.1494,148,False,continuity_repair
2060952,bitcoin-above-72k-on-april-30,BTC,True,False,False,601809.7113070004,601809.7113070025,370,363,7,36,33,36,1777316400000000000,1777622400000000000,85,0.4186,50,False,continuity_repair
2060953,will-the-price-of-ethereum-be-between-2300-2400-on-april-30,ETH,True,False,False,762.285166,762.2851660000001,0,0,0,0,0,0,,,0,0.0000,0,False,breadth
2060954,bitcoin-above-74k-on-april-30,BTC,True,False,False,68449.50143600005,68449.50143599993,199,195,4,27,26,27,1777323600000000000,1777579200000000000,71,0.3750,45,False,continuity_repair
2060955,will-the-price-of-ethereum-be-between-2400-2500-on-april-30,ETH,True,False,False,9442.960609,9442.960609,0,0,0,0,0,0,,,0,0.0000,0,False,breadth
2060957,will-the-price-of-ethereum-be-between-2500-2600-on-april-30,ETH,True,False,False,729.89197,729.89197,0,0,0,0,0,0,,,0,0.0000,0,False,breadth
2060958,bitcoin-above-78k-on-april-30,BTC,True,False,False,9609.600198000002,9609.600198000011,0,0,0,0,0,0,,,0,0.0000,0,False,breadth
2060961,bitcoin-above-80k-on-april-30,BTC,True,False,False,83300.425044,83300.42504400002,93,93,0,21,20,21,1777456800000000000,1777582800000000000,35,0.5833,15,False,depth
2060965,will-the-price-of-ethereum-be-greater-than-2800-on-april-30,ETH,True,False,False,8474.997427,8474.997427,0,0,0,0,0,0,,,0,0.0000,0,False,breadth
2060968,bitcoin-above-84k-on-april-30,BTC,True,False,False,9543.180589,9543.180589000001,0,0,0,0,0,0,,,0,0.0000,0,False,breadth
2060970,bitcoin-above-86k-on-april-30,BTC,True,False,False,9211.955178,9211.955177999998,0,0,0,0,0,0,,,0,0.0000,0,False,breadth
2060972,bitcoin-above-88k-on-april-30,BTC,True,False,False,8971.737219,8971.737219000002,0,0,0,0,0,0,,,0,0.0000,0,False,breadth
2060988,will-the-price-of-solana-be-between-40-50-on-april-30,SOL,True,False,False,0.0,864.992,0,0,0,0,0,0,,,0,0.0000,0,False,breadth
2060993,will-the-price-of-solana-be-between-60-70-on-april-30,SOL,True,False,False,625.0,625.0,0,0,0,0,0,0,,,0,0.0000,0,False,breadth
2060995,will-the-price-of-solana-be-between-70-80-on-april-30,SOL,True,False,False,795.584399,795.5843990000001,0,0,0,0,0,0,,,0,0.0000,0,False,breadth
2060997,will-the-price-of-solana-be-between-80-90-on-april-30,SOL,True,False,False,75.610338,75.610338,0,0,0,0,0,0,,,0,0.0000,0,False,breadth
2061000,will-the-price-of-solana-be-between-100-110-on-april-30,SOL,True,False,False,970.0,970.0,0,0,0,0,0,0,,,0,0.0000,0,False,breadth
2061003,will-the-price-of-solana-be-between-110-120-on-april-30,SOL,True,False,False,944.5520190000001,944.5520190000001,0,0,0,0,0,0,,,0,0.0000,0,False,breadth
2061005,solana-above-50-on-april-30,SOL,True,False,False,585.242002,585.242002,0,0,0,0,0,0,,,0,0.0000,0,False,breadth
2061006,will-the-price-of-solana-be-between-120-130-on-april-30,SOL,True,False,False,795.0164,795.0164,0,0,0,0,0,0,,,0,0.0000,0,False,breadth
2061008,will-the-price-of-solana-be-greater-than-130-on-april-30,SOL,True,False,False,0.0,591.0,0,0,0,0,0,0,,,0,0.0000,0,False,breadth
2061009,solana-above-70-on-april-30,SOL,True,False,False,662.73,662.73,0,0,0,0,0,0,,,0,0.0000,0,False,breadth
2061019,solana-above-120-on-april-30,SOL,True,False,False,0.0,582.462,0,0,0,0,0,0,,,0,0.0000,0,False,breadth
2061022,solana-above-130-on-april-30,SOL,True,False,False,887.246,887.246,0,0,0,0,0,0,,,0,0.0000,0,False,breadth
2061024,solana-above-140-on-april-30,SOL,True,False,False,791.0674999999999,791.0674999999999,0,0,0,0,0,0,,,0,0.0000,0,False,breadth
2061035,will-the-price-of-xrp-be-between-1pt10-1pt20-on-april-30,XRP,True,False,False,612.089654,612.089654,0,0,0,0,0,0,,,0,0.0000,0,False,breadth
2061036,will-the-price-of-xrp-be-between-1pt20-1pt30-on-april-30,XRP,True,False,False,72.53,72.53,0,0,0,0,0,0,,,0,0.0000,0,False,breadth
2061037,will-the-price-of-xrp-be-between-1pt30-1pt40-on-april-30,XRP,True,False,False,591.314333,591.3143330000001,0,0,0,0,0,0,,,0,0.0000,0,False,breadth
2061039,will-the-price-of-xrp-be-between-1pt50-1pt60-on-april-30,XRP,True,False,False,5798.481004,5798.481004,0,0,0,0,0,0,,,0,0.0000,0,False,breadth
2061040,will-the-price-of-xrp-be-between-1pt60-1pt70-on-april-30,XRP,True,False,False,539.4063,539.4063,0,0,0,0,0,0,,,0,0.0000,0,False,breadth
2061051,xrp-above-1pt2-on-april-30,XRP,True,False,False,814.28,814.28,0,0,0,0,0,0,,,0,0.0000,0,False,breadth
2061056,xrp-above-1pt5-on-april-30,XRP,True,False,False,815.59,815.5899999999999,0,0,0,0,0,0,,,0,0.0000,0,False,breadth
2061062,xrp-above-1pt9-on-april-30,XRP,True,False,False,53.2122,53.2122,0,0,0,0,0,0,,,0,0.0000,0,False,breadth
2061800,eth-updown-5m-1777051500,ETH,True,True,False,0.0,9967.240822999996,0,0,0,0,0,0,,,0,0.0000,0,False,breadth
2061847,btc-updown-5m-1777052100,BTC,True,True,False,0.0,99751.24239299963,0,0,0,0,0,0,,,0,0.0000,0,False,breadth
2067127,ethereum-etf-flows-on-april-28,ETH,True,False,False,59.989999999999995,59.989999999999995,0,0,0,0,0,0,,,0,0.0000,0,False,breadth
2068887,will-the-price-of-bitcoin-be-less-than-70000-on-may-1,BTC,True,False,False,6054.796529000001,6054.796529,0,0,0,0,0,0,,,0,0.0000,0,False,breadth
2068888,will-the-price-of-bitcoin-be-between-70000-72000-on-may-1,BTC,True,False,False,5690.349889,5690.349888999998,0,0,0,0,0,0,,,0,0.0000,0,False,breadth
2068889,ethereum-above-1800-on-may-1,ETH,True,False,False,9470.133999999998,9470.133999999998,0,0,0,0,0,0,,,0,0.0000,0,False,breadth
2068890,will-the-price-of-bitcoin-be-between-72000-74000-on-may-1,BTC,True,False,False,790.0550029999999,790.0550029999999,0,0,0,0,0,0,,,0,0.0000,0,False,breadth
2068891,ethereum-above-1900-on-may-1,ETH,True,False,False,7443.009730000001,7443.009729999999,0,0,0,0,0,0,,,0,0.0000,0,False,breadth
2068893,ethereum-above-2000-on-may-1,ETH,True,False,False,5376.871617,5376.871617000001,0,0,0,0,0,0,,,0,0.0000,0,False,breadth
2068894,ethereum-above-2100-on-may-1,ETH,True,False,False,61907.21676600001,61907.21676599996,0,0,0,0,0,0,,,0,0.0000,0,False,breadth
2068895,will-the-price-of-bitcoin-be-between-76000-78000-on-may-1,BTC,True,False,False,73211.35361900002,73211.353619,54,54,0,13,13,13,1777539600000000000,1777636800000000000,27,0.4643,15,False,depth
2068896,will-the-price-of-bitcoin-be-between-78000-80000-on-may-1,BTC,True,False,False,811.727629,811.7276289999998,0,0,0,0,0,0,,,0,0.0000,0,False,breadth
2068897,ethereum-above-2200-on-may-1,ETH,True,False,False,98734.458472,98734.458472,7,7,0,5,4,5,1777626000000000000,1777662000000000000,10,0.4545,6,False,depth
2068899,will-the-price-of-bitcoin-be-between-80000-82000-on-may-1,BTC,True,False,False,590.243735,590.243735,0,0,0,0,0,0,,,0,0.0000,0,False,breadth
2068902,ethereum-above-2400-on-may-1,ETH,True,False,False,56995.88363199999,56995.88363200001,0,0,0,0,0,0,,,0,0.0000,0,False,breadth
2068903,will-the-price-of-bitcoin-be-between-84000-86000-on-may-1,BTC,True,False,False,0.0,93.03630600000001,0,0,0,0,0,0,,,0,0.0000,0,False,breadth
2068904,ethereum-above-2500-on-may-1,ETH,True,False,False,68202.286321,68202.28632099996,0,0,0,0,0,0,,,0,0.0000,0,False,breadth
2068906,ethereum-above-2600-on-may-1,ETH,True,False,False,9722.180605,9722.180605000001,0,0,0,0,0,0,,,0,0.0000,0,False,breadth
2068907,will-the-price-of-bitcoin-be-greater-than-88000-on-may-1,BTC,True,False,False,909.019278,909.019278,0,0,0,0,0,0,,,0,0.0000,0,False,breadth
2068908,ethereum-above-2700-on-may-1,ETH,True,False,False,5500.552088,5500.5520879999995,0,0,0,0,0,0,,,0,0.0000,0,False,breadth
2068910,ethereum-above-2800-on-may-1,ETH,True,False,False,0.0,6550.995,0,0,0,0,0,0,,,0,0.0000,0,False,breadth
2068920,bitcoin-above-68k-on-may-1,BTC,True,False,False,86883.49373399999,86883.49373399999,60,59,1,15,15,15,1777100400000000000,1777665600000000000,157,0.0949,143,False,depth
2068921,will-the-price-of-ethereum-be-between-1900-2000-on-may-1,ETH,True,False,False,0.0,85.005,0,0,0,0,0,0,,,0,0.0000,0,False,breadth
2068923,bitcoin-above-70k-on-may-1,BTC,True,False,False,9727.567067999998,9727.567068000002,12,11,1,4,4,4,1777240800000000000,1777370400000000000,36,0.1081,33,False,depth
2068924,will-the-price-of-ethereum-be-between-2100-2200-on-may-1,ETH,True,False,False,536.583937,536.5839370000001,0,0,0,0,0,0,,,0,0.0000,0,False,breadth
2068925,bitcoin-above-72k-on-may-1,BTC,True,False,False,90032.07803100001,90032.07803099994,209,206,3,27,26,27,1777100400000000000,1777683600000000000,162,0.1656,136,False,continuity_repair
2068926,will-the-price-of-ethereum-be-between-2200-2300-on-may-1,ETH,True,False,False,0.0,887.207467,0,0,0,0,0,0,,,0,0.0000,0,False,breadth
2068928,will-the-price-of-ethereum-be-between-2300-2400-on-may-1,ETH,True,False,False,83.754383,83.754383,0,0,0,0,0,0,,,0,0.0000,0,False,breadth
2068930,bitcoin-above-76k-on-may-1,BTC,True,False,False,96988.50226600001,96988.50226599988,143,137,6,29,27,29,1777392000000000000,1777687200000000000,82,0.3494,54,False,continuity_repair
2068931,will-the-price-of-ethereum-be-between-2400-2500-on-may-1,ETH,True,False,False,63069.17110000002,63069.1711,0,0,0,0,0,0,,,0,0.0000,0,False,breadth
2068932,bitcoin-above-78k-on-may-1,BTC,True,False,False,96814.11587499993,96814.11587499999,260,249,11,26,25,26,1777402800000000000,1777672800000000000,75,0.3421,50,False,continuity_repair
2068934,bitcoin-above-80k-on-may-1,BTC,True,False,False,5788.000167000001,5788.000167000003,0,0,0,0,0,0,,,0,0.0000,0,False,breadth
2068935,will-the-price-of-ethereum-be-between-2600-2700-on-may-1,ETH,True,False,False,647.923692,647.923692,0,0,0,0,0,0,,,0,0.0000,0,False,breadth
2068936,bitcoin-above-82k-on-may-1,BTC,True,False,False,8719.037105000005,8719.037105000005,0,0,0,0,0,0,,,0,0.0000,0,False,breadth
2068938,bitcoin-above-84k-on-may-1,BTC,True,False,False,97016.481449,97016.48144899996,38,37,1,10,9,10,1777550400000000000,1777687200000000000,38,0.2564,29,False,depth
2068940,will-the-price-of-ethereum-be-greater-than-2800-on-may-1,ETH,True,False,False,0.0,5390.953373,0,0,0,0,0,0,,,0,0.0000,0,False,breadth
2068941,bitcoin-above-86k-on-may-1,BTC,True,False,False,55369.183639999996,55369.18364,0,0,0,0,0,0,,,0,0.0000,0,False,breadth
2068942,bitcoin-above-88k-on-may-1,BTC,True,False,False,7089.988888000001,7089.988888000001,0,0,0,0,0,0,,,0,0.0000,0,False,breadth
2068959,will-the-price-of-solana-be-less-than-40-on-may-1,SOL,True,False,False,0.0,831.0,0,0,0,0,0,0,,,0,0.0000,0,False,breadth
2068965,will-the-price-of-solana-be-between-60-70-on-may-1,SOL,True,False,False,550.0,550.0,0,0,0,0,0,0,,,0,0.0000,0,False,breadth
2068968,will-the-price-of-solana-be-between-70-80-on-may-1,SOL,True,False,False,929.0117,929.0117,0,0,0,0,0,0,,,0,0.0000,0,False,breadth
2068971,will-the-price-of-solana-be-between-80-90-on-may-1,SOL,True,False,False,97.799756,97.799756,0,0,0,0,0,0,,,0,0.0000,0,False,breadth
2068972,solana-above-40-on-may-1,SOL,True,False,False,0.0,627.165,0,0,0,0,0,0,,,0,0.0000,0,False,breadth
2068975,will-the-price-of-solana-be-between-90-100-on-may-1,SOL,True,False,False,930.854,930.854,0,0,0,0,0,0,,,0,0.0000,0,False,breadth
2068981,will-the-price-of-solana-be-between-110-120-on-may-1,SOL,True,False,False,0.0,830.9,0,0,0,0,0,0,,,0,0.0000,0,False,breadth
2068982,solana-above-70-on-may-1,SOL,True,False,False,621.04,621.04,0,0,0,0,0,0,,,0,0.0000,0,False,breadth
2068985,will-the-price-of-solana-be-greater-than-130-on-may-1,SOL,True,False,False,0.0,646.22,0,0,0,0,0,0,,,0,0.0000,0,False,breadth
2068986,solana-above-90-on-may-1,SOL,True,False,False,996.7700809999999,996.770081,0,0,0,0,0,0,,,0,0.0000,0,False,breadth
2068988,solana-above-110-on-may-1,SOL,True,False,False,0.0,808.585,0,0,0,0,0,0,,,0,0.0000,0,False,breadth
2068989,solana-above-120-on-may-1,SOL,True,False,False,601.0089999999999,601.0089999999999,0,0,0,0,0,0,,,0,0.0000,0,False,breadth
2068992,solana-above-140-on-may-1,SOL,True,False,False,948.015,948.015,0,0,0,0,0,0,,,0,0.0000,0,False,breadth
2069010,will-the-price-of-xrp-be-between-1pt00-1pt10-on-may-1,XRP,True,False,False,715.8180000000002,715.8180000000002,0,0,0,0,0,0,,,0,0.0000,0,False,breadth
2069014,will-the-price-of-xrp-be-between-1pt20-1pt30-on-may-1,XRP,True,False,False,0.0,79.0,0,0,0,0,0,0,,,0,0.0000,0,False,breadth
2069016,will-the-price-of-xrp-be-between-1pt30-1pt40-on-may-1,XRP,True,False,False,8261.295544999997,8261.295544999999,0,0,0,0,0,0,,,0,0.0000,0,False,breadth
2069025,xrp-above-1pt2-on-may-1,XRP,True,False,False,540.3063749999999,540.306375,0,0,0,0,0,0,,,0,0.0000,0,False,breadth
2069029,xrp-above-1pt3-on-may-1,XRP,True,False,False,7001.702350000001,7001.702350000001,0,0,0,0,0,0,,,0,0.0000,0,False,breadth
2069034,xrp-above-1pt5-on-may-1,XRP,True,False,False,7223.495493999999,7223.495494000002,0,0,0,0,0,0,,,0,0.0000,0,False,breadth
2069036,xrp-above-1pt7-on-may-1,XRP,True,False,False,547.932569,547.9325690000001,0,0,0,0,0,0,,,0,0.0000,0,False,breadth
2069039,xrp-above-1pt9-on-may-1,XRP,True,False,False,80.015,80.015,0,0,0,0,0,0,,,0,0.0000,0,False,breadth
2069040,xrp-above-2-on-may-1,XRP,True,False,False,0.0,683.992,0,0,0,0,0,0,,,0,0.0000,0,False,breadth
2069166,btc-updown-15m-1777132800,BTC,True,True,False,0.0,99861.84879499972,0,0,0,0,0,0,,,0,0.0000,0,False,breadth
2072904,btc-updown-5m-1777162200,BTC,True,True,False,0.0,99685.20927199986,0,0,0,0,0,0,,,0,0.0000,0,False,breadth
2075399,bitcoin-above-78400-on-april-25-2026-4am-et,BTC,True,True,False,0.0,99.99,0,0,0,0,0,0,,,0,0.0000,0,False,breadth
2077178,eth-updown-15m-1777203900,ETH,True,True,False,0.0,9985.042465000002,0,0,0,0,0,0,,,0,0.0000,0,False,breadth
2078005,eth-updown-15m-1777214700,ETH,True,True,False,0.0,9999.878751000007,0,0,0,0,0,0,,,0,0.0000,0,False,breadth
2078263,ethereum-above-1900-on-may-2,ETH,True,False,False,6397.828544000001,6397.828544,0,0,0,0,0,0,,,0,0.0000,0,False,breadth
2078265,ethereum-above-2000-on-may-2,ETH,True,False,False,5568.648672,5568.648671999999,0,0,0,0,0,0,,,0,0.0000,0,False,breadth
2078267,ethereum-above-2100-on-may-2,ETH,True,False,False,7741.621486000002,7741.621485999999,0,0,0,0,0,0,,,0,0.0000,0,False,breadth
2078269,ethereum-above-2200-on-may-2,ETH,True,False,False,901.893302,901.8933020000001,0,0,0,0,0,0,,,0,0.0000,0,False,breadth
2078271,ethereum-above-2300-on-may-2,ETH,True,False,False,793.135365,793.1353649999999,0,0,0,0,0,0,,,0,0.0000,0,False,breadth
2078276,ethereum-above-2400-on-may-2,ETH,True,False,False,84152.401624,84152.401624,215,215,0,17,16,17,1777647600000000000,1777726800000000000,22,0.7391,6,False,depth
2078277,ethereum-above-2500-on-may-2,ETH,True,False,False,66425.918526,66425.91852599998,0,0,0,0,0,0,,,0,0.0000,0,False,breadth
2078282,ethereum-above-2700-on-may-2,ETH,True,False,False,0.0,622.979364,0,0,0,0,0,0,,,0,0.0000,0,False,breadth
2078283,ethereum-above-2800-on-may-2,ETH,True,False,False,0.0,7995.914805999998,0,0,0,0,0,0,,,0,0.0000,0,False,breadth
2078291,will-the-price-of-solana-be-less-than-40-on-may-2,SOL,True,False,False,0.0,920.1700000000001,0,0,0,0,0,0,,,0,0.0000,0,False,breadth
2078296,will-the-price-of-solana-be-between-70-80-on-may-2,SOL,True,False,False,996.5663329999999,996.5663330000001,0,0,0,0,0,0,,,0,0.0000,0,False,breadth
2078297,will-the-price-of-solana-be-between-80-90-on-may-2,SOL,True,False,False,622.08029,622.08029,0,0,0,0,0,0,,,0,0.0000,0,False,breadth
2078299,will-the-price-of-solana-be-between-100-110-on-may-2,SOL,True,False,False,714.340338,714.340338,0,0,0,0,0,0,,,0,0.0000,0,False,breadth
2078300,will-the-price-of-solana-be-between-110-120-on-may-2,SOL,True,False,False,935.0,935.0,0,0,0,0,0,0,,,0,0.0000,0,False,breadth
2078301,bitcoin-above-68k-on-may-2,BTC,True,False,False,62262.599533,62262.59953299999,0,0,0,0,0,0,,,0,0.0000,0,False,breadth
2078303,bitcoin-above-70k-on-may-2,BTC,True,False,False,6616.829967,6616.829967000001,0,0,0,0,0,0,,,0,0.0000,0,False,breadth
2078306,bitcoin-above-72k-on-may-2,BTC,True,False,False,89251.04646800002,89251.04646799997,50,47,3,21,19,21,1777561200000000000,1777802400000000000,67,0.3088,47,False,depth
2078307,bitcoin-above-74k-on-may-2,BTC,True,False,False,53450.296046000025,53450.29604599998,0,0,0,0,0,0,,,0,0.0000,0,False,breadth
2078309,bitcoin-above-76k-on-may-2,BTC,True,False,False,8054.958543999997,8054.958544000004,0,0,0,0,0,0,,,0,0.0000,0,False,breadth
2078310,bitcoin-above-78k-on-may-2,BTC,True,False,False,6229.278712999996,6229.278713000016,0,0,0,0,0,0,,,0,0.0000,0,False,breadth
2078312,bitcoin-above-80k-on-may-2,BTC,True,False,False,9237.455016,9237.455016000004,0,0,0,0,0,0,,,0,0.0000,0,False,breadth
2078314,bitcoin-above-82k-on-may-2,BTC,True,False,False,5807.933509999999,5807.93351,0,0,0,0,0,0,,,0,0.0000,0,False,breadth
2078315,bitcoin-above-84k-on-may-2,BTC,True,False,False,7114.506525999999,7114.506526000002,0,0,0,0,0,0,,,0,0.0000,0,False,breadth
2078317,bitcoin-above-86k-on-may-2,BTC,True,False,False,984.083999,984.0839989999998,0,0,0,0,0,0,,,0,0.0000,0,False,breadth
2078322,will-the-price-of-xrp-be-between-1pt00-1pt10-on-may-2,XRP,True,False,False,52.84,52.84,0,0,0,0,0,0,,,0,0.0000,0,False,breadth
2078324,will-the-price-of-xrp-be-between-1pt20-1pt30-on-may-2,XRP,True,False,False,5417.989885999999,5417.989886,0,0,0,0,0,0,,,0,0.0000,0,False,breadth
2078325,will-the-price-of-xrp-be-between-1pt30-1pt40-on-may-2,XRP,True,False,False,85.09,85.09,0,0,0,0,0,0,,,0,0.0000,0,False,breadth
2078330,will-the-price-of-xrp-be-between-1pt50-1pt60-on-may-2,XRP,True,False,False,0.0,61.87,0,0,0,0,0,0,,,0,0.0000,0,False,breadth
2078331,will-the-price-of-xrp-be-between-1pt60-1pt70-on-may-2,XRP,True,False,False,6238.91875,6238.918750000001,0,0,0,0,0,0,,,0,0.0000,0,False,breadth
2078332,will-the-price-of-xrp-be-between-1pt70-1pt80-on-may-2,XRP,True,False,False,715.998601,715.998601,0,0,0,0,0,0,,,0,0.0000,0,False,breadth
2078333,will-the-price-of-xrp-be-between-1pt80-1pt90-on-may-2,XRP,True,False,False,80.863,80.863,0,0,0,0,0,0,,,0,0.0000,0,False,breadth
2078336,will-the-price-of-xrp-be-greater-than-1pt90-on-may-2,XRP,True,False,False,715.324,715.3240000000001,0,0,0,0,0,0,,,0,0.0000,0,False,breadth
2078338,solana-above-60-on-may-2,SOL,True,False,False,98.4615,98.4615,0,0,0,0,0,0,,,0,0.0000,0,False,breadth
2078340,solana-above-70-on-may-2,SOL,True,False,False,0.0,58.93079999999999,0,0,0,0,0,0,,,0,0.0000,0,False,breadth
2078341,solana-above-80-on-may-2,SOL,True,False,False,870.1107720000001,870.110772,0,0,0,0,0,0,,,0,0.0000,0,False,breadth
2078343,solana-above-90-on-may-2,SOL,True,False,False,630.783132,630.783132,0,0,0,0,0,0,,,0,0.0000,0,False,breadth
2078345,solana-above-110-on-may-2,SOL,True,False,False,0.0,816.029,0,0,0,0,0,0,,,0,0.0000,0,False,breadth
2078346,solana-above-120-on-may-2,SOL,True,False,False,0.0,531.2925,0,0,0,0,0,0,,,0,0.0000,0,False,breadth
2078347,solana-above-130-on-may-2,SOL,True,False,False,0.0,912.9769239999999,0,0,0,0,0,0,,,0,0.0000,0,False,breadth
2078348,solana-above-140-on-may-2,SOL,True,False,False,0.0,963.5935140000001,0,0,0,0,0,0,,,0,0.0000,0,False,breadth
2078356,xrp-above-0pt9-on-may-2,XRP,True,False,False,0.0,848.265,0,0,0,0,0,0,,,0,0.0000,0,False,breadth
2078360,xrp-above-1pt2-on-may-2,XRP,True,False,False,644.03,644.03,0,0,0,0,0,0,,,0,0.0000,0,False,breadth
2078362,xrp-above-1pt3-on-may-2,XRP,True,False,False,91.92165000000001,91.92165000000001,0,0,0,0,0,0,,,0,0.0000,0,False,breadth
2078363,xrp-above-1pt4-on-may-2,XRP,True,False,False,866.034041,866.034041,0,0,0,0,0,0,,,0,0.0000,0,False,breadth
2078366,xrp-above-1pt6-on-may-2,XRP,True,False,False,60553.524492,60553.524492,0,0,0,0,0,0,,,0,0.0000,0,False,breadth
2078370,xrp-above-1pt9-on-may-2,XRP,True,False,False,0.0,632.3015,0,0,0,0,0,0,,,0,0.0000,0,False,breadth
2079311,solana-up-or-down-april-27-2026-3pm-et,SOL,True,False,False,5300.092165000001,5300.092165000001,0,0,0,0,0,0,,,0,0.0000,0,False,breadth
2080718,eth-updown-15m-1777243500,ETH,True,True,False,9973.941555999998,9973.941556,0,0,0,0,0,0,,,0,0.0000,0,False,breadth
2080730,bitcoin-up-or-down-april-27-2026-7pm-et,BTC,True,False,False,64.137249,64.137249,0,0,0,0,0,0,,,0,0.0000,0,False,breadth
2081390,btc-updown-5m-1777250700,BTC,True,True,False,99762.68977000016,99762.68977,0,0,0,0,0,0,,,0,0.0000,0,False,breadth
2083703,eth-updown-5m-1777270800,ETH,True,True,False,9994.979568,9994.979568,0,0,0,0,0,0,,,0,0.0000,0,False,breadth
2083722,btc-updown-15m-1777271400,BTC,True,True,False,99995.94437399998,99995.94437399975,0,0,0,0,0,0,,,0,0.0000,0,False,breadth
2085538,eth-updown-15m-1777290300,ETH,True,True,False,9992.128601999995,9992.128601999997,0,0,0,0,0,0,,,0,0.0000,0,False,breadth
2085550,bitcoin-up-or-down-april-28-2026-8am-et,BTC,True,False,False,7.843136,7.843136,0,0,0,0,0,0,,,0,0.0000,0,False,breadth
2086777,will-the-price-of-bitcoin-be-less-than-70000-on-may-3,BTC,True,False,False,919.7636119999997,919.7636119999997,0,0,0,0,0,0,,,0,0.0000,0,False,breadth
2086778,will-the-price-of-bitcoin-be-between-70000-72000-on-may-3,BTC,True,False,False,7597.589042000002,7597.5890420000005,0,0,0,0,0,0,,,0,0.0000,0,False,breadth
2086779,ethereum-above-1800-on-may-3,ETH,True,False,False,907.655554,907.655554,0,0,0,0,0,0,,,0,0.0000,0,False,breadth
2086780,will-the-price-of-bitcoin-be-between-72000-74000-on-may-3,BTC,True,False,False,7828.542408999999,7828.542409000001,0,0,0,0,0,0,,,0,0.0000,0,False,breadth
2086781,ethereum-above-1900-on-may-3,ETH,True,False,False,549.286,549.286,0,0,0,0,0,0,,,0,0.0000,0,False,breadth
2086784,will-the-price-of-bitcoin-be-between-76000-78000-on-may-3,BTC,True,False,False,7900.710340000001,7900.7103400000005,0,0,0,0,0,0,,,0,0.0000,0,False,breadth
2086786,ethereum-above-2100-on-may-3,ETH,True,False,False,953.924114,953.924114,0,0,0,0,0,0,,,0,0.0000,0,False,breadth
2086787,will-the-price-of-bitcoin-be-between-78000-80000-on-may-3,BTC,True,False,False,64988.262211000074,64988.262211,0,0,0,0,0,0,,,0,0.0000,0,False,breadth
2086788,ethereum-above-2200-on-may-3,ETH,True,False,False,83490.29131699994,83490.29131700007,0,0,0,0,0,0,,,0,0.0000,0,False,breadth
2086789,will-the-price-of-bitcoin-be-between-80000-82000-on-may-3,BTC,True,False,False,6472.086110000018,6472.086110000012,0,0,0,0,0,0,,,0,0.0000,0,False,breadth
2086790,ethereum-above-2300-on-may-3,ETH,True,False,False,75.064208,75.06420800000001,0,0,0,0,0,0,,,0,0.0000,0,False,breadth
2086791,will-the-price-of-bitcoin-be-between-82000-84000-on-may-3,BTC,True,False,False,60.7625,60.7625,0,0,0,0,0,0,,,0,0.0000,0,False,breadth
2086792,ethereum-above-2400-on-may-3,ETH,True,False,False,9746.171702,9746.171702000001,0,0,0,0,0,0,,,0,0.0000,0,False,breadth
2086793,will-the-price-of-bitcoin-be-between-84000-86000-on-may-3,BTC,True,False,False,6391.200053,6391.200053,0,0,0,0,0,0,,,0,0.0000,0,False,breadth
2086796,ethereum-above-2500-on-may-3,ETH,True,False,False,6903.109059999999,6903.10906,0,0,0,0,0,0,,,0,0.0000,0,False,breadth
2086797,will-the-price-of-bitcoin-be-between-86000-88000-on-may-3,BTC,True,False,False,6408.874465,6408.874465,0,0,0,0,0,0,,,0,0.0000,0,False,breadth
2086800,will-the-price-of-bitcoin-be-greater-than-88000-on-may-3,BTC,True,False,False,7369.787332999999,7369.787332999998,0,0,0,0,0,0,,,0,0.0000,0,False,breadth
2086802,ethereum-above-2700-on-may-3,ETH,True,False,False,544.468514,544.4685139999999,0,0,0,0,0,0,,,0,0.0000,0,False,breadth
2086828,will-the-price-of-ethereum-be-between-1900-2000-on-may-3,ETH,True,False,False,0.0,66.266954,0,0,0,0,0,0,,,0,0.0000,0,False,breadth
2086831,will-the-price-of-ethereum-be-between-2000-2100-on-may-3,ETH,True,False,False,991.0120830000001,991.0120830000001,0,0,0,0,0,0,,,0,0.0000,0,False,breadth
2086833,will-the-price-of-ethereum-be-between-2100-2200-on-may-3,ETH,True,False,False,7190.886319,7190.886319,0,0,0,0,0,0,,,0,0.0000,0,False,breadth
2086836,will-the-price-of-ethereum-be-between-2200-2300-on-may-3,ETH,True,False,False,5472.114062999999,5472.114063000001,0,0,0,0,0,0,,,0,0.0000,0,False,breadth
2086838,will-the-price-of-ethereum-be-between-2300-2400-on-may-3,ETH,True,False,False,587.437349,587.437349,0,0,0,0,0,0,,,0,0.0000,0,False,breadth
2086840,will-the-price-of-ethereum-be-between-2400-2500-on-may-3,ETH,True,False,False,87.06111,87.06111,0,0,0,0,0,0,,,0,0.0000,0,False,breadth
2086843,bitcoin-above-68k-on-may-3,BTC,True,False,False,65299.76489499999,65299.764895,0,0,0,0,0,0,,,0,0.0000,0,False,breadth
2086844,will-the-price-of-ethereum-be-between-2500-2600-on-may-3,ETH,True,False,False,58.33,58.33,0,0,0,0,0,0,,,0,0.0000,0,False,breadth
2086848,bitcoin-above-70k-on-may-3,BTC,True,False,False,89848.10442500001,89848.10442500006,19,19,0,9,9,9,1777320000000000000,1777831200000000000,142,0.0629,134,False,depth
2086849,will-the-price-of-ethereum-be-between-2600-2700-on-may-3,ETH,True,False,False,856.96,856.96,0,0,0,0,0,0,,,0,0.0000,0,False,breadth
2086851,bitcoin-above-72k-on-may-3,BTC,True,False,False,57143.94930600003,57143.949306000046,0,0,0,0,0,0,,,0,0.0000,0,False,breadth
2086854,bitcoin-above-74k-on-may-3,BTC,True,False,False,74654.870424,74654.87042400001,0,0,0,0,0,0,,,0,0.0000,0,False,breadth
2086858,bitcoin-above-76k-on-may-3,BTC,True,False,False,85320.37862499998,85320.37862499992,14,14,0,8,8,8,1777651200000000000,1777813200000000000,45,0.1739,38,False,depth
2086861,solana-up-or-down-on-april-28-2026,SOL,True,False,False,57.659478,57.659478,0,0,0,0,0,0,,,0,0.0000,0,False,breadth
2086864,bitcoin-above-80k-on-may-3,BTC,True,False,False,920.9250319999992,920.9250319999996,0,0,0,0,0,0,,,0,0.0000,0,False,breadth
2086866,bitcoin-above-82k-on-may-3,BTC,True,False,False,9708.317973000003,9708.317973000007,0,0,0,0,0,0,,,0,0.0000,0,False,breadth
2086869,bitcoin-above-86k-on-may-3,BTC,True,False,False,87631.686461,87631.68646099998,5,4,1,3,3,3,1777626000000000000,1777752000000000000,35,0.0833,33,False,depth
2086889,will-the-price-of-solana-be-less-than-40-on-may-3,SOL,True,False,False,0.0,709.49,0,0,0,0,0,0,,,0,0.0000,0,False,breadth
2086897,will-the-price-of-solana-be-between-80-90-on-may-3,SOL,True,False,False,830.7606310000001,830.7606310000001,0,0,0,0,0,0,,,0,0.0000,0,False,breadth
2086902,solana-above-50-on-may-3,SOL,True,False,False,0.0,84.554142,0,0,0,0,0,0,,,0,0.0000,0,False,breadth
2086903,will-the-price-of-solana-be-between-110-120-on-may-3,SOL,True,False,False,809.9889999999999,809.9889999999999,0,0,0,0,0,0,,,0,0.0000,0,False,breadth
2086906,solana-above-60-on-may-3,SOL,True,False,False,6660.030142,6660.030142,0,0,0,0,0,0,,,0,0.0000,0,False,breadth
2086907,will-the-price-of-solana-be-between-120-130-on-may-3,SOL,True,False,False,725.9813,725.9813,0,0,0,0,0,0,,,0,0.0000,0,False,breadth
2086909,solana-above-70-on-may-3,SOL,True,False,False,717.036272,717.036272,0,0,0,0,0,0,,,0,0.0000,0,False,breadth
2086911,solana-above-80-on-may-3,SOL,True,False,False,856.021105,856.021105,0,0,0,0,0,0,,,0,0.0000,0,False,breadth
2086912,solana-above-90-on-may-3,SOL,True,False,False,961.965499,961.965499,0,0,0,0,0,0,,,0,0.0000,0,False,breadth
2086913,solana-above-100-on-may-3,SOL,True,False,False,0.0,60.020125,0,0,0,0,0,0,,,0,0.0000,0,False,breadth
2086914,solana-above-110-on-may-3,SOL,True,False,False,0.0,75.015,0,0,0,0,0,0,,,0,0.0000,0,False,breadth
2086916,solana-above-120-on-may-3,SOL,True,False,False,501.030142,501.030142,0,0,0,0,0,0,,,0,0.0000,0,False,breadth
2086917,solana-above-130-on-may-3,SOL,True,False,False,0.0,578.4449999999999,0,0,0,0,0,0,,,0,0.0000,0,False,breadth
2086918,solana-above-140-on-may-3,SOL,True,False,False,0.0,536.025142,0,0,0,0,0,0,,,0,0.0000,0,False,breadth
2086931,will-the-price-of-xrp-be-between-1pt10-1pt20-on-may-3,XRP,True,False,False,599.489,599.489,0,0,0,0,0,0,,,0,0.0000,0,False,breadth
2086932,will-the-price-of-xrp-be-between-1pt20-1pt30-on-may-3,XRP,True,False,False,69.65,69.64999999999999,0,0,0,0,0,0,,,0,0.0000,0,False,breadth
2086934,will-the-price-of-xrp-be-between-1pt30-1pt40-on-may-3,XRP,True,False,False,75.0,75.0,0,0,0,0,0,0,,,0,0.0000,0,False,breadth
2086939,will-the-price-of-xrp-be-between-1pt50-1pt60-on-may-3,XRP,True,False,False,62.63,62.63,0,0,0,0,0,0,,,0,0.0000,0,False,breadth
2086941,will-the-price-of-xrp-be-between-1pt60-1pt70-on-may-3,XRP,True,False,False,814.999,814.999,0,0,0,0,0,0,,,0,0.0000,0,False,breadth
2086947,xrp-above-0pt9-on-may-3,XRP,True,False,False,94.834142,94.834142,0,0,0,0,0,0,,,0,0.0000,0,False,breadth
2086955,xrp-above-1pt2-on-may-3,XRP,True,False,False,0.0,81.66,0,0,0,0,0,0,,,0,0.0000,0,False,breadth
2086956,xrp-above-1pt3-on-may-3,XRP,True,False,False,6022.997525999999,6022.997525999999,0,0,0,0,0,0,,,0,0.0000,0,False,breadth
2086962,xrp-above-1pt8-on-may-3,XRP,True,False,False,0.0,90.015,0,0,0,0,0,0,,,0,0.0000,0,False,breadth
2086963,xrp-above-1pt9-on-may-3,XRP,True,False,False,877.316142,877.316142,0,0,0,0,0,0,,,0,0.0000,0,False,breadth
2087932,bitcoin-above-79000-on-april-26-2026-4pm-et,BTC,True,True,False,0.0,99.99,0,0,0,0,0,0,,,0,0.0000,0,False,breadth
2087933,bitcoin-above-79400-on-april-26-2026-4pm-et,BTC,True,True,False,0.0,99.99,0,0,0,0,0,0,,,0,0.0000,0,False,breadth
2088746,eth-updown-5m-1777320000,ETH,True,True,False,9986.02058,9986.020579999993,0,0,0,0,0,0,,,0,0.0000,0,False,breadth
2088758,btc-updown-4h-1777320000,BTC,True,False,False,7372.302693000001,7372.302692999999,0,0,0,0,0,0,,,0,0.0000,0,False,breadth
2089221,eth-updown-5m-1777325100,ETH,True,False,False,92.13803800000001,92.13803800000001,0,0,0,0,0,0,,,0,0.0000,0,False,breadth
2089296,xrp-updown-15m-1777325400,XRP,True,False,False,752.644005,752.6440050000002,0,0,0,0,0,0,,,0,0.0000,0,False,breadth
2089450,btc-updown-15m-1777326300,BTC,True,False,False,677.74638,677.7463799999999,0,0,0,0,0,0,,,0,0.0000,0,False,breadth
2089454,sol-updown-15m-1777326300,SOL,True,False,False,6.163262,6.163262,0,0,0,0,0,0,,,0,0.0000,0,False,breadth
2089465,btc-updown-5m-1777326600,BTC,True,False,False,6.8039190000000005,6.8039190000000005,0,0,0,0,0,0,,,0,0.0000,0,False,breadth
2089520,xrp-updown-15m-1777327200,XRP,True,False,False,9.8,9.8,0,0,0,0,0,0,,,0,0.0000,0,False,breadth
2089676,xrp-updown-15m-1777328100,XRP,True,False,False,9.8,9.8,0,0,0,0,0,0,,,0,0.0000,0,False,breadth
2089802,xrp-updown-15m-1777329000,XRP,True,False,False,9.8,9.8,0,0,0,0,0,0,,,0,0.0000,0,False,breadth
2089805,btc-updown-15m-1777329000,BTC,True,False,False,9.701175,9.701175,0,0,0,0,0,0,,,0,0.0000,0,False,breadth
2090211,sol-updown-15m-1777331700,SOL,True,False,False,77.01,77.01,0,0,0,0,0,0,,,0,0.0000,0,False,breadth
2090398,btc-updown-15m-1777334400,BTC,True,False,False,56.97,56.97,0,0,0,0,0,0,,,0,0.0000,0,False,breadth
2090400,eth-updown-15m-1777334400,ETH,True,False,False,56.97,56.97,0,0,0,0,0,0,,,0,0.0000,0,False,breadth
2090426,sol-updown-5m-1777334700,SOL,True,False,False,9.80392,9.80392,0,0,0,0,0,0,,,0,0.0000,0,False,breadth
2090437,xrp-updown-5m-1777335000,XRP,True,False,False,9.80392,9.80392,0,0,0,0,0,0,,,0,0.0000,0,False,breadth
2090446,eth-updown-15m-1777335300,ETH,True,False,False,56.97,56.97,0,0,0,0,0,0,,,0,0.0000,0,False,breadth
2090447,btc-updown-15m-1777335300,BTC,True,False,False,56.97,56.97,0,0,0,0,0,0,,,0,0.0000,0,False,breadth
2090490,btc-updown-15m-1777336200,BTC,True,False,False,56.97,56.97,0,0,0,0,0,0,,,0,0.0000,0,False,breadth
2090495,eth-updown-15m-1777336200,ETH,True,False,False,56.97,56.97,0,0,0,0,0,0,,,0,0.0000,0,False,breadth
2090545,btc-updown-15m-1777337100,BTC,True,False,False,76.577842,76.577842,0,0,0,0,0,0,,,0,0.0000,0,False,breadth
2090546,eth-updown-15m-1777337100,ETH,True,False,False,56.97,56.97,0,0,0,0,0,0,,,0,0.0000,0,False,breadth
2090592,btc-updown-15m-1777338000,BTC,True,False,False,56.97,56.97,0,0,0,0,0,0,,,0,0.0000,0,False,breadth
2090601,eth-updown-15m-1777338000,ETH,True,False,False,56.97,56.97,0,0,0,0,0,0,,,0,0.0000,0,False,breadth
2090634,eth-updown-15m-1777338900,ETH,True,False,False,56.97,56.97,0,0,0,0,0,0,,,0,0.0000,0,False,breadth
2090672,btc-updown-5m-1777339800,BTC,True,False,False,7.25,7.25,0,0,0,0,0,0,,,0,0.0000,0,False,breadth
2091217,bitcoin-up-or-down-april-29-2026-12am-et,BTC,True,False,False,83226.67882,83226.67881999999,81,75,6,2,1,2,1777435200000000000,1777460400000000000,7,0.2500,6,False,depth
2091223,will-bitcoin-reach-94k-april-27-may-3,BTC,True,False,False,7625.204647,7625.204646999999,0,0,0,0,0,0,,,0,0.0000,0,False,breadth
2091227,will-bitcoin-reach-92k-april-27-may-3,BTC,True,False,False,8410.290114,8410.290114,0,0,0,0,0,0,,,0,0.0000,0,False,breadth
2091233,will-bitcoin-reach-90k-april-27-may-3,BTC,True,False,False,9536.894183,9536.894183,0,0,0,0,0,0,,,0,0.0000,0,False,breadth
2091236,will-bitcoin-reach-84k-on-april-27,BTC,True,False,False,882.506666,882.506666,0,0,0,0,0,0,,,0,0.0000,0,False,breadth
2091237,will-bitcoin-reach-88k-april-27-may-3,BTC,True,False,False,9970.684606999997,9970.684607,0,0,0,0,0,0,,,0,0.0000,0,False,breadth
2091242,will-bitcoin-reach-86k-april-27-may-3,BTC,True,False,False,91113.00217800001,91113.00217800001,38,38,0,15,15,15,1777449600000000000,1777809600000000000,100,0.1485,86,False,depth
2091247,will-bitcoin-reach-84k-april-27-may-3,BTC,True,False,False,66483.809996,66483.80999600001,0,0,0,0,0,0,,,0,0.0000,0,False,breadth
2091250,will-bitcoin-reach-82k-april-27-may-3,BTC,True,False,False,96439.59767900003,96439.59767900004,277,277,0,61,61,61,1777266000000000000,1777874400000000000,169,0.3588,109,False,continuity_repair
2091255,will-bitcoin-reach-80k-on-april-27,BTC,True,False,False,60710.86470900001,60710.86470900003,43,42,1,11,8,11,1777273200000000000,1777363200000000000,25,0.4231,15,False,depth
2091260,will-bitcoin-dip-to-74k-april-27-may-3,BTC,True,False,False,92717.760774,92717.76077399992,137,137,0,55,55,55,1777276800000000000,1777806000000000000,147,0.3716,93,False,continuity_repair
2091263,will-bitcoin-dip-to-72k-april-27-may-3,BTC,True,False,False,84609.65652699998,84609.65652700013,77,77,0,30,30,30,1777359600000000000,1777784400000000000,118,0.2521,89,False,continuity_repair
2091269,will-bitcoin-dip-to-70k-april-27-may-3,BTC,True,False,False,90620.91939499999,90620.91939499995,425,425,0,32,32,32,1777348800000000000,1777874400000000000,146,0.2177,115,False,continuity_repair
2091271,will-bitcoin-dip-to-76k-on-april-27,BTC,True,False,False,66817.72759099996,66817.72759099997,71,71,0,14,11,14,1777276800000000000,1777384800000000000,30,0.4516,17,False,depth
2091277,will-bitcoin-dip-to-66k-april-27-may-3,BTC,True,False,False,90425.23022099998,90425.230221,29,29,0,12,12,12,1777287600000000000,1777874400000000000,163,0.0732,152,False,depth
2091281,will-bitcoin-dip-to-73k-on-april-27,BTC,True,False,False,5803.682712,5803.682712,0,0,0,0,0,0,,,0,0.0000,0,False,breadth
2091317,will-ethereum-reach-3100-april-27-may-3,ETH,True,False,False,651.0936659999999,651.0936659999999,0,0,0,0,0,0,,,0,0.0000,0,False,breadth
2091319,will-ethereum-reach-3000-april-27-may-3,ETH,True,False,False,701.3340000000001,701.3340000000001,0,0,0,0,0,0,,,0,0.0000,0,False,breadth
2091322,will-ethereum-reach-2900-april-27-may-3,ETH,True,False,False,6783.441192,6783.441191999999,0,0,0,0,0,0,,,0,0.0000,0,False,breadth
2091323,will-ethereum-reach-2650-on-april-27,ETH,True,False,False,937.0361989999999,937.0361989999999,0,0,0,0,0,0,,,0,0.0000,0,False,breadth
2091328,will-ethereum-reach-2600-april-27-may-3,ETH,True,False,False,8791.238771,8791.238771,0,0,0,0,0,0,,,0,0.0000,0,False,breadth
2091329,will-ethereum-reach-2500-on-april-27,ETH,True,False,False,537.97,537.97,0,0,0,0,0,0,,,0,0.0000,0,False,breadth
2091330,will-ethereum-reach-2500-april-27-may-3,ETH,True,False,False,53210.493904,53210.49390399999,0,0,0,0,0,0,,,0,0.0000,0,False,breadth
2091333,will-ethereum-reach-2400-on-april-27,ETH,True,False,False,9523.314015000002,9523.314015,2,2,0,2,2,2,1777294800000000000,1777305600000000000,3,0.5000,2,False,depth
2091338,will-ethereum-dip-to-2100-april-27-may-3,ETH,True,False,False,61963.303089,61963.303089000015,0,0,0,0,0,0,,,0,0.0000,0,False,breadth
2091341,will-ethereum-dip-to-2000-april-27-may-3,ETH,True,False,False,64448.397353,64448.39735299997,0,0,0,0,0,0,,,0,0.0000,0,False,breadth
2091345,will-ethereum-dip-to-2200-on-april-27,ETH,True,False,False,6558.228830999999,6558.228831000001,0,0,0,0,0,0,,,0,0.0000,0,False,breadth
2091346,will-ethereum-dip-to-1800-april-27-may-3,ETH,True,False,False,8515.874529,8515.874529,0,0,0,0,0,0,,,0,0.0000,0,False,breadth
2091348,will-ethereum-dip-to-1700-april-27-may-3,ETH,True,False,False,7251.563575,7251.563575,0,0,0,0,0,0,,,0,0.0000,0,False,breadth
2091350,solana-up-or-down-april-29-2026-12am-et,SOL,True,False,False,5741.077336,5741.077336,0,0,0,0,0,0,,,0,0.0000,0,False,breadth
2091370,will-solana-reach-160-april-27-may-3,SOL,True,False,False,0.0,531.657766,0,0,0,0,0,0,,,0,0.0000,0,False,breadth
2091372,will-solana-reach-150-april-27-may-3,SOL,True,False,False,570.989,570.989,0,0,0,0,0,0,,,0,0.0000,0,False,breadth
2091373,will-solana-reach-105-on-april-27,SOL,True,False,False,538.1931,538.1931,0,0,0,0,0,0,,,0,0.0000,0,False,breadth
2091374,will-solana-reach-140-april-27-may-3,SOL,True,False,False,0.0,641.015,0,0,0,0,0,0,,,0,0.0000,0,False,breadth
2091376,will-solana-reach-130-april-27-may-3,SOL,True,False,False,0.0,641.015,0,0,0,0,0,0,,,0,0.0000,0,False,breadth
2091378,will-solana-reach-120-april-27-may-3,SOL,True,False,False,506.510571,506.510571,0,0,0,0,0,0,,,0,0.0000,0,False,breadth
2091379,will-solana-reach-90-on-april-27,SOL,True,False,False,745.9451229999999,745.9451230000002,0,0,0,0,0,0,,,0,0.0000,0,False,breadth
2091380,will-solana-reach-110-april-27-may-3,SOL,True,False,False,88.570375,88.570375,0,0,0,0,0,0,,,0,0.0000,0,False,breadth
2091382,will-solana-reach-100-april-27-may-3,SOL,True,False,False,945.977501,945.9775010000001,0,0,0,0,0,0,,,0,0.0000,0,False,breadth
2091385,will-solana-dip-to-80-april-27-may-3,SOL,True,False,False,6583.332797,6583.332797000001,0,0,0,0,0,0,,,0,0.0000,0,False,breadth
2091393,will-solana-dip-to-50-april-27-may-3,SOL,True,False,False,926.8400000000001,926.84,0,0,0,0,0,0,,,0,0.0000,0,False,breadth
2091398,will-solana-dip-to-30-april-27-may-3,SOL,True,False,False,894.442117,894.442117,0,0,0,0,0,0,,,0,0.0000,0,False,breadth
2091400,will-solana-dip-to-20-april-27-may-3,SOL,True,False,False,0.0,670.9332989999999,0,0,0,0,0,0,,,0,0.0000,0,False,breadth
2091407,will-xrp-reach-1pt6-on-april-27,XRP,True,False,False,816.172927,816.172927,0,0,0,0,0,0,,,0,0.0000,0,False,breadth
2091409,will-xrp-reach-1pt55-on-april-27,XRP,True,False,False,889.94,889.94,0,0,0,0,0,0,,,0,0.0000,0,False,breadth
2091411,will-xrp-reach-1pt5-on-april-27,XRP,True,False,False,668.02,668.02,0,0,0,0,0,0,,,0,0.0000,0,False,breadth
2091414,will-xrp-reach-2pt1-april-27-may-3,XRP,True,False,False,8593.26662,8593.26662,5,4,1,2,2,2,1777356000000000000,1777359600000000000,1,1.0000,0,False,depth
2091417,will-xrp-reach-2-april-27-may-3,XRP,True,False,False,0.0,8482.785425,0,0,0,0,0,0,,,0,0.0000,0,False,breadth
2091423,will-xrp-dip-to-1pt3-on-april-27,XRP,True,False,False,644.005,644.005,0,0,0,0,0,0,,,0,0.0000,0,False,breadth
2091426,will-xrp-dip-to-1pt25-on-april-27,XRP,True,False,False,832.1827000000001,832.1827000000001,0,0,0,0,0,0,,,0,0.0000,0,False,breadth
2091432,will-xrp-reach-1pt5-april-27-may-3,XRP,True,False,False,789.875814,789.8758140000001,0,0,0,0,0,0,,,0,0.0000,0,False,breadth
2091435,will-xrp-dip-to-1pt3-april-27-may-3,XRP,True,False,False,7910.925606000001,7910.925606000001,0,0,0,0,0,0,,,0,0.0000,0,False,breadth
2091436,will-xrp-dip-to-1pt2-april-27-may-3,XRP,True,False,False,0.0,9354.401639000003,0,0,0,0,0,0,,,0,0.0000,0,False,breadth
2091437,will-xrp-dip-to-1pt1-april-27-may-3,XRP,True,False,False,9874.806192,9874.806192,0,0,0,0,0,0,,,0,0.0000,0,False,breadth
2091438,will-xrp-dip-to-1-april-27-may-3,XRP,True,False,False,9149.024169,9149.024169,0,0,0,0,0,0,,,0,0.0000,0,False,breadth
2091439,will-xrp-dip-to-0pt9-april-27-may-3,XRP,True,False,False,7856.0909919999995,7856.0909919999995,0,0,0,0,0,0,,,0,0.0000,0,False,breadth
2091441,will-xrp-dip-to-0pt7-april-27-may-3,XRP,True,False,False,509.35450000000003,509.35450000000003,0,0,0,0,0,0,,,0,0.0000,0,False,breadth
2092165,btc-updown-5m-1777350000,BTC,True,False,False,8.92,8.92,0,0,0,0,0,0,,,0,0.0000,0,False,breadth
2092168,will-microstrategy-announce-a-bitcoin-purchase-april-28-may-4,BTC,True,False,False,8011.009553,8011.0095530000035,0,0,0,0,0,0,,,0,0.0000,0,False,breadth
2092256,microstrategy-announces-1000-btc-purchase-april-28-may-4,BTC,True,False,False,68172.856849,68172.85684899997,0,0,0,0,0,0,,,0,0.0000,0,False,breadth
2092326,bitcoin-up-or-down-april-29-2026-1am-et,BTC,True,False,False,55078.869819000014,55078.86981899998,25,23,2,3,2,3,1777438800000000000,1777453200000000000,4,0.6000,2,False,depth
2093032,bitcoin-up-or-down-april-29-2026-3am-et,BTC,True,False,False,91.923075,91.923075,0,0,0,0,0,0,,,0,0.0000,0,False,breadth
2094227,bitcoin-up-or-down-april-29-2026-4am-et,BTC,True,False,False,61.960783,61.960783,0,0,0,0,0,0,,,0,0.0000,0,False,breadth
2095008,bitcoin-up-or-down-april-29-2026-7am-et,BTC,True,False,False,76332.05766700003,76332.05766700002,227,218,9,29,5,29,1777456800000000000,1777640400000000000,51,0.5577,23,False,recency_repair
2095009,ethereum-up-or-down-april-29-2026-7am-et,ETH,True,False,False,5694.455721999996,5694.455722000002,0,0,0,0,0,0,,,0,0.0000,0,False,breadth
2095376,ethereum-etf-flows-on-april-29,ETH,True,False,False,0.0,6.0,0,0,0,0,0,0,,,0,0.0000,0,False,breadth
2096041,xrp-up-or-down-april-29-2026-9am-et,XRP,True,False,False,91.145998,91.14599799999999,0,0,0,0,0,0,,,0,0.0000,0,False,breadth
2096073,btc-updown-5m-1777380900,BTC,True,False,False,58.823526,58.823526,0,0,0,0,0,0,,,0,0.0000,0,False,breadth
2096075,eth-updown-5m-1777380900,ETH,True,False,False,80.711375,80.711375,0,0,0,0,0,0,,,0,0.0000,0,False,breadth
2096782,bitcoin-up-or-down-april-29-2026-10am-et,BTC,True,False,False,59.680978,59.68097800000001,0,0,0,0,0,0,,,0,0.0000,0,False,breadth
2097065,btc-updown-5m-1777385700,BTC,True,False,False,6.17,6.17,0,0,0,0,0,0,,,0,0.0000,0,False,breadth
2097425,bitcoin-above-77000-on-april-27-2026-12pm-et,BTC,True,True,False,997.277159,997.277159,0,0,0,0,0,0,,,0,0.0000,0,False,breadth
2097825,will-the-price-of-bitcoin-be-less-than-68000-on-may-4,BTC,True,False,False,536.4459999999999,536.446,0,0,0,0,0,0,,,0,0.0000,0,False,breadth
2097826,ethereum-above-1800-on-may-4,ETH,True,False,False,6686.095554,6686.0955539999995,0,0,0,0,0,0,,,0,0.0000,0,False,breadth
2097827,will-the-price-of-bitcoin-be-between-68000-70000-on-may-4,BTC,True,False,False,8009.521946000001,8009.521946000001,0,0,0,0,0,0,,,0,0.0000,0,False,breadth
2097829,will-the-price-of-bitcoin-be-between-70000-72000-on-may-4,BTC,True,False,False,7460.819328999998,7460.819328999997,0,0,0,0,0,0,,,0,0.0000,0,False,breadth
2097830,ethereum-above-1900-on-may-4,ETH,True,False,False,5448.654388,5448.654388,0,0,0,0,0,0,,,0,0.0000,0,False,breadth
2097832,will-the-price-of-bitcoin-be-between-72000-74000-on-may-4,BTC,True,False,False,904.1040220000001,904.1040219999999,0,0,0,0,0,0,,,0,0.0000,0,False,breadth
2097833,ethereum-above-2000-on-may-4,ETH,True,False,False,8117.875509,8117.8755089999995,0,0,0,0,0,0,,,0,0.0000,0,False,breadth
2097835,will-the-price-of-bitcoin-be-between-74000-76000-on-may-4,BTC,True,False,False,6158.294191,6158.294191000001,0,0,0,0,0,0,,,0,0.0000,0,False,breadth
2097836,ethereum-above-2100-on-may-4,ETH,True,False,False,652.730904,652.730904,0,0,0,0,0,0,,,0,0.0000,0,False,breadth
2097838,will-the-price-of-bitcoin-be-between-76000-78000-on-may-4,BTC,True,False,False,6329.295600000003,6329.295600000005,0,0,0,0,0,0,,,0,0.0000,0,False,breadth
2097839,ethereum-above-2200-on-may-4,ETH,True,False,False,81319.29811999998,81319.29811999998,0,0,0,0,0,0,,,0,0.0000,0,False,breadth
2097841,will-the-price-of-bitcoin-be-between-78000-80000-on-may-4,BTC,True,False,False,67564.96681599997,67564.96681599999,0,0,0,0,0,0,,,0,0.0000,0,False,breadth
2097842,ethereum-above-2300-on-may-4,ETH,True,False,False,82.648767,82.648767,0,0,0,0,0,0,,,0,0.0000,0,False,breadth
2097845,ethereum-above-2400-on-may-4,ETH,True,False,False,500.319192,500.31919200000004,0,0,0,0,0,0,,,0,0.0000,0,False,breadth
2097847,will-the-price-of-bitcoin-be-between-82000-84000-on-may-4,BTC,True,False,False,0.0,55.019999999999996,0,0,0,0,0,0,,,0,0.0000,0,False,breadth
2097848,ethereum-above-2500-on-may-4,ETH,True,False,False,66282.40281200003,66282.40281200001,0,0,0,0,0,0,,,0,0.0000,0,False,breadth
2097853,ethereum-above-2700-on-may-4,ETH,True,False,False,804.842,804.842,0,0,0,0,0,0,,,0,0.0000,0,False,breadth
2097854,will-the-price-of-bitcoin-be-greater-than-86000-on-may-4,BTC,True,False,False,8975.296571,8975.296570999999,0,0,0,0,0,0,,,0,0.0000,0,False,breadth
2097879,ethereum-up-or-down-on-april-29-2026,ETH,True,False,False,8143.180285000001,8143.180284999998,0,0,0,0,0,0,,,0,0.0000,0,False,breadth
2097907,will-the-price-of-ethereum-be-between-1800-1900-on-may-4,ETH,True,False,False,0.0,623.270321,0,0,0,0,0,0,,,0,0.0000,0,False,breadth
2097912,bitcoin-above-66k-on-may-4,BTC,True,False,False,99925.1812,99925.1812,12,12,0,8,7,8,1777600800000000000,1777921200000000000,89,0.0889,82,True,depth
2097913,will-the-price-of-ethereum-be-between-2000-2100-on-may-4,ETH,True,False,False,790.955554,790.955554,0,0,0,0,0,0,,,0,0.0000,0,False,breadth
2097916,bitcoin-above-68k-on-may-4,BTC,True,False,False,8823.636484,8823.636483999999,0,0,0,0,0,0,,,0,0.0000,0,False,breadth
2097917,will-the-price-of-ethereum-be-between-2100-2200-on-may-4,ETH,True,False,False,6051.783799000002,6051.783799000003,0,0,0,0,0,0,,,0,0.0000,0,False,breadth
2097921,will-the-price-of-ethereum-be-between-2200-2300-on-may-4,ETH,True,False,False,87.0,87.0,0,0,0,0,0,0,,,0,0.0000,0,False,breadth
2097922,bitcoin-above-70k-on-may-4,BTC,True,False,False,97784.79544200006,97784.79544199993,19,18,1,9,8,9,1777737600000000000,1777921200000000000,51,0.1731,43,True,depth
2097924,bitcoin-above-72k-on-may-4,BTC,True,False,False,52599.98864899999,52599.98864899999,0,0,0,0,0,0,,,0,0.0000,0,False,breadth
2097926,will-the-price-of-ethereum-be-between-2300-2400-on-may-4,ETH,True,False,False,8988.21697,8988.21697,0,0,0,0,0,0,,,0,0.0000,0,False,breadth
2097929,bitcoin-above-74k-on-may-4,BTC,True,False,False,70366.80260200001,70366.80260199998,0,0,0,0,0,0,,,0,0.0000,0,False,breadth
2097932,will-the-price-of-ethereum-be-between-2400-2500-on-may-4,ETH,True,False,False,890.260981,890.2609809999999,0,0,0,0,0,0,,,0,0.0000,0,False,breadth
2097934,bitcoin-above-76k-on-may-4,BTC,True,False,False,62680.59286199999,62680.592862000034,0,0,0,0,0,0,,,0,0.0000,0,False,breadth
2097938,will-the-price-of-ethereum-be-between-2500-2600-on-may-4,ETH,True,False,False,9414.975192000002,9414.975191999998,0,0,0,0,0,0,,,0,0.0000,0,False,breadth
2097940,bitcoin-above-78k-on-may-4,BTC,True,False,False,9582.2232,9582.223199999997,0,0,0,0,0,0,,,0,0.0000,0,False,breadth
2097942,will-the-price-of-ethereum-be-between-2600-2700-on-may-4,ETH,True,False,False,0.0,62.89,0,0,0,0,0,0,,,0,0.0000,0,False,breadth
2097944,bitcoin-above-80k-on-may-4,BTC,True,False,False,7574.801363,7574.801363000001,0,0,0,0,0,0,,,0,0.0000,0,False,breadth
2097947,will-the-price-of-ethereum-be-greater-than-2700-on-may-4,ETH,True,False,False,0.0,62.89,0,0,0,0,0,0,,,0,0.0000,0,False,breadth
2097954,bitcoin-above-84k-on-may-4,BTC,True,False,False,65912.58226,65912.58225999997,0,0,0,0,0,0,,,0,0.0000,0,False,breadth
2097958,bitcoin-above-86k-on-may-4,BTC,True,False,False,97464.69434799996,97464.69434799998,13,12,1,7,6,7,1777860000000000000,1777921200000000000,17,0.3889,11,True,depth
2098017,will-the-price-of-solana-be-less-than-40-on-may-4,SOL,True,False,False,0.0,666.02,0,0,0,0,0,0,,,0,0.0000,0,False,breadth
2098021,will-the-price-of-solana-be-between-40-50-on-may-4,SOL,True,False,False,0.0,565.995,0,0,0,0,0,0,,,0,0.0000,0,False,breadth
2098025,will-the-price-of-solana-be-between-50-60-on-may-4,SOL,True,False,False,0.0,524.54,0,0,0,0,0,0,,,0,0.0000,0,False,breadth
2098032,will-the-price-of-solana-be-between-80-90-on-may-4,SOL,True,False,False,777.75229,777.75229,0,0,0,0,0,0,,,0,0.0000,0,False,breadth
2098034,will-the-price-of-solana-be-between-90-100-on-may-4,SOL,True,False,False,0.0,8.36,0,0,0,0,0,0,,,0,0.0000,0,False,breadth
2098038,solana-above-30-on-may-4,SOL,True,False,False,0.0,524.465,0,0,0,0,0,0,,,0,0.0000,0,False,breadth
2098039,xrp-up-or-down-on-april-29-2026,XRP,True,False,False,61.405698,61.405698,0,0,0,0,0,0,,,0,0.0000,0,False,breadth
2098040,will-the-price-of-solana-be-between-110-120-on-may-4,SOL,True,False,False,0.0,687.8100000000001,0,0,0,0,0,0,,,0,0.0000,0,False,breadth
2098043,will-the-price-of-solana-be-between-120-130-on-may-4,SOL,True,False,False,513.8539999999999,513.8539999999999,0,0,0,0,0,0,,,0,0.0000,0,False,breadth
2098046,will-the-price-of-solana-be-greater-than-130-on-may-4,SOL,True,False,False,0.0,836.804333,0,0,0,0,0,0,,,0,0.0000,0,False,breadth
2098053,solana-above-80-on-may-4,SOL,True,False,False,72.350981,72.35098099999999,0,0,0,0,0,0,,,0,0.0000,0,False,breadth
2098062,solana-above-110-on-may-4,SOL,True,False,False,0.0,653.0,0,0,0,0,0,0,,,0,0.0000,0,False,breadth
2098065,solana-above-120-on-may-4,SOL,True,False,False,0.0,578.0,0,0,0,0,0,0,,,0,0.0000,0,False,breadth
2098068,solana-above-130-on-may-4,SOL,True,False,False,733.106825,733.106825,0,0,0,0,0,0,,,0,0.0000,0,False,breadth
2098108,will-the-price-of-xrp-be-less-than-0pt90-on-may-4,XRP,True,False,False,920.333,920.333,0,0,0,0,0,0,,,0,0.0000,0,False,breadth
2098114,will-the-price-of-xrp-be-between-1pt10-1pt20-on-may-4,XRP,True,False,False,71.44,71.44,0,0,0,0,0,0,,,0,0.0000,0,False,breadth
2098116,will-the-price-of-xrp-be-between-1pt20-1pt30-on-may-4,XRP,True,False,False,0.0,65.0,0,0,0,0,0,0,,,0,0.0000,0,False,breadth
2098119,will-the-price-of-xrp-be-between-1pt30-1pt40-on-may-4,XRP,True,False,False,955.9512699999999,955.9512699999999,0,0,0,0,0,0,,,0,0.0000,0,False,breadth
2098121,will-the-price-of-xrp-be-between-1pt40-1pt50-on-may-4,XRP,True,False,False,831.0679,831.0679,0,0,0,0,0,0,,,0,0.0000,0,False,breadth
2098123,will-the-price-of-xrp-be-between-1pt50-1pt60-on-may-4,XRP,True,False,False,68.0,68.0,0,0,0,0,0,0,,,0,0.0000,0,False,breadth
2098124,xrp-above-0pt9-on-may-4,XRP,True,False,False,0.0,95.030142,0,0,0,0,0,0,,,0,0.0000,0,False,breadth
2098127,xrp-above-1-on-may-4,XRP,True,False,False,0.0,90.015,0,0,0,0,0,0,,,0,0.0000,0,False,breadth
2098129,will-the-price-of-xrp-be-between-1pt70-1pt80-on-may-4,XRP,True,False,False,77.695,77.695,0,0,0,0,0,0,,,0,0.0000,0,False,breadth
2098130,xrp-above-1pt1-on-may-4,XRP,True,False,False,85.120142,85.120142,0,0,0,0,0,0,,,0,0.0000,0,False,breadth
2098133,xrp-above-1pt2-on-may-4,XRP,True,False,False,0.0,89.11,0,0,0,0,0,0,,,0,0.0000,0,False,breadth
2098135,xrp-above-1pt3-on-may-4,XRP,True,False,False,5527.527666,5527.527666,0,0,0,0,0,0,,,0,0.0000,0,False,breadth
2098140,xrp-above-1pt5-on-may-4,XRP,True,False,False,552.19,552.19,0,0,0,0,0,0,,,0,0.0000,0,False,breadth
2098142,xrp-above-1pt6-on-may-4,XRP,True,False,False,540.0,540.0,0,0,0,0,0,0,,,0,0.0000,0,False,breadth
2098144,xrp-above-1pt7-on-may-4,XRP,True,False,False,0.0,80.030142,0,0,0,0,0,0,,,0,0.0000,0,False,breadth
2098146,xrp-above-1pt8-on-may-4,XRP,True,False,False,787.813381,787.813381,0,0,0,0,0,0,,,0,0.0000,0,False,breadth
2098148,xrp-above-1pt9-on-may-4,XRP,True,False,False,0.0,549.6396420000001,0,0,0,0,0,0,,,0,0.0000,0,False,breadth
2098554,bitcoin-up-or-down-april-29-2026-1pm-et,BTC,True,False,False,70118.57286200003,70118.57286199999,329,308,21,4,4,4,1777482000000000000,1777485600000000000,1,1.0000,0,False,depth
2098582,solana-up-or-down-april-29-2026-1pm-et,SOL,True,False,False,5974.936897000002,5974.936897000002,0,0,0,0,0,0,,,0,0.0000,0,False,breadth
2098596,xrp-up-or-down-april-29-2026-1pm-et,XRP,True,False,False,664.242217,664.242217,0,0,0,0,0,0,,,0,0.0000,0,False,breadth
2099030,bitcoin-up-or-down-april-29-2026-2pm-et,BTC,True,False,False,72160.07177699999,72160.07177700002,649,588,61,4,3,4,1777482000000000000,1777543200000000000,17,0.2222,14,False,depth
2099035,solana-up-or-down-april-29-2026-2pm-et,SOL,True,False,False,9739.000811000002,9739.000811,0,0,0,0,0,0,,,0,0.0000,0,False,breadth
2099278,bitcoin-above-74800-on-april-27-2026-4pm-et,BTC,True,False,False,549.991,549.991,0,0,0,0,0,0,,,0,0.0000,0,False,breadth
2099288,ethereum-above-2215-on-april-27-2026-4pm-et,ETH,True,False,False,549.986,549.986,0,0,0,0,0,0,,,0,0.0000,0,False,breadth
2099500,solana-up-or-down-april-29-2026-3pm-et,SOL,True,False,False,0.0,6177.521697999998,0,0,0,0,0,0,,,0,0.0000,0,False,breadth
2099598,btc-updown-5m-1777403400,BTC,True,False,False,7.779999999999999,7.779999999999999,0,0,0,0,0,0,,,0,0.0000,0,False,breadth
2099643,btc-updown-5m-1777403700,BTC,True,False,False,7.779999999999999,7.779999999999999,0,0,0,0,0,0,,,0,0.0000,0,False,breadth
2099656,btc-updown-5m-1777404000,BTC,True,False,False,7.779999999999999,7.779999999999999,0,0,0,0,0,0,,,0,0.0000,0,False,breadth
2099688,btc-updown-5m-1777404600,BTC,True,False,False,9.76,9.76,0,0,0,0,0,0,,,0,0.0000,0,False,breadth
2099878,btc-updown-5m-1777405500,BTC,True,False,False,7.92,7.92,0,0,0,0,0,0,,,0,0.0000,0,False,breadth
2099989,bitcoin-above-76600-on-april-27-2026-6pm-et,BTC,True,False,False,78.6407,78.6407,0,0,0,0,0,0,,,0,0.0000,0,False,breadth
2099995,ethereum-above-2220-on-april-27-2026-6pm-et,ETH,True,False,False,97.0313,97.0313,0,0,0,0,0,0,,,0,0.0000,0,False,breadth
2099996,ethereum-above-2235-on-april-27-2026-6pm-et,ETH,True,False,False,55.005,55.005,0,0,0,0,0,0,,,0,0.0000,0,False,breadth
2100067,btc-updown-5m-1777410000,BTC,True,False,False,6.0,6.0,0,0,0,0,0,0,,,0,0.0000,0,False,breadth
2100192,bitcoin-up-or-down-april-29-2026-6pm-et,BTC,True,False,False,5.2,5.2,0,0,0,0,0,0,,,0,0.0000,0,False,breadth
2101452,bitcoin-up-or-down-april-29-2026-10pm-et,BTC,True,False,False,7.842349,7.842349,0,0,0,0,0,0,,,0,0.0000,0,False,breadth
2101986,will-solana-reach-85-on-april-28,SOL,True,False,False,8706.035998,8706.035998,0,0,0,0,0,0,,,0,0.0000,0,False,breadth
2102610,sol-updown-4h-1777435200,SOL,True,False,False,599.612137,599.612137,0,0,0,0,0,0,,,0,0.0000,0,False,breadth
2102612,btc-updown-4h-1777435200,BTC,True,False,False,7040.538079999998,7040.538080000001,0,0,0,0,0,0,,,0,0.0000,0,False,breadth
2102620,xrp-updown-4h-1777435200,XRP,True,False,False,521.8167679999999,521.8167679999999,0,0,0,0,0,0,,,0,0.0000,0,False,breadth
2103113,sol-updown-15m-1777443300,SOL,True,False,False,529.875805,529.875805,0,0,0,0,0,0,,,0,0.0000,0,False,breadth
2103134,btc-updown-5m-1777443900,BTC,True,False,False,75.82000000000001,75.82000000000001,0,0,0,0,0,0,,,0,0.0000,0,False,breadth
2103181,btc-updown-5m-1777444500,BTC,True,False,False,89.98,89.98,0,0,0,0,0,0,,,0,0.0000,0,False,breadth
2103366,btc-updown-5m-1777446900,BTC,True,False,False,80.283017,80.283017,0,0,0,0,0,0,,,0,0.0000,0,False,breadth
2104077,btc-updown-5m-1777454700,BTC,True,False,False,557.1292460000001,557.1292459999999,0,0,0,0,0,0,,,0,0.0000,0,False,breadth
2104123,xrp-updown-5m-1777455600,XRP,True,False,False,57.943395,57.943395,0,0,0,0,0,0,,,0,0.0000,0,False,breadth
2104153,eth-updown-5m-1777456200,ETH,True,False,False,79.25392,79.25392000000001,0,0,0,0,0,0,,,0,0.0000,0,False,breadth
2104425,solana-up-or-down-april-30-2026-7am-et,SOL,True,False,False,5710.450912,5710.450912000002,0,0,0,0,0,0,,,0,0.0000,0,False,breadth
2104426,xrp-up-or-down-april-30-2026-7am-et,XRP,True,False,False,6615.015837000002,6615.015837000003,0,0,0,0,0,0,,,0,0.0000,0,False,breadth
2104833,ethereum-up-or-down-april-30-2026-8am-et,ETH,True,False,False,9692.273987000004,9692.273987000004,0,0,0,0,0,0,,,0,0.0000,0,False,breadth
2105206,xrp-updown-15m-1777466700,XRP,True,False,False,795.1307719999999,795.130772,0,0,0,0,0,0,,,0,0.0000,0,False,breadth
2105212,eth-updown-15m-1777466700,ETH,True,False,False,5186.145062,5186.1450620000005,0,0,0,0,0,0,,,0,0.0000,0,False,breadth
2105226,ethereum-up-or-down-april-30-2026-9am-et,ETH,True,False,False,7.53,7.53,0,0,0,0,0,0,,,0,0.0000,0,False,breadth
2105233,xrp-up-or-down-april-30-2026-9am-et,XRP,True,False,False,9.921567,9.921567,0,0,0,0,0,0,,,0,0.0000,0,False,breadth
2105264,sol-updown-5m-1777467300,SOL,True,False,False,850.2280549999999,850.2280550000002,0,0,0,0,0,0,,,0,0.0000,0,False,breadth
2105267,eth-updown-15m-1777467600,ETH,True,False,False,91.749538,91.749538,0,0,0,0,0,0,,,0,0.0000,0,False,breadth
2105269,btc-updown-15m-1777467600,BTC,True,False,False,700.8766650000001,700.8766650000001,0,0,0,0,0,0,,,0,0.0000,0,False,breadth
2105270,eth-updown-5m-1777467600,ETH,True,False,False,74.826273,74.826273,0,0,0,0,0,0,,,0,0.0000,0,False,breadth
2105277,sol-updown-5m-1777467600,SOL,True,False,False,69.06902,69.06902,0,0,0,0,0,0,,,0,0.0000,0,False,breadth
2105279,sol-updown-15m-1777467600,SOL,True,False,False,7.270832,7.270832,0,0,0,0,0,0,,,0,0.0000,0,False,breadth
2105342,btc-updown-5m-1777468200,BTC,True,False,False,51.901566,51.901566,0,0,0,0,0,0,,,0,0.0000,0,False,breadth
2105350,btc-updown-15m-1777468500,BTC,True,False,False,98.039214,98.039214,0,0,0,0,0,0,,,0,0.0000,0,False,breadth
2105912,btc-updown-15m-1777470300,BTC,True,False,False,98.039214,98.039214,0,0,0,0,0,0,,,0,0.0000,0,False,breadth
2106971,will-the-price-of-bitcoin-be-less-than-68000-on-may-5,BTC,True,False,False,7539.717605,7539.717605,0,0,0,0,0,0,,,0,0.0000,0,False,breadth
2106972,ethereum-above-1800-on-may-5,ETH,True,False,False,744.221,744.221,0,0,0,0,0,0,,,0,0.0000,0,False,breadth
2106973,will-the-price-of-bitcoin-be-between-68000-70000-on-may-5,BTC,True,False,False,9459.536641000002,9459.536641,0,0,0,0,0,0,,,0,0.0000,0,False,breadth
2106974,will-the-price-of-bitcoin-be-between-70000-72000-on-may-5,BTC,True,False,False,9518.826301,9518.826301,0,0,0,0,0,0,,,0,0.0000,0,False,breadth
2106975,ethereum-above-1900-on-may-5,ETH,True,False,False,738.223152,738.223152,0,0,0,0,0,0,,,0,0.0000,0,False,breadth
2106976,will-the-price-of-bitcoin-be-between-72000-74000-on-may-5,BTC,True,False,False,61.76,61.75999999999999,0,0,0,0,0,0,,,0,0.0000,0,False,breadth
2106977,ethereum-above-2000-on-may-5,ETH,True,False,False,8832.357305,8832.357305000001,0,0,0,0,0,0,,,0,0.0000,0,False,breadth
2106978,will-the-price-of-bitcoin-be-between-74000-76000-on-may-5,BTC,True,False,False,674.3438960000001,674.3438960000001,0,0,0,0,0,0,,,0,0.0000,0,False,breadth
2106979,ethereum-above-2100-on-may-5,ETH,True,False,False,8292.112235999999,8292.112235999997,0,0,0,0,0,0,,,0,0.0000,0,False,breadth
2106981,will-the-price-of-bitcoin-be-between-76000-78000-on-may-5,BTC,True,False,False,61761.12910399999,61761.12910400003,0,0,0,0,0,0,,,0,0.0000,0,False,breadth
2106982,ethereum-above-2200-on-may-5,ETH,True,False,False,817.3122450000001,817.312245,0,0,0,0,0,0,,,0,0.0000,0,False,breadth
2106983,will-the-price-of-bitcoin-be-between-78000-80000-on-may-5,BTC,True,False,False,73634.93466400003,73634.93466399999,0,0,0,0,0,0,,,0,0.0000,0,False,breadth
2106984,ethereum-above-2300-on-may-5,ETH,True,False,False,71537.92087,71537.92087000006,0,0,0,0,0,0,,,0,0.0000,0,False,breadth
2106985,will-the-price-of-bitcoin-be-between-80000-82000-on-may-5,BTC,True,False,False,69819.530045,69819.53004499998,0,0,0,0,0,0,,,0,0.0000,0,False,breadth
2106986,ethereum-above-2400-on-may-5,ETH,True,False,False,79424.89311300004,79424.89311300011,0,0,0,0,0,0,,,0,0.0000,0,False,breadth
2106987,ethereum-above-2500-on-may-5,ETH,True,False,False,69720.31143599999,69720.31143599997,0,0,0,0,0,0,,,0,0.0000,0,False,breadth
2106988,will-the-price-of-bitcoin-be-between-82000-84000-on-may-5,BTC,True,False,False,82.13,82.13,0,0,0,0,0,0,,,0,0.0000,0,False,breadth
2106989,will-the-price-of-bitcoin-be-between-84000-86000-on-may-5,BTC,True,False,False,8094.369092000001,8094.369091999996,0,0,0,0,0,0,,,0,0.0000,0,False,breadth
2106990,ethereum-above-2600-on-may-5,ETH,True,False,False,94210.96718800001,94210.96718800002,14,14,0,8,8,8,1777946400000000000,1777986000000000000,11,0.6667,4,True,depth
2106992,ethereum-above-2700-on-may-5,ETH,True,False,False,0.0,958.0905439999999,0,0,0,0,0,0,,,0,0.0000,0,False,breadth
2106993,will-the-price-of-bitcoin-be-greater-than-86000-on-may-5,BTC,True,False,False,732.3767,732.3767,0,0,0,0,0,0,,,0,0.0000,0,False,breadth
2106994,ethereum-above-2800-on-may-5,ETH,True,False,False,0.0,684.1995,0,0,0,0,0,0,,,0,0.0000,0,False,breadth
2107024,will-the-price-of-ethereum-be-less-than-1800-on-may-5,ETH,True,False,False,5.71,5.71,0,0,0,0,0,0,,,0,0.0000,0,False,breadth
2107026,bitcoin-above-66k-on-may-5,BTC,True,False,False,6479.369277999999,6479.369278,0,0,0,0,0,0,,,0,0.0000,0,False,breadth
2107027,will-the-price-of-ethereum-be-between-1800-1900-on-may-5,ETH,True,False,False,64.16,64.16,0,0,0,0,0,0,,,0,0.0000,0,False,breadth
2107028,bitcoin-above-68k-on-may-5,BTC,True,False,False,89829.807846,89829.807846,3,3,0,3,3,3,1777892400000000000,1777982400000000000,25,0.1154,23,True,depth
2107030,will-the-price-of-ethereum-be-between-1900-2000-on-may-5,ETH,True,False,False,5.71,5.71,0,0,0,0,0,0,,,0,0.0000,0,False,breadth
2107031,bitcoin-above-70k-on-may-5,BTC,True,False,False,8713.431266,8713.43126600001,0,0,0,0,0,0,,,0,0.0000,0,False,breadth
2107033,bitcoin-above-72k-on-may-5,BTC,True,False,False,929.81039,929.81039,0,0,0,0,0,0,,,0,0.0000,0,False,breadth
2107035,will-the-price-of-ethereum-be-between-2100-2200-on-may-5,ETH,True,False,False,82.94000000000001,82.94000000000001,0,0,0,0,0,0,,,0,0.0000,0,False,breadth
2107036,bitcoin-above-74k-on-may-5,BTC,True,False,False,61834.05989999999,61834.059899999986,0,0,0,0,0,0,,,0,0.0000,0,False,breadth
2107037,bitcoin-above-76k-on-may-5,BTC,True,False,False,89552.785397,89552.78539700003,54,54,0,17,17,17,1777802400000000000,1777986000000000000,51,0.3269,35,True,depth
2107039,will-the-price-of-ethereum-be-between-2200-2300-on-may-5,ETH,True,False,False,780.556944,780.556944,0,0,0,0,0,0,,,0,0.0000,0,False,breadth
2107040,bitcoin-above-78k-on-may-5,BTC,True,False,False,72630.82959499999,72630.82959499999,0,0,0,0,0,0,,,0,0.0000,0,False,breadth
2107042,will-the-price-of-ethereum-be-between-2300-2400-on-may-5,ETH,True,False,False,597.013797,597.0137970000001,0,0,0,0,0,0,,,0,0.0000,0,False,breadth
2107043,bitcoin-above-80k-on-may-5,BTC,True,False,False,55090.99271,55090.99270999999,0,0,0,0,0,0,,,0,0.0000,0,False,breadth
2107046,will-the-price-of-ethereum-be-between-2400-2500-on-may-5,ETH,True,False,False,73.07,73.07,0,0,0,0,0,0,,,0,0.0000,0,False,breadth
2107049,bitcoin-above-82k-on-may-5,BTC,True,False,False,58419.98090299998,58419.98090300002,0,0,0,0,0,0,,,0,0.0000,0,False,breadth
2107053,bitcoin-above-84k-on-may-5,BTC,True,False,False,6248.382623999999,6248.382623999999,0,0,0,0,0,0,,,0,0.0000,0,False,breadth
2107054,bitcoin-above-86k-on-may-5,BTC,True,False,False,88221.72683499998,88221.726835,75,75,0,12,12,12,1777806000000000000,1777989600000000000,51,0.2308,40,True,depth
2107061,solana-up-or-down-on-april-30-2026,SOL,True,False,False,611.6411389999998,611.641139,0,0,0,0,0,0,,,0,0.0000,0,False,breadth
2107088,will-the-price-of-solana-be-less-than-40-on-may-5,SOL,True,False,False,0.0,661.0,0,0,0,0,0,0,,,0,0.0000,0,False,breadth
2107089,solana-above-30-on-may-5,SOL,True,False,False,512.8204,512.8204,0,0,0,0,0,0,,,0,0.0000,0,False,breadth
2107095,will-the-price-of-solana-be-between-60-70-on-may-5,SOL,True,False,False,7986.674,7986.674,0,0,0,0,0,0,,,0,0.0000,0,False,breadth
2107098,solana-above-70-on-may-5,SOL,True,False,False,824.43,824.43,0,0,0,0,0,0,,,0,0.0000,0,False,breadth
2107099,will-the-price-of-solana-be-between-80-90-on-may-5,SOL,True,False,False,0.0,55.263135,0,0,0,0,0,0,,,0,0.0000,0,False,breadth
2107100,solana-above-80-on-may-5,SOL,True,False,False,545.297139,545.297139,0,0,0,0,0,0,,,0,0.0000,0,False,breadth
2107102,solana-above-90-on-may-5,SOL,True,False,False,779.856003,779.856003,0,0,0,0,0,0,,,0,0.0000,0,False,breadth
2107105,xrp-up-or-down-on-april-30-2026,XRP,True,False,False,709.2897690000001,709.2897690000001,0,0,0,0,0,0,,,0,0.0000,0,False,breadth
2107107,solana-above-110-on-may-5,SOL,True,False,False,0.0,671.052375,0,0,0,0,0,0,,,0,0.0000,0,False,breadth
2107110,solana-above-120-on-may-5,SOL,True,False,False,0.0,744.7339409999998,0,0,0,0,0,0,,,0,0.0000,0,False,breadth
2107112,solana-above-130-on-may-5,SOL,True,False,False,0.0,80.090571,0,0,0,0,0,0,,,0,0.0000,0,False,breadth
2107132,xrp-above-0pt9-on-may-5,XRP,True,False,False,0.0,91.545,0,0,0,0,0,0,,,0,0.0000,0,False,breadth
2107152,will-the-price-of-xrp-be-between-1pt50-1pt60-on-may-5,XRP,True,False,False,954.826,954.826,0,0,0,0,0,0,,,0,0.0000,0,False,breadth
2107156,xrp-above-1pt7-on-may-5,XRP,True,False,False,952.383465,952.383465,0,0,0,0,0,0,,,0,0.0000,0,False,breadth
2107158,will-the-price-of-xrp-be-between-1pt70-1pt80-on-may-5,XRP,True,False,False,0.0,5311.3536,0,0,0,0,0,0,,,0,0.0000,0,False,breadth
2107159,xrp-above-1pt8-on-may-5,XRP,True,False,False,95.015,95.015,0,0,0,0,0,0,,,0,0.0000,0,False,breadth
2107162,xrp-above-1pt9-on-may-5,XRP,True,False,False,0.0,627.8864659999999,0,0,0,0,0,0,,,0,0.0000,0,False,breadth
2107207,xrp-updown-4h-1777478400,XRP,True,False,False,573.208328,573.208328,0,0,0,0,0,0,,,0,0.0000,0,False,breadth
2107306,eth-updown-15m-1777479300,ETH,True,False,False,92.281508,92.281508,0,0,0,0,0,0,,,0,0.0000,0,False,breadth
2107724,eth-updown-5m-1777479900,ETH,True,False,False,96.980565,96.980565,0,0,0,0,0,0,,,0,0.0000,0,False,breadth
2107726,eth-updown-15m-1777480200,ETH,True,False,False,97.281508,97.281508,0,0,0,0,0,0,,,0,0.0000,0,False,breadth
2107735,eth-updown-5m-1777480200,ETH,True,False,False,91.980565,91.980565,0,0,0,0,0,0,,,0,0.0000,0,False,breadth
2107850,eth-updown-5m-1777480500,ETH,True,False,False,96.980565,96.980565,0,0,0,0,0,0,,,0,0.0000,0,False,breadth
2107884,eth-updown-5m-1777480800,ETH,True,False,False,91.980565,91.980565,0,0,0,0,0,0,,,0,0.0000,0,False,breadth
2107920,btc-updown-5m-1777481400,BTC,True,False,False,7.920783,7.920783,0,0,0,0,0,0,,,0,0.0000,0,False,breadth
2109822,will-hype-flip-sol-by-december-31,SOL,True,False,False,69621.72975000001,69621.72974999993,0,0,0,0,0,0,,,0,0.0000,0,False,breadth
2109860,btc-updown-5m-1777489200,BTC,True,False,False,673.88509,673.88509,0,0,0,0,0,0,,,0,0.0000,0,False,breadth
2109866,btc-updown-15m-1777489200,BTC,True,False,False,573.307275,573.3072750000001,0,0,0,0,0,0,,,0,0.0000,0,False,breadth
2109881,will-anthropic-flip-btc-by-december-31,BTC,True,False,False,99461.91209599997,99461.91209599996,50,50,0,7,7,7,1777496400000000000,1777658400000000000,45,0.1522,39,False,depth
2109887,xrp-updown-5m-1777489800,XRP,True,False,False,6.07843,6.07843,0,0,0,0,0,0,,,0,0.0000,0,False,breadth
2110087,btc-updown-5m-1777490700,BTC,True,False,False,63.960783,63.960783,0,0,0,0,0,0,,,0,0.0000,0,False,breadth
2110244,btc-updown-5m-1777492500,BTC,True,False,False,8.921566,8.921566,0,0,0,0,0,0,,,0,0.0000,0,False,breadth
2110415,btc-updown-5m-1777495200,BTC,True,False,False,7.921566,7.921566,0,0,0,0,0,0,,,0,0.0000,0,False,breadth
2110422,btc-updown-5m-1777495500,BTC,True,False,False,9.320783,9.320783,0,0,0,0,0,0,,,0,0.0000,0,False,breadth
2110501,btc-updown-5m-1777496100,BTC,True,False,False,63.960783,63.960783,0,0,0,0,0,0,,,0,0.0000,0,False,breadth
2110514,btc-updown-5m-1777496400,BTC,True,False,False,9.320783,9.320783,0,0,0,0,0,0,,,0,0.0000,0,False,breadth
2110570,btc-updown-5m-1777497600,BTC,True,False,False,7.881566,7.881566,0,0,0,0,0,0,,,0,0.0000,0,False,breadth
2110581,btc-updown-5m-1777497900,BTC,True,False,False,5.960783,5.960783,0,0,0,0,0,0,,,0,0.0000,0,False,breadth
2110590,btc-updown-5m-1777498200,BTC,True,False,False,5.921566,5.921566,0,0,0,0,0,0,,,0,0.0000,0,False,breadth
2110740,btc-updown-15m-1777500900,BTC,True,False,False,55.881175,55.881175,0,0,0,0,0,0,,,0,0.0000,0,False,breadth
2111703,btc-updown-5m-1777516800,BTC,True,False,False,8.0,8.0,0,0,0,0,0,0,,,0,0.0000,0,False,breadth
2111942,bitcoin-above-77400-on-april-29-2026-1am-et,BTC,True,False,False,896.06008,896.0600799999999,0,0,0,0,0,0,,,0,0.0000,0,False,breadth
2111943,bitcoin-above-77800-on-april-29-2026-1am-et,BTC,True,False,False,64.0,64.0,0,0,0,0,0,0,,,0,0.0000,0,False,breadth
2112021,will-bitcoin-reach-83k-on-april-29,BTC,True,False,False,610.9506,610.9506,0,0,0,0,0,0,,,0,0.0000,0,False,breadth
2112023,will-bitcoin-reach-82k-on-april-29,BTC,True,False,False,564.178166,564.1781659999999,0,0,0,0,0,0,,,0,0.0000,0,False,breadth
2112030,will-bitcoin-reach-79k-on-april-29,BTC,True,False,False,6432.932898,6432.932898000001,0,0,0,0,0,0,,,0,0.0000,0,False,breadth
2112036,will-bitcoin-dip-to-76k-on-april-29,BTC,True,False,False,634.463647,634.4636469999999,0,0,0,0,0,0,,,0,0.0000,0,False,breadth
2112042,will-bitcoin-dip-to-72k-on-april-29,BTC,True,False,False,9767.338009,9767.338009000001,0,0,0,0,0,0,,,0,0.0000,0,False,breadth
2112043,will-bitcoin-dip-to-71k-on-april-29,BTC,True,False,False,978.0560429999998,978.0560429999998,0,0,0,0,0,0,,,0,0.0000,0,False,breadth
2112044,will-bitcoin-dip-to-70k-on-april-29,BTC,True,False,False,595.501654,595.501654,0,0,0,0,0,0,,,0,0.0000,0,False,breadth
2112045,will-bitcoin-dip-to-69k-on-april-29,BTC,True,False,False,939.080807,939.0808069999999,0,0,0,0,0,0,,,0,0.0000,0,False,breadth
2112065,will-ethereum-reach-2450-on-april-29,ETH,True,False,False,534.1090069999999,534.109007,0,0,0,0,0,0,,,0,0.0000,0,False,breadth
2112067,will-ethereum-reach-2350-on-april-29,ETH,True,False,False,59.771439,59.771438999999994,0,0,0,0,0,0,,,0,0.0000,0,False,breadth
2112068,will-ethereum-dip-to-2300-on-april-29,ETH,True,False,False,74.726483,74.726483,0,0,0,0,0,0,,,0,0.0000,0,False,breadth
2112069,will-ethereum-dip-to-2250-on-april-29,ETH,True,False,False,6621.770356999999,6621.7703569999985,0,0,0,0,0,0,,,0,0.0000,0,False,breadth
2112070,will-ethereum-dip-to-2200-on-april-29,ETH,True,False,False,5689.2205859999995,5689.2205859999995,0,0,0,0,0,0,,,0,0.0000,0,False,breadth
2112071,will-ethereum-dip-to-2150-on-april-29,ETH,True,False,False,8228.858223,8228.858223,0,0,0,0,0,0,,,0,0.0000,0,False,breadth
2112073,will-ethereum-dip-to-2050-on-april-29,ETH,True,False,False,63.8784,63.8784,0,0,0,0,0,0,,,0,0.0000,0,False,breadth
2112089,will-solana-reach-100-on-april-29,SOL,True,False,False,84.9626,84.9626,0,0,0,0,0,0,,,0,0.0000,0,False,breadth
2112094,will-solana-dip-to-80-on-april-29,SOL,True,False,False,601.0101,601.0101,0,0,0,0,0,0,,,0,0.0000,0,False,breadth
2112126,will-xrp-dip-to-1pt3-on-april-29,XRP,True,False,False,848.686895,848.686895,0,0,0,0,0,0,,,0,0.0000,0,False,breadth
2112907,bitcoin-above-78400-on-april-29-2026-2am-et,BTC,True,False,False,831.9190000000001,831.9190000000001,0,0,0,0,0,0,,,0,0.0000,0,False,breadth
2112909,bitcoin-above-79200-on-april-29-2026-2am-et,BTC,True,False,False,576.0,576.0,0,0,0,0,0,0,,,0,0.0000,0,False,breadth
2112914,ethereum-above-2315-on-april-29-2026-2am-et,ETH,True,False,False,8.79,8.79,0,0,0,0,0,0,,,0,0.0000,0,False,breadth
2112969,ethereum-up-or-down-may-1-2026-1am-et,ETH,True,False,False,9352.669140000002,9352.669140000002,0,0,0,0,0,0,,,0,0.0000,0,False,breadth
2113207,bitcoin-above-77600-on-april-29-2026-3am-et,BTC,True,False,False,964.4238,964.4238,0,0,0,0,0,0,,,0,0.0000,0,False,breadth
2113210,bitcoin-above-78800-on-april-29-2026-3am-et,BTC,True,False,False,81.95400000000001,81.95400000000001,0,0,0,0,0,0,,,0,0.0000,0,False,breadth
2113215,ethereum-above-2295-on-april-29-2026-3am-et,ETH,True,False,False,69.8,69.8,0,0,0,0,0,0,,,0,0.0000,0,False,breadth
2113285,ethereum-up-or-down-may-1-2026-2am-et,ETH,True,False,False,6713.277508,6713.277508000002,0,0,0,0,0,0,,,0,0.0000,0,False,breadth
2113519,ethereum-up-or-down-may-1-2026-3am-et,ETH,True,False,False,8.65,8.65,0,0,0,0,0,0,,,0,0.0000,0,False,breadth
2113908,btc-updown-4h-1777536000,BTC,True,False,False,5.882351,5.882351,0,0,0,0,0,0,,,0,0.0000,0,False,breadth
2114374,bitcoin-above-75600-on-april-29-2026-8am-et,BTC,True,False,False,550.0,550.0,0,0,0,0,0,0,,,0,0.0000,0,False,breadth
2114381,bitcoin-above-78800-on-april-29-2026-8am-et,BTC,True,False,False,519.3271,519.3271,0,0,0,0,0,0,,,0,0.0000,0,False,breadth
2114442,bitcoin-up-or-down-may-1-2026-7am-et,BTC,True,False,False,81334.46845299995,81334.46845300007,62,55,7,3,3,3,1777629600000000000,1777633200000000000,1,1.0000,0,False,depth
2114564,bitcoin-above-76400-on-april-29-2026-9am-et,BTC,True,False,False,524.9874,524.9874,0,0,0,0,0,0,,,0,0.0000,0,False,breadth
2114565,bitcoin-above-76800-on-april-29-2026-9am-et,BTC,True,False,False,571.34014,571.3401399999999,0,0,0,0,0,0,,,0,0.0000,0,False,breadth
2114567,bitcoin-above-78000-on-april-29-2026-9am-et,BTC,True,False,False,782.5699999999999,782.5699999999999,0,0,0,0,0,0,,,0,0.0000,0,False,breadth
2114568,bitcoin-above-78400-on-april-29-2026-9am-et,BTC,True,False,False,657.1800000000001,657.1800000000001,0,0,0,0,0,0,,,0,0.0000,0,False,breadth
2114569,bitcoin-above-78800-on-april-29-2026-9am-et,BTC,True,False,False,583.8486,583.8486,0,0,0,0,0,0,,,0,0.0000,0,False,breadth
2114577,ethereum-above-2345-on-april-29-2026-9am-et,ETH,True,False,False,757.8102590000001,757.8102590000001,0,0,0,0,0,0,,,0,0.0000,0,False,breadth
2114579,ethereum-above-2375-on-april-29-2026-9am-et,ETH,True,False,False,648.82,648.82,0,0,0,0,0,0,,,0,0.0000,0,False,breadth
2114828,xrp-up-or-down-may-1-2026-8am-et,XRP,True,False,False,5361.711138999999,5361.711138999998,0,0,0,0,0,0,,,0,0.0000,0,False,breadth
2115071,btc-updown-4h-1777550400,BTC,True,False,False,6520.341498000001,6520.341497999999,0,0,0,0,0,0,,,0,0.0000,0,False,breadth
2115459,btc-updown-15m-1777553100,BTC,True,False,False,5.392155,5.392155,0,0,0,0,0,0,,,0,0.0000,0,False,breadth
2115472,xrp-updown-5m-1777553400,XRP,True,False,False,9.80392,9.80392,0,0,0,0,0,0,,,0,0.0000,0,False,breadth
2115478,ethereum-up-or-down-may-1-2026-9am-et,ETH,True,False,False,6903.437818999998,6903.437818999997,0,0,0,0,0,0,,,0,0.0000,0,False,breadth
2115565,eth-updown-5m-1777553700,ETH,True,False,False,999.282242,994.6526140000001,0,0,0,0,0,0,,,0,0.0000,0,False,breadth
2115574,xrp-updown-5m-1777554000,XRP,True,False,False,9.0,9.0,0,0,0,0,0,0,,,0,0.0000,0,False,breadth
2115580,btc-updown-15m-1777554000,BTC,True,False,False,7.352938,7.352938,0,0,0,0,0,0,,,0,0.0000,0,False,breadth
2115581,eth-updown-15m-1777554000,ETH,True,False,False,81.94584,81.94583999999999,0,0,0,0,0,0,,,0,0.0000,0,False,breadth
2115617,xrp-updown-5m-1777554300,XRP,True,False,False,6.057691,6.057691,0,0,0,0,0,0,,,0,0.0000,0,False,breadth
2115623,btc-updown-5m-1777554600,BTC,True,False,False,63.720783,63.720783,0,0,0,0,0,0,,,0,0.0000,0,False,breadth
2115639,xrp-updown-5m-1777554900,XRP,True,False,False,6.057691,6.057691,0,0,0,0,0,0,,,0,0.0000,0,False,breadth
2115827,btc-updown-15m-1777557600,BTC,True,False,False,60.0,60.0,0,0,0,0,0,0,,,0,0.0000,0,False,breadth
2116105,bitcoin-above-75600-on-april-29-2026-12pm-et,BTC,True,False,False,871.4199909999999,871.4199909999999,0,0,0,0,0,0,,,0,0.0000,0,False,breadth
2116106,bitcoin-above-76000-on-april-29-2026-12pm-et,BTC,True,False,False,568.8012369999999,568.8012369999999,0,0,0,0,0,0,,,0,0.0000,0,False,breadth
2116213,bitcoin-up-or-down-may-1-2026-11am-et,BTC,True,False,False,60.0,60.0,0,0,0,0,0,0,,,0,0.0000,0,False,breadth
2116250,btc-updown-5m-1777560900,BTC,True,False,False,78.96078,78.96078,0,0,0,0,0,0,,,0,0.0000,0,False,breadth
2116448,btc-updown-15m-1777563000,BTC,True,False,False,59.0,59.0,0,0,0,0,0,0,,,0,0.0000,0,False,breadth
2116474,ethereum-above-2295-on-april-29-2026-1pm-et,ETH,True,False,False,54.002,54.002,0,0,0,0,0,0,,,0,0.0000,0,False,breadth
2116581,will-the-price-of-bitcoin-be-less-than-66000-on-may-6,BTC,True,False,False,5665.394,5665.394,0,0,0,0,0,0,,,0,0.0000,0,False,breadth
2116585,will-the-price-of-bitcoin-be-between-68000-70000-on-may-6,BTC,True,False,False,78.063412,78.063412,0,0,0,0,0,0,,,0,0.0000,0,False,breadth
2116586,ethereum-above-1800-on-may-6,ETH,True,False,False,0.0,803.361332,0,0,0,0,0,0,,,0,0.0000,0,False,breadth
2116587,will-the-price-of-bitcoin-be-between-70000-72000-on-may-6,BTC,True,False,False,6866.695050999998,6866.695050999999,0,0,0,0,0,0,,,0,0.0000,0,False,breadth
2116588,will-the-price-of-bitcoin-be-between-72000-74000-on-may-6,BTC,True,False,False,6126.589999999999,6126.589999999999,0,0,0,0,0,0,,,0,0.0000,0,False,breadth
2116589,ethereum-above-1900-on-may-6,ETH,True,False,False,0.0,600.0,0,0,0,0,0,0,,,0,0.0000,0,False,breadth
2116591,will-the-price-of-bitcoin-be-between-74000-76000-on-may-6,BTC,True,False,False,7262.576646,7262.5766459999995,0,0,0,0,0,0,,,0,0.0000,0,False,breadth
2116593,will-the-price-of-bitcoin-be-between-76000-78000-on-may-6,BTC,True,False,False,7061.230466999999,7061.230466999999,0,0,0,0,0,0,,,0,0.0000,0,False,breadth
2116594,ethereum-above-2100-on-may-6,ETH,True,False,False,86.206696,86.206696,0,0,0,0,0,0,,,0,0.0000,0,False,breadth
2116595,will-the-price-of-bitcoin-be-between-78000-80000-on-may-6,BTC,True,False,False,876.1613629999978,876.1613629999994,0,0,0,0,0,0,,,0,0.0000,0,False,breadth
2116596,ethereum-above-2200-on-may-6,ETH,True,False,False,8474.608044,8474.608044,0,0,0,0,0,0,,,0,0.0000,0,False,breadth
2116597,will-the-price-of-bitcoin-be-between-80000-82000-on-may-6,BTC,True,False,False,902.742131,902.7421310000001,0,0,0,0,0,0,,,0,0.0000,0,False,breadth
2116599,ethereum-above-2300-on-may-6,ETH,True,False,False,63779.08854800003,63779.08854799998,0,0,0,0,0,0,,,0,0.0000,0,False,breadth
2116600,will-the-price-of-bitcoin-be-between-82000-84000-on-may-6,BTC,True,False,False,8109.702955999999,8109.702955999999,0,0,0,0,0,0,,,0,0.0000,0,False,breadth
2116601,ethereum-above-2400-on-may-6,ETH,True,False,False,90243.44070399998,90243.44070400007,0,0,0,0,0,0,,,0,0.0000,0,False,breadth
2116602,will-the-price-of-bitcoin-be-greater-than-84000-on-may-6,BTC,True,False,False,6663.327266999999,6663.327266999998,0,0,0,0,0,0,,,0,0.0000,0,False,breadth
2116603,ethereum-above-2500-on-may-6,ETH,True,False,False,67606.727788,67606.72778799999,0,0,0,0,0,0,,,0,0.0000,0,False,breadth
2116604,ethereum-above-2600-on-may-6,ETH,True,False,False,79452.90850900004,79452.90850900003,0,0,0,0,0,0,,,0,0.0000,0,False,breadth
2116606,ethereum-above-2800-on-may-6,ETH,True,False,False,9577.189,9577.189,0,0,0,0,0,0,,,0,0.0000,0,False,breadth
2116611,ethereum-up-or-down-on-may-1-2026,ETH,True,False,False,51539.71898400001,51539.71898399999,0,0,0,0,0,0,,,0,0.0000,0,False,breadth
2116613,will-the-price-of-ethereum-be-less-than-1800-on-may-6,ETH,True,False,False,0.0,779.49,0,0,0,0,0,0,,,0,0.0000,0,False,breadth
2116617,will-the-price-of-ethereum-be-between-2000-2100-on-may-6,ETH,True,False,False,8181.351801999998,8181.351801999999,0,0,0,0,0,0,,,0,0.0000,0,False,breadth
2116618,bitcoin-above-66k-on-may-6,BTC,True,False,False,859.9839860000001,859.9839860000001,0,0,0,0,0,0,,,0,0.0000,0,False,breadth
2116619,will-the-price-of-ethereum-be-between-2100-2200-on-may-6,ETH,True,False,False,69005.55146300004,69005.55146300004,0,0,0,0,0,0,,,0,0.0000,0,False,breadth
2116620,bitcoin-above-68k-on-may-6,BTC,True,False,False,5667.7785650000005,5667.778564999999,0,0,0,0,0,0,,,0,0.0000,0,False,breadth
2116621,will-the-price-of-ethereum-be-between-2200-2300-on-may-6,ETH,True,False,False,8.0,8.0,0,0,0,0,0,0,,,0,0.0000,0,False,breadth
2116622,bitcoin-above-70k-on-may-6,BTC,True,False,False,8658.501168999997,8658.501169,0,0,0,0,0,0,,,0,0.0000,0,False,breadth
2116623,will-the-price-of-ethereum-be-between-2300-2400-on-may-6,ETH,True,False,False,62.549533,62.549533,0,0,0,0,0,0,,,0,0.0000,0,False,breadth
2116624,bitcoin-above-72k-on-may-6,BTC,True,False,False,74644.88987000003,74644.88986999998,0,0,0,0,0,0,,,0,0.0000,0,False,breadth
2116626,bitcoin-above-74k-on-may-6,BTC,True,False,False,76530.61964900003,76530.61964899994,0,0,0,0,0,0,,,0,0.0000,0,False,breadth
2116627,will-the-price-of-ethereum-be-between-2500-2600-on-may-6,ETH,True,False,False,6.01,6.01,0,0,0,0,0,0,,,0,0.0000,0,False,breadth
2116629,bitcoin-above-76k-on-may-6,BTC,True,False,False,57409.35589400001,57409.355893999986,0,0,0,0,0,0,,,0,0.0000,0,False,breadth
2116632,bitcoin-above-78k-on-may-6,BTC,True,False,False,864.97039,864.9703900000001,0,0,0,0,0,0,,,0,0.0000,0,False,breadth
2116633,bitcoin-above-80k-on-may-6,BTC,True,False,False,7997.149539999998,7997.14954000001,0,0,0,0,0,0,,,0,0.0000,0,False,breadth
2116634,bitcoin-above-82k-on-may-6,BTC,True,False,False,6661.440865999999,6661.440866,0,0,0,0,0,0,,,0,0.0000,0,False,breadth
2116635,bitcoin-above-84k-on-may-6,BTC,True,False,False,746.9723950000001,746.9723950000001,0,0,0,0,0,0,,,0,0.0000,0,False,breadth
2116636,bitcoin-above-86k-on-may-6,BTC,True,False,False,83113.99887100002,83113.998871,0,0,0,0,0,0,,,0,0.0000,0,False,breadth
2116640,solana-up-or-down-on-may-1-2026,SOL,True,False,False,734.9683989999997,734.9683990000001,0,0,0,0,0,0,,,0,0.0000,0,False,breadth
2116643,will-the-price-of-solana-be-less-than-40-on-may-6,SOL,True,False,False,647.09,647.09,0,0,0,0,0,0,,,0,0.0000,0,False,breadth
2116645,will-the-price-of-solana-be-between-40-50-on-may-6,SOL,True,False,False,582.59,582.59,0,0,0,0,0,0,,,0,0.0000,0,False,breadth
2116646,will-the-price-of-solana-be-between-50-60-on-may-6,SOL,True,False,False,0.0,565.0,0,0,0,0,0,0,,,0,0.0000,0,False,breadth
2116647,solana-above-30-on-may-6,SOL,True,False,False,0.0,580.062875,0,0,0,0,0,0,,,0,0.0000,0,False,breadth
2116648,will-the-price-of-solana-be-between-60-70-on-may-6,SOL,True,False,False,811.32325,811.32325,0,0,0,0,0,0,,,0,0.0000,0,False,breadth
2116649,solana-above-40-on-may-6,SOL,True,False,False,0.0,823.7503999999999,0,0,0,0,0,0,,,0,0.0000,0,False,breadth
2116650,will-the-price-of-solana-be-between-70-80-on-may-6,SOL,True,False,False,665.0,665.0,0,0,0,0,0,0,,,0,0.0000,0,False,breadth
2116652,will-the-price-of-solana-be-between-80-90-on-may-6,SOL,True,False,False,944.4426080000001,944.442608,0,0,0,0,0,0,,,0,0.0000,0,False,breadth
2116653,solana-above-50-on-may-6,SOL,True,False,False,95.10075,95.10075,0,0,0,0,0,0,,,0,0.0000,0,False,breadth
2116655,solana-above-60-on-may-6,SOL,True,False,False,0.0,600.0,0,0,0,0,0,0,,,0,0.0000,0,False,breadth
2116656,will-the-price-of-solana-be-between-100-110-on-may-6,SOL,True,False,False,781.462,781.462,0,0,0,0,0,0,,,0,0.0000,0,False,breadth
2116658,will-the-price-of-solana-be-between-110-120-on-may-6,SOL,True,False,False,791.828,791.8280000000001,0,0,0,0,0,0,,,0,0.0000,0,False,breadth
2116659,solana-above-80-on-may-6,SOL,True,False,False,542.4250509999999,542.4250509999999,0,0,0,0,0,0,,,0,0.0000,0,False,breadth
2116660,will-the-price-of-solana-be-between-120-130-on-may-6,SOL,True,False,False,586.0660000000001,586.0660000000001,0,0,0,0,0,0,,,0,0.0000,0,False,breadth
2116661,solana-above-90-on-may-6,SOL,True,False,False,0.0,9.090908,0,0,0,0,0,0,,,0,0.0000,0,False,breadth
2116662,will-the-price-of-solana-be-greater-than-130-on-may-6,SOL,True,False,False,664.08,664.08,0,0,0,0,0,0,,,0,0.0000,0,False,breadth
2116663,solana-above-100-on-may-6,SOL,True,False,False,659.149666,659.149666,0,0,0,0,0,0,,,0,0.0000,0,False,breadth
2116664,xrp-up-or-down-on-may-1-2026,XRP,True,False,False,66.0,66.0,0,0,0,0,0,0,,,0,0.0000,0,False,breadth
2116666,solana-above-110-on-may-6,SOL,True,False,False,0.0,746.28,0,0,0,0,0,0,,,0,0.0000,0,False,breadth
2116667,solana-above-120-on-may-6,SOL,True,False,False,837.960666,837.960666,0,0,0,0,0,0,,,0,0.0000,0,False,breadth
2116669,solana-above-130-on-may-6,SOL,True,False,False,936.0895,936.0895,0,0,0,0,0,0,,,0,0.0000,0,False,breadth
2116677,will-the-price-of-xrp-be-between-0pt90-1pt00-on-may-6,XRP,True,False,False,550.9200000000001,550.9200000000001,0,0,0,0,0,0,,,0,0.0000,0,False,breadth
2116678,will-the-price-of-xrp-be-between-1pt00-1pt10-on-may-6,XRP,True,False,False,0.0,52.6,0,0,0,0,0,0,,,0,0.0000,0,False,breadth
2116680,xrp-above-0pt9-on-may-6,XRP,True,False,False,0.0,727.3356999999999,0,0,0,0,0,0,,,0,0.0000,0,False,breadth
2116681,will-the-price-of-xrp-be-between-1pt10-1pt20-on-may-6,XRP,True,False,False,795.4434,795.4433999999998,0,0,0,0,0,0,,,0,0.0000,0,False,breadth
2116683,will-the-price-of-xrp-be-between-1pt20-1pt30-on-may-6,XRP,True,False,False,948.4534999999998,948.4534999999998,0,0,0,0,0,0,,,0,0.0000,0,False,breadth
2116684,will-the-price-of-xrp-be-between-1pt30-1pt40-on-may-6,XRP,True,False,False,681.215238,681.215238,0,0,0,0,0,0,,,0,0.0000,0,False,breadth
2116685,xrp-above-1pt1-on-may-6,XRP,True,False,False,684.585713,684.585713,0,0,0,0,0,0,,,0,0.0000,0,False,breadth
2116688,will-the-price-of-xrp-be-between-1pt50-1pt60-on-may-6,XRP,True,False,False,984.218188,984.2181880000002,0,0,0,0,0,0,,,0,0.0000,0,False,breadth
2116689,xrp-above-1pt3-on-may-6,XRP,True,False,False,96.73173700000001,96.73173700000001,0,0,0,0,0,0,,,0,0.0000,0,False,breadth
2116693,xrp-above-1pt5-on-may-6,XRP,True,False,False,960.6553,960.6552999999998,0,0,0,0,0,0,,,0,0.0000,0,False,breadth
2116694,will-the-price-of-xrp-be-greater-than-1pt80-on-may-6,XRP,True,False,False,86.152,86.152,0,0,0,0,0,0,,,0,0.0000,0,False,breadth
2116695,xrp-above-1pt6-on-may-6,XRP,True,False,False,823.99,823.99,0,0,0,0,0,0,,,0,0.0000,0,False,breadth
2116697,xrp-above-1pt7-on-may-6,XRP,True,False,False,720.0,720.0,0,0,0,0,0,0,,,0,0.0000,0,False,breadth
2116698,xrp-above-1pt8-on-may-6,XRP,True,False,False,546.662333,546.662333,0,0,0,0,0,0,,,0,0.0000,0,False,breadth
2116699,xrp-above-1pt9-on-may-6,XRP,True,False,False,502.41,502.41,0,0,0,0,0,0,,,0,0.0000,0,False,breadth
2116782,btc-updown-4h-1777564800,BTC,True,False,False,58.098407,58.098406999999995,0,0,0,0,0,0,,,0,0.0000,0,False,breadth
2116904,eth-updown-5m-1777566300,ETH,True,False,False,5.882351,5.882351,0,0,0,0,0,0,,,0,0.0000,0,False,breadth
2116927,eth-updown-5m-1777566600,ETH,True,False,False,5.882351,5.882351,0,0,0,0,0,0,,,0,0.0000,0,False,breadth
2116933,bitcoin-above-76200-on-april-29-2026-2pm-et,BTC,True,False,False,88.216215,88.216215,0,0,0,0,0,0,,,0,0.0000,0,False,breadth
2117029,btc-updown-5m-1777567800,BTC,True,False,False,9.0,9.0,0,0,0,0,0,0,,,0,0.0000,0,False,breadth
2117035,bitcoin-up-or-down-may-1-2026-1pm-et,BTC,True,False,False,0.0,51.999994,0,0,0,0,0,0,,,0,0.0000,0,False,breadth
2117079,eth-updown-5m-1777568400,ETH,True,False,False,5.882351,5.882351,0,0,0,0,0,0,,,0,0.0000,0,False,breadth
2117134,sol-updown-5m-1777569300,SOL,True,False,False,5.882351,5.882351,0,0,0,0,0,0,,,0,0.0000,0,False,breadth
2117139,eth-updown-5m-1777569300,ETH,True,False,False,5.882351,5.882351,0,0,0,0,0,0,,,0,0.0000,0,False,breadth
2117206,btc-updown-5m-1777569900,BTC,True,False,False,5.882351,5.882351,0,0,0,0,0,0,,,0,0.0000,0,False,breadth
2117249,ethereum-above-2260-on-april-29-2026-3pm-et,ETH,True,False,False,67.1702,67.1702,0,0,0,0,0,0,,,0,0.0000,0,False,breadth
2117397,btc-updown-5m-1777571100,BTC,True,False,False,9.0,9.0,0,0,0,0,0,0,,,0,0.0000,0,False,breadth
2118197,btc-updown-15m-1777572900,BTC,True,False,False,9.80392,9.80392,0,0,0,0,0,0,,,0,0.0000,0,False,breadth
2118318,btc-updown-5m-1777575000,BTC,True,False,False,9.72,9.72,0,0,0,0,0,0,,,0,0.0000,0,False,breadth
2118359,xrp-up-or-down-may-1-2026-3pm-et,XRP,True,False,False,7.843136,7.843136,0,0,0,0,0,0,,,0,0.0000,0,False,breadth
2118699,btc-updown-5m-1777578000,BTC,True,False,False,633.743858,633.743858,0,0,0,0,0,0,,,0,0.0000,0,False,breadth
2119143,sol-updown-5m-1777582800,SOL,True,False,False,7.8415669999999995,7.8415669999999995,0,0,0,0,0,0,,,0,0.0000,0,False,breadth
2119214,eth-updown-15m-1777583700,ETH,True,False,False,9.80392,9.80392,0,0,0,0,0,0,,,0,0.0000,0,False,breadth
2119220,btc-updown-15m-1777583700,BTC,True,False,False,5.882351,5.882351,0,0,0,0,0,0,,,0,0.0000,0,False,breadth
2119224,eth-updown-5m-1777583700,ETH,True,False,False,9.80392,9.80392,0,0,0,0,0,0,,,0,0.0000,0,False,breadth
2119266,will-megaeth-perform-an-airdrop-by-december-31-2026,ETH,True,False,False,79.04427600000001,79.04427600000001,0,0,0,0,0,0,,,0,0.0000,0,False,breadth
2119708,btc-updown-5m-1777589100,BTC,True,False,False,5.882351,5.882351,0,0,0,0,0,0,,,0,0.0000,0,False,breadth
2121866,btc-updown-5m-1777605600,BTC,True,False,False,93.40392,93.40392,0,0,0,0,0,0,,,0,0.0000,0,False,breadth
2122001,will-bitcoin-reach-83k-on-april-30,BTC,True,False,False,586.822,586.822,0,0,0,0,0,0,,,0,0.0000,0,False,breadth
2122008,will-bitcoin-reach-79k-on-april-30,BTC,True,False,False,7037.448650999999,7026.648651,0,0,0,0,0,0,,,0,0.0000,0,False,breadth
2122025,will-bitcoin-dip-to-69k-on-april-30,BTC,True,False,False,589.4101,589.4101,0,0,0,0,0,0,,,0,0.0000,0,False,breadth
2122048,will-ethereum-reach-2450-on-april-30,ETH,True,False,False,935.9798,935.9798,0,0,0,0,0,0,,,0,0.0000,0,False,breadth
2122050,will-ethereum-reach-2350-on-april-30,ETH,True,False,False,800.710673,800.710673,0,0,0,0,0,0,,,0,0.0000,0,False,breadth
2122053,will-ethereum-dip-to-2200-on-april-30,ETH,True,False,False,788.681793,788.681793,0,0,0,0,0,0,,,0,0.0000,0,False,breadth
2122056,will-ethereum-dip-to-2050-on-april-30,ETH,True,False,False,5740.0,5740.0,0,0,0,0,0,0,,,0,0.0000,0,False,breadth
2122060,will-ethereum-dip-to-1950-on-april-30,ETH,True,False,False,5951.924,5951.924,0,0,0,0,0,0,,,0,0.0000,0,False,breadth
2122700,btc-updown-4h-1777608000,BTC,True,False,False,6631.494758000002,6631.494758,0,0,0,0,0,0,,,0,0.0000,0,False,breadth
2122709,xrp-updown-4h-1777608000,XRP,True,False,False,653.3652259999999,653.365226,0,0,0,0,0,0,,,0,0.0000,0,False,breadth
2122720,eth-updown-4h-1777608000,ETH,True,False,False,917.176502,917.1765020000001,0,0,0,0,0,0,,,0,0.0000,0,False,breadth
2123421,xrp-updown-15m-1777617900,XRP,True,False,False,929.0690709999999,929.069071,0,0,0,0,0,0,,,0,0.0000,0,False,breadth
2123422,sol-updown-5m-1777618200,SOL,True,False,False,733.0393240000001,733.0393240000001,0,0,0,0,0,0,,,0,0.0000,0,False,breadth
2123425,btc-updown-5m-1777618200,BTC,True,False,False,7.0,7.0,0,0,0,0,0,0,,,0,0.0000,0,False,breadth
2123429,bitcoin-up-or-down-may-2-2026-3am-et,BTC,True,False,False,7.485097,7.485097,0,0,0,0,0,0,,,0,0.0000,0,False,breadth
2123577,sol-updown-5m-1777618500,SOL,True,False,False,96.116581,96.116581,0,0,0,0,0,0,,,0,0.0000,0,False,breadth
2123579,xrp-updown-5m-1777618500,XRP,True,False,False,82.08803800000001,82.08803800000001,0,0,0,0,0,0,,,0,0.0000,0,False,breadth
2123585,btc-updown-15m-1777618800,BTC,True,False,False,613.54962,613.54962,0,0,0,0,0,0,,,0,0.0000,0,False,breadth
2123654,xrp-updown-5m-1777619400,XRP,True,False,False,6.07843,6.07843,0,0,0,0,0,0,,,0,0.0000,0,False,breadth
2123673,btc-updown-15m-1777619700,BTC,True,False,False,9.80392,9.80392,0,0,0,0,0,0,,,0,0.0000,0,False,breadth
2123723,btc-updown-15m-1777620600,BTC,True,False,False,9.8,9.8,0,0,0,0,0,0,,,0,0.0000,0,False,breadth
2123732,btc-updown-5m-1777620600,BTC,True,False,False,91.775873,91.775873,0,0,0,0,0,0,,,0,0.0000,0,False,breadth
2123792,bitcoin-up-or-down-may-2-2026-4am-et,BTC,True,False,False,9.80392,9.80392,0,0,0,0,0,0,,,0,0.0000,0,False,breadth
2123953,bitcoin-up-or-down-may-2-2026-5am-et,BTC,True,False,False,0.0,5.882351,0,0,0,0,0,0,,,0,0.0000,0,False,breadth
2123984,btc-updown-5m-1777626000,BTC,True,False,False,59.196077,59.196077,0,0,0,0,0,0,,,0,0.0000,0,False,breadth
2124013,btc-updown-5m-1777626600,BTC,True,False,False,59.0,59.0,0,0,0,0,0,0,,,0,0.0000,0,False,breadth
2124067,sol-updown-5m-1777627800,SOL,True,False,False,6.058822,6.058822,0,0,0,0,0,0,,,0,0.0000,0,False,breadth
2124158,btc-updown-5m-1777629300,BTC,True,False,False,64.742548,64.742548,0,0,0,0,0,0,,,0,0.0000,0,False,breadth
2124173,btc-updown-5m-1777629600,BTC,True,False,False,55.029604,55.029604,0,0,0,0,0,0,,,0,0.0000,0,False,breadth
2124263,ethereum-above-2305-on-april-30-2026-8am-et,ETH,True,False,False,559.986145,559.986145,0,0,0,0,0,0,,,0,0.0000,0,False,breadth
2124297,btc-updown-5m-1777632600,BTC,True,False,False,59.40392,59.40391999999999,0,0,0,0,0,0,,,0,0.0000,0,False,breadth
2124357,xrp-up-or-down-may-2-2026-7am-et,XRP,True,False,False,5374.760192999999,5374.760193000002,0,0,0,0,0,0,,,0,0.0000,0,False,breadth
2124555,sol-updown-5m-1777636200,SOL,True,False,False,9.80392,9.80392,0,0,0,0,0,0,,,0,0.0000,0,False,breadth
2124597,ethereum-up-or-down-may-2-2026-8am-et,ETH,True,False,False,6089.481973999999,6089.481973999996,0,0,0,0,0,0,,,0,0.0000,0,False,breadth
2124638,solana-up-or-down-may-2-2026-8am-et,SOL,True,False,False,7006.728847999999,7006.728848,0,0,0,0,0,0,,,0,0.0000,0,False,breadth
2124761,sol-updown-4h-1777636800,SOL,True,False,False,626.94019,626.9401900000001,0,0,0,0,0,0,,,0,0.0000,0,False,breadth
2124765,btc-updown-15m-1777636800,BTC,True,False,False,5.4,5.4,0,0,0,0,0,0,,,0,0.0000,0,False,breadth
2124835,eth-updown-15m-1777638600,ETH,True,False,False,8.0,8.0,0,0,0,0,0,0,,,0,0.0000,0,False,breadth
2124884,btc-updown-15m-1777639500,BTC,True,False,False,5.392155,5.392155,0,0,0,0,0,0,,,0,0.0000,0,False,breadth
2125079,btc-updown-5m-1777640700,BTC,True,False,False,9.80392,9.80392,0,0,0,0,0,0,,,0,0.0000,0,False,breadth
2125087,btc-updown-5m-1777641000,BTC,True,False,False,7.882351,7.882351,0,0,0,0,0,0,,,0,0.0000,0,False,breadth
2125102,sol-updown-15m-1777641300,SOL,True,False,False,642.0562790000001,642.056279,0,0,0,0,0,0,,,0,0.0000,0,False,breadth
2125103,xrp-updown-15m-1777641300,XRP,True,False,False,791.529674,791.5296739999997,0,0,0,0,0,0,,,0,0.0000,0,False,breadth
2125104,btc-updown-5m-1777641300,BTC,True,False,False,64.0,64.0,0,0,0,0,0,0,,,0,0.0000,0,False,breadth
2125110,xrp-updown-5m-1777641600,XRP,True,False,False,691.887692,691.8876920000001,0,0,0,0,0,0,,,0,0.0000,0,False,breadth
2125112,eth-updown-5m-1777641600,ETH,True,False,False,994.122495,994.1224949999996,0,0,0,0,0,0,,,0,0.0000,0,False,breadth
2125122,xrp-updown-5m-1777641900,XRP,True,False,False,54.15093900000001,54.15093900000001,0,0,0,0,0,0,,,0,0.0000,0,False,breadth
2125128,eth-updown-5m-1777641900,ETH,True,False,False,67.0,67.0,0,0,0,0,0,0,,,0,0.0000,0,False,breadth
2125138,xrp-updown-5m-1777642200,XRP,True,False,False,8.0,8.0,0,0,0,0,0,0,,,0,0.0000,0,False,breadth
2125187,btc-updown-5m-1777642800,BTC,True,False,False,9.88235,9.882349999999999,0,0,0,0,0,0,,,0,0.0000,0,False,breadth
2125355,eth-updown-15m-1777644000,ETH,True,False,False,51.960783,51.960783,0,0,0,0,0,0,,,0,0.0000,0,False,breadth
2125394,eth-updown-5m-1777644600,ETH,True,False,False,7.84,7.84,0,0,0,0,0,0,,,0,0.0000,0,False,breadth
2125734,btc-updown-15m-1777647600,BTC,True,False,False,54.134614,54.134614,0,0,0,0,0,0,,,0,0.0000,0,False,breadth
2125901,bitcoin-up-or-down-on-may-2-2026,BTC,True,False,False,94151.15605000005,94151.15604999976,114,112,2,28,27,28,1777651200000000000,1777737600000000000,24,1.0000,0,False,recency_repair
2125907,ethereum-above-1900-on-may-7,ETH,True,False,False,8674.9666,8674.9666,0,0,0,0,0,0,,,0,0.0000,0,False,breadth
2125908,will-the-price-of-bitcoin-be-between-68000-70000-on-may-7,BTC,True,False,False,903.0175,903.0175,0,0,0,0,0,0,,,0,0.0000,0,False,breadth
2125910,will-the-price-of-bitcoin-be-between-70000-72000-on-may-7,BTC,True,False,False,0.0,9.84,0,0,0,0,0,0,,,0,0.0000,0,False,breadth
2125911,ethereum-above-2000-on-may-7,ETH,True,False,False,571.6145,571.6145,0,0,0,0,0,0,,,0,0.0000,0,False,breadth
2125913,will-the-price-of-bitcoin-be-between-72000-74000-on-may-7,BTC,True,False,False,85.86,85.86,0,0,0,0,0,0,,,0,0.0000,0,False,breadth
2125914,ethereum-above-2100-on-may-7,ETH,True,False,False,0.0,56.869562,0,0,0,0,0,0,,,0,0.0000,0,False,breadth
2125916,will-the-price-of-bitcoin-be-between-74000-76000-on-may-7,BTC,True,False,False,914.6773810000001,914.6773810000001,0,0,0,0,0,0,,,0,0.0000,0,False,breadth
2125917,ethereum-above-2200-on-may-7,ETH,True,False,False,8504.201115000002,8504.201115,0,0,0,0,0,0,,,0,0.0000,0,False,breadth
2125920,will-the-price-of-bitcoin-be-between-76000-78000-on-may-7,BTC,True,False,False,7627.577516,7627.577516000001,0,0,0,0,0,0,,,0,0.0000,0,False,breadth
2125921,ethereum-above-2300-on-may-7,ETH,True,False,False,541.805226,541.805226,0,0,0,0,0,0,,,0,0.0000,0,False,breadth
2125923,will-the-price-of-bitcoin-be-between-78000-80000-on-may-7,BTC,True,False,False,6412.506483000001,6412.506483,0,0,0,0,0,0,,,0,0.0000,0,False,breadth
2125925,ethereum-above-2400-on-may-7,ETH,True,False,False,815.8900209999999,815.890021,0,0,0,0,0,0,,,0,0.0000,0,False,breadth
2125926,will-the-price-of-bitcoin-be-between-80000-82000-on-may-7,BTC,True,False,False,606.6691030000003,606.6691029999997,0,0,0,0,0,0,,,0,0.0000,0,False,breadth
2125929,will-the-price-of-bitcoin-be-between-82000-84000-on-may-7,BTC,True,False,False,718.903546,718.903546,0,0,0,0,0,0,,,0,0.0000,0,False,breadth
2125931,ethereum-above-2600-on-may-7,ETH,True,False,False,9774.677702,9774.677702,0,0,0,0,0,0,,,0,0.0000,0,False,breadth
2125932,will-the-price-of-bitcoin-be-between-84000-86000-on-may-7,BTC,True,False,False,76.351332,76.351332,0,0,0,0,0,0,,,0,0.0000,0,False,breadth
2125934,ethereum-above-2700-on-may-7,ETH,True,False,False,7899.824124,7899.824124,0,0,0,0,0,0,,,0,0.0000,0,False,breadth
2125935,will-the-price-of-bitcoin-be-greater-than-86000-on-may-7,BTC,True,False,False,843.884934,843.884934,0,0,0,0,0,0,,,0,0.0000,0,False,breadth
2125936,ethereum-above-2800-on-may-7,ETH,True,False,False,951.1758,951.1758,0,0,0,0,0,0,,,0,0.0000,0,False,breadth
2125945,will-the-price-of-ethereum-be-less-than-1800-on-may-7,ETH,True,False,False,0.0,85.12,0,0,0,0,0,0,,,0,0.0000,0,False,breadth
2125946,will-the-price-of-ethereum-be-between-1800-1900-on-may-7,ETH,True,False,False,603.6812,603.6812,0,0,0,0,0,0,,,0,0.0000,0,False,breadth
2125950,will-the-price-of-ethereum-be-between-2100-2200-on-may-7,ETH,True,False,False,0.0,7.0,0,0,0,0,0,0,,,0,0.0000,0,False,breadth
2125951,bitcoin-above-68k-on-may-7,BTC,True,False,False,89701.96542499999,89701.96542499996,0,0,0,0,0,0,,,0,0.0000,0,False,breadth
2125952,will-the-price-of-ethereum-be-between-2200-2300-on-may-7,ETH,True,False,False,71.605805,71.605805,0,0,0,0,0,0,,,0,0.0000,0,False,breadth
2125953,bitcoin-above-70k-on-may-7,BTC,True,False,False,9994.729359,9994.729359000006,0,0,0,0,0,0,,,0,0.0000,0,False,breadth
2125954,will-the-price-of-ethereum-be-between-2300-2400-on-may-7,ETH,True,False,False,65.84,65.84,0,0,0,0,0,0,,,0,0.0000,0,False,breadth
2125956,bitcoin-above-72k-on-may-7,BTC,True,False,False,8882.843631000002,8882.843631,0,0,0,0,0,0,,,0,0.0000,0,False,breadth
2125957,will-the-price-of-ethereum-be-between-2400-2500-on-may-7,ETH,True,False,False,583.551296,583.551296,0,0,0,0,0,0,,,0,0.0000,0,False,breadth
2125958,bitcoin-above-74k-on-may-7,BTC,True,False,False,9656.866991000003,9656.866990999997,0,0,0,0,0,0,,,0,0.0000,0,False,breadth
2125960,bitcoin-above-76k-on-may-7,BTC,True,False,False,74658.14170200002,74658.14170200012,0,0,0,0,0,0,,,0,0.0000,0,False,breadth
2125962,bitcoin-above-78k-on-may-7,BTC,True,False,False,873.7504990000001,873.7504989999994,0,0,0,0,0,0,,,0,0.0000,0,False,breadth
2125964,bitcoin-above-80k-on-may-7,BTC,True,False,False,9463.697743999965,9463.697743999981,0,0,0,0,0,0,,,0,0.0000,0,False,breadth
2125965,bitcoin-above-82k-on-may-7,BTC,True,False,False,6438.34041,6438.340409999999,0,0,0,0,0,0,,,0,0.0000,0,False,breadth
2125966,bitcoin-above-84k-on-may-7,BTC,True,False,False,6999.294936000002,6999.294936,0,0,0,0,0,0,,,0,0.0000,0,False,breadth
2125968,bitcoin-above-86k-on-may-7,BTC,True,False,False,603.9601989999999,603.9601989999999,0,0,0,0,0,0,,,0,0.0000,0,False,breadth
2125972,will-the-price-of-solana-be-less-than-40-on-may-7,SOL,True,False,False,601.0,601.0,0,0,0,0,0,0,,,0,0.0000,0,False,breadth
2125973,will-the-price-of-solana-be-between-40-50-on-may-7,SOL,True,False,False,538.469333,538.469333,0,0,0,0,0,0,,,0,0.0000,0,False,breadth
2125974,will-the-price-of-solana-be-between-50-60-on-may-7,SOL,True,False,False,885.26,885.26,0,0,0,0,0,0,,,0,0.0000,0,False,breadth
2125975,solana-above-30-on-may-7,SOL,True,False,False,635.61,635.61,0,0,0,0,0,0,,,0,0.0000,0,False,breadth
2125981,will-the-price-of-solana-be-between-80-90-on-may-7,SOL,True,False,False,60.0,60.0,0,0,0,0,0,0,,,0,0.0000,0,False,breadth
2125984,xrp-up-or-down-on-may-2-2026,XRP,True,False,False,5690.914191,5690.914191000001,0,0,0,0,0,0,,,0,0.0000,0,False,breadth
2125985,will-the-price-of-solana-be-between-100-110-on-may-7,SOL,True,False,False,819.819,819.819,0,0,0,0,0,0,,,0,0.0000,0,False,breadth
2125986,solana-above-80-on-may-7,SOL,True,False,False,809.273574,809.273574,0,0,0,0,0,0,,,0,0.0000,0,False,breadth
2125989,solana-above-90-on-may-7,SOL,True,False,False,7666.622699,7666.622699,0,0,0,0,0,0,,,0,0.0000,0,False,breadth
2125990,will-the-price-of-solana-be-between-120-130-on-may-7,SOL,True,False,False,541.1878750000001,541.1878750000001,0,0,0,0,0,0,,,0,0.0000,0,False,breadth
2125992,will-the-price-of-solana-be-greater-than-130-on-may-7,SOL,True,False,False,601.0,601.0,0,0,0,0,0,0,,,0,0.0000,0,False,breadth
2125994,solana-above-120-on-may-7,SOL,True,False,False,7015.72578,7015.72578,0,0,0,0,0,0,,,0,0.0000,0,False,breadth
2125995,solana-above-130-on-may-7,SOL,True,False,False,5345.69085,5345.69085,0,0,0,0,0,0,,,0,0.0000,0,False,breadth
2125999,will-the-price-of-xrp-be-less-than-0pt90-on-may-7,XRP,True,False,False,583.628,583.628,0,0,0,0,0,0,,,0,0.0000,0,False,breadth
2126000,will-the-price-of-xrp-be-between-0pt90-1pt00-on-may-7,XRP,True,False,False,683.998,683.998,0,0,0,0,0,0,,,0,0.0000,0,False,breadth
2126001,will-the-price-of-xrp-be-between-1pt00-1pt10-on-may-7,XRP,True,False,False,620.0,620.0,0,0,0,0,0,0,,,0,0.0000,0,False,breadth
2126003,will-the-price-of-xrp-be-between-1pt10-1pt20-on-may-7,XRP,True,False,False,619.5345,619.5345,0,0,0,0,0,0,,,0,0.0000,0,False,breadth
2126010,xrp-above-1pt3-on-may-7,XRP,True,False,False,0.0,81.1136,0,0,0,0,0,0,,,0,0.0000,0,False,breadth
2126013,will-the-price-of-xrp-be-between-1pt60-1pt70-on-may-7,XRP,True,False,False,770.91,770.9100000000001,0,0,0,0,0,0,,,0,0.0000,0,False,breadth
2126020,xrp-above-1pt9-on-may-7,XRP,True,False,False,575.9315,575.9315,0,0,0,0,0,0,,,0,0.0000,0,False,breadth
2126076,btc-updown-4h-1777651200,BTC,True,False,False,86.815388,86.815388,0,0,0,0,0,0,,,0,0.0000,0,False,breadth
2126113,btc-updown-5m-1777651500,BTC,True,False,False,73.52,73.52000000000001,0,0,0,0,0,0,,,0,0.0000,0,False,breadth
2126320,btc-updown-5m-1777653000,BTC,True,False,False,8.0,8.0,0,0,0,0,0,0,,,0,0.0000,0,False,breadth
2126324,will-the-bitcoin-volatility-index-hit-60-by-may-31,BTC,True,False,False,5.03,5.03,0,0,0,0,0,0,,,0,0.0000,0,False,breadth
2126327,will-the-bitcoin-volatility-index-dip-to-35-by-may-31,BTC,True,False,False,0.0,5.18,0,0,0,0,0,0,,,0,0.0000,0,False,breadth
2126782,eth-updown-5m-1777658100,ETH,True,False,False,9.80392,9.80392,0,0,0,0,0,0,,,0,0.0000,0,False,breadth
2128195,btc-updown-5m-1777673700,BTC,True,False,False,9.705881,9.705881,0,0,0,0,0,0,,,0,0.0000,0,False,breadth
2128676,btc-updown-5m-1777678800,BTC,True,False,False,95.366273,95.366273,0,0,0,0,0,0,,,0,0.0000,0,False,breadth
2128736,btc-updown-4h-1777680000,BTC,True,False,False,84.70587800000001,84.70587800000001,0,0,0,0,0,0,,,0,0.0000,0,False,breadth
2128738,sol-updown-4h-1777680000,SOL,True,False,False,6.35294,6.35294,0,0,0,0,0,0,,,0,0.0000,0,False,breadth
2128868,sol-updown-5m-1777683000,SOL,True,False,False,9.80392,9.80392,0,0,0,0,0,0,,,0,0.0000,0,False,breadth
2129253,eth-updown-5m-1777690500,ETH,True,False,False,6.45843,6.45843,0,0,0,0,0,0,,,0,0.0000,0,False,breadth
2129646,will-bitcoin-reach-85k-on-may-1,BTC,True,False,False,740.5997,740.5997,0,0,0,0,0,0,,,0,0.0000,0,False,breadth
2129648,will-bitcoin-reach-84k-on-may-1,BTC,True,False,False,6129.860348999999,6129.860349,0,0,0,0,0,0,,,0,0.0000,0,False,breadth
2129654,will-bitcoin-reach-81k-on-may-1,BTC,True,False,False,5328.321470000001,5328.32147,0,0,0,0,0,0,,,0,0.0000,0,False,breadth
2129658,will-bitcoin-reach-79k-on-may-1,BTC,True,False,False,774.098976,774.0989759999999,0,0,0,0,0,0,,,0,0.0000,0,False,breadth
2129665,will-bitcoin-dip-to-76k-on-may-1,BTC,True,False,False,786.5378439999998,786.5378440000003,0,0,0,0,0,0,,,0,0.0000,0,False,breadth
2129667,will-bitcoin-dip-to-75k-on-may-1,BTC,True,False,False,7214.224701000001,7214.224701000005,0,0,0,0,0,0,,,0,0.0000,0,False,breadth
2129671,will-bitcoin-dip-to-72k-on-may-1,BTC,True,False,False,917.9926,917.9926,0,0,0,0,0,0,,,0,0.0000,0,False,breadth
2129672,will-bitcoin-dip-to-71k-on-may-1,BTC,True,False,False,602.9837,602.9837,0,0,0,0,0,0,,,0,0.0000,0,False,breadth
2129673,will-bitcoin-dip-to-70k-on-may-1,BTC,True,False,False,885.498798,885.498798,0,0,0,0,0,0,,,0,0.0000,0,False,breadth
2129690,will-ethereum-reach-2400-on-may-1,ETH,True,False,False,804.8054529999999,804.805453,0,0,0,0,0,0,,,0,0.0000,0,False,breadth
2129694,will-ethereum-dip-to-2200-on-may-1,ETH,True,False,False,555.555554,555.555554,0,0,0,0,0,0,,,0,0.0000,0,False,breadth
2129695,will-ethereum-dip-to-2150-on-may-1,ETH,True,False,False,985.5144610000001,985.514461,0,0,0,0,0,0,,,0,0.0000,0,False,breadth
2129696,will-ethereum-dip-to-2100-on-may-1,ETH,True,False,False,706.1600000000001,706.1600000000001,0,0,0,0,0,0,,,0,0.0000,0,False,breadth
2129715,will-solana-reach-105-on-may-1,SOL,True,False,False,80.0,80.0,0,0,0,0,0,0,,,0,0.0000,0,False,breadth
2129716,will-solana-reach-100-on-may-1,SOL,True,False,False,819.6428,819.6428,0,0,0,0,0,0,,,0,0.0000,0,False,breadth
2129717,will-solana-reach-95-on-may-1,SOL,True,False,False,947.574,947.5740000000001,0,0,0,0,0,0,,,0,0.0000,0,False,breadth
2129720,will-solana-dip-to-80-on-may-1,SOL,True,False,False,867.0,867.0,0,0,0,0,0,0,,,0,0.0000,0,False,breadth
2129722,will-solana-dip-to-70-on-may-1,SOL,True,False,False,79.759,79.759,0,0,0,0,0,0,,,0,0.0000,0,False,breadth
2129723,will-solana-dip-to-65-on-may-1,SOL,True,False,False,84.98140000000001,84.98140000000001,0,0,0,0,0,0,,,0,0.0000,0,False,breadth
2129738,will-xrp-reach-1pt55-on-may-1,XRP,True,False,False,832.3219,832.3219,0,0,0,0,0,0,,,0,0.0000,0,False,breadth
2129740,will-xrp-reach-1pt5-on-may-1,XRP,True,False,False,70.080625,70.080625,0,0,0,0,0,0,,,0,0.0000,0,False,breadth
2129751,will-xrp-dip-to-1pt25-on-may-1,XRP,True,False,False,70.080625,70.080625,0,0,0,0,0,0,,,0,0.0000,0,False,breadth
2129752,will-xrp-dip-to-1pt2-on-may-1,XRP,True,False,False,838.7511,838.7511,0,0,0,0,0,0,,,0,0.0000,0,False,breadth
2129755,will-xrp-dip-to-1pt15-on-may-1,XRP,True,False,False,652.2,652.2,0,0,0,0,0,0,,,0,0.0000,0,False,breadth
2130544,ethereum-above-2220-on-may-1-2026-2am-et,ETH,True,False,False,606.2011,606.2011,0,0,0,0,0,0,,,0,0.0000,0,False,breadth
2130548,ethereum-above-2250-on-may-1-2026-2am-et,ETH,True,False,False,732.116,732.116,0,0,0,0,0,0,,,0,0.0000,0,False,breadth
2130726,bitcoin-above-76800-on-may-1-2026-3am-et,BTC,True,False,False,57.92572,57.92572,0,0,0,0,0,0,,,0,0.0000,0,False,breadth
2130735,ethereum-above-2255-on-may-1-2026-3am-et,ETH,True,False,False,74.99,74.99,0,0,0,0,0,0,,,0,0.0000,0,False,breadth
2130738,ethereum-above-2315-on-may-1-2026-3am-et,ETH,True,False,False,69.18,69.18,0,0,0,0,0,0,,,0,0.0000,0,False,breadth
2130821,btc-updown-5m-1777701900,BTC,True,False,False,5.326665,5.326665,0,0,0,0,0,0,,,0,0.0000,0,False,breadth
2130881,ethereum-above-2205-on-may-1-2026-4am-et,ETH,True,False,False,74.99,74.99,0,0,0,0,0,0,,,0,0.0000,0,False,breadth
2130882,ethereum-above-2220-on-may-1-2026-4am-et,ETH,True,False,False,74.99,74.99,0,0,0,0,0,0,,,0,0.0000,0,False,breadth
2130888,ethereum-above-2325-on-may-1-2026-4am-et,ETH,True,False,False,74.99,74.99,0,0,0,0,0,0,,,0,0.0000,0,False,breadth
2130889,ethereum-above-2340-on-may-1-2026-4am-et,ETH,True,False,False,74.99,74.99,0,0,0,0,0,0,,,0,0.0000,0,False,breadth
2130890,ethereum-above-2355-on-may-1-2026-4am-et,ETH,True,False,False,74.99,74.99,0,0,0,0,0,0,,,0,0.0000,0,False,breadth
2131056,btc-updown-5m-1777707000,BTC,True,False,False,9.9,9.9,0,0,0,0,0,0,,,0,0.0000,0,False,breadth
2132012,btc-updown-5m-1777720800,BTC,True,False,False,5.882351,5.882351,0,0,0,0,0,0,,,0,0.0000,0,False,breadth
2132102,bitcoin-etf-flows-on-may-5,BTC,True,False,False,6.3698619999999995,6.3698619999999995,0,0,0,0,0,0,,,0,0.0000,0,False,breadth
2132122,ethereum-etf-flows-on-may-5,ETH,True,False,False,8.474575,8.474575,0,0,0,0,0,0,,,0,0.0000,0,False,breadth
2132226,eth-updown-4h-1777723200,ETH,True,False,False,972.426867,972.4268670000001,0,0,0,0,0,0,,,0,0.0000,0,False,breadth
2132344,btc-updown-5m-1777724700,BTC,True,False,False,5.882351,5.882351,0,0,0,0,0,0,,,0,0.0000,0,False,breadth
2132367,bitcoin-above-78800-on-may-1-2026-10am-et,BTC,True,False,False,93.60649000000001,93.60649000000001,0,0,0,0,0,0,,,0,0.0000,0,False,breadth
2132369,bitcoin-above-79600-on-may-1-2026-10am-et,BTC,True,False,False,69.99,69.99,0,0,0,0,0,0,,,0,0.0000,0,False,breadth
2132371,ethereum-above-2230-on-may-1-2026-10am-et,ETH,True,False,False,79.99,79.99,0,0,0,0,0,0,,,0,0.0000,0,False,breadth
2132372,ethereum-above-2245-on-may-1-2026-10am-et,ETH,True,False,False,79.99,79.99,0,0,0,0,0,0,,,0,0.0000,0,False,breadth
2132378,ethereum-above-2350-on-may-1-2026-10am-et,ETH,True,False,False,69.99,69.99,0,0,0,0,0,0,,,0,0.0000,0,False,breadth
2132379,ethereum-above-2365-on-may-1-2026-10am-et,ETH,True,False,False,79.99,79.99,0,0,0,0,0,0,,,0,0.0000,0,False,breadth
2132410,sol-updown-15m-1777725900,SOL,True,False,False,845.691378,845.6913779999998,0,0,0,0,0,0,,,0,0.0000,0,False,breadth
2132425,bitcoin-up-or-down-may-3-2026-9am-et,BTC,True,False,False,9282.164544000007,9282.164544000017,0,0,0,0,0,0,,,0,0.0000,0,False,breadth
2132462,solana-up-or-down-may-3-2026-9am-et,SOL,True,False,False,579.2506490000001,579.2506490000001,0,0,0,0,0,0,,,0,0.0000,0,False,breadth
2132530,xrp-updown-5m-1777726500,XRP,True,False,False,575.877523,575.877523,0,0,0,0,0,0,,,0,0.0000,0,False,breadth
2132535,btc-updown-5m-1777726500,BTC,True,False,False,9141.374062000006,9127.088350000005,0,0,0,0,0,0,,,0,0.0000,0,False,breadth
2132541,eth-updown-5m-1777726800,ETH,True,False,False,9.843136,7.843136,0,0,0,0,0,0,,,0,0.0000,0,False,breadth
2132549,eth-updown-15m-1777726800,ETH,True,False,False,79.0,79.0,0,0,0,0,0,0,,,0,0.0000,0,False,breadth
2132768,will-bitcoin-reach-150k-in-may-2026,BTC,True,False,False,903337.2194549993,903337.2194550002,30,30,0,14,14,14,1777680000000000000,1777964400000000000,79,0.1750,66,True,depth
2132770,will-bitcoin-reach-115k-in-may-2026,BTC,True,False,False,82483.20115299999,82483.201153,0,0,0,0,0,0,,,0,0.0000,0,False,breadth
2132771,will-bitcoin-reach-110k-in-may-2026,BTC,True,False,False,90611.01625799997,90611.01625800003,0,0,0,0,0,0,,,0,0.0000,0,False,breadth
2132772,will-bitcoin-reach-105k-in-may-2026,BTC,True,False,False,65343.38713699999,65343.387137000005,0,0,0,0,0,0,,,0,0.0000,0,False,breadth
2132773,will-bitcoin-reach-100k-in-may-2026,BTC,True,False,False,69397.27708600002,69397.27708599999,0,0,0,0,0,0,,,0,0.0000,0,False,breadth
2132774,will-bitcoin-reach-95k-in-may-2026,BTC,True,False,False,69895.62427999996,69895.62427999999,0,0,0,0,0,0,,,0,0.0000,0,False,breadth
2132775,will-bitcoin-reach-90k-in-may-2026,BTC,True,False,False,71881.10416200008,71881.10416200005,0,0,0,0,0,0,,,0,0.0000,0,False,breadth
2132776,will-bitcoin-reach-85k-in-may-2026,BTC,True,False,False,538542.650536,538542.6505359996,19,18,1,12,12,12,1777665600000000000,1777892400000000000,63,0.1875,52,False,depth
2132777,will-bitcoin-reach-80k-in-may-2026,BTC,True,False,False,55943.57779999996,55943.577799999766,0,0,0,0,0,0,,,0,0.0000,0,False,breadth
2132778,will-bitcoin-dip-to-75k-in-may-2026,BTC,True,False,False,96760.29256199996,96760.29256199996,20,20,0,10,10,10,1777701600000000000,1777957200000000000,71,0.1389,62,True,depth
2132779,will-bitcoin-dip-to-70k-in-may-2026,BTC,True,False,False,93604.42913400002,93604.42913399999,163,163,0,29,29,29,1777651200000000000,1777928400000000000,77,0.3718,49,True,continuity_repair
2132780,will-bitcoin-dip-to-65k-in-may-2026,BTC,True,False,False,560160.7359059998,560160.7359060006,0,0,0,0,0,0,,,0,0.0000,0,False,breadth
2132782,will-bitcoin-dip-to-55k-in-may-2026,BTC,True,False,False,84822.25560400002,84822.25560399999,9,8,1,5,5,5,1777651200000000000,1777690800000000000,11,0.4167,7,False,depth
2132783,will-bitcoin-dip-to-50k-in-may-2026,BTC,True,False,False,76607.146136,76607.14613600001,0,0,0,0,0,0,,,0,0.0000,0,False,breadth
2132784,will-bitcoin-dip-to-45k-in-may-2026,BTC,True,False,False,82191.78773099999,82191.78773099999,0,0,0,0,0,0,,,0,0.0000,0,False,breadth
2132785,will-bitcoin-dip-to-40k-in-may-2026,BTC,True,False,False,85495.485772,85495.48577200007,0,0,0,0,0,0,,,0,0.0000,0,False,breadth
2132788,will-ethereum-reach-5000-in-may-2026,ETH,True,False,False,88762.34963800003,88762.34963799999,27,27,0,11,11,11,1777737600000000000,1777986000000000000,69,0.1571,59,True,depth
2132790,will-ethereum-reach-3800-in-may-2026,ETH,True,False,False,8702.870799,8702.870798999998,0,0,0,0,0,0,,,0,0.0000,0,False,breadth
2132791,will-ethereum-reach-3600-in-may-2026,ETH,True,False,False,5887.372124,5887.372124,0,0,0,0,0,0,,,0,0.0000,0,False,breadth
2132794,will-ethereum-reach-3000-in-may-2026,ETH,True,False,False,88920.743441,88920.74344100001,0,0,0,0,0,0,,,0,0.0000,0,False,breadth
2132795,will-ethereum-reach-2800-in-may-2026,ETH,True,False,False,96634.36269599998,96634.36269600004,18,18,0,7,7,7,1777734000000000000,1777986000000000000,70,0.0986,64,True,depth
2132796,will-ethereum-reach-2600-in-may-2026,ETH,True,False,False,80384.82421999995,80384.82421999997,0,0,0,0,0,0,,,0,0.0000,0,False,breadth
2132797,will-ethereum-reach-2400-in-may-2026,ETH,True,False,False,78471.93030099996,78471.93030099999,0,0,0,0,0,0,,,0,0.0000,0,False,breadth
2132799,will-ethereum-dip-to-2000-in-may-2026,ETH,True,False,False,80422.828699,80422.82869899999,0,0,0,0,0,0,,,0,0.0000,0,False,breadth
2132800,will-ethereum-dip-to-1800-in-may-2026,ETH,True,False,False,70798.8981,70798.89809999993,0,0,0,0,0,0,,,0,0.0000,0,False,breadth
2132801,will-ethereum-dip-to-1600-in-may-2026,ETH,True,False,False,972.97191,972.97191,0,0,0,0,0,0,,,0,0.0000,0,False,breadth
2132803,will-ethereum-dip-to-1200-in-may-2026,ETH,True,False,False,9664.645579,9664.645579000002,0,0,0,0,0,0,,,0,0.0000,0,False,breadth
2132804,will-ethereum-dip-to-1000-in-may-2026,ETH,True,False,False,9347.310087,9347.310087,0,0,0,0,0,0,,,0,0.0000,0,False,breadth
2132807,will-ethereum-dip-to-400-in-may-2026,ETH,True,False,False,6795.798333000002,6795.798333000002,0,0,0,0,0,0,,,0,0.0000,0,False,breadth
2132809,will-solana-reach-160-in-may-2026,SOL,True,False,False,7208.210432000002,7208.210432000001,0,0,0,0,0,0,,,0,0.0000,0,False,breadth
2132810,will-solana-reach-150-in-may-2026,SOL,True,False,False,793.4146660000001,793.4146660000001,0,0,0,0,0,0,,,0,0.0000,0,False,breadth
2132811,will-solana-reach-140-in-may-2026,SOL,True,False,False,666.882956,666.882956,0,0,0,0,0,0,,,0,0.0000,0,False,breadth
2132814,will-solana-reach-110-in-may-2026,SOL,True,False,False,8966.495164,8966.495164,0,0,0,0,0,0,,,0,0.0000,0,False,breadth
2132815,will-solana-reach-100-in-may-2026,SOL,True,False,False,8028.601489999999,8028.601490000001,0,0,0,0,0,0,,,0,0.0000,0,False,breadth
2132816,will-solana-reach-90-in-may-2026,SOL,True,False,False,8963.824292,8963.824291999998,0,0,0,0,0,0,,,0,0.0000,0,False,breadth
2132818,will-solana-dip-to-70-in-may-2026,SOL,True,False,False,5941.907202,5941.907202000001,0,0,0,0,0,0,,,0,0.0000,0,False,breadth
2132819,will-solana-dip-to-60-in-may-2026,SOL,True,False,False,6769.648841999999,6769.648841999999,0,0,0,0,0,0,,,0,0.0000,0,False,breadth
2132821,will-solana-dip-to-40-in-may-2026,SOL,True,False,False,7057.952042000002,7057.952042000001,0,0,0,0,0,0,,,0,0.0000,0,False,breadth
2132822,will-solana-dip-to-30-in-may-2026,SOL,True,False,False,76.596333,76.596333,0,0,0,0,0,0,,,0,0.0000,0,False,breadth
2132823,will-solana-dip-to-20-in-may-2026,SOL,True,False,False,7021.634132,7021.634131999999,0,0,0,0,0,0,,,0,0.0000,0,False,breadth
2132826,will-xrp-reach-2pt8-in-may-2026,XRP,True,False,False,60.035222,60.035222,0,0,0,0,0,0,,,0,0.0000,0,False,breadth
2132827,will-xrp-reach-2pt6-in-may-2026,XRP,True,False,False,90.0705,90.0705,0,0,0,0,0,0,,,0,0.0000,0,False,breadth
2132828,will-xrp-reach-2pt4-in-may-2026,XRP,True,False,False,84.91404399999999,84.914044,0,0,0,0,0,0,,,0,0.0000,0,False,breadth
2132830,will-xrp-reach-2-in-may-2026,XRP,True,False,False,9516.397112999995,9516.397112999995,0,0,0,0,0,0,,,0,0.0000,0,False,breadth
2132831,will-xrp-reach-1pt8-in-may-2026,XRP,True,False,False,7446.609424000001,7446.609424000004,0,0,0,0,0,0,,,0,0.0000,0,False,breadth
2132832,will-xrp-reach-1pt6-in-may-2026,XRP,True,False,False,7702.813375999999,7702.813375999999,0,0,0,0,0,0,,,0,0.0000,0,False,breadth
2132834,will-xrp-dip-to-1pt2-in-may-2026,XRP,True,False,False,6238.6618450000005,6238.6618450000005,0,0,0,0,0,0,,,0,0.0000,0,False,breadth
2132835,will-xrp-dip-to-1-in-may-2026,XRP,True,False,False,9562.135982000002,9562.135982,0,0,0,0,0,0,,,0,0.0000,0,False,breadth
2132838,will-xrp-dip-to-0pt4-in-may-2026,XRP,True,False,False,62.081,62.081,0,0,0,0,0,0,,,0,0.0000,0,False,breadth
2132839,will-xrp-dip-to-0pt2-in-may-2026,XRP,True,False,False,70.0,70.0,0,0,0,0,0,0,,,0,0.0000,0,False,breadth
2132860,will-ethena-reach-0pt28-in-may,ETH,True,False,False,6.01,6.01,0,0,0,0,0,0,,,0,0.0000,0,False,breadth
2133266,will-the-price-of-bitcoin-be-less-than-70000-on-may-8,BTC,True,False,False,63.0401,63.0401,0,0,0,0,0,0,,,0,0.0000,0,False,breadth
2133267,ethereum-above-1800-on-may-8,ETH,True,False,False,5769.774666000001,5769.774666,0,0,0,0,0,0,,,0,0.0000,0,False,breadth
2133268,will-the-price-of-bitcoin-be-between-70000-72000-on-may-8,BTC,True,False,False,627.495579,627.4955789999999,0,0,0,0,0,0,,,0,0.0000,0,False,breadth
2133269,ethereum-above-1900-on-may-8,ETH,True,False,False,929.3429999999998,929.3429999999998,0,0,0,0,0,0,,,0,0.0000,0,False,breadth
2133270,will-the-price-of-bitcoin-be-between-72000-74000-on-may-8,BTC,True,False,False,932.108684,932.108684,0,0,0,0,0,0,,,0,0.0000,0,False,breadth
2133271,ethereum-above-2000-on-may-8,ETH,True,False,False,79.074073,79.074073,0,0,0,0,0,0,,,0,0.0000,0,False,breadth
2133272,ethereum-above-2100-on-may-8,ETH,True,False,False,9557.356423000003,9557.356423000001,0,0,0,0,0,0,,,0,0.0000,0,False,breadth
2133273,will-the-price-of-bitcoin-be-between-74000-76000-on-may-8,BTC,True,False,False,677.643801,677.6438009999999,0,0,0,0,0,0,,,0,0.0000,0,False,breadth
2133274,will-the-price-of-bitcoin-be-between-76000-78000-on-may-8,BTC,True,False,False,9526.555724999997,9526.555725000002,0,0,0,0,0,0,,,0,0.0000,0,False,breadth
2133275,ethereum-above-2200-on-may-8,ETH,True,False,False,5522.07601,5522.07601,0,0,0,0,0,0,,,0,0.0000,0,False,breadth
2133276,will-the-price-of-bitcoin-be-between-78000-80000-on-may-8,BTC,True,False,False,80.391097,80.391097,0,0,0,0,0,0,,,0,0.0000,0,False,breadth
2133279,will-the-price-of-bitcoin-be-between-80000-82000-on-may-8,BTC,True,False,False,78.657579,78.657579,0,0,0,0,0,0,,,0,0.0000,0,False,breadth
2133280,ethereum-above-2500-on-may-8,ETH,True,False,False,6488.823815,6488.8238150000025,0,0,0,0,0,0,,,0,0.0000,0,False,breadth
2133281,will-the-price-of-bitcoin-be-between-82000-84000-on-may-8,BTC,True,False,False,684.845593,684.845593,0,0,0,0,0,0,,,0,0.0000,0,False,breadth
2133282,ethereum-above-2600-on-may-8,ETH,True,False,False,564.877545,564.877545,0,0,0,0,0,0,,,0,0.0000,0,False,breadth
2133283,will-the-price-of-bitcoin-be-between-84000-86000-on-may-8,BTC,True,False,False,604.470575,604.470575,0,0,0,0,0,0,,,0,0.0000,0,False,breadth
2133295,ethereum-up-or-down-on-may-3-2026,ETH,True,False,False,65345.65341700001,65345.65341700001,0,0,0,0,0,0,,,0,0.0000,0,False,breadth
2133297,will-the-price-of-ethereum-be-less-than-1900-on-may-8,ETH,True,False,False,8.006,8.006,0,0,0,0,0,0,,,0,0.0000,0,False,breadth
2133299,bitcoin-above-68k-on-may-8,BTC,True,False,False,944.117141,944.117141,0,0,0,0,0,0,,,0,0.0000,0,False,breadth
2133303,will-the-price-of-ethereum-be-between-2200-2300-on-may-8,ETH,True,False,False,735.5,735.5,0,0,0,0,0,0,,,0,0.0000,0,False,breadth
2133305,bitcoin-above-74k-on-may-8,BTC,True,False,False,7102.282131,7102.282131,0,0,0,0,0,0,,,0,0.0000,0,False,breadth
2133306,will-the-price-of-ethereum-be-between-2300-2400-on-may-8,ETH,True,False,False,826.3201760000001,826.320176,0,0,0,0,0,0,,,0,0.0000,0,False,breadth
2133307,bitcoin-above-76k-on-may-8,BTC,True,False,False,84891.86357799996,84891.86357799999,0,0,0,0,0,0,,,0,0.0000,0,False,breadth
2133311,bitcoin-above-80k-on-may-8,BTC,True,False,False,706.8006580000002,706.8006579999997,0,0,0,0,0,0,,,0,0.0000,0,False,breadth
2133315,bitcoin-above-84k-on-may-8,BTC,True,False,False,808.777719,808.7777189999999,0,0,0,0,0,0,,,0,0.0000,0,False,breadth
2133318,bitcoin-above-88k-on-may-8,BTC,True,False,False,9721.381829,9721.381829,0,0,0,0,0,0,,,0,0.0000,0,False,breadth
2133322,will-the-price-of-solana-be-less-than-40-on-may-8,SOL,True,False,False,701.62,701.62,0,0,0,0,0,0,,,0,0.0000,0,False,breadth
2133323,will-the-price-of-solana-be-between-40-50-on-may-8,SOL,True,False,False,610.0,610.0,0,0,0,0,0,0,,,0,0.0000,0,False,breadth
2133325,xrp-up-or-down-on-may-3-2026,XRP,True,False,False,896.462926,896.462926,0,0,0,0,0,0,,,0,0.0000,0,False,breadth
2133326,will-the-price-of-solana-be-between-50-60-on-may-8,SOL,True,False,False,932.5,932.5,0,0,0,0,0,0,,,0,0.0000,0,False,breadth
2133327,solana-above-30-on-may-8,SOL,True,False,False,847.8129999999999,847.8129999999999,0,0,0,0,0,0,,,0,0.0000,0,False,breadth
2133328,will-the-price-of-solana-be-between-60-70-on-may-8,SOL,True,False,False,811.135166,811.135166,0,0,0,0,0,0,,,0,0.0000,0,False,breadth
2133331,solana-above-50-on-may-8,SOL,True,False,False,613.194,613.194,0,0,0,0,0,0,,,0,0.0000,0,False,breadth
2133332,will-the-price-of-solana-be-between-80-90-on-may-8,SOL,True,False,False,86.882346,86.882346,0,0,0,0,0,0,,,0,0.0000,0,False,breadth
2133333,will-the-price-of-solana-be-between-90-100-on-may-8,SOL,True,False,False,6.5,6.5,0,0,0,0,0,0,,,0,0.0000,0,False,breadth
2133334,solana-above-60-on-may-8,SOL,True,False,False,622.463,622.463,0,0,0,0,0,0,,,0,0.0000,0,False,breadth
2133339,will-the-price-of-solana-be-between-120-130-on-may-8,SOL,True,False,False,0.0,61.17,0,0,0,0,0,0,,,0,0.0000,0,False,breadth
2133340,solana-above-90-on-may-8,SOL,True,False,False,5600.750715000001,5600.750715000003,0,0,0,0,0,0,,,0,0.0000,0,False,breadth
2133341,will-the-price-of-solana-be-greater-than-130-on-may-8,SOL,True,False,False,792.535,792.535,0,0,0,0,0,0,,,0,0.0000,0,False,breadth
2133342,solana-above-100-on-may-8,SOL,True,False,False,547.423658,547.423658,0,0,0,0,0,0,,,0,0.0000,0,False,breadth
2133343,solana-above-110-on-may-8,SOL,True,False,False,772.3989579999999,772.3989579999999,0,0,0,0,0,0,,,0,0.0000,0,False,breadth
2133345,solana-above-130-on-may-8,SOL,True,False,False,5939.798999999999,5939.798999999999,0,0,0,0,0,0,,,0,0.0000,0,False,breadth
2133348,will-the-price-of-xrp-be-less-than-0pt90-on-may-8,XRP,True,False,False,932.0,932.0,0,0,0,0,0,0,,,0,0.0000,0,False,breadth
2133349,will-the-price-of-xrp-be-between-0pt90-1pt00-on-may-8,XRP,True,False,False,699.096,699.096,0,0,0,0,0,0,,,0,0.0000,0,False,breadth
2133362,xrp-above-1pt4-on-may-8,XRP,True,False,False,88.780335,88.78033500000001,0,0,0,0,0,0,,,0,0.0000,0,False,breadth
2133368,xrp-above-1pt7-on-may-8,XRP,True,False,False,70.080625,70.080625,0,0,0,0,0,0,,,0,0.0000,0,False,breadth
2133370,xrp-above-1pt9-on-may-8,XRP,True,False,False,798.047625,798.0476249999998,0,0,0,0,0,0,,,0,0.0000,0,False,breadth
2133393,eth-updown-4h-1777737600,ETH,True,False,False,56.997842000000006,56.997842000000006,0,0,0,0,0,0,,,0,0.0000,0,False,breadth
2133435,btc-updown-5m-1777738500,BTC,True,False,False,9.80235,9.80235,0,0,0,0,0,0,,,0,0.0000,0,False,breadth
2133628,solana-up-or-down-may-3-2026-1pm-et,SOL,True,False,False,86.274502,86.274502,0,0,0,0,0,0,,,0,0.0000,0,False,breadth
2133996,xrp-updown-15m-1777746600,XRP,True,False,False,7.8415669999999995,7.8415669999999995,0,0,0,0,0,0,,,0,0.0000,0,False,breadth
2134390,btc-updown-4h-1777752000,BTC,True,False,False,73.529409,73.529409,0,0,0,0,0,0,,,0,0.0000,0,False,breadth
2135774,btc-updown-4h-1777766400,BTC,True,False,False,67.86548400000001,67.865484,0,0,0,0,0,0,,,0,0.0000,0,False,breadth
2137028,will-ethereum-reach-2400-on-may-2,ETH,True,False,False,81.945666,81.945666,0,0,0,0,0,0,,,0,0.0000,0,False,breadth
2137034,will-ethereum-dip-to-2250-on-may-2,ETH,True,False,False,570.929396,570.929396,0,0,0,0,0,0,,,0,0.0000,0,False,breadth
2137035,will-ethereum-dip-to-2200-on-may-2,ETH,True,False,False,80.0,80.0,0,0,0,0,0,0,,,0,0.0000,0,False,breadth
2137056,will-solana-reach-95-on-may-2,SOL,True,False,False,68.0288,68.0288,0,0,0,0,0,0,,,0,0.0000,0,False,breadth
2137064,will-solana-dip-to-75-on-may-2,SOL,True,False,False,52.434900000000006,52.434900000000006,0,0,0,0,0,0,,,0,0.0000,0,False,breadth
2138836,btc-updown-15m-1777798800,BTC,True,False,False,61.128626,61.128626,0,0,0,0,0,0,,,0,0.0000,0,False,breadth
2139335,btc-updown-5m-1777802400,BTC,True,False,False,89.64784200000001,89.64784200000001,0,0,0,0,0,0,,,0,0.0000,0,False,breadth
2139427,bitcoin-above-76600-on-may-2-2026-8am-et,BTC,True,False,False,69.99,69.99,0,0,0,0,0,0,,,0,0.0000,0,False,breadth
2139430,bitcoin-above-77800-on-may-2-2026-8am-et,BTC,True,False,False,708.97,708.97,0,0,0,0,0,0,,,0,0.0000,0,False,breadth
2139434,bitcoin-above-79800-on-may-2-2026-8am-et,BTC,True,False,False,530.0,530.0,0,0,0,0,0,0,,,0,0.0000,0,False,breadth
2139435,bitcoin-above-80200-on-may-2-2026-8am-et,BTC,True,False,False,529.99,529.99,0,0,0,0,0,0,,,0,0.0000,0,False,breadth
2139443,ethereum-above-2350-on-may-2-2026-8am-et,ETH,True,False,False,529.99,529.99,0,0,0,0,0,0,,,0,0.0000,0,False,breadth
2139444,ethereum-above-2365-on-may-2-2026-8am-et,ETH,True,False,False,529.99,529.99,0,0,0,0,0,0,,,0,0.0000,0,False,breadth
2139445,ethereum-above-2380-on-may-2-2026-8am-et,ETH,True,False,False,529.99,529.99,0,0,0,0,0,0,,,0,0.0000,0,False,breadth
2139616,bitcoin-above-78600-on-may-2-2026-9am-et,BTC,True,False,False,66.834422,66.834422,0,0,0,0,0,0,,,0,0.0000,0,False,breadth
2139618,bitcoin-above-79400-on-may-2-2026-9am-et,BTC,True,False,False,804.4399999999999,804.4399999999999,0,0,0,0,0,0,,,0,0.0000,0,False,breadth
2139619,bitcoin-above-79800-on-may-2-2026-9am-et,BTC,True,False,False,855.3799999999999,855.3799999999999,0,0,0,0,0,0,,,0,0.0000,0,False,breadth
2139620,bitcoin-above-80200-on-may-2-2026-9am-et,BTC,True,False,False,530.0305,530.0305,0,0,0,0,0,0,,,0,0.0000,0,False,breadth
2139622,ethereum-above-2240-on-may-2-2026-9am-et,ETH,True,False,False,69.99,69.99,0,0,0,0,0,0,,,0,0.0000,0,False,breadth
2139624,ethereum-above-2270-on-may-2-2026-9am-et,ETH,True,False,False,60.0,60.0,0,0,0,0,0,0,,,0,0.0000,0,False,breadth
2139626,ethereum-above-2315-on-may-2-2026-9am-et,ETH,True,False,False,55.46,55.46,0,0,0,0,0,0,,,0,0.0000,0,False,breadth
2139629,ethereum-above-2360-on-may-2-2026-9am-et,ETH,True,False,False,522.829,522.829,0,0,0,0,0,0,,,0,0.0000,0,False,breadth
2139630,ethereum-above-2375-on-may-2-2026-9am-et,ETH,True,False,False,524.82,524.82,0,0,0,0,0,0,,,0,0.0000,0,False,breadth
2139678,bitcoin-up-or-down-may-4-2026-8am-et,BTC,True,False,False,53895.64365200001,53895.643651999984,0,0,0,0,0,0,,,0,0.0000,0,False,breadth
2139690,ethereum-up-or-down-may-4-2026-8am-et,ETH,True,False,False,9033.516892000001,9033.516892,0,0,0,0,0,0,,,0,0.0000,0,False,breadth
2139736,eth-updown-5m-1777809900,ETH,True,False,False,9.80392,9.80392,0,0,0,0,0,0,,,0,0.0000,0,False,breadth
2139811,bitcoin-above-76200-on-may-2-2026-10am-et,BTC,True,False,False,69.6969,69.6969,0,0,0,0,0,0,,,0,0.0000,0,False,breadth
2139812,bitcoin-above-76600-on-may-2-2026-10am-et,BTC,True,False,False,69.6969,69.6969,0,0,0,0,0,0,,,0,0.0000,0,False,breadth
2139813,bitcoin-above-77000-on-may-2-2026-10am-et,BTC,True,False,False,69.6969,69.6969,0,0,0,0,0,0,,,0,0.0000,0,False,breadth
2139814,bitcoin-above-77400-on-may-2-2026-10am-et,BTC,True,False,False,69.99,69.99,0,0,0,0,0,0,,,0,0.0000,0,False,breadth
2139818,bitcoin-above-79400-on-may-2-2026-10am-et,BTC,True,False,False,73.8888,73.8888,0,0,0,0,0,0,,,0,0.0000,0,False,breadth
2139821,ethereum-above-2230-on-may-2-2026-10am-et,ETH,True,False,False,69.99,69.99,0,0,0,0,0,0,,,0,0.0000,0,False,breadth
2139822,ethereum-above-2245-on-may-2-2026-10am-et,ETH,True,False,False,69.99,69.99,0,0,0,0,0,0,,,0,0.0000,0,False,breadth
2139823,ethereum-above-2260-on-may-2-2026-10am-et,ETH,True,False,False,69.99,69.99,0,0,0,0,0,0,,,0,0.0000,0,False,breadth
2139828,ethereum-above-2350-on-may-2-2026-10am-et,ETH,True,False,False,54.75,54.75,0,0,0,0,0,0,,,0,0.0000,0,False,breadth
2139888,ethereum-up-or-down-may-4-2026-9am-et,ETH,True,False,False,8651.214099,8651.214098999999,0,0,0,0,0,0,,,0,0.0000,0,False,breadth
2140093,sol-updown-15m-1777814100,SOL,True,False,False,699.28481,699.2848100000002,0,0,0,0,0,0,,,0,0.0000,0,False,breadth
2140125,btc-updown-5m-1777814700,BTC,True,False,False,784.7335809999998,784.7335810000002,0,0,0,0,0,0,,,0,0.0000,0,False,breadth
2140132,sol-updown-5m-1777815000,SOL,True,False,False,6.24,6.24,0,0,0,0,0,0,,,0,0.0000,0,False,breadth
2140139,btc-updown-5m-1777815000,BTC,True,False,False,53.921567,53.921567,0,0,0,0,0,0,,,0,0.0000,0,False,breadth
2140171,xrp-updown-5m-1777815300,XRP,True,False,False,6.07843,6.07843,0,0,0,0,0,0,,,0,0.0000,0,False,breadth
2140176,btc-updown-5m-1777815300,BTC,True,False,False,939.550783,939.550783,0,0,0,0,0,0,,,0,0.0000,0,False,breadth
2140198,btc-updown-5m-1777815900,BTC,True,False,False,6.0,6.0,0,0,0,0,0,0,,,0,0.0000,0,False,breadth
2140231,xrp-updown-15m-1777816800,XRP,True,False,False,9.8,9.8,0,0,0,0,0,0,,,0,0.0000,0,False,breadth
2140237,sol-updown-5m-1777816800,SOL,True,False,False,7.06,7.06,0,0,0,0,0,0,,,0,0.0000,0,False,breadth
2140238,eth-updown-5m-1777816800,ETH,True,False,False,9.80392,9.80392,0,0,0,0,0,0,,,0,0.0000,0,False,breadth
2140251,sol-updown-5m-1777817100,SOL,True,False,False,7.06,7.06,0,0,0,0,0,0,,,0,0.0000,0,False,breadth
2140281,sol-updown-5m-1777817400,SOL,True,False,False,7.06,7.06,0,0,0,0,0,0,,,0,0.0000,0,False,breadth
2140284,btc-updown-15m-1777817700,BTC,True,False,False,5.882351,5.882351,0,0,0,0,0,0,,,0,0.0000,0,False,breadth
2140375,eth-updown-5m-1777819500,ETH,True,False,False,9.80392,9.80392,0,0,0,0,0,0,,,0,0.0000,0,False,breadth
2140572,btc-updown-15m-1777821300,BTC,True,False,False,6.0,6.0,0,0,0,0,0,0,,,0,0.0000,0,False,breadth
2140876,btc-updown-15m-1777823100,BTC,True,False,False,5.882351,5.882351,0,0,0,0,0,0,,,0,0.0000,0,False,breadth
2140903,ethereum-above-1900-on-may-9,ETH,True,False,False,63.116,63.116,0,0,0,0,0,0,,,0,0.0000,0,False,breadth
2140905,ethereum-above-2000-on-may-9,ETH,True,False,False,0.0,72.73,0,0,0,0,0,0,,,0,0.0000,0,False,breadth
2140907,ethereum-above-2100-on-may-9,ETH,True,False,False,95.31,95.31,0,0,0,0,0,0,,,0,0.0000,0,False,breadth
2140909,ethereum-above-2200-on-may-9,ETH,True,False,False,6215.53,6215.53,0,0,0,0,0,0,,,0,0.0000,0,False,breadth
2140916,ethereum-above-2400-on-may-9,ETH,True,False,False,54.855347,54.855347,0,0,0,0,0,0,,,0,0.0000,0,False,breadth
2140918,ethereum-above-2500-on-may-9,ETH,True,False,False,77.587592,77.587592,0,0,0,0,0,0,,,0,0.0000,0,False,breadth
2140923,ethereum-above-2600-on-may-9,ETH,True,False,False,6.0,6.0,0,0,0,0,0,0,,,0,0.0000,0,False,breadth
2140941,will-the-price-of-ethereum-be-between-2100-2200-on-may-9,ETH,True,False,False,0.0,7.0,0,0,0,0,0,0,,,0,0.0000,0,False,breadth
2140942,will-the-price-of-ethereum-be-between-2200-2300-on-may-9,ETH,True,False,False,69.0,69.0,0,0,0,0,0,0,,,0,0.0000,0,False,breadth
2140944,will-the-price-of-ethereum-be-between-2300-2400-on-may-9,ETH,True,False,False,72.39,72.39,0,0,0,0,0,0,,,0,0.0000,0,False,breadth
2140947,ethereum-up-or-down-on-may-4-2026,ETH,True,False,False,64480.30102099999,64480.30102100011,0,0,0,0,0,0,,,0,0.0000,0,False,breadth
2140951,will-the-price-of-ethereum-be-between-2500-2600-on-may-9,ETH,True,False,False,0.0,6.0,0,0,0,0,0,0,,,0,0.0000,0,False,breadth
2140954,will-the-price-of-ethereum-be-between-2600-2700-on-may-9,ETH,True,False,False,0.0,6.0,0,0,0,0,0,0,,,0,0.0000,0,False,breadth
2140991,bitcoin-above-68k-on-may-9,BTC,True,False,False,78.34400000000001,78.34400000000001,0,0,0,0,0,0,,,0,0.0000,0,False,breadth
2140996,bitcoin-above-72k-on-may-9,BTC,True,False,False,653.7338710000001,653.7338710000001,0,0,0,0,0,0,,,0,0.0000,0,False,breadth
2141002,bitcoin-above-78k-on-may-9,BTC,True,False,False,5754.542445000002,5754.54244499999,0,0,0,0,0,0,,,0,0.0000,0,False,breadth
2141003,bitcoin-above-80k-on-may-9,BTC,True,False,False,9449.591103000002,9449.591102999993,0,0,0,0,0,0,,,0,0.0000,0,False,breadth
2141004,bitcoin-above-82k-on-may-9,BTC,True,False,False,765.1960979999999,765.1960979999999,0,0,0,0,0,0,,,0,0.0000,0,False,breadth
2141011,bitcoin-above-88k-on-may-9,BTC,True,False,False,729.978865,729.978865,0,0,0,0,0,0,,,0,0.0000,0,False,breadth
2141022,will-the-price-of-solana-be-less-than-40-on-may-9,SOL,True,False,False,752.1899999999999,752.1899999999999,0,0,0,0,0,0,,,0,0.0000,0,False,breadth
2141024,will-the-price-of-solana-be-between-40-50-on-may-9,SOL,True,False,False,0.0,701.0,0,0,0,0,0,0,,,0,0.0000,0,False,breadth
2141040,will-the-price-of-solana-be-between-120-130-on-may-9,SOL,True,False,False,97.05,97.05,0,0,0,0,0,0,,,0,0.0000,0,False,breadth
2141046,xrp-up-or-down-on-may-4-2026,XRP,True,False,False,6710.180882000001,6710.180881999999,0,0,0,0,0,0,,,0,0.0000,0,False,breadth
2141065,solana-above-110-on-may-9,SOL,True,False,False,85.105714,85.105714,0,0,0,0,0,0,,,0,0.0000,0,False,breadth
2141066,solana-above-120-on-may-9,SOL,True,False,False,85.151,85.151,0,0,0,0,0,0,,,0,0.0000,0,False,breadth
2141068,solana-above-130-on-may-9,SOL,True,False,False,776.335,776.335,0,0,0,0,0,0,,,0,0.0000,0,False,breadth
2141086,will-the-price-of-xrp-be-between-1pt30-1pt40-on-may-9,XRP,True,False,False,95.0,95.0,0,0,0,0,0,0,,,0,0.0000,0,False,breadth
2141104,xrp-above-1pt7-on-may-9,XRP,True,False,False,0.0,90.0705,0,0,0,0,0,0,,,0,0.0000,0,False,breadth
2141105,xrp-above-1pt8-on-may-9,XRP,True,False,False,75.141125,75.141125,0,0,0,0,0,0,,,0,0.0000,0,False,breadth
2141169,btc-updown-4h-1777824000,BTC,True,False,False,77.50467300000001,77.504673,0,0,0,0,0,0,,,0,0.0000,0,False,breadth
2141340,btc-updown-15m-1777826700,BTC,True,False,False,5.882351,5.882351,0,0,0,0,0,0,,,0,0.0000,0,False,breadth
2141419,solana-up-or-down-may-4-2026-1pm-et,SOL,True,False,False,86.274502,86.274502,0,0,0,0,0,0,,,0,0.0000,0,False,breadth
2141617,btc-updown-5m-1777828800,BTC,True,False,False,5.431175,5.431175,0,0,0,0,0,0,,,0,0.0000,0,False,breadth
2141702,btc-updown-5m-1777830300,BTC,True,False,False,7.920783,7.920783,0,0,0,0,0,0,,,0,0.0000,0,False,breadth
2141706,btc-updown-15m-1777830300,BTC,True,False,False,59.697839,59.697838999999995,0,0,0,0,0,0,,,0,0.0000,0,False,breadth
2141818,btc-updown-5m-1777832700,BTC,True,False,False,98.029606,98.029606,0,0,0,0,0,0,,,0,0.0000,0,False,breadth
2142875,btc-updown-5m-1777841100,BTC,True,False,False,58.28,58.28,0,0,0,0,0,0,,,0,0.0000,0,False,breadth
2143068,btc-updown-5m-1777844100,BTC,True,False,False,9.80392,9.80392,0,0,0,0,0,0,,,0,0.0000,0,False,breadth
2143704,xrp-updown-15m-1777853700,XRP,True,False,False,7.411763,7.411763,0,0,0,0,0,0,,,0,0.0000,0,False,breadth
2143725,sol-updown-15m-1777854600,SOL,True,False,False,86.274502,86.274502,0,0,0,0,0,0,,,0,0.0000,0,False,breadth
2144420,eth-updown-5m-1777866600,ETH,True,False,False,7.920783,7.920783,0,0,0,0,0,0,,,0,0.0000,0,False,breadth
2144429,will-bitcoin-reach-84k-on-may-3,BTC,True,False,False,578.826625,578.826625,0,0,0,0,0,0,,,0,0.0000,0,False,breadth
2144441,will-bitcoin-reach-79k-on-may-3,BTC,True,False,False,8351.944961,8351.944961,0,0,0,0,0,0,,,0,0.0000,0,False,breadth
2144469,will-bitcoin-dip-to-72k-on-may-3,BTC,True,False,False,884.9344000000001,884.9344000000001,0,0,0,0,0,0,,,0,0.0000,0,False,breadth
2144551,will-ethereum-reach-2500-on-may-3,ETH,True,False,False,56.942499999999995,56.942499999999995,0,0,0,0,0,0,,,0,0.0000,0,False,breadth
2144554,will-ethereum-reach-2400-on-may-3,ETH,True,False,False,7909.053378999999,7909.053378999998,0,0,0,0,0,0,,,0,0.0000,0,False,breadth
2144556,will-ethereum-reach-2350-on-may-3,ETH,True,False,False,735.7518010000003,735.7518010000003,0,0,0,0,0,0,,,0,0.0000,0,False,breadth
2144564,will-ethereum-dip-to-2200-on-may-3,ETH,True,False,False,627.967165,627.967165,0,0,0,0,0,0,,,0,0.0000,0,False,breadth
2144567,will-ethereum-dip-to-2150-on-may-3,ETH,True,False,False,89.015842,89.015842,0,0,0,0,0,0,,,0,0.0000,0,False,breadth
2144599,will-solana-reach-90-on-may-3,SOL,True,False,False,56.262,56.262,0,0,0,0,0,0,,,0,0.0000,0,False,breadth
2144622,will-xrp-reach-1pt5-on-may-3,XRP,True,False,False,88.8912,88.8912,0,0,0,0,0,0,,,0,0.0000,0,False,breadth
2145496,btc-updown-5m-1777868700,BTC,True,False,False,6.0,6.0,0,0,0,0,0,0,,,0,0.0000,0,False,breadth
2146091,xrp-updown-5m-1777873200,XRP,True,False,False,9.80392,9.80392,0,0,0,0,0,0,,,0,0.0000,0,False,breadth
2146311,xrp-updown-5m-1777875600,XRP,True,False,False,9.823528,9.823528,0,0,0,0,0,0,,,0,0.0000,0,False,breadth
2146317,eth-updown-5m-1777875900,ETH,True,False,False,12.94,6.47,0,0,0,0,0,0,,,0,0.0000,0,False,breadth
2146321,btc-updown-5m-1777875900,BTC,True,False,False,12.94,6.47,0,0,0,0,0,0,,,0,0.0000,0,False,breadth
2146437,btc-updown-5m-1777877700,BTC,True,False,False,12.94,6.47,0,0,0,0,0,0,,,0,0.0000,0,False,breadth
2146442,eth-updown-5m-1777877700,ETH,True,False,False,12.94,6.47,0,0,0,0,0,0,,,0,0.0000,0,False,breadth
2146554,eth-updown-15m-1777880700,ETH,True,False,False,12.94,6.47,0,0,0,0,0,0,,,0,0.0000,0,False,breadth
2146627,eth-updown-5m-1777881900,ETH,True,False,False,9.80392,9.80392,0,0,0,0,0,0,,,0,0.0000,0,False,breadth
2147197,btc-updown-5m-1777888800,BTC,True,False,False,77.73487800000001,77.734878,0,0,0,0,0,0,,,0,0.0000,0,False,breadth
2147295,eth-updown-5m-1777890600,ETH,True,False,False,8.901959,8.901959,0,0,0,0,0,0,,,0,0.0000,0,False,breadth
2147338,btc-updown-5m-1777890900,BTC,True,False,False,7.215685,7.215685,0,0,0,0,0,0,,,0,0.0000,0,False,breadth
2147339,sol-updown-5m-1777890900,SOL,True,False,False,7.215685,7.215685,0,0,0,0,0,0,,,0,0.0000,0,False,breadth
2147349,btc-updown-5m-1777891200,BTC,True,False,False,9.78431,9.78431,0,0,0,0,0,0,,,0,0.0000,0,False,breadth
2147490,bitcoin-above-77800-on-may-3-2026-9am-et,BTC,True,False,False,542.48,542.48,0,0,0,0,0,0,,,0,0.0000,0,False,breadth
2147496,bitcoin-above-80600-on-may-3-2026-9am-et,BTC,True,False,False,854.99,854.99,0,0,0,0,0,0,,,0,0.0000,0,False,breadth
2147712,btc-updown-4h-1777896000,BTC,True,False,False,9620.64277,9620.64277,0,0,0,0,0,0,,,0,0.0000,0,False,breadth
2147840,bitcoin-above-80000-on-may-3-2026-10am-et,BTC,True,False,False,55.0,55.0,0,0,0,0,0,0,,,0,0.0000,0,False,breadth
2147879,ethereum-above-2265-on-may-3-2026-10am-et,ETH,True,False,False,74.9869,74.9869,0,0,0,0,0,0,,,0,0.0000,0,False,breadth
2147882,ethereum-above-2280-on-may-3-2026-10am-et,ETH,True,False,False,74.99,74.99,0,0,0,0,0,0,,,0,0.0000,0,False,breadth
2147895,ethereum-above-2370-on-may-3-2026-10am-et,ETH,True,False,False,74.99,74.99,0,0,0,0,0,0,,,0,0.0000,0,False,breadth
2147897,ethereum-above-2385-on-may-3-2026-10am-et,ETH,True,False,False,74.99,74.99,0,0,0,0,0,0,,,0,0.0000,0,False,breadth
2148125,btc-updown-5m-1777899000,BTC,True,False,False,7.921567,7.921567,0,0,0,0,0,0,,,0,0.0000,0,False,breadth
2148150,btc-updown-15m-1777899600,BTC,True,False,False,5.392155,5.392155,0,0,0,0,0,0,,,0,0.0000,0,False,breadth
2148185,sol-updown-15m-1777900500,SOL,True,False,False,936.3421769999999,936.342177,0,0,0,0,0,0,,,0,0.0000,0,False,breadth
2148187,xrp-updown-15m-1777900500,XRP,True,False,False,546.3717009999999,546.371701,0,0,0,0,0,0,,,0,0.0000,0,False,breadth
2148195,sol-updown-5m-1777900800,SOL,True,False,False,997.9408569999999,997.9408569999997,0,0,0,0,0,0,,,0,0.0000,0,False,breadth
2148197,btc-updown-5m-1777900800,BTC,True,False,False,68365.46029699995,68365.460297,0,0,0,0,0,0,,,0,0.0000,0,False,breadth
2148213,ethereum-up-or-down-may-5-2026-9am-et,ETH,True,False,False,7967.797232,7967.797231999999,0,0,0,0,0,0,,,0,0.0000,0,False,breadth
2148239,eth-updown-5m-1777901100,ETH,True,False,False,54.509800999999996,54.509801,0,0,0,0,0,0,,,0,0.0000,0,False,breadth
2148245,btc-updown-15m-1777901400,BTC,True,False,False,876.938402,876.938402,0,0,0,0,0,0,,,0,0.0000,0,False,breadth
2148279,sol-updown-5m-1777901700,SOL,True,False,False,7.8415669999999995,7.8415669999999995,0,0,0,0,0,0,,,0,0.0000,0,False,breadth
2148280,btc-updown-5m-1777901700,BTC,True,False,False,5.882351,5.882351,0,0,0,0,0,0,,,0,0.0000,0,False,breadth
2148301,btc-updown-15m-1777902300,BTC,True,False,False,58.235293,58.235293,0,0,0,0,0,0,,,0,0.0000,0,False,breadth
2148309,sol-updown-5m-1777902300,SOL,True,False,False,7.8415669999999995,7.8415669999999995,0,0,0,0,0,0,,,0,0.0000,0,False,breadth
2148377,bitcoin-up-or-down-may-5-2026-10am-et,BTC,True,False,False,90.039212,90.039212,0,0,0,0,0,0,,,0,0.0000,0,False,breadth
2148413,btc-updown-5m-1777905300,BTC,True,False,False,82.0,82.0,0,0,0,0,0,0,,,0,0.0000,0,False,breadth
2148439,eth-updown-5m-1777906200,ETH,True,False,False,8.0,8.0,0,0,0,0,0,0,,,0,0.0000,0,False,breadth
2148446,eth-updown-5m-1777906500,ETH,True,False,False,8.0,8.0,0,0,0,0,0,0,,,0,0.0000,0,False,breadth
2148635,btc-updown-5m-1777908900,BTC,True,False,False,79.84156700000001,79.841567,0,0,0,0,0,0,,,0,0.0000,0,False,breadth
2148660,btc-updown-15m-1777909500,BTC,True,False,False,55.0,55.0,0,0,0,0,0,0,,,0,0.0000,0,False,breadth
2148685,ethereum-above-2000-on-may-10,ETH,True,False,False,84.02,84.02,0,0,0,0,0,0,,,0,0.0000,0,False,breadth
2148686,will-the-price-of-bitcoin-be-between-74000-76000-on-may-10,BTC,True,False,False,70.83443,70.83443,0,0,0,0,0,0,,,0,0.0000,0,False,breadth
2148688,ethereum-above-2100-on-may-10,ETH,True,False,False,562.750545,562.750545,0,0,0,0,0,0,,,0,0.0000,0,False,breadth
2148689,will-the-price-of-bitcoin-be-between-76000-78000-on-may-10,BTC,True,False,False,8070.924879,8070.924879,0,0,0,0,0,0,,,0,0.0000,0,False,breadth
2148690,will-the-price-of-bitcoin-be-between-78000-80000-on-may-10,BTC,True,False,False,8031.504083999998,8031.504084,0,0,0,0,0,0,,,0,0.0000,0,False,breadth
2148691,ethereum-above-2200-on-may-10,ETH,True,False,False,5350.882761,5350.882761000001,0,0,0,0,0,0,,,0,0.0000,0,False,breadth
2148692,will-the-price-of-bitcoin-be-between-80000-82000-on-may-10,BTC,True,False,False,8722.575925000001,8722.575925000005,0,0,0,0,0,0,,,0,0.0000,0,False,breadth
2148695,will-the-price-of-bitcoin-be-between-82000-84000-on-may-10,BTC,True,False,False,867.7278659999998,867.7278659999998,0,0,0,0,0,0,,,0,0.0000,0,False,breadth
2148696,ethereum-above-2400-on-may-10,ETH,True,False,False,62.988023,62.988023000000005,0,0,0,0,0,0,,,0,0.0000,0,False,breadth
2148699,will-the-price-of-bitcoin-be-between-86000-88000-on-may-10,BTC,True,False,False,67.375,67.375,0,0,0,0,0,0,,,0,0.0000,0,False,breadth
2148702,will-the-price-of-bitcoin-be-greater-than-88000-on-may-10,BTC,True,False,False,93.207043,93.207043,0,0,0,0,0,0,,,0,0.0000,0,False,breadth
2148725,ethereum-up-or-down-on-may-5-2026,ETH,True,False,False,83.107842,83.107842,0,0,0,0,0,0,,,0,0.0000,0,False,breadth
2148759,bitcoin-above-68k-on-may-10,BTC,True,False,False,944.111,944.111,0,0,0,0,0,0,,,0,0.0000,0,False,breadth
2148768,bitcoin-above-72k-on-may-10,BTC,True,False,False,9224.158657,9224.158657000004,0,0,0,0,0,0,,,0,0.0000,0,False,breadth
2148773,bitcoin-above-74k-on-may-10,BTC,True,False,False,5895.330678,5895.330678000004,0,0,0,0,0,0,,,0,0.0000,0,False,breadth
2148777,bitcoin-above-76k-on-may-10,BTC,True,False,False,8576.608102,8576.608102,0,0,0,0,0,0,,,0,0.0000,0,False,breadth
2148780,bitcoin-above-78k-on-may-10,BTC,True,False,False,8518.743661,8518.743661,0,0,0,0,0,0,,,0,0.0000,0,False,breadth
2148793,bitcoin-above-86k-on-may-10,BTC,True,False,False,537.036261,537.036261,0,0,0,0,0,0,,,0,0.0000,0,False,breadth
2148828,xrp-up-or-down-on-may-5-2026,XRP,True,False,False,851.860341,851.8603410000002,0,0,0,0,0,0,,,0,0.0000,0,False,breadth
2148832,solana-above-30-on-may-10,SOL,True,False,False,530.9,530.9,0,0,0,0,0,0,,,0,0.0000,0,False,breadth
2148842,solana-above-70-on-may-10,SOL,True,False,False,0.0,70.044375,0,0,0,0,0,0,,,0,0.0000,0,False,breadth
2148851,solana-above-80-on-may-10,SOL,True,False,False,95.593633,95.59363300000001,0,0,0,0,0,0,,,0,0.0000,0,False,breadth
2148860,solana-above-100-on-may-10,SOL,True,False,False,6487.305883,6487.305883,0,0,0,0,0,0,,,0,0.0000,0,False,breadth
2148965,xrp-above-1-on-may-10,XRP,True,False,False,0.0,934.535,0,0,0,0,0,0,,,0,0.0000,0,False,breadth
2148980,xrp-above-1pt8-on-may-10,XRP,True,False,False,0.0,919.485,0,0,0,0,0,0,,,0,0.0000,0,False,breadth
2149063,btc-updown-5m-1777910400,BTC,True,False,False,68.132741,68.132741,0,0,0,0,0,0,,,0,0.0000,0,False,breadth
2149314,xrp-up-or-down-may-5-2026-1pm-et,XRP,True,False,False,86.274502,86.274502,0,0,0,0,0,0,,,0,0.0000,0,False,breadth
2149877,btc-updown-15m-1777920300,BTC,True,False,False,9.80392,9.80392,0,0,0,0,0,0,,,0,0.0000,0,False,breadth
2151034,btc-updown-5m-1777932600,BTC,True,False,False,516.630823,516.630823,0,0,0,0,0,0,,,0,0.0000,0,False,breadth
2151044,eth-updown-5m-1777932900,ETH,True,False,False,5.882351,5.882351,0,0,0,0,0,0,,,0,0.0000,0,False,breadth
2151805,xrp-updown-15m-1777943700,XRP,True,False,False,84.903839,84.903839,0,0,0,0,0,0,,,0,0.0000,0,False,breadth
2151965,btc-updown-15m-1777947300,BTC,True,False,False,9.80392,9.80392,0,0,0,0,0,0,,,0,0.0000,0,False,breadth
2152720,will-microstrategy-announce-a-bitcoin-purchase-may-5-11,BTC,True,False,False,5974.500638,5974.500638,0,0,0,0,0,0,,,0,0.0000,0,False,breadth
2153006,eth-updown-5m-1777957500,ETH,True,False,False,51.486271,51.486271,0,0,0,0,0,0,,,0,0.0000,0,False,breadth
2153058,eth-updown-15m-1777959000,ETH,True,False,False,6.9009789999999995,6.9009789999999995,0,0,0,0,0,0,,,0,0.0000,0,False,breadth
2153060,btc-updown-5m-1777959000,BTC,True,False,False,6.0,6.0,0,0,0,0,0,0,,,0,0.0000,0,False,breadth
2153101,btc-updown-5m-1777959600,BTC,True,False,False,5.196077,5.196077,0,0,0,0,0,0,,,0,0.0000,0,False,breadth
2153103,btc-updown-15m-1777959900,BTC,True,False,False,5.196077,5.196077,0,0,0,0,0,0,,,0,0.0000,0,False,breadth
2153114,btc-updown-5m-1777959900,BTC,True,False,False,5.196077,5.196077,0,0,0,0,0,0,,,0,0.0000,0,False,breadth
2153119,btc-updown-5m-1777960200,BTC,True,False,False,5.196077,5.196077,0,0,0,0,0,0,,,0,0.0000,0,False,breadth
2153128,btc-updown-5m-1777960500,BTC,True,False,False,5.196077,5.196077,0,0,0,0,0,0,,,0,0.0000,0,False,breadth
2153132,btc-updown-5m-1777960800,BTC,True,False,False,5.196077,5.196077,0,0,0,0,0,0,,,0,0.0000,0,False,breadth
2153134,btc-updown-15m-1777960800,BTC,True,False,False,5.196077,5.196077,0,0,0,0,0,0,,,0,0.0000,0,False,breadth
2153153,btc-updown-5m-1777961400,BTC,True,False,False,5.196077,5.196077,0,0,0,0,0,0,,,0,0.0000,0,False,breadth
2153160,btc-updown-15m-1777961700,BTC,True,False,False,5.196077,5.196077,0,0,0,0,0,0,,,0,0.0000,0,False,breadth
2153171,btc-updown-5m-1777961700,BTC,True,False,False,5.196077,5.196077,0,0,0,0,0,0,,,0,0.0000,0,False,breadth
2153174,btc-updown-5m-1777962000,BTC,True,False,False,5.196077,5.196077,0,0,0,0,0,0,,,0,0.0000,0,False,breadth
2153180,btc-updown-5m-1777962300,BTC,True,False,False,5.196077,5.196077,0,0,0,0,0,0,,,0,0.0000,0,False,breadth
2153186,btc-updown-5m-1777962600,BTC,True,False,False,5.196077,5.196077,0,0,0,0,0,0,,,0,0.0000,0,False,breadth
2153197,btc-updown-15m-1777962600,BTC,True,False,False,5.196077,5.196077,0,0,0,0,0,0,,,0,0.0000,0,False,breadth
2153903,eth-updown-5m-1777972200,ETH,True,False,False,9.294116,9.294116,0,0,0,0,0,0,,,0,0.0000,0,False,breadth
2153925,sol-updown-5m-1777972800,SOL,True,False,False,9.294116,9.294116,0,0,0,0,0,0,,,0,0.0000,0,False,breadth
2154652,sol-updown-4h-1777982400,SOL,True,False,False,7249.5263669999995,7249.526366999999,0,0,0,0,0,0,,,0,0.0000,0,False,breadth
2154653,btc-updown-4h-1777982400,BTC,True,False,False,6213.348387000004,6213.348386999999,0,0,0,0,0,0,,,0,0.0000,0,False,breadth
2154746,btc-updown-5m-1777985100,BTC,True,False,False,5.843136,5.843136,0,0,0,0,0,0,,,0,0.0000,0,False,breadth
2154862,btc-updown-15m-1777986000,BTC,True,False,False,5.392155,5.392155,0,0,0,0,0,0,,,0,0.0000,0,False,breadth
2154907,sol-updown-15m-1777987800,SOL,True,False,False,65.56568,65.56568,0,0,0,0,0,0,,,0,0.0000,0,False,breadth
2154908,xrp-updown-15m-1777987800,XRP,True,False,False,85.515355,85.51535500000001,0,0,0,0,0,0,,,0,0.0000,0,False,breadth
2154910,eth-updown-15m-1777987800,ETH,True,False,False,667.7669960000001,667.7669960000001,0,0,0,0,0,0,,,0,0.0000,0,False,breadth
2154913,eth-updown-5m-1777987800,ETH,True,False,False,823.691399,823.691399,0,0,0,0,0,0,,,0,0.0000,0,False,breadth
2154916,btc-updown-15m-1777987800,BTC,True,False,False,6049.516809000002,6049.516809,0,0,0,0,0,0,,,0,0.0000,0,False,breadth
2154923,sol-updown-5m-1777988100,SOL,True,False,False,5.865383,5.865383,0,0,0,0,0,0,,,0,0.0000,0,False,breadth
2154924,btc-updown-5m-1777988100,BTC,True,False,False,739.29775,739.2977500000001,0,0,0,0,0,0,,,0,0.0000,0,False,breadth
2154947,sol-updown-5m-1777988700,SOL,True,False,False,9.8,9.8,0,0,0,0,0,0,,,0,0.0000,0,False,breadth
2155380,bitcoin-up-or-down-may-6-2026-7am-et,BTC,True,False,False,72640.06880600002,72640.06880599995,0,0,0,0,0,0,,,0,0.0000,0,False,breadth
2155381,bitcoin-up-or-down-may-6-2026-8am-et,BTC,True,False,False,54460.61917899996,54460.619179000016,0,0,0,0,0,0,,,0,0.0000,0,False,breadth
2155382,bitcoin-up-or-down-may-6-2026-9am-et,BTC,True,False,False,995.613306,995.6133060000001,0,0,0,0,0,0,,,0,0.0000,0,False,breadth
2155383,bitcoin-up-or-down-may-6-2026-10am-et,BTC,True,False,False,60.0,60.0,0,0,0,0,0,0,,,0,0.0000,0,False,breadth
2155388,ethereum-up-or-down-may-6-2026-8am-et,ETH,True,False,False,9773.160469,9773.160469000002,0,0,0,0,0,0,,,0,0.0000,0,False,breadth
2155412,solana-up-or-down-may-6-2026-7am-et,SOL,True,False,False,9195.324741000002,9195.324741000004,0,0,0,0,0,0,,,0,0.0000,0,False,breadth
2155750,eth-updown-5m-1777995900,ETH,True,False,False,9.80392,9.80392,0,0,0,0,0,0,,,0,0.0000,0,False,breadth
2155795,bitcoin-up-or-down-on-may-6-2026,BTC,True,False,False,588.998818,588.998818,0,0,0,0,0,0,,,0,0.0000,0,False,breadth
2155797,will-the-price-of-bitcoin-be-between-72000-74000-on-may-11,BTC,True,False,False,9.99,9.99,0,0,0,0,0,0,,,0,0.0000,0,False,breadth
2155803,will-the-price-of-bitcoin-be-between-76000-78000-on-may-11,BTC,True,False,False,64.990676,64.99067600000001,0,0,0,0,0,0,,,0,0.0000,0,False,breadth
2155804,ethereum-above-2100-on-may-11,ETH,True,False,False,9395.586235,9395.586234999999,0,0,0,0,0,0,,,0,0.0000,0,False,breadth
2155808,will-the-price-of-bitcoin-be-between-78000-80000-on-may-11,BTC,True,False,False,628.270585,628.270585,0,0,0,0,0,0,,,0,0.0000,0,False,breadth
2155811,will-the-price-of-bitcoin-be-between-80000-82000-on-may-11,BTC,True,False,False,7.601408,7.601408,0,0,0,0,0,0,,,0,0.0000,0,False,breadth
2155814,ethereum-above-2400-on-may-11,ETH,True,False,False,713.9334989999999,713.9334989999999,0,0,0,0,0,0,,,0,0.0000,0,False,breadth
2155817,will-the-price-of-bitcoin-be-between-82000-84000-on-may-11,BTC,True,False,False,6828.636234,6828.636234,0,0,0,0,0,0,,,0,0.0000,0,False,breadth
2155818,ethereum-above-2500-on-may-11,ETH,True,False,False,8.0,8.0,0,0,0,0,0,0,,,0,0.0000,0,False,breadth
2155824,will-the-price-of-bitcoin-be-between-86000-88000-on-may-11,BTC,True,False,False,61.51714,61.51714,0,0,0,0,0,0,,,0,0.0000,0,False,breadth
2155855,ethereum-up-or-down-on-may-6-2026,ETH,True,False,False,63.137251,63.137251,0,0,0,0,0,0,,,0,0.0000,0,False,breadth
2155885,bitcoin-above-74k-on-may-11,BTC,True,False,False,7453.722935,7453.722935000002,0,0,0,0,0,0,,,0,0.0000,0,False,breadth
2155899,bitcoin-above-84k-on-may-11,BTC,True,False,False,727.51496,727.5149599999999,0,0,0,0,0,0,,,0,0.0000,0,False,breadth
2155904,bitcoin-above-88k-on-may-11,BTC,True,False,False,794.3609,794.3609,0,0,0,0,0,0,,,0,0.0000,0,False,breadth
2155946,solana-above-30-on-may-11,SOL,True,False,False,9.986799999999999,9.986799999999999,0,0,0,0,0,0,,,0,0.0000,0,False,breadth
2155959,solana-above-60-on-may-11,SOL,True,False,False,85.015,85.015,0,0,0,0,0,0,,,0,0.0000,0,False,breadth
2155969,solana-above-90-on-may-11,SOL,True,False,False,5.555554,5.555554,0,0,0,0,0,0,,,0,0.0000,0,False,breadth
2155974,solana-above-100-on-may-11,SOL,True,False,False,752.201743,752.201743,0,0,0,0,0,0,,,0,0.0000,0,False,breadth
2155979,solana-above-120-on-may-11,SOL,True,False,False,0.0,70.053571,0,0,0,0,0,0,,,0,0.0000,0,False,breadth
2156028,xrp-above-0pt9-on-may-11,XRP,True,False,False,85.015,85.015,0,0,0,0,0,0,,,0,0.0000,0,False,breadth
2156034,xrp-above-1pt1-on-may-11,XRP,True,False,False,0.0,90.015,0,0,0,0,0,0,,,0,0.0000,0,False,breadth
2156053,xrp-above-1pt7-on-may-11,XRP,True,False,False,0.0,70.69000000000001,0,0,0,0,0,0,,,0,0.0000,0,False,breadth
2156058,xrp-above-1pt9-on-may-11,XRP,True,False,False,0.0,70.015,0,0,0,0,0,0,,,0,0.0000,0,False,breadth
2156750,btc-updown-5m-1777996500,BTC,True,False,False,9.80392,9.80392,0,0,0,0,0,0,,,0,0.0000,0,False,breadth
2157351,btc-updown-4h-1777996800,BTC,True,False,False,55.36783700000001,55.36783700000001,0,0,0,0,0,0,,,0,0.0000,0,False,breadth
2157359,btc-updown-15m-1777996800,BTC,True,False,False,7.84,7.84,0,0,0,0,0,0,,,0,0.0000,0,False,breadth
2157389,btc-updown-5m-1777997100,BTC,True,False,False,7.84,7.84,0,0,0,0,0,0,,,0,0.0000,0,False,breadth
2157496,xrp-updown-15m-1777997700,XRP,True,False,False,9.80392,9.80392,0,0,0,0,0,0,,,0,0.0000,0,False,breadth
2157529,btc-updown-5m-1777998300,BTC,True,False,False,7.84,7.84,0,0,0,0,0,0,,,0,0.0000,0,False,breadth
2157681,btc-updown-5m-1777999800,BTC,True,False,False,9.80392,9.80392,0,0,0,0,0,0,,,0,0.0000,0,False,breadth
2157686,xrp-up-or-down-may-6-2026-1pm-et,XRP,True,False,False,86.192104,86.192104,0,0,0,0,0,0,,,0,0.0000,0,False,breadth
2158351,will-bitcoin-hit-70k-or-90k-first-382,BTC,True,False,False,6463.750223,6463.750223,0,0,0,0,0,0,,,0,0.0000,0,False,breadth
2158983,bitcoin-up-or-down-may-6-2026-3pm-et,BTC,True,False,False,5.88235,5.88235,0,0,0,0,0,0,,,0,0.0000,0,False,breadth
2159403,will-bitcoin-dip-to-72k-may-4-10,BTC,True,False,False,8862.651972,8862.651972000003,0,0,0,0,0,0,,,0,0.0000,0,False,breadth
2159408,will-ethereum-reach-3000-may-4-10,ETH,True,False,False,923.7605000000001,923.7605000000001,0,0,0,0,0,0,,,0,0.0000,0,False,breadth
2159409,will-ethereum-reach-2900-may-4-10,ETH,True,False,False,672.579666,672.579666,0,0,0,0,0,0,,,0,0.0000,0,False,breadth
2159410,will-ethereum-reach-2800-may-4-10,ETH,True,False,False,8578.429013,8578.429013,0,0,0,0,0,0,,,0,0.0000,0,False,breadth
2159411,will-ethereum-reach-2700-may-4-10,ETH,True,False,False,9861.350378000003,9861.350378000003,0,0,0,0,0,0,,,0,0.0000,0,False,breadth
2159414,will-ethereum-dip-to-2300-may-4-10,ETH,True,False,False,92.380951,92.380951,0,0,0,0,0,0,,,0,0.0000,0,False,breadth
2159415,will-ethereum-dip-to-2200-may-4-10,ETH,True,False,False,7089.170857000001,7089.170857,0,0,0,0,0,0,,,0,0.0000,0,False,breadth
2159419,will-ethereum-dip-to-1800-may-4-10,ETH,True,False,False,851.074815,851.0748150000001,0,0,0,0,0,0,,,0,0.0000,0,False,breadth
2159421,will-solana-reach-150-may-4-10,SOL,True,False,False,0.0,741.4105,0,0,0,0,0,0,,,0,0.0000,0,False,breadth
2159422,will-solana-reach-140-may-4-10,SOL,True,False,False,884.363708,884.363708,0,0,0,0,0,0,,,0,0.0000,0,False,breadth
2159424,will-solana-reach-120-may-4-10,SOL,True,False,False,873.9100000000001,873.9100000000001,0,0,0,0,0,0,,,0,0.0000,0,False,breadth
2159435,will-solana-dip-to-60-may-4-10,SOL,True,False,False,614.611,614.611,0,0,0,0,0,0,,,0,0.0000,0,False,breadth
2159436,will-solana-dip-to-50-may-4-10,SOL,True,False,False,740.230333,740.2303329999999,0,0,0,0,0,0,,,0,0.0000,0,False,breadth
2159438,will-solana-dip-to-30-may-4-10,SOL,True,False,False,640.9652500000001,640.9652500000001,0,0,0,0,0,0,,,0,0.0000,0,False,breadth
2159439,will-solana-dip-to-20-may-4-10,SOL,True,False,False,730.7669999999999,730.7669999999999,0,0,0,0,0,0,,,0,0.0000,0,False,breadth
2159440,will-solana-dip-to-10-may-4-10,SOL,True,False,False,584.64,584.64,0,0,0,0,0,0,,,0,0.0000,0,False,breadth
2159442,will-xrp-reach-2-may-4-10,XRP,True,False,False,788.01,788.01,0,0,0,0,0,0,,,0,0.0000,0,False,breadth
2159448,will-xrp-dip-to-1pt3-may-4-10,XRP,True,False,False,65.357338,65.357338,0,0,0,0,0,0,,,0,0.0000,0,False,breadth
2159449,will-xrp-dip-to-1pt2-may-4-10,XRP,True,False,False,9115.991368,9115.991368,0,0,0,0,0,0,,,0,0.0000,0,False,breadth
2159450,will-xrp-dip-to-1pt1-may-4-10,XRP,True,False,False,70.62,70.62,0,0,0,0,0,0,,,0,0.0000,0,False,breadth
2159451,will-xrp-dip-to-1-may-4-10,XRP,True,False,False,65.00999999999999,65.00999999999999,0,0,0,0,0,0,,,0,0.0000,0,False,breadth
2159452,will-xrp-dip-to-0pt9-may-4-10,XRP,True,False,False,757.385047,757.385047,0,0,0,0,0,0,,,0,0.0000,0,False,breadth
2159453,will-xrp-dip-to-0pt8-may-4-10,XRP,True,False,False,965.2486660000001,965.2486660000001,0,0,0,0,0,0,,,0,0.0000,0,False,breadth
2159454,will-xrp-dip-to-0pt7-may-4-10,XRP,True,False,False,771.66,771.66,0,0,0,0,0,0,,,0,0.0000,0,False,breadth
2159589,btc-updown-4h-1778011200,BTC,True,False,False,55.43254,55.43254000000002,0,0,0,0,0,0,,,0,0.0000,0,False,breadth
2159649,sol-updown-5m-1778012400,SOL,True,False,False,91.99195800000001,91.99195800000001,0,0,0,0,0,0,,,0,0.0000,0,False,breadth
2159944,xrp-updown-5m-1778015700,XRP,True,False,False,6.0,6.0,0,0,0,0,0,0,,,0,0.0000,0,False,breadth
2160664,bitcoin-up-or-down-may-6-2026-8pm-et,BTC,True,False,False,9.80392,9.80392,0,0,0,0,0,0,,,0,0.0000,0,False,breadth
2161088,btc-updown-5m-1778033100,BTC,True,False,False,95.627448,95.627448,0,0,0,0,0,0,,,0,0.0000,0,False,breadth
2161514,btc-updown-5m-1778039400,BTC,True,False,False,7.8,7.8,0,0,0,0,0,0,,,0,0.0000,0,False,breadth
2161569,will-bitcoin-reach-86k-on-may-5,BTC,True,False,False,730.4994670000001,730.4994670000001,0,0,0,0,0,0,,,0,0.0000,0,False,breadth
2161587,will-bitcoin-reach-84k-on-may-5,BTC,True,False,False,6805.937947000001,6805.937947,0,0,0,0,0,0,,,0,0.0000,0,False,breadth
2161626,will-bitcoin-dip-to-80k-on-may-5,BTC,True,False,False,8628.643829,8628.643828999999,0,0,0,0,0,0,,,0,0.0000,0,False,breadth
2161635,will-bitcoin-dip-to-78k-on-may-5,BTC,True,False,False,6314.302667,6314.302667000001,0,0,0,0,0,0,,,0,0.0000,0,False,breadth
2161638,will-bitcoin-dip-to-77k-on-may-5,BTC,True,False,False,7051.601885,7051.601884999999,0,0,0,0,0,0,,,0,0.0000,0,False,breadth
2161642,will-bitcoin-dip-to-75k-on-may-5,BTC,True,False,False,595.4435,595.4435,0,0,0,0,0,0,,,0,0.0000,0,False,breadth
2161645,will-bitcoin-dip-to-74k-on-may-5,BTC,True,False,False,757.5615,757.5615,0,0,0,0,0,0,,,0,0.0000,0,False,breadth
2161689,will-ethereum-reach-2500-on-may-5,ETH,True,False,False,8567.747999000001,8567.747999,0,0,0,0,0,0,,,0,0.0000,0,False,breadth
2161693,will-ethereum-dip-to-2300-on-may-5,ETH,True,False,False,938.270242,938.2702420000003,0,0,0,0,0,0,,,0,0.0000,0,False,breadth
2161716,will-solana-reach-95-on-may-5,SOL,True,False,False,766.9268,766.9268000000001,0,0,0,0,0,0,,,0,0.0000,0,False,breadth
2161720,will-solana-dip-to-80-on-may-5,SOL,True,False,False,628.03,628.03,0,0,0,0,0,0,,,0,0.0000,0,False,breadth
2162514,btc-updown-15m-1778041800,BTC,True,False,False,8.0,8.0,0,0,0,0,0,0,,,0,0.0000,0,False,breadth
2162573,btc-updown-5m-1778042700,BTC,True,False,False,7.920783,7.920783,0,0,0,0,0,0,,,0,0.0000,0,False,breadth
2162944,xrp-updown-5m-1778045700,XRP,True,False,False,9.80392,9.80392,0,0,0,0,0,0,,,0,0.0000,0,False,breadth
2162949,xrp-updown-5m-1778046000,XRP,True,False,False,71.546904,71.546904,0,0,0,0,0,0,,,0,0.0000,0,False,breadth
2163024,sol-updown-5m-1778046900,SOL,True,False,False,9.80392,9.80392,0,0,0,0,0,0,,,0,0.0000,0,False,breadth
2163397,xrp-updown-5m-1778052300,XRP,True,False,False,9.80392,9.80392,0,0,0,0,0,0,,,0,0.0000,0,False,breadth
2163940,btc-updown-5m-1778055900,BTC,True,False,False,9.80392,9.80392,0,0,0,0,0,0,,,0,0.0000,0,False,breadth
2164911,bitcoin-above-79000-on-may-5-2026-9am-et,BTC,True,False,False,572.49,572.49,0,0,0,0,0,0,,,0,0.0000,0,False,breadth
2164914,bitcoin-above-80200-on-may-5-2026-9am-et,BTC,True,False,False,554.99,554.99,0,0,0,0,0,0,,,0,0.0000,0,False,breadth
2164916,bitcoin-above-81400-on-may-5-2026-9am-et,BTC,True,False,False,790.661719,790.661719,0,0,0,0,0,0,,,0,0.0000,0,False,breadth
2164919,bitcoin-above-82600-on-may-5-2026-9am-et,BTC,True,False,False,674.99,674.99,0,0,0,0,0,0,,,0,0.0000,0,False,breadth
2164920,bitcoin-above-83000-on-may-5-2026-9am-et,BTC,True,False,False,564.09,564.09,0,0,0,0,0,0,,,0,0.0000,0,False,breadth
2164981,bitcoin-etf-flows-on-may-7,BTC,True,False,False,6.666664,6.666664,0,0,0,0,0,0,,,0,0.0000,0,False,breadth
2165049,ethereum-etf-flows-on-may-7,ETH,True,False,False,6.666664,6.666664,0,0,0,0,0,0,,,0,0.0000,0,False,breadth
2165440,bitcoin-above-82800-on-may-5-2026-10am-et,BTC,True,False,False,75.0,75.0,0,0,0,0,0,0,,,0,0.0000,0,False,breadth
2165442,ethereum-above-2315-on-may-5-2026-10am-et,ETH,True,False,False,55.0,55.0,0,0,0,0,0,0,,,0,0.0000,0,False,breadth
2165443,ethereum-above-2330-on-may-5-2026-10am-et,ETH,True,False,False,55.0,55.0,0,0,0,0,0,0,,,0,0.0000,0,False,breadth
2165473,eth-updown-15m-1778071500,ETH,True,False,False,8336.34865,8203.681984999997,0,0,0,0,0,0,,,0,0.0000,0,False,breadth
2165480,btc-updown-5m-1778071500,BTC,True,False,False,5.88235,5.88235,0,0,0,0,0,0,,,0,0.0000,0,False,breadth
2165525,xrp-updown-5m-1778072100,XRP,True,False,False,763.460486,665.389106,0,0,0,0,0,0,,,0,0.0000,0,False,breadth
2165528,btc-updown-5m-1778072100,BTC,True,False,False,92933.662451,92933.66245099984,0,0,0,0,0,0,,,0,0.0000,0,False,breadth
2165534,btc-updown-15m-1778072400,BTC,True,False,False,7496.280409,7496.280408999999,0,0,0,0,0,0,,,0,0.0000,0,False,breadth
2165543,xrp-updown-5m-1778072400,XRP,True,False,False,59.25698700000001,59.25698700000001,0,0,0,0,0,0,,,0,0.0000,0,False,breadth
2165556,btc-updown-5m-1778072700,BTC,True,False,False,57.25489399999999,57.25489399999999,0,0,0,0,0,0,,,0,0.0000,0,False,breadth
2165688,sol-updown-5m-1778073900,SOL,True,False,False,9.80392,9.80392,0,0,0,0,0,0,,,0,0.0000,0,False,breadth
2165699,btc-updown-15m-1778074200,BTC,True,False,False,55.980389,55.980389,0,0,0,0,0,0,,,0,0.0000,0,False,breadth
2165704,btc-updown-5m-1778074200,BTC,True,False,False,75.627448,75.627448,0,0,0,0,0,0,,,0,0.0000,0,False,breadth
2165976,btc-updown-5m-1778077800,BTC,True,False,False,9.80392,9.80392,0,0,0,0,0,0,,,0,0.0000,0,False,breadth
2166033,btc-updown-15m-1778078700,BTC,True,False,False,6.100783,6.100783,0,0,0,0,0,0,,,0,0.0000,0,False,breadth
2166365,will-the-price-of-bitcoin-be-between-72000-74000-on-may-12,BTC,True,False,False,59.21000000000001,59.21000000000001,0,0,0,0,0,0,,,0,0.0000,0,False,breadth
2166371,ethereum-above-2200-on-may-12,ETH,True,False,False,61.276362,61.276362,0,0,0,0,0,0,,,0,0.0000,0,False,breadth
2166380,ethereum-above-2600-on-may-12,ETH,True,False,False,67.0,67.0,0,0,0,0,0,0,,,0,0.0000,0,False,breadth
2166434,bitcoin-above-80k-on-may-12,BTC,True,False,False,5390.382779,5390.382779,0,0,0,0,0,0,,,0,0.0000,0,False,breadth
2166449,bitcoin-above-90k-on-may-12,BTC,True,False,False,850.167091,850.1670909999999,0,0,0,0,0,0,,,0,0.0000,0,False,breadth
2166511,xrp-above-1pt7-on-may-12,XRP,True,False,False,60.01,60.01,0,0,0,0,0,0,,,0,0.0000,0,False,breadth
2166512,xrp-above-1pt8-on-may-12,XRP,True,False,False,90.015,90.015,0,0,0,0,0,0,,,0,0.0000,0,False,breadth
2166513,xrp-above-1pt9-on-may-12,XRP,True,False,False,90.015,90.015,0,0,0,0,0,0,,,0,0.0000,0,False,breadth
2166598,eth-updown-15m-1778084100,ETH,True,False,False,9.80392,9.80392,0,0,0,0,0,0,,,0,0.0000,0,False,breadth
2166763,btc-updown-5m-1778085600,BTC,True,False,False,6.22,6.22,0,0,0,0,0,0,,,0,0.0000,0,False,breadth
2167430,btc-updown-15m-1778089500,BTC,True,False,False,58.823526,58.823526,0,0,0,0,0,0,,,0,0.0000,0,False,breadth
2167530,btc-updown-15m-1778090400,BTC,True,False,False,5.882351,5.882351,0,0,0,0,0,0,,,0,0.0000,0,False,breadth
2168136,btc-updown-5m-1778094300,BTC,True,False,False,56.646272,56.646271999999996,0,0,0,0,0,0,,,0,0.0000,0,False,breadth
2168552,eth-updown-4h-1778097600,ETH,True,False,False,749.8199999999999,749.8199999999999,0,0,0,0,0,0,,,0,0.0000,0,False,breadth
2168562,sol-updown-4h-1778097600,SOL,True,False,False,717.14,717.14,0,0,0,0,0,0,,,0,0.0000,0,False,breadth
2168842,sol-updown-5m-1778102700,SOL,True,False,False,9.80392,9.80392,0,0,0,0,0,0,,,0,0.0000,0,False,breadth
2169166,eth-updown-15m-1778106600,ETH,True,False,False,98.029606,98.029606,0,0,0,0,0,0,,,0,0.0000,0,False,breadth
2169995,microstrategy-sells-any-bitcoin-by-may-31-2026,BTC,True,False,False,92366.57868699997,92366.57868699994,0,0,0,0,0,0,,,0,0.0000,0,False,breadth
2170310,sol-updown-15m-1778113800,SOL,True,False,False,85.711302,85.711302,0,0,0,0,0,0,,,0,0.0000,0,False,breadth
2170457,eth-updown-5m-1778115900,ETH,True,False,False,5.882351,5.882351,0,0,0,0,0,0,,,0,0.0000,0,False,breadth
2170696,xrp-updown-15m-1778120100,XRP,True,False,False,85.711448,85.711448,0,0,0,0,0,0,,,0,0.0000,0,False,breadth
2170947,will-bitcoin-reach-89k-on-may-6,BTC,True,False,False,759.9725,759.9725000000001,0,0,0,0,0,0,,,0,0.0000,0,False,breadth
2170949,will-bitcoin-reach-88k-on-may-6,BTC,True,False,False,774.970774,774.970774,0,0,0,0,0,0,,,0,0.0000,0,False,breadth
2170951,will-bitcoin-reach-87k-on-may-6,BTC,True,False,False,587.9095000000001,587.9095000000001,0,0,0,0,0,0,,,0,0.0000,0,False,breadth
2170974,will-bitcoin-dip-to-77k-on-may-6,BTC,True,False,False,6480.766666,6480.7666659999995,0,0,0,0,0,0,,,0,0.0000,0,False,breadth
2170979,will-bitcoin-dip-to-74k-on-may-6,BTC,True,False,False,939.98,939.98,0,0,0,0,0,0,,,0,0.0000,0,False,breadth
2170994,will-ethereum-reach-2700-on-may-6,ETH,True,False,False,571.785,571.785,0,0,0,0,0,0,,,0,0.0000,0,False,breadth
2170999,will-ethereum-reach-2550-on-may-6,ETH,True,False,False,8206.525281,8206.525281,0,0,0,0,0,0,,,0,0.0000,0,False,breadth
2171028,will-solana-reach-95-on-may-6,SOL,True,False,False,5671.165665,5671.165665,0,0,0,0,0,0,,,0,0.0000,0,False,breadth
2171031,will-solana-dip-to-80-on-may-6,SOL,True,False,False,630.608875,630.608875,0,0,0,0,0,0,,,0,0.0000,0,False,breadth
2171050,will-xrp-reach-1pt5-on-may-6,XRP,True,False,False,7.569792,7.569792,0,0,0,0,0,0,,,0,0.0000,0,False,breadth
2172089,xrp-updown-5m-1778131200,XRP,True,False,False,9.80392,9.80392,0,0,0,0,0,0,,,0,0.0000,0,False,breadth
2172135,xrp-updown-5m-1778132100,XRP,True,False,False,9.80392,9.80392,0,0,0,0,0,0,,,0,0.0000,0,False,breadth
2172289,eth-updown-5m-1778132700,ETH,True,False,False,5.882349,5.882349,0,0,0,0,0,0,,,0,0.0000,0,False,breadth
2172659,sol-updown-5m-1778135400,SOL,True,False,False,9.2549,9.2549,0,0,0,0,0,0,,,0,0.0000,0,False,breadth
2172860,btc-updown-5m-1778136900,BTC,True,False,False,8.156861,8.156861,0,0,0,0,0,0,,,0,0.0000,0,False,breadth
2172890,btc-updown-5m-1778138100,BTC,True,False,False,7.196077,7.196077,0,0,0,0,0,0,,,0,0.0000,0,False,breadth
2172906,xrp-updown-5m-1778138400,XRP,True,False,False,6.490195,6.490195,0,0,0,0,0,0,,,0,0.0000,0,False,breadth
2172983,eth-updown-5m-1778140200,ETH,True,False,False,5.745097,5.745097,0,0,0,0,0,0,,,0,0.0000,0,False,breadth
2173200,btc-updown-5m-1778143500,BTC,True,False,False,9.88235,9.882349999999999,0,0,0,0,0,0,,,0,0.0000,0,False,breadth
2173877,bitcoin-above-83400-on-may-6-2026-8am-et,BTC,True,False,False,654.996,654.996,0,0,0,0,0,0,,,0,0.0000,0,False,breadth
2174066,bitcoin-above-80800-on-may-6-2026-9am-et,BTC,True,False,False,600.0,600.0,0,0,0,0,0,0,,,0,0.0000,0,False,breadth
2174067,bitcoin-above-81200-on-may-6-2026-9am-et,BTC,True,False,False,691.183333,691.183333,0,0,0,0,0,0,,,0,0.0000,0,False,breadth
2174068,bitcoin-above-81600-on-may-6-2026-9am-et,BTC,True,False,False,630.0,630.0,0,0,0,0,0,0,,,0,0.0000,0,False,breadth
2174412,btc-updown-5m-1778156100,BTC,True,False,False,5.882351,5.882351,0,0,0,0,0,0,,,0,0.0000,0,False,breadth
2174418,btc-updown-5m-1778156400,BTC,True,False,False,9.705881,9.705881,0,0,0,0,0,0,,,0,0.0000,0,False,breadth
2174518,btc-updown-15m-1778157900,BTC,True,False,False,5.392155,5.392155,0,0,0,0,0,0,,,0,0.0000,0,False,breadth
516877,will-ethereum-hit-6000-by-december-31-843-315,ETH,True,True,False,2872478.802856001,9995564.195892,0,0,0,0,0,0,,,0,0.0000,0,False,breadth
528092,will-the-price-of-bitcoin-be-greater-than-87000-on-mar-21,BTC,True,True,False,0.0,998771.151413,0,0,0,0,0,0,,,0,0.0000,0,False,breadth
548476,bitcoin-up-or-down-may-31-4-pm-et-candle,BTC,True,True,False,9966.173415000001,9966.173415,0,0,0,0,0,0,,,0,0.0000,0,False,breadth
552140,xrp-up-or-down-on-june-15,XRP,True,True,False,99656.82192700001,99656.821927,0,0,0,0,0,0,,,0,0.0000,0,False,breadth
554132,bitcoin-up-or-down-june-22-7pm-et,BTC,True,True,False,99643.52515399999,99643.525154,0,0,0,0,0,0,,,0,0.0000,0,False,breadth
556062,megaeth-market-cap-fdv-2b-one-day-after-launch-738-867-649-272-765-733,ETH,True,False,False,2538506.9384070006,8233366.937863094,914,907,7,78,78,78,1761271200000000000,1777849200000000000,4605,0.0169,4528,False,continuity_repair
557715,solana-up-or-down-july-3-9pm-et,SOL,True,True,False,999.947032,999.947032,0,0,0,0,0,0,,,0,0.0000,0,False,breadth
559926,ethereum-up-or-down-july-6-4pm-et,ETH,True,True,False,0.0,9996.197436,0,0,0,0,0,0,,,0,0.0000,0,False,breadth
560038,xrp-up-or-down-july-7-10pm-et,XRP,True,True,False,0.0,998.024857,0,0,0,0,0,0,,,0,0.0000,0,False,breadth
560608,ethereum-up-or-down-july-9-1am-et,ETH,True,True,False,0.0,9976.061034,0,0,0,0,0,0,,,0,0.0000,0,False,breadth
564146,will-ethereum-reach-3300-july-1420-922-778-617-353,ETH,True,True,False,0.0,9990.0,0,0,0,0,0,0,,,0,0.0000,0,False,breadth
564852,xrp-up-or-down-july-20-4pm-et,XRP,True,True,False,9994.572208,9994.572208,0,0,0,0,0,0,,,0,0.0000,0,False,breadth
564889,solana-up-or-down-july-21-8am-et,SOL,True,True,False,9967.955463,9967.955463,0,0,0,0,0,0,,,0,0.0000,0,False,breadth
565882,solana-up-or-down-july-23-6am-et,SOL,True,True,False,9983.559220000001,9983.55922,0,0,0,0,0,0,,,0,0.0000,0,False,breadth
567807,ethereum-up-or-down-july-27-7pm-et,ETH,True,True,False,9980.086947999998,9980.086948,0,0,0,0,0,0,,,0,0.0000,0,False,breadth
570531,solana-up-or-down-august-3-12am-et,SOL,True,True,False,9995.415356,9995.415356,0,0,0,0,0,0,,,0,0.0000,0,False,breadth
570573,xrp-up-or-down-august-3-12pm-et,XRP,True,True,False,9969.925576000001,9969.925576,0,0,0,0,0,0,,,0,0.0000,0,False,breadth
574397,bitcoin-up-or-down-august-14-5pm-et,BTC,True,True,False,99638.17298799999,99638.172988,0,0,0,0,0,0,,,0,0.0000,0,False,breadth
575685,xrp-up-or-down-august-15-8am-et,XRP,True,True,False,9987.875446,9987.875446,0,0,0,0,0,0,,,0,0.0000,0,False,breadth
575918,bitcoin-up-or-down-august-15-4pm-et,BTC,True,True,False,99890.96936999998,99890.96937,0,0,0,0,0,0,,,0,0.0000,0,False,breadth
576474,bitcoin-up-or-down-august-19-2pm-et,BTC,True,True,False,99806.744569,99806.744569,0,0,0,0,0,0,,,0,0.0000,0,False,breadth
577773,bitcoin-up-or-down-august-20-11am-et,BTC,True,True,False,99692.37545700005,99692.375457,0,0,0,0,0,0,,,0,0.0000,0,False,breadth
577839,xrp-up-or-down-august-20-5am-et,XRP,True,True,False,9978.910911,9978.910911,0,0,0,0,0,0,,,0,0.0000,0,False,breadth
578917,ethereum-above-4000-on-august-27,ETH,True,True,False,99711.36831300004,99711.368313,0,0,0,0,0,0,,,0,0.0000,0,False,breadth
582377,bitcoin-above-122k-on-september-3,BTC,True,True,False,9989.208891000006,9989.208891,0,0,0,0,0,0,,,0,0.0000,0,False,breadth
583048,bitcoin-up-or-down-august-31-8pm-et,BTC,True,True,False,99936.56328299997,99936.563283,0,0,0,0,0,0,,,0,0.0000,0,False,breadth
583285,xrp-up-or-down-september-1-5pm-et,XRP,True,True,False,0.0,9974.816631,0,0,0,0,0,0,,,0,0.0000,0,False,breadth
584476,eth-multistrike-4h-1756670400-4450,ETH,True,True,False,9966.431983,9966.431983,0,0,0,0,0,0,,,0,0.0000,0,False,breadth
585067,bitcoin-up-or-down-september-3-6am-et,BTC,True,True,False,99727.04429500006,99727.044295,0,0,0,0,0,0,,,0,0.0000,0,False,breadth
585703,btc-multistrike-4h-1756814400-111pt5k,BTC,True,True,False,998.083332,998.083332,0,0,0,0,0,0,,,0,0.0000,0,False,breadth
585808,solana-up-or-down-september-4-12am-et,SOL,True,True,False,9978.920548000002,9978.920548,0,0,0,0,0,0,,,0,0.0000,0,False,breadth
590632,will-the-price-of-bitcoin-be-less-than-109500-on-september-8-at-4pm-et,BTC,True,True,False,0.0,999.0,0,0,0,0,0,0,,,0,0.0000,0,False,breadth
590633,will-the-price-of-bitcoin-be-between-109500-and-110k-on-september-8-at-4pm-et,BTC,True,True,False,0.0,999.0,0,0,0,0,0,0,,,0,0.0000,0,False,breadth
590634,will-the-price-of-bitcoin-be-between-110k-and-110500-on-september-8-at-4pm-et,BTC,True,True,False,0.0,999.0,0,0,0,0,0,0,,,0,0.0000,0,False,breadth
590640,will-the-price-of-bitcoin-be-between-113k-and-113500-on-september-8-at-4pm-et,BTC,True,True,False,99.81,99.81,0,0,0,0,0,0,,,0,0.0000,0,False,breadth
590642,will-the-price-of-bitcoin-be-greater-than-114k-on-september-8-at-4pm-et,BTC,True,True,False,0.0,999.0,0,0,0,0,0,0,,,0,0.0000,0,False,breadth
590643,eth-multistrike-4h-1757361600-4200,ETH,True,True,False,0.0,999.0,0,0,0,0,0,0,,,0,0.0000,0,False,breadth
590644,eth-multistrike-4h-1757361600-4225,ETH,True,True,False,0.0,999.0,0,0,0,0,0,0,,,0,0.0000,0,False,breadth
590645,eth-multistrike-4h-1757361600-4250,ETH,True,True,False,0.0,999.0,0,0,0,0,0,0,,,0,0.0000,0,False,breadth
590657,sol-multistrike-4h-1757361600-210,SOL,True,True,False,0.0,999.0,0,0,0,0,0,0,,,0,0.0000,0,False,breadth
590665,xrp-multistrike-4h-1757361600-2pt82,XRP,True,True,False,0.0,999.0,0,0,0,0,0,0,,,0,0.0000,0,False,breadth
590666,xrp-multistrike-4h-1757361600-2pt85,XRP,True,True,False,0.0,999.0,0,0,0,0,0,0,,,0,0.0000,0,False,breadth
590667,xrp-multistrike-4h-1757361600-2pt88,XRP,True,True,False,0.0,999.0,0,0,0,0,0,0,,,0,0.0000,0,False,breadth
590668,xrp-multistrike-4h-1757361600-2pt91,XRP,True,True,False,0.0,999.0,0,0,0,0,0,0,,,0,0.0000,0,False,breadth
590709,will-microstrategy-purchase-bitcoin-september-9-15,BTC,True,True,False,99671.22930899999,99671.229309,0,0,0,0,0,0,,,0,0.0000,0,False,breadth
592118,btc-multistrike-4h-1757476800-113k,BTC,True,True,False,0.0,999.28205,0,0,0,0,0,0,,,0,0.0000,0,False,breadth
593590,bitcoin-up-or-down-september-13-6am-et,BTC,True,True,False,99963.78350200003,99963.783502,0,0,0,0,0,0,,,0,0.0000,0,False,breadth
593622,eth-multistrike-4h-1757606400-4475,ETH,True,True,False,9999.753845,9999.753845,0,0,0,0,0,0,,,0,0.0000,0,False,breadth
596924,sol-multistrike-4h-1757822400-246,SOL,True,True,False,0.0,998.714284,0,0,0,0,0,0,,,0,0.0000,0,False,breadth
597541,btc-multistrike-4h-1757880000-116k,BTC,True,True,False,0.0,99.686025,0,0,0,0,0,0,,,0,0.0000,0,False,breadth
597591,will-the-price-of-ethereum-be-between-4575-and-4600-on-september-14-at-4pm-et,ETH,True,True,False,0.0,9.996664,0,0,0,0,0,0,,,0,0.0000,0,False,breadth
600416,solana-up-or-down-september-18-4pm-et,SOL,True,True,False,9982.480781999999,9982.480782,0,0,0,0,0,0,,,0,0.0000,0,False,breadth
600765,sol-multistrike-4h-1758067200-242,SOL,True,True,False,99.99900000000001,99.999,0,0,0,0,0,0,,,0,0.0000,0,False,breadth
601351,will-the-price-of-bitcoin-be-between-116k-and-116500-on-september-17-at-12pm-et,BTC,True,True,False,9977.049997,9977.049997,0,0,0,0,0,0,,,0,0.0000,0,False,breadth
601730,btc-multistrike-4h-1758153600-116pt5k,BTC,True,True,False,9997.043878,9997.043878,0,0,0,0,0,0,,,0,0.0000,0,False,breadth
602149,xrp-up-or-down-september-19-10pm-et,XRP,True,True,False,9983.099265999997,9983.099266,0,0,0,0,0,0,,,0,0.0000,0,False,breadth
603531,btc-up-or-down-15m-1758263400,BTC,True,True,False,0.0,999.205978,0,0,0,0,0,0,,,0,0.0000,0,False,breadth
604062,eth-up-or-down-15m-1758291300,ETH,True,True,False,0.0,99.858787,0,0,0,0,0,0,,,0,0.0000,0,False,breadth
605224,xrp-up-or-down-september-22-5am-et,XRP,True,True,False,9991.868255000001,9991.868255,0,0,0,0,0,0,,,0,0.0000,0,False,breadth
606475,xrp-up-or-down-september-23-9am-et,XRP,True,True,False,9964.170026000003,9964.170026,0,0,0,0,0,0,,,0,0.0000,0,False,breadth
607007,eth-up-or-down-15m-1758510000,ETH,True,True,False,0.0,9.99392,0,0,0,0,0,0,,,0,0.0000,0,False,breadth
607893,will-the-price-of-solana-be-between-180-190-on-september-29,SOL,True,True,False,9977.882734,9977.882734,0,0,0,0,0,0,,,0,0.0000,0,False,breadth
609306,eth-up-or-down-15m-1758619800,ETH,True,True,False,0.0,997.478029,0,0,0,0,0,0,,,0,0.0000,0,False,breadth
612265,btc-multistrike-4h-1758830400-111pt5k,BTC,True,True,False,0.0,998.0,0,0,0,0,0,0,,,0,0.0000,0,False,breadth
613099,btc-multistrike-4h-1758873600-109pt5k,BTC,True,True,False,99.9903,99.9903,0,0,0,0,0,0,,,0,0.0000,0,False,breadth
613101,btc-multistrike-4h-1758873600-110k,BTC,True,True,False,99.99980000000001,99.9998,0,0,0,0,0,0,,,0,0.0000,0,False,breadth
613104,btc-multistrike-4h-1758873600-110pt5k,BTC,True,True,False,99.98920000000001,99.9892,0,0,0,0,0,0,,,0,0.0000,0,False,breadth
618974,will-ethereum-reach-5600-in-october,ETH,True,True,False,968974.8576610029,998599.889847,0,0,0,0,0,0,,,0,0.0000,0,False,breadth
619255,will-the-price-of-solana-be-between-180-190-on-october-8,SOL,True,True,False,998961.6126260001,998961.612626,0,0,0,0,0,0,,,0,0.0000,0,False,breadth
619402,btc-up-or-down-15m-1759356000,BTC,True,True,False,0.0,997.958711,0,0,0,0,0,0,,,0,0.0000,0,False,breadth
623309,btc-up-or-down-15m-1759767300,BTC,True,True,False,0.0,99.826803,0,0,0,0,0,0,,,0,0.0000,0,False,breadth
629845,bitcoin-up-or-down-october-12-3am-et,BTC,True,True,False,99674.85411400003,99674.854114,0,0,0,0,0,0,,,0,0.0000,0,False,breadth
631596,eth-updown-15m-1760172300,ETH,True,True,False,99663.38205500001,99663.382055,0,0,0,0,0,0,,,0,0.0000,0,False,breadth
632586,will-the-price-of-ethereum-be-between-3700-3800-on-october-19,ETH,True,True,False,9989.764812,9989.764812,0,0,0,0,0,0,,,0,0.0000,0,False,breadth
639333,btc-updown-15m-1760834700,BTC,True,True,False,9963.522578000002,9963.522578,0,0,0,0,0,0,,,0,0.0000,0,False,breadth
640647,ethereum-above-4100-on-october-27,ETH,True,True,False,99698.79880899997,99698.798809,0,0,0,0,0,0,,,0,0.0000,0,False,breadth
643405,btc-updown-4h-1761148800,BTC,True,True,False,9998.732284,9998.732284,0,0,0,0,0,0,,,0,0.0000,0,False,breadth
643547,btc-updown-15m-1761120000,BTC,True,True,False,0.0,99708.89587,0,0,0,0,0,0,,,0,0.0000,0,False,breadth
644266,btc-updown-15m-1761133500,BTC,True,True,False,0.0,99719.804964,0,0,0,0,0,0,,,0,0.0000,0,False,breadth
644438,eth-updown-15m-1761152400,ETH,True,True,False,0.0,9993.859126,0,0,0,0,0,0,,,0,0.0000,0,False,breadth
646071,btc-updown-4h-1761220800,BTC,True,True,False,0.0,9975.186628,0,0,0,0,0,0,,,0,0.0000,0,False,breadth
648035,eth-updown-15m-1761330600,ETH,True,True,False,0.0,9.980391,0,0,0,0,0,0,,,0,0.0000,0,False,breadth
648073,xrp-up-or-down-october-26-12pm-et,XRP,True,True,False,9991.218705,9991.218705,0,0,0,0,0,0,,,0,0.0000,0,False,breadth
648732,btc-updown-15m-1761348600,BTC,True,True,False,0.0,9979.870413,0,0,0,0,0,0,,,0,0.0000,0,False,breadth
649345,eth-updown-15m-1761393600,ETH,True,True,False,0.0,9984.598167,0,0,0,0,0,0,,,0,0.0000,0,False,breadth
653183,xrp-updown-15m-1761632100,XRP,True,True,False,0.0,9.980391,0,0,0,0,0,0,,,0,0.0000,0,False,breadth
653185,sol-updown-15m-1761632100,SOL,True,True,False,0.0,9.980391,0,0,0,0,0,0,,,0,0.0000,0,False,breadth
653452,eth-updown-15m-1761648300,ETH,True,True,False,9969.684296,9969.684296,0,0,0,0,0,0,,,0,0.0000,0,False,breadth
653651,xrp-updown-15m-1761665400,XRP,True,True,False,0.0,9.980391,0,0,0,0,0,0,,,0,0.0000,0,False,breadth
653653,sol-updown-15m-1761665400,SOL,True,True,False,0.0,9.980391,0,0,0,0,0,0,,,0,0.0000,0,False,breadth
654002,xrp-updown-15m-1761678000,XRP,True,True,False,0.0,9.980391,0,0,0,0,0,0,,,0,0.0000,0,False,breadth
654290,xrp-updown-15m-1761687900,XRP,True,True,False,0.0,9.980391,0,0,0,0,0,0,,,0,0.0000,0,False,breadth
654321,sol-updown-15m-1761688800,SOL,True,True,False,0.0,9.980391,0,0,0,0,0,0,,,0,0.0000,0,False,breadth
654690,xrp-updown-15m-1761717600,XRP,True,True,False,0.0,9.980391,0,0,0,0,0,0,,,0,0.0000,0,False,breadth
654943,sol-updown-15m-1761743700,SOL,True,True,False,0.0,997.215685,0,0,0,0,0,0,,,0,0.0000,0,False,breadth
655481,btc-updown-15m-1761769800,BTC,True,True,False,0.0,998.197377,0,0,0,0,0,0,,,0,0.0000,0,False,breadth
655603,sol-updown-15m-1761778800,SOL,True,True,False,0.0,9.980391,0,0,0,0,0,0,,,0,0.0000,0,False,breadth
655617,sol-updown-15m-1761780600,SOL,True,True,False,0.0,9.980391,0,0,0,0,0,0,,,0,0.0000,0,False,breadth
657346,xrp-updown-15m-1761866100,XRP,True,True,False,0.0,9.980391,0,0,0,0,0,0,,,0,0.0000,0,False,breadth
657584,xrp-updown-15m-1761886800,XRP,True,True,False,0.0,999.686328,0,0,0,0,0,0,,,0,0.0000,0,False,breadth
658505,xrp-updown-15m-1761948000,XRP,True,True,False,0.0,9.980391,0,0,0,0,0,0,,,0,0.0000,0,False,breadth
658918,sol-updown-15m-1761959700,SOL,True,True,False,0.0,9.980391,0,0,0,0,0,0,,,0,0.0000,0,False,breadth
659614,sol-updown-15m-1762002000,SOL,True,True,False,0.0,9979.225225,0,0,0,0,0,0,,,0,0.0000,0,False,breadth
660020,xrp-updown-15m-1762026300,XRP,True,True,False,0.0,997.941053,0,0,0,0,0,0,,,0,0.0000,0,False,breadth
660122,eth-updown-15m-1762036200,ETH,True,True,False,0.0,998.980391,0,0,0,0,0,0,,,0,0.0000,0,False,breadth
662240,eth-updown-15m-1762199100,ETH,True,True,False,0.0,997.451102,0,0,0,0,0,0,,,0,0.0000,0,False,breadth
664579,bitcoin-up-or-down-november-6-5am-et,BTC,True,True,False,99789.75990899996,99789.759909,0,0,0,0,0,0,,,0,0.0000,0,False,breadth
665258,will-china-unban-bitcoin-by-2027,BTC,True,False,False,71199.99116200006,842710.8621460065,456,456,0,104,91,104,1769648400000000000,1777723200000000000,2243,0.0463,2140,False,continuity_repair
666006,xrp-updown-15m-1762349400,XRP,True,True,False,0.0,999.546707,0,0,0,0,0,0,,,0,0.0000,0,False,breadth
667069,eth-updown-15m-1762389000,ETH,True,True,False,0.0,9990.123606,0,0,0,0,0,0,,,0,0.0000,0,False,breadth
667430,xrp-updown-15m-1762425000,XRP,True,True,False,0.0,9.980391,0,0,0,0,0,0,,,0,0.0000,0,False,breadth
667527,sol-updown-15m-1762441200,SOL,True,True,False,0.0,9.980391,0,0,0,0,0,0,,,0,0.0000,0,False,breadth
668310,xrp-updown-15m-1762468200,XRP,True,True,False,0.0,9.980391,0,0,0,0,0,0,,,0,0.0000,0,False,breadth
668633,solana-up-or-down-november-8-7pm-et,SOL,True,True,False,9989.71987,9989.71987,0,0,0,0,0,0,,,0,0.0000,0,False,breadth
669189,eth-updown-15m-1762524900,ETH,True,True,False,0.0,9988.26455,0,0,0,0,0,0,,,0,0.0000,0,False,breadth
669781,sol-updown-15m-1762546500,SOL,True,True,False,0.0,9.980391,0,0,0,0,0,0,,,0,0.0000,0,False,breadth
671255,xrp-updown-15m-1762629300,XRP,True,True,False,0.0,9.980391,0,0,0,0,0,0,,,0,0.0000,0,False,breadth
672491,bitcoin-up-or-down-november-11-7am-et,BTC,True,True,False,99654.25749800002,99654.257498,0,0,0,0,0,0,,,0,0.0000,0,False,breadth
672988,xrp-updown-15m-1762719300,XRP,True,True,False,0.0,9.980391,0,0,0,0,0,0,,,0,0.0000,0,False,breadth
673669,btc-updown-15m-1762754400,BTC,True,True,False,0.0,99881.649576,0,0,0,0,0,0,,,0,0.0000,0,False,breadth
674599,xrp-above-2pt7-on-november-17,XRP,True,True,False,9972.707,9972.707,0,0,0,0,0,0,,,0,0.0000,0,False,breadth
675091,btc-updown-15m-1762827300,BTC,True,True,False,99935.30199100001,99935.301991,0,0,0,0,0,0,,,0,0.0000,0,False,breadth
675380,xrp-updown-15m-1762857000,XRP,True,True,False,0.0,9.980391,0,0,0,0,0,0,,,0,0.0000,0,False,breadth
675395,xrp-updown-15m-1762870500,XRP,True,True,False,0.0,9.980391,0,0,0,0,0,0,,,0,0.0000,0,False,breadth
675727,solana-up-or-down-november-12-9pm-et,SOL,True,True,False,9980.680044,9980.680044,0,0,0,0,0,0,,,0,0.0000,0,False,breadth
676844,bitcoin-more-valuable-than-any-company-before-2027,BTC,True,False,False,0.0,6668.102826,0,0,0,0,0,0,,,0,0.0000,0,False,breadth
677154,sol-updown-15m-1762977600,SOL,True,True,False,0.0,9.980391,0,0,0,0,0,0,,,0,0.0000,0,False,breadth
677262,sol-updown-15m-1762982100,SOL,True,True,False,0.0,9.980391,0,0,0,0,0,0,,,0,0.0000,0,False,breadth
678126,solana-up-or-down-november-14-10am-et,SOL,True,True,False,9966.692748000003,9966.692748,0,0,0,0,0,0,,,0,0.0000,0,False,breadth
679849,sol-updown-4h-1763082000,SOL,True,True,False,0.0,99.982856,0,0,0,0,0,0,,,0,0.0000,0,False,breadth
680197,xrp-updown-15m-1763117100,XRP,True,True,False,0.0,999.16309,0,0,0,0,0,0,,,0,0.0000,0,False,breadth
680673,ethereum-above-3300-on-november-20,ETH,True,True,False,99697.71332499993,99697.713325,0,0,0,0,0,0,,,0,0.0000,0,False,breadth
680675,ethereum-above-3400-on-november-20,ETH,True,True,False,99666.11471399998,99666.114714,0,0,0,0,0,0,,,0,0.0000,0,False,breadth
681358,xrp-updown-15m-1763158500,XRP,True,True,False,0.0,9.980391,0,0,0,0,0,0,,,0,0.0000,0,False,breadth
681904,xrp-up-or-down-november-16-8am-et,XRP,True,True,False,0.0,9979.330522,0,0,0,0,0,0,,,0,0.0000,0,False,breadth
683550,eth-updown-15m-1763265600,ETH,True,True,False,0.0,9970.388064,0,0,0,0,0,0,,,0,0.0000,0,False,breadth
684502,xrp-updown-15m-1763318700,XRP,True,True,False,0.0,998.173111,0,0,0,0,0,0,,,0,0.0000,0,False,breadth
684605,sol-updown-15m-1763326800,SOL,True,True,False,0.0,997.238808,0,0,0,0,0,0,,,0,0.0000,0,False,breadth
689504,sol-updown-4h-1763571600,SOL,True,True,False,999.105986,999.105986,0,0,0,0,0,0,,,0,0.0000,0,False,breadth
690138,xrp-updown-15m-1763577900,XRP,True,True,False,0.0,999.318937,0,0,0,0,0,0,,,0,0.0000,0,False,breadth
691712,will-the-price-of-solana-be-between-110-120-on-november-26,SOL,True,True,False,99756.483172,99756.483172,0,0,0,0,0,0,,,0,0.0000,0,False,breadth
692258,microstrategy-sells-any-bitcoin-by-june-30-2026,BTC,True,False,False,139299.21556099996,998871.1045009972,39,39,0,11,11,11,1769115600000000000,1777986000000000000,2464,0.0045,2454,True,depth
699496,eth-updown-4h-1764032400,ETH,True,True,False,0.0,998.90673,0,0,0,0,0,0,,,0,0.0000,0,False,breadth
699799,will-solana-reach-190-november-24-30,SOL,True,True,False,9978.502408,9978.502408,0,0,0,0,0,0,,,0,0.0000,0,False,breadth
700006,btc-updown-15m-1764064800,BTC,True,True,False,99671.02606999988,99671.02607,0,0,0,0,0,0,,,0,0.0000,0,False,breadth
701491,will-bitcoin-reach-150000-by-december-31-2026-557-246-971,BTC,True,False,False,103635.63775800004,879192.8704900017,98,98,0,24,24,24,1767261600000000000,1777554000000000000,2859,0.0084,2836,False,continuity_repair
701492,will-bitcoin-reach-140000-by-december-31-2026-131-829-299,BTC,True,False,False,75899.327544,801680.6764410023,100,100,0,44,44,44,1770307200000000000,1777449600000000000,1984,0.0222,1941,False,continuity_repair
701493,will-bitcoin-reach-130000-by-december-31-2026-756-151-855,BTC,True,False,False,191636.08892299983,915302.8699460017,91,91,0,16,16,16,1767355200000000000,1777363200000000000,2780,0.0058,2765,False,depth
701494,will-bitcoin-reach-120000-by-december-31-2026-625-425-562,BTC,True,False,False,126743.10732700003,700501.5097659975,135,135,0,26,26,26,1770462000000000000,1777370400000000000,1919,0.0135,1894,False,continuity_repair
701495,will-bitcoin-reach-110000-by-december-31-2026-658-339-969,BTC,True,False,False,190463.81816499995,840235.6924849991,322,322,0,37,37,37,1769810400000000000,1777762800000000000,2209,0.0167,2173,False,continuity_repair
701504,will-bitcoin-dip-to-25000-by-december-31-2026-948-243-253-666-115-787-981-282-573-719-186-417-762-754-486-851-278-145,BTC,True,False,False,132372.28873799997,762440.0941839997,125,125,0,21,21,21,1766790000000000000,1777431600000000000,2956,0.0071,2936,False,depth
701512,eth-updown-15m-1764097200,ETH,True,True,False,0.0,9999.314073,0,0,0,0,0,0,,,0,0.0000,0,False,breadth
701552,will-ethereum-dip-to-1500-by-december-31-2026,ETH,True,False,False,216910.30691399972,844015.5373290009,403,403,0,51,51,51,1768478400000000000,1777968000000000000,2636,0.0193,2586,True,continuity_repair
701565,will-solana-reach-320-by-december-31-2026,SOL,True,False,False,7573.143566000001,67999.34129000001,4,4,0,4,4,4,1776960000000000000,1777395600000000000,121,0.0328,118,False,depth
701578,will-solana-dip-to-60-by-december-31-2026,SOL,True,False,False,21841.555635,73788.38069400005,11,11,0,6,6,6,1768402800000000000,1776524400000000000,2256,0.0027,2251,False,depth
701579,will-solana-dip-to-40-by-december-31-2026,SOL,True,False,False,14220.936107,60339.10852199999,36,36,0,16,16,16,1769032800000000000,1776441600000000000,2058,0.0078,2043,False,depth
701580,will-solana-dip-to-20-by-december-31-2026,SOL,True,False,False,12662.208484,90227.08753599993,12,12,0,8,8,8,1770811200000000000,1776711600000000000,1639,0.0049,1632,False,depth
701588,will-xrp-reach-4pt20-by-december-31-2026,XRP,True,False,False,3225.602167,7922.939308,0,0,0,0,0,0,,,0,0.0000,0,False,breadth
701589,will-xrp-reach-4pt00-by-december-31-2026,XRP,True,False,False,0.0,618.1622210000002,0,0,0,0,0,0,,,0,0.0000,0,False,breadth
701591,will-xrp-reach-3pt60-by-december-31-2026,XRP,True,False,False,0.0,578.366704,0,0,0,0,0,0,,,0,0.0000,0,False,breadth
701605,will-xrp-dip-to-0pt60-by-december-31-2026,XRP,True,False,False,0.0,8108.015201000002,0,0,0,0,0,0,,,0,0.0000,0,False,breadth
701791,will-ethena-reach-1pt20-by-december-31-2026,ETH,True,False,False,819.6729770000001,9676.783123999996,0,0,0,0,0,0,,,0,0.0000,0,False,breadth
701799,will-ethena-reach-0pt40-by-december-31-2026,ETH,True,False,False,0.0,60.58,0,0,0,0,0,0,,,0,0.0000,0,False,breadth
702501,xrp-updown-15m-1764135900,XRP,True,True,False,0.0,9968.963363,0,0,0,0,0,0,,,0,0.0000,0,False,breadth
705831,will-the-price-of-bitcoin-be-between-88000-90000-on-december-3,BTC,True,True,False,99934.42941699995,99934.429417,0,0,0,0,0,0,,,0,0.0000,0,False,breadth
707031,will-solstice-launch-a-token-by-june-30-2026,SOL,True,False,False,34169.285655,66401.16832199998,45,45,0,20,20,20,1773144000000000000,1777305600000000000,1156,0.0173,1137,False,depth
707166,eth-updown-15m-1764280800,ETH,True,True,False,0.0,9970.520037,0,0,0,0,0,0,,,0,0.0000,0,False,breadth
735254,will-the-price-of-ethereum-be-between-3000-3100-on-december-5,ETH,True,True,False,99811.81409199996,99811.814092,0,0,0,0,0,0,,,0,0.0000,0,False,breadth
788021,solana-above-80-on-december-8,SOL,True,True,False,9973.176800000001,9973.1768,0,0,0,0,0,0,,,0,0.0000,0,False,breadth
788030,solana-above-160-on-december-8,SOL,True,True,False,9965.551727,9965.551727,0,0,0,0,0,0,,,0,0.0000,0,False,breadth
812968,xrp-updown-15m-1764883800,XRP,True,True,False,9984.015458999997,9984.015459,0,0,0,0,0,0,,,0,0.0000,0,False,breadth
817069,xrp-updown-15m-1764917100,XRP,True,True,False,0.0,997.277398,0,0,0,0,0,0,,,0,0.0000,0,False,breadth
819473,bitcoin-up-or-down-december-6-8am-et,BTC,True,True,False,99835.00644700007,99835.006447,0,0,0,0,0,0,,,0,0.0000,0,False,breadth
824952,microstrategy-sells-any-bitcoin-by-december-31-2026,BTC,True,False,False,223569.27529300007,677385.8392240005,371,371,0,41,41,41,1768507200000000000,1777903200000000000,2610,0.0157,2570,True,continuity_repair
828821,btc-updown-15m-1764996300,BTC,True,True,False,99756.11717100003,99756.117171,0,0,0,0,0,0,,,0,0.0000,0,False,breadth
865873,xrp-updown-15m-1765119600,XRP,True,True,False,0.0,998.477754,0,0,0,0,0,0,,,0,0.0000,0,False,breadth
872377,xrp-updown-15m-1765152000,XRP,True,True,False,0.0,999.616341,0,0,0,0,0,0,,,0,0.0000,0,False,breadth
895375,xrp-updown-15m-1765291500,XRP,True,True,False,0.0,9993.315204,0,0,0,0,0,0,,,0,0.0000,0,False,breadth
900300,sol-updown-15m-1765345500,SOL,True,True,False,0.0,998.957041,0,0,0,0,0,0,,,0,0.0000,0,False,breadth
905120,xrp-updown-15m-1765420200,XRP,True,True,False,9976.786207,9976.786207,0,0,0,0,0,0,,,0,0.0000,0,False,breadth
909767,solstice-fdv-above-200m-one-day-after-launch,SOL,True,False,False,51121.765111999994,87601.2873679999,44,44,0,12,12,12,1776171600000000000,1777392000000000000,339,0.0353,328,False,depth
909769,solstice-fdv-above-400m-one-day-after-launch,SOL,True,False,False,16509.683797,59138.061980999984,0,0,0,0,0,0,,,0,0.0000,0,False,breadth
913404,eth-updown-15m-1765545300,ETH,True,True,False,0.0,9965.334843,0,0,0,0,0,0,,,0,0.0000,0,False,breadth
915871,btc-updown-15m-1765570500,BTC,True,True,False,0.0,9973.64114,0,0,0,0,0,0,,,0,0.0000,0,False,breadth
915872,sol-updown-15m-1765570500,SOL,True,True,False,0.0,9977.89064,0,0,0,0,0,0,,,0,0.0000,0,False,breadth
918289,solana-up-or-down-december-13-11pm-et,SOL,True,True,False,0.0,9968.125634,0,0,0,0,0,0,,,0,0.0000,0,False,breadth
921956,will-the-average-monthly-ethereum-gas-price-hit-5-gwei-before-2027,ETH,True,False,False,0.0,761.9953350000002,0,0,0,0,0,0,,,0,0.0000,0,False,breadth
924475,bitcoin-up-or-down-december-15-12am-et,BTC,True,True,False,0.0,99900.85389,0,0,0,0,0,0,,,0,0.0000,0,False,breadth
942113,xrp-updown-15m-1765912500,XRP,True,True,False,9964.930661,9964.930661,0,0,0,0,0,0,,,0,0.0000,0,False,breadth
948957,bitcoin-all-time-high-by-september-30-2026,BTC,True,False,False,294646.5489489999,680700.2757069997,130,130,0,24,24,24,1770811200000000000,1777442400000000000,1842,0.0130,1819,False,continuity_repair
948958,bitcoin-all-time-high-by-december-31-2026,BTC,True,False,False,216973.3687790001,868194.5327359984,124,124,0,37,37,37,1770307200000000000,1777726800000000000,2061,0.0179,2025,False,continuity_repair
949349,xrp-up-or-down-on-december-18,XRP,True,True,False,9967.766958999997,9967.766959,0,0,0,0,0,0,,,0,0.0000,0,False,breadth
955802,xrp-all-time-high-by-september-30-2026,XRP,True,False,False,0.0,6552.271120999998,0,0,0,0,0,0,,,0,0.0000,0,False,breadth
955803,xrp-all-time-high-by-december-31-2026,XRP,True,False,False,0.0,7407.404342999998,0,0,0,0,0,0,,,0,0.0000,0,False,breadth
959545,xrp-updown-15m-1766099700,XRP,True,True,False,0.0,9982.764854,0,0,0,0,0,0,,,0,0.0000,0,False,breadth
964128,sol-updown-15m-1766160900,SOL,True,True,False,9984.284016,9984.284016,0,0,0,0,0,0,,,0,0.0000,0,False,breadth
964389,will-the-price-of-ethereum-be-between-2500-2600-on-december-25,ETH,True,True,False,99884.670602,99884.670602,0,0,0,0,0,0,,,0,0.0000,0,False,breadth
965261,megaeth-market-cap-fdv-1b-one-day-after-launch-gj9e-189-291-824-352,ETH,True,False,False,2961297.1768940026,5623360.992217965,729,729,0,79,74,79,1766314800000000000,1777680000000000000,3157,0.0250,3079,False,continuity_repair
971397,xrp-updown-15m-1766232900,XRP,True,True,False,0.0,9986.957919,0,0,0,0,0,0,,,0,0.0000,0,False,breadth
975218,sol-updown-15m-1766276100,SOL,True,True,False,9988.286133000001,9988.286133,0,0,0,0,0,0,,,0,0.0000,0,False,breadth
989453,will-the-price-of-ethereum-be-between-2700-2800-on-december-28,ETH,True,True,False,9980.349293999998,9980.349294,0,0,0,0,0,0,,,0,0.0000,0,False,breadth
994886,sol-updown-15m-1766508300,SOL,True,True,False,9967.465526000002,9967.465526,0,0,0,0,0,0,,,0,0.0000,0,False,breadth
