asset,market_id,market_slug,token_id,lag_hours,signal_time_ns,entry_time_ns,exit_time_ns,side,notional_usd,probability_change,gross_return,net_return,pnl_usd
BTC,692258,microstrategy-sells-any-bitcoin-by-june-30-2026,110251828161543119357013227499774714771527179764174739487025581227481937033858,1,1774692000000000000,1774695600000000000,1774699200000000000,-1,10.0,0.0015000000000000013,-0.0020449499973385077,-0.006044949997338508,-0.06044949997338508
BTC,692258,microstrategy-sells-any-bitcoin-by-june-30-2026,110251828161543119357013227499774714771527179764174739487025581227481937033858,1,1774753200000000000,1774756800000000000,1774760400000000000,1,10.0,-0.0015000000000000013,0.0005514336225262984,-0.0034485663774737017,-0.03448566377473702
BTC,692258,microstrategy-sells-any-bitcoin-by-june-30-2026,110251828161543119357013227499774714771527179764174739487025581227481937033858,1,1774767600000000000,1774771200000000000,1774774800000000000,1,10.0,-0.003499999999999996,-0.0013486901264913032,-0.005348690126491303,-0.05348690126491303
BTC,692258,microstrategy-sells-any-bitcoin-by-june-30-2026,110251828161543119357013227499774714771527179764174739487025581227481937033858,1,1774832400000000000,1774836000000000000,1774839600000000000,1,10.0,-0.0030000000000000027,0.000786489952997016,-0.003213510047002984,-0.03213510047002984
BTC,692258,microstrategy-sells-any-bitcoin-by-june-30-2026,110251828161543119357013227499774714771527179764174739487025581227481937033858,1,1774857600000000000,1774861200000000000,1774864800000000000,-1,10.0,0.0020000000000000018,0.0001026735724152239,-0.003897326427584776,-0.03897326427584776
BTC,692258,microstrategy-sells-any-bitcoin-by-june-30-2026,110251828161543119357013227499774714771527179764174739487025581227481937033858,1,1774886400000000000,1774890000000000000,1774893600000000000,-1,10.0,0.0010000000000000009,0.0026120779876465106,-0.0013879220123534895,-0.013879220123534895
BTC,692258,microstrategy-sells-any-bitcoin-by-june-30-2026,110251828161543119357013227499774714771527179764174739487025581227481937033858,1,1774911600000000000,1774915200000000000,1774918800000000000,1,10.0,-0.0010000000000000009,0.010858556363568583,0.006858556363568583,0.06858556363568583
BTC,692258,microstrategy-sells-any-bitcoin-by-june-30-2026,110251828161543119357013227499774714771527179764174739487025581227481937033858,1,1774969200000000000,1774972800000000000,1774976400000000000,-1,10.0,0.0010000000000000009,0.0020553948721238058,-0.0019446051278761943,-0.019446051278761943
BTC,692258,microstrategy-sells-any-bitcoin-by-june-30-2026,110251828161543119357013227499774714771527179764174739487025581227481937033858,1,1775055600000000000,1775059200000000000,1775062800000000000,-1,10.0,0.0015000000000000013,0.00798821907703895,0.003988219077038949,0.03988219077038949
BTC,692258,microstrategy-sells-any-bitcoin-by-june-30-2026,110251828161543119357013227499774714771527179764174739487025581227481937033858,1,1775142000000000000,1775145600000000000,1775149200000000000,1,10.0,-0.0010000000000000009,-0.006210369195710386,-0.010210369195710386,-0.10210369195710386
BTC,692258,microstrategy-sells-any-bitcoin-by-june-30-2026,110251828161543119357013227499774714771527179764174739487025581227481937033858,1,1775214000000000000,1775217600000000000,1775221200000000000,1,10.0,-0.0015000000000000013,-0.0007517742231366586,-0.004751774223136659,-0.04751774223136659
BTC,692258,microstrategy-sells-any-bitcoin-by-june-30-2026,110251828161543119357013227499774714771527179764174739487025581227481937033858,1,1775242800000000000,1775246400000000000,1775250000000000000,1,10.0,-0.0024999999999999988,0.0019785438049271242,-0.002021456195072876,-0.02021456195072876
BTC,692258,microstrategy-sells-any-bitcoin-by-june-30-2026,110251828161543119357013227499774714771527179764174739487025581227481937033858,1,1775250000000000000,1775253600000000000,1775257200000000000,-1,10.0,0.002999999999999999,-0.001129337724305346,-0.005129337724305346,-0.05129337724305346
BTC,692258,microstrategy-sells-any-bitcoin-by-june-30-2026,110251828161543119357013227499774714771527179764174739487025581227481937033858,1,1775286000000000000,1775289600000000000,1775293200000000000,1,10.0,-0.0010000000000000009,0.0007178069913356122,-0.003282193008664388,-0.03282193008664388
BTC,692258,microstrategy-sells-any-bitcoin-by-june-30-2026,110251828161543119357013227499774714771527179764174739487025581227481937033858,1,1775322000000000000,1775325600000000000,1775329200000000000,-1,10.0,0.0025000000000000022,0.00010476188070318582,-0.0038952381192968143,-0.03895238119296814
BTC,692258,microstrategy-sells-any-bitcoin-by-june-30-2026,110251828161543119357013227499774714771527179764174739487025581227481937033858,1,1775491200000000000,1775494800000000000,1775498400000000000,1,10.0,-0.0045000000000000005,0.004518314942764334,0.0005183149427643342,0.005183149427643342
BTC,692258,microstrategy-sells-any-bitcoin-by-june-30-2026,110251828161543119357013227499774714771527179764174739487025581227481937033858,1,1775649600000000000,1775653200000000000,1775656800000000000,-1,10.0,0.0010000000000000009,0.009596786369163723,0.005596786369163723,0.05596786369163723
BTC,692258,microstrategy-sells-any-bitcoin-by-june-30-2026,110251828161543119357013227499774714771527179764174739487025581227481937033858,1,1775689200000000000,1775692800000000000,1775696400000000000,1,10.0,-0.0010000000000000009,0.001601203126434081,-0.002398796873565919,-0.02398796873565919
BTC,692258,microstrategy-sells-any-bitcoin-by-june-30-2026,110251828161543119357013227499774714771527179764174739487025581227481937033858,1,1775728800000000000,1775732400000000000,1775736000000000000,-1,10.0,0.0010000000000000009,-0.001819531843704647,-0.005819531843704647,-0.05819531843704647
BTC,692258,microstrategy-sells-any-bitcoin-by-june-30-2026,110251828161543119357013227499774714771527179764174739487025581227481937033858,1,1775862000000000000,1775865600000000000,1775869200000000000,-1,10.0,0.0010000000000000009,-0.001729681901653235,-0.005729681901653235,-0.05729681901653235
BTC,692258,microstrategy-sells-any-bitcoin-by-june-30-2026,110251828161543119357013227499774714771527179764174739487025581227481937033858,1,1776052800000000000,1776056400000000000,1776060000000000000,-1,10.0,0.0045000000000000005,-0.0019588362221605315,-0.005958836222160532,-0.059588362221605316
BTC,692258,microstrategy-sells-any-bitcoin-by-june-30-2026,110251828161543119357013227499774714771527179764174739487025581227481937033858,1,1776067200000000000,1776070800000000000,1776074400000000000,1,10.0,-0.0010000000000000009,-0.0005226514304828012,-0.004522651430482801,-0.04522651430482801
BTC,692258,microstrategy-sells-any-bitcoin-by-june-30-2026,110251828161543119357013227499774714771527179764174739487025581227481937033858,1,1776153600000000000,1776157200000000000,1776160800000000000,-1,10.0,0.0015000000000000013,0.002013288590604123,-0.001986711409395877,-0.01986711409395877
BTC,692258,microstrategy-sells-any-bitcoin-by-june-30-2026,110251828161543119357013227499774714771527179764174739487025581227481937033858,1,1776189600000000000,1776193200000000000,1776196800000000000,-1,10.0,0.001999999999999995,0.0016287364675025007,-0.0023712635324974994,-0.023712635324974994
BTC,692258,microstrategy-sells-any-bitcoin-by-june-30-2026,110251828161543119357013227499774714771527179764174739487025581227481937033858,1,1776258000000000000,1776261600000000000,1776265200000000000,1,10.0,-0.005999999999999998,-0.004149999844912711,-0.00814999984491271,-0.08149999844912711
BTC,692258,microstrategy-sells-any-bitcoin-by-june-30-2026,110251828161543119357013227499774714771527179764174739487025581227481937033858,1,1776279600000000000,1776283200000000000,1776286800000000000,1,10.0,-0.0019999999999999983,-0.001317180480181479,-0.005317180480181479,-0.05317180480181479
BTC,692258,microstrategy-sells-any-bitcoin-by-june-30-2026,110251828161543119357013227499774714771527179764174739487025581227481937033858,1,1776286800000000000,1776290400000000000,1776294000000000000,-1,10.0,0.0010000000000000009,0.0020544528040125076,-0.0019455471959874925,-0.019455471959874925
BTC,692258,microstrategy-sells-any-bitcoin-by-june-30-2026,110251828161543119357013227499774714771527179764174739487025581227481937033858,1,1776362400000000000,1776366000000000000,1776369600000000000,1,10.0,-0.0010000000000000009,-0.0015863453255572368,-0.005586345325557237,-0.05586345325557237
BTC,692258,microstrategy-sells-any-bitcoin-by-june-30-2026,110251828161543119357013227499774714771527179764174739487025581227481937033858,1,1776409200000000000,1776412800000000000,1776416400000000000,1,10.0,-0.0015000000000000013,-5.146450835935568e-06,-0.004005146450835936,-0.040051464508359357
BTC,692258,microstrategy-sells-any-bitcoin-by-june-30-2026,110251828161543119357013227499774714771527179764174739487025581227481937033858,1,1776423600000000000,1776427200000000000,1776430800000000000,1,10.0,-0.0010000000000000009,0.014522179028649607,0.010522179028649607,0.10522179028649606
BTC,692258,microstrategy-sells-any-bitcoin-by-june-30-2026,110251828161543119357013227499774714771527179764174739487025581227481937033858,1,1776474000000000000,1776477600000000000,1776481200000000000,-1,10.0,0.005499999999999998,0.0037138134453372773,-0.0002861865546627228,-0.0028618655466272278
BTC,692258,microstrategy-sells-any-bitcoin-by-june-30-2026,110251828161543119357013227499774714771527179764174739487025581227481937033858,1,1776484800000000000,1776488400000000000,1776492000000000000,1,10.0,-0.0019999999999999983,1.7501859734592173e-05,-0.003982498140265408,-0.03982498140265408
BTC,692258,microstrategy-sells-any-bitcoin-by-june-30-2026,110251828161543119357013227499774714771527179764174739487025581227481937033858,1,1776488400000000000,1776492000000000000,1776495600000000000,-1,10.0,0.0019999999999999983,0.0017917701473020298,-0.0022082298526979703,-0.022082298526979703
BTC,692258,microstrategy-sells-any-bitcoin-by-june-30-2026,110251828161543119357013227499774714771527179764174739487025581227481937033858,1,1776520800000000000,1776524400000000000,1776528000000000000,1,10.0,-0.0010000000000000009,-0.0029407617490645466,-0.006940761749064547,-0.06940761749064547
BTC,692258,microstrategy-sells-any-bitcoin-by-june-30-2026,110251828161543119357013227499774714771527179764174739487025581227481937033858,1,1776524400000000000,1776528000000000000,1776531600000000000,1,10.0,-0.0024999999999999988,-0.0015121798024450017,-0.005512179802445002,-0.05512179802445002
BTC,692258,microstrategy-sells-any-bitcoin-by-june-30-2026,110251828161543119357013227499774714771527179764174739487025581227481937033858,1,1776549600000000000,1776553200000000000,1776556800000000000,-1,10.0,0.0020000000000000018,-1.6514347136231677e-05,-0.004016514347136232,-0.04016514347136232
BTC,692258,microstrategy-sells-any-bitcoin-by-june-30-2026,110251828161543119357013227499774714771527179764174739487025581227481937033858,1,1776715200000000000,1776718800000000000,1776722400000000000,-1,10.0,0.0010000000000000009,-0.00025712691155033163,-0.004257126911550332,-0.04257126911550332
BTC,692258,microstrategy-sells-any-bitcoin-by-june-30-2026,110251828161543119357013227499774714771527179764174739487025581227481937033858,1,1776744000000000000,1776747600000000000,1776751200000000000,1,10.0,-0.002999999999999999,0.002270520566739709,-0.0017294794332602913,-0.017294794332602913
BTC,692258,microstrategy-sells-any-bitcoin-by-june-30-2026,110251828161543119357013227499774714771527179764174739487025581227481937033858,1,1776758400000000000,1776762000000000000,1776765600000000000,1,10.0,-0.0010000000000000009,0.005023914140359187,0.0010239141403591868,0.010239141403591868
BTC,692258,microstrategy-sells-any-bitcoin-by-june-30-2026,110251828161543119357013227499774714771527179764174739487025581227481937033858,1,1776808800000000000,1776812400000000000,1776816000000000000,-1,10.0,0.0010000000000000009,-0.0004493283981443774,-0.0044493283981443775,-0.044493283981443775
BTC,692258,microstrategy-sells-any-bitcoin-by-june-30-2026,110251828161543119357013227499774714771527179764174739487025581227481937033858,1,1776816000000000000,1776819600000000000,1776823200000000000,-1,10.0,0.0010000000000000009,-0.01712653242896711,-0.021126532428967112,-0.21126532428967112
BTC,692258,microstrategy-sells-any-bitcoin-by-june-30-2026,110251828161543119357013227499774714771527179764174739487025581227481937033858,1,1776830400000000000,1776834000000000000,1776837600000000000,-1,10.0,0.0014999999999999979,-0.00020244905662458734,-0.004202449056624587,-0.042024490566245874
BTC,692258,microstrategy-sells-any-bitcoin-by-june-30-2026,110251828161543119357013227499774714771527179764174739487025581227481937033858,1,1776866400000000000,1776870000000000000,1776873600000000000,1,10.0,-0.0010000000000000009,-0.006677061139431006,-0.010677061139431007,-0.10677061139431007
BTC,692258,microstrategy-sells-any-bitcoin-by-june-30-2026,110251828161543119357013227499774714771527179764174739487025581227481937033858,1,1777046400000000000,1777050000000000000,1777053600000000000,1,10.0,-0.0015000000000000013,-0.0008170520448120833,-0.004817052044812083,-0.048170520448120834
BTC,692258,microstrategy-sells-any-bitcoin-by-june-30-2026,110251828161543119357013227499774714771527179764174739487025581227481937033858,1,1777078800000000000,1777082400000000000,1777086000000000000,1,10.0,-0.0010000000000000009,0.000918335528129921,-0.003081664471870079,-0.03081664471870079
BTC,692258,microstrategy-sells-any-bitcoin-by-june-30-2026,110251828161543119357013227499774714771527179764174739487025581227481937033858,1,1777114800000000000,1777118400000000000,1777122000000000000,1,10.0,-0.0010000000000000009,0.0017348499441831589,-0.0022651500558168412,-0.022651500558168412
BTC,692258,microstrategy-sells-any-bitcoin-by-june-30-2026,110251828161543119357013227499774714771527179764174739487025581227481937033858,1,1777298400000000000,1777302000000000000,1777305600000000000,-1,10.0,0.0025000000000000022,0.0022723398680792872,-0.0017276601319207129,-0.01727660131920713
BTC,948957,bitcoin-all-time-high-by-september-30-2026,50388900663189748675936681554126016850520413670342348778716337126803310768728,1,1774652400000000000,1774656000000000000,1774659600000000000,-1,10.0,0.0050000000000000044,0.003803915458844398,-0.00019608454115560212,-0.001960845411556021
BTC,948957,bitcoin-all-time-high-by-september-30-2026,50388900663189748675936681554126016850520413670342348778716337126803310768728,1,1774666800000000000,1774670400000000000,1774674000000000000,1,10.0,-0.0050000000000000044,0.0008582634293936575,-0.0031417365706063426,-0.031417365706063426
BTC,948957,bitcoin-all-time-high-by-september-30-2026,50388900663189748675936681554126016850520413670342348778716337126803310768728,1,1774724400000000000,1774728000000000000,1774731600000000000,-1,10.0,0.0050000000000000044,0.0032952201596269104,-0.0007047798403730897,-0.007047798403730897
BTC,948957,bitcoin-all-time-high-by-september-30-2026,50388900663189748675936681554126016850520413670342348778716337126803310768728,1,1774735200000000000,1774738800000000000,1774742400000000000,1,10.0,-0.0050000000000000044,0.0016707586946869135,-0.0023292413053130866,-0.023292413053130866
BTC,948957,bitcoin-all-time-high-by-september-30-2026,50388900663189748675936681554126016850520413670342348778716337126803310768728,1,1774810800000000000,1774814400000000000,1774818000000000000,1,10.0,-0.0050000000000000044,0.0014421882470738723,-0.002557811752926128,-0.025578117529261278
BTC,948957,bitcoin-all-time-high-by-september-30-2026,50388900663189748675936681554126016850520413670342348778716337126803310768728,1,1774864800000000000,1774868400000000000,1774872000000000000,-1,10.0,0.0050000000000000044,-0.0032378626324145454,-0.0072378626324145455,-0.07237862632414546
BTC,948957,bitcoin-all-time-high-by-september-30-2026,50388900663189748675936681554126016850520413670342348778716337126803310768728,1,1774933200000000000,1774936800000000000,1774940400000000000,1,10.0,-0.0050000000000000044,-0.0018544186532352125,-0.005854418653235213,-0.058544186532352126
BTC,948957,bitcoin-all-time-high-by-september-30-2026,50388900663189748675936681554126016850520413670342348778716337126803310768728,1,1774976400000000000,1774980000000000000,1774983600000000000,-1,10.0,0.0050000000000000044,0.00022474708584085956,-0.0037752529141591405,-0.037752529141591405
BTC,948957,bitcoin-all-time-high-by-september-30-2026,50388900663189748675936681554126016850520413670342348778716337126803310768728,1,1775019600000000000,1775023200000000000,1775026800000000000,1,10.0,-0.009999999999999995,-0.005945485605875933,-0.009945485605875933,-0.09945485605875934
BTC,948957,bitcoin-all-time-high-by-september-30-2026,50388900663189748675936681554126016850520413670342348778716337126803310768728,1,1775142000000000000,1775145600000000000,1775149200000000000,1,10.0,-0.0050000000000000044,-0.006210369195710386,-0.010210369195710386,-0.10210369195710386
BTC,948957,bitcoin-all-time-high-by-september-30-2026,50388900663189748675936681554126016850520413670342348778716337126803310768728,1,1775311200000000000,1775314800000000000,1775318400000000000,1,10.0,-0.0050000000000000044,-0.00025198987410313123,-0.004251989874103131,-0.04251989874103131
BTC,948957,bitcoin-all-time-high-by-september-30-2026,50388900663189748675936681554126016850520413670342348778716337126803310768728,1,1775408400000000000,1775412000000000000,1775415600000000000,1,10.0,-0.009999999999999995,-0.0007827776457574043,-0.004782777645757404,-0.047827776457574044
BTC,948957,bitcoin-all-time-high-by-september-30-2026,50388900663189748675936681554126016850520413670342348778716337126803310768728,1,1775466000000000000,1775469600000000000,1775473200000000000,-1,10.0,0.0050000000000000044,0.0022354598365392775,-0.0017645401634607226,-0.017645401634607226
BTC,948957,bitcoin-all-time-high-by-september-30-2026,50388900663189748675936681554126016850520413670342348778716337126803310768728,1,1775541600000000000,1775545200000000000,1775548800000000000,1,10.0,-0.0050000000000000044,0.0045479311284974955,0.0005479311284974954,0.005479311284974954
BTC,948957,bitcoin-all-time-high-by-september-30-2026,50388900663189748675936681554126016850520413670342348778716337126803310768728,1,1775581200000000000,1775584800000000000,1775588400000000000,-1,10.0,0.009999999999999995,-0.008310037633033174,-0.012310037633033174,-0.12310037633033175
BTC,948957,bitcoin-all-time-high-by-september-30-2026,50388900663189748675936681554126016850520413670342348778716337126803310768728,1,1775613600000000000,1775617200000000000,1775620800000000000,1,10.0,-0.0049999999999999906,0.003910789832535455,-8.921016746454499e-05,-0.0008921016746454499
BTC,948957,bitcoin-all-time-high-by-september-30-2026,50388900663189748675936681554126016850520413670342348778716337126803310768728,1,1775638800000000000,1775642400000000000,1775646000000000000,1,10.0,-0.0050000000000000044,0.002772081305058016,-0.0012279186949419839,-0.012279186949419839
BTC,948957,bitcoin-all-time-high-by-september-30-2026,50388900663189748675936681554126016850520413670342348778716337126803310768728,1,1775862000000000000,1775865600000000000,1775869200000000000,-1,10.0,0.035,-0.001729681901653235,-0.005729681901653235,-0.05729681901653235
BTC,948957,bitcoin-all-time-high-by-september-30-2026,50388900663189748675936681554126016850520413670342348778716337126803310768728,1,1775887200000000000,1775890800000000000,1775894400000000000,1,10.0,-0.0050000000000000044,-0.001116359554380053,-0.005116359554380053,-0.05116359554380053
BTC,948957,bitcoin-all-time-high-by-september-30-2026,50388900663189748675936681554126016850520413670342348778716337126803310768728,1,1775944800000000000,1775948400000000000,1775952000000000000,-1,10.0,0.0050000000000000044,-0.0005038117189892777,-0.004503811718989278,-0.04503811718989278
BTC,948957,bitcoin-all-time-high-by-september-30-2026,50388900663189748675936681554126016850520413670342348778716337126803310768728,1,1776052800000000000,1776056400000000000,1776060000000000000,1,10.0,-0.0050000000000000044,0.0019588362221605315,-0.0020411637778394685,-0.020411637778394685
BTC,948957,bitcoin-all-time-high-by-september-30-2026,50388900663189748675936681554126016850520413670342348778716337126803310768728,1,1776096000000000000,1776099600000000000,1776103200000000000,1,10.0,-0.020000000000000004,0.003825285136136003,-0.00017471486386399712,-0.0017471486386399712
BTC,948957,bitcoin-all-time-high-by-september-30-2026,50388900663189748675936681554126016850520413670342348778716337126803310768728,1,1776189600000000000,1776193200000000000,1776196800000000000,-1,10.0,0.020000000000000004,0.0016287364675025007,-0.0023712635324974994,-0.023712635324974994
BTC,948957,bitcoin-all-time-high-by-september-30-2026,50388900663189748675936681554126016850520413670342348778716337126803310768728,1,1776258000000000000,1776261600000000000,1776265200000000000,-1,10.0,0.009999999999999995,0.004149999844912711,0.0001499998449127106,0.001499998449127106
BTC,948957,bitcoin-all-time-high-by-september-30-2026,50388900663189748675936681554126016850520413670342348778716337126803310768728,1,1776279600000000000,1776283200000000000,1776286800000000000,-1,10.0,0.0050000000000000044,0.001317180480181479,-0.002682819519818521,-0.02682819519818521
BTC,948957,bitcoin-all-time-high-by-september-30-2026,50388900663189748675936681554126016850520413670342348778716337126803310768728,1,1776286800000000000,1776290400000000000,1776294000000000000,1,10.0,-0.0050000000000000044,-0.0020544528040125076,-0.006054452804012508,-0.06054452804012508
BTC,948957,bitcoin-all-time-high-by-september-30-2026,50388900663189748675936681554126016850520413670342348778716337126803310768728,1,1776319200000000000,1776322800000000000,1776326400000000000,1,10.0,-0.009999999999999995,-0.0003897892875676101,-0.00438978928756761,-0.0438978928756761
BTC,948957,bitcoin-all-time-high-by-september-30-2026,50388900663189748675936681554126016850520413670342348778716337126803310768728,1,1776412800000000000,1776416400000000000,1776420000000000000,1,10.0,-0.0050000000000000044,-0.006614147085530098,-0.010614147085530098,-0.10614147085530098
BTC,948957,bitcoin-all-time-high-by-september-30-2026,50388900663189748675936681554126016850520413670342348778716337126803310768728,1,1776438000000000000,1776441600000000000,1776445200000000000,-1,10.0,0.0050000000000000044,0.004322660709088488,0.00032266070908848823,0.0032266070908848823
BTC,948957,bitcoin-all-time-high-by-september-30-2026,50388900663189748675936681554126016850520413670342348778716337126803310768728,1,1776445200000000000,1776448800000000000,1776452400000000000,-1,10.0,0.020000000000000004,-0.003028646100972976,-0.007028646100972976,-0.07028646100972977
BTC,948957,bitcoin-all-time-high-by-september-30-2026,50388900663189748675936681554126016850520413670342348778716337126803310768728,1,1776452400000000000,1776456000000000000,1776459600000000000,-1,10.0,0.009999999999999995,-0.001397637683280717,-0.005397637683280717,-0.05397637683280717
BTC,948957,bitcoin-all-time-high-by-september-30-2026,50388900663189748675936681554126016850520413670342348778716337126803310768728,1,1776470400000000000,1776474000000000000,1776477600000000000,1,10.0,-0.015,0.0009641525616996827,-0.0030358474383003174,-0.030358474383003174
BTC,948957,bitcoin-all-time-high-by-september-30-2026,50388900663189748675936681554126016850520413670342348778716337126803310768728,1,1776510000000000000,1776513600000000000,1776517200000000000,1,10.0,-0.0050000000000000044,-0.0011035735970083005,-0.005103573597008301,-0.051035735970083006
BTC,948957,bitcoin-all-time-high-by-september-30-2026,50388900663189748675936681554126016850520413670342348778716337126803310768728,1,1776535200000000000,1776538800000000000,1776542400000000000,1,10.0,-0.0049999999999999906,0.0013870483550197932,-0.002612951644980207,-0.02612951644980207
BTC,948957,bitcoin-all-time-high-by-september-30-2026,50388900663189748675936681554126016850520413670342348778716337126803310768728,1,1776542400000000000,1776546000000000000,1776549600000000000,1,10.0,-0.015,-0.00010300530167361988,-0.00410300530167362,-0.0410300530167362
BTC,948957,bitcoin-all-time-high-by-september-30-2026,50388900663189748675936681554126016850520413670342348778716337126803310768728,1,1776600000000000000,1776603600000000000,1776607200000000000,1,10.0,-0.010000000000000009,0.0013469131046108807,-0.0026530868953891194,-0.026530868953891194
BTC,948957,bitcoin-all-time-high-by-september-30-2026,50388900663189748675936681554126016850520413670342348778716337126803310768728,1,1776661200000000000,1776664800000000000,1776668400000000000,-1,10.0,0.010000000000000009,-0.000676324458703137,-0.004676324458703137,-0.04676324458703137
BTC,948957,bitcoin-all-time-high-by-september-30-2026,50388900663189748675936681554126016850520413670342348778716337126803310768728,1,1776672000000000000,1776675600000000000,1776679200000000000,1,10.0,-0.0050000000000000044,-0.00047307073799718324,-0.004473070737997183,-0.04473070737997183
BTC,948957,bitcoin-all-time-high-by-september-30-2026,50388900663189748675936681554126016850520413670342348778716337126803310768728,1,1776690000000000000,1776693600000000000,1776697200000000000,-1,10.0,0.0050000000000000044,-0.009088850651811198,-0.013088850651811198,-0.13088850651811199
BTC,948957,bitcoin-all-time-high-by-september-30-2026,50388900663189748675936681554126016850520413670342348778716337126803310768728,1,1776693600000000000,1776697200000000000,1776700800000000000,1,10.0,-0.0050000000000000044,-0.0049926852400069555,-0.008992685240006956,-0.08992685240006956
BTC,948957,bitcoin-all-time-high-by-september-30-2026,50388900663189748675936681554126016850520413670342348778716337126803310768728,1,1776704400000000000,1776708000000000000,1776711600000000000,-1,10.0,0.0050000000000000044,0.001658255444090595,-0.002341744555909405,-0.02341744555909405
BTC,948957,bitcoin-all-time-high-by-september-30-2026,50388900663189748675936681554126016850520413670342348778716337126803310768728,1,1776711600000000000,1776715200000000000,1776718800000000000,-1,10.0,0.0049999999999999906,0.00421442240741754,0.0002144224074175395,0.002144224074175395
BTC,948957,bitcoin-all-time-high-by-september-30-2026,50388900663189748675936681554126016850520413670342348778716337126803310768728,1,1776718800000000000,1776722400000000000,1776726000000000000,-1,10.0,0.0050000000000000044,0.001754147195154654,-0.002245852804845346,-0.022458528048453462
BTC,948957,bitcoin-all-time-high-by-september-30-2026,50388900663189748675936681554126016850520413670342348778716337126803310768728,1,1776841200000000000,1776844800000000000,1776848400000000000,-1,10.0,0.0050000000000000044,0.00011498390225372912,-0.003885016097746271,-0.03885016097746271
BTC,948957,bitcoin-all-time-high-by-september-30-2026,50388900663189748675936681554126016850520413670342348778716337126803310768728,1,1776866400000000000,1776870000000000000,1776873600000000000,-1,10.0,0.015,0.006677061139431006,0.0026770611394310063,0.026770611394310063
BTC,948957,bitcoin-all-time-high-by-september-30-2026,50388900663189748675936681554126016850520413670342348778716337126803310768728,1,1776949200000000000,1776952800000000000,1776956400000000000,1,10.0,-0.020000000000000004,0.002506882446923875,-0.0014931175530761252,-0.014931175530761252
BTC,948957,bitcoin-all-time-high-by-september-30-2026,50388900663189748675936681554126016850520413670342348778716337126803310768728,1,1776952800000000000,1776956400000000000,1776960000000000000,-1,10.0,0.015,0.0034836857252071862,-0.0005163142747928139,-0.005163142747928139
BTC,948957,bitcoin-all-time-high-by-september-30-2026,50388900663189748675936681554126016850520413670342348778716337126803310768728,1,1777017600000000000,1777021200000000000,1777024800000000000,1,10.0,-0.0050000000000000044,0.002897932338755238,-0.001102067661244762,-0.01102067661244762
BTC,948957,bitcoin-all-time-high-by-september-30-2026,50388900663189748675936681554126016850520413670342348778716337126803310768728,1,1777035600000000000,1777039200000000000,1777042800000000000,1,10.0,-0.0049999999999999906,1.2558042503441058e-05,-0.003987441957496559,-0.03987441957496559
BTC,948957,bitcoin-all-time-high-by-september-30-2026,50388900663189748675936681554126016850520413670342348778716337126803310768728,1,1777046400000000000,1777050000000000000,1777053600000000000,-1,10.0,0.015,0.0008170520448120833,-0.003182947955187917,-0.03182947955187917
BTC,948957,bitcoin-all-time-high-by-september-30-2026,50388900663189748675936681554126016850520413670342348778716337126803310768728,1,1777057200000000000,1777060800000000000,1777064400000000000,1,10.0,-0.0050000000000000044,-0.0023396031128314343,-0.006339603112831434,-0.06339603112831435
BTC,948957,bitcoin-all-time-high-by-september-30-2026,50388900663189748675936681554126016850520413670342348778716337126803310768728,1,1777104000000000000,1777107600000000000,1777111200000000000,1,10.0,-0.0050000000000000044,0.0009421659135901983,-0.0030578340864098018,-0.030578340864098018
BTC,948957,bitcoin-all-time-high-by-september-30-2026,50388900663189748675936681554126016850520413670342348778716337126803310768728,1,1777107600000000000,1777111200000000000,1777114800000000000,1,10.0,-0.009999999999999995,-0.0013558686667582975,-0.005355868666758298,-0.053558686667582976
BTC,948957,bitcoin-all-time-high-by-september-30-2026,50388900663189748675936681554126016850520413670342348778716337126803310768728,1,1777230000000000000,1777233600000000000,1777237200000000000,-1,10.0,0.009999999999999995,-0.0028543030418362036,-0.006854303041836204,-0.06854303041836204
SOL,1823881,will-solana-reach-160-in-april-2026,2239666445220242421622333852346062404205114740031545382107437837927896782621,4,1775113200000000000,1775116800000000000,1775131200000000000,-1,10.0,-0.0029999999999999996,0.014534883720930258,0.010534883720930258,0.10534883720930258
SOL,1823881,will-solana-reach-160-in-april-2026,2239666445220242421622333852346062404205114740031545382107437837927896782621,4,1775120400000000000,1775124000000000000,1775138400000000000,-1,10.0,-0.001,-0.0021546261089986363,-0.006154626108998636,-0.061546261089986364
SOL,1823881,will-solana-reach-160-in-april-2026,2239666445220242421622333852346062404205114740031545382107437837927896782621,4,1775160000000000000,1775163600000000000,1775178000000000000,1,10.0,0.006,0.002532607319235103,-0.0014673926807648972,-0.014673926807648972
SOL,1823881,will-solana-reach-160-in-april-2026,2239666445220242421622333852346062404205114740031545382107437837927896782621,4,1775170800000000000,1775174400000000000,1775188800000000000,-1,10.0,-0.0015000000000000005,-0.0011359333585760911,-0.005135933358576091,-0.05135933358576091
SOL,1823881,will-solana-reach-160-in-april-2026,2239666445220242421622333852346062404205114740031545382107437837927896782621,4,1775188800000000000,1775192400000000000,1775206800000000000,-1,10.0,-0.001,-0.00794151014748512,-0.01194151014748512,-0.11941510147485121
SOL,1823881,will-solana-reach-160-in-april-2026,2239666445220242421622333852346062404205114740031545382107437837927896782621,4,1775199600000000000,1775203200000000000,1775217600000000000,1,10.0,0.001,-0.005390497680832329,-0.00939049768083233,-0.0939049768083233
SOL,1823881,will-solana-reach-160-in-april-2026,2239666445220242421622333852346062404205114740031545382107437837927896782621,4,1775206800000000000,1775210400000000000,1775224800000000000,1,10.0,0.0024999999999999996,0.0012476606363067688,-0.0027523393636932313,-0.027523393636932313
SOL,1823881,will-solana-reach-160-in-april-2026,2239666445220242421622333852346062404205114740031545382107437837927896782621,4,1775268000000000000,1775271600000000000,1775286000000000000,-1,10.0,-0.002000000000000001,-0.0017460713394858995,-0.0057460713394859,-0.057460713394858996
SOL,1823881,will-solana-reach-160-in-april-2026,2239666445220242421622333852346062404205114740031545382107437837927896782621,4,1775278800000000000,1775282400000000000,1775296800000000000,1,10.0,0.0015000000000000005,-0.0027342779020631536,-0.006734277902063154,-0.06734277902063154
SOL,1823881,will-solana-reach-160-in-april-2026,2239666445220242421622333852346062404205114740031545382107437837927896782621,4,1775293200000000000,1775296800000000000,1775311200000000000,-1,10.0,-0.001,-0.0014955134596212893,-0.005495513459621289,-0.054955134596212894
SOL,1823881,will-solana-reach-160-in-april-2026,2239666445220242421622333852346062404205114740031545382107437837927896782621,4,1775426400000000000,1775430000000000000,1775444400000000000,-1,10.0,-0.001,-0.0026865307119305903,-0.00668653071193059,-0.06686530711930591
SOL,1823881,will-solana-reach-160-in-april-2026,2239666445220242421622333852346062404205114740031545382107437837927896782621,4,1775480400000000000,1775484000000000000,1775498400000000000,1,10.0,0.0045000000000000005,-0.004256354128663653,-0.008256354128663653,-0.08256354128663654
SOL,1823881,will-solana-reach-160-in-april-2026,2239666445220242421622333852346062404205114740031545382107437837927896782621,4,1775484000000000000,1775487600000000000,1775502000000000000,-1,10.0,-0.002,0.004497386653701141,0.0004973866537011408,0.004973866537011408
SOL,1823881,will-solana-reach-160-in-april-2026,2239666445220242421622333852346062404205114740031545382107437837927896782621,4,1775498400000000000,1775502000000000000,1775516400000000000,-1,10.0,-0.002,0.022832722832722863,0.018832722832722863,0.18832722832722862
SOL,1823881,will-solana-reach-160-in-april-2026,2239666445220242421622333852346062404205114740031545382107437837927896782621,4,1775502000000000000,1775505600000000000,1775520000000000000,1,10.0,0.0025000000000000005,-0.025487804878048803,-0.029487804878048803,-0.294878048780488
SOL,1823881,will-solana-reach-160-in-april-2026,2239666445220242421622333852346062404205114740031545382107437837927896782621,4,1775530800000000000,1775534400000000000,1775548800000000000,-1,10.0,-0.002,-0.002752752752752663,-0.006752752752752663,-0.06752752752752664
SOL,1823881,will-solana-reach-160-in-april-2026,2239666445220242421622333852346062404205114740031545382107437837927896782621,4,1775545200000000000,1775548800000000000,1775563200000000000,1,10.0,0.001,-0.012478163214374893,-0.016478163214374893,-0.16478163214374894
SOL,1823881,will-solana-reach-160-in-april-2026,2239666445220242421622333852346062404205114740031545382107437837927896782621,4,1775559600000000000,1775563200000000000,1775577600000000000,-1,10.0,-0.002,0.0031589588071772035,-0.0008410411928227966,-0.008410411928227966
SOL,1823881,will-solana-reach-160-in-april-2026,2239666445220242421622333852346062404205114740031545382107437837927896782621,4,1775613600000000000,1775617200000000000,1775631600000000000,1,10.0,0.002,-0.0007095553453169146,-0.004709555345316915,-0.047095553453169146
SOL,1823881,will-solana-reach-160-in-april-2026,2239666445220242421622333852346062404205114740031545382107437837927896782621,4,1775635200000000000,1775638800000000000,1775653200000000000,1,10.0,0.001,-0.0072052917552563045,-0.011205291755256305,-0.11205291755256305
SOL,1823881,will-solana-reach-160-in-april-2026,2239666445220242421622333852346062404205114740031545382107437837927896782621,4,1775653200000000000,1775656800000000000,1775671200000000000,-1,10.0,-0.001,-0.0003618817852835132,-0.004361881785283513,-0.04361881785283513
SOL,1823881,will-solana-reach-160-in-april-2026,2239666445220242421622333852346062404205114740031545382107437837927896782621,4,1775710800000000000,1775714400000000000,1775728800000000000,1,10.0,0.001,0.0048673643222194585,0.0008673643222194584,0.008673643222194584
SOL,1823881,will-solana-reach-160-in-april-2026,2239666445220242421622333852346062404205114740031545382107437837927896782621,4,1775739600000000000,1775743200000000000,1775757600000000000,-1,10.0,-0.001,-0.019953765664922685,-0.023953765664922685,-0.23953765664922685
SOL,1823881,will-solana-reach-160-in-april-2026,2239666445220242421622333852346062404205114740031545382107437837927896782621,4,1775772000000000000,1775775600000000000,1775790000000000000,1,10.0,0.0015000000000000005,-0.005160206408256207,-0.009160206408256207,-0.09160206408256208
SOL,1823881,will-solana-reach-160-in-april-2026,2239666445220242421622333852346062404205114740031545382107437837927896782621,4,1775829600000000000,1775833200000000000,1775847600000000000,1,10.0,0.001,0.014245014245014342,0.010245014245014342,0.10245014245014342
SOL,1823881,will-solana-reach-160-in-april-2026,2239666445220242421622333852346062404205114740031545382107437837927896782621,4,1775840400000000000,1775844000000000000,1775858400000000000,-1,10.0,-0.001,0.00399014200211234,-9.857997887659925e-06,-9.857997887659925e-05
SOL,1823881,will-solana-reach-160-in-april-2026,2239666445220242421622333852346062404205114740031545382107437837927896782621,4,1775847600000000000,1775851200000000000,1775865600000000000,1,10.0,0.0014999999999999996,-0.009011117612638953,-0.013011117612638953,-0.13011117612638953
SOL,1823881,will-solana-reach-160-in-april-2026,2239666445220242421622333852346062404205114740031545382107437837927896782621,4,1775876400000000000,1775880000000000000,1775894400000000000,-1,10.0,-0.001,0.0024887414079164394,-0.0015112585920835607,-0.015112585920835607
SOL,1823881,will-solana-reach-160-in-april-2026,2239666445220242421622333852346062404205114740031545382107437837927896782621,4,1775894400000000000,1775898000000000000,1775912400000000000,1,10.0,0.0015000000000000005,-0.004615384615384577,-0.008615384615384577,-0.08615384615384578
SOL,1823881,will-solana-reach-160-in-april-2026,2239666445220242421622333852346062404205114740031545382107437837927896782621,4,1775912400000000000,1775916000000000000,1775930400000000000,-1,10.0,-0.001,-0.01303626451765827,-0.01703626451765827,-0.1703626451765827
SOL,1823881,will-solana-reach-160-in-april-2026,2239666445220242421622333852346062404205114740031545382107437837927896782621,4,1775916000000000000,1775919600000000000,1775934000000000000,1,10.0,0.001,0.015946137491141155,0.011946137491141155,0.11946137491141154
SOL,1823881,will-solana-reach-160-in-april-2026,2239666445220242421622333852346062404205114740031545382107437837927896782621,4,1775934000000000000,1775937600000000000,1775952000000000000,1,10.0,0.001,-0.005854800936768156,-0.009854800936768156,-0.09854800936768157
SOL,1823881,will-solana-reach-160-in-april-2026,2239666445220242421622333852346062404205114740031545382107437837927896782621,4,1775962800000000000,1775966400000000000,1775980800000000000,-1,10.0,-0.001,-0.0009731176255931562,-0.004973117625593156,-0.04973117625593156
SOL,1823881,will-solana-reach-160-in-april-2026,2239666445220242421622333852346062404205114740031545382107437837927896782621,4,1775970000000000000,1775973600000000000,1775988000000000000,-1,10.0,-0.001,0.0027956727847330276,-0.0012043272152669725,-0.012043272152669725
SOL,1823881,will-solana-reach-160-in-april-2026,2239666445220242421622333852346062404205114740031545382107437837927896782621,4,1776106800000000000,1776110400000000000,1776124800000000000,-1,10.0,-0.001,-0.023591087811271283,-0.027591087811271283,-0.2759108781127128
SOL,1823881,will-solana-reach-160-in-april-2026,2239666445220242421622333852346062404205114740031545382107437837927896782621,4,1776110400000000000,1776114000000000000,1776128400000000000,1,10.0,0.0045,0.0238237045860632,0.0198237045860632,0.19823704586063198
SOL,1823881,will-solana-reach-160-in-april-2026,2239666445220242421622333852346062404205114740031545382107437837927896782621,4,1776128400000000000,1776132000000000000,1776146400000000000,1,10.0,0.0010000000000000009,-0.0032475063790303738,-0.007247506379030374,-0.07247506379030375
SOL,1823881,will-solana-reach-160-in-april-2026,2239666445220242421622333852346062404205114740031545382107437837927896782621,4,1776153600000000000,1776157200000000000,1776171600000000000,-1,10.0,-0.002,-0.01405669144981414,-0.01805669144981414,-0.1805669144981414
SOL,1823881,will-solana-reach-160-in-april-2026,2239666445220242421622333852346062404205114740031545382107437837927896782621,4,1776236400000000000,1776240000000000000,1776254400000000000,-1,10.0,-0.001,-0.0069761847486167206,-0.01097618474861672,-0.10976184748616721
SOL,1823881,will-solana-reach-160-in-april-2026,2239666445220242421622333852346062404205114740031545382107437837927896782621,4,1776250800000000000,1776254400000000000,1776268800000000000,-1,10.0,-0.001,-0.00979455327281431,-0.01379455327281431,-0.1379455327281431
SOL,1823881,will-solana-reach-160-in-april-2026,2239666445220242421622333852346062404205114740031545382107437837927896782621,4,1776261600000000000,1776265200000000000,1776279600000000000,1,10.0,0.003000000000000001,0.01797619047619059,0.01397619047619059,0.1397619047619059
SOL,1823881,will-solana-reach-160-in-april-2026,2239666445220242421622333852346062404205114740031545382107437837927896782621,4,1776268800000000000,1776272400000000000,1776286800000000000,-1,10.0,-0.002000000000000001,-0.0010626992561104665,-0.0050626992561104665,-0.050626992561104665
SOL,1823881,will-solana-reach-160-in-april-2026,2239666445220242421622333852346062404205114740031545382107437837927896782621,4,1776283200000000000,1776286800000000000,1776301200000000000,1,10.0,0.001,0.0008256664307619843,-0.0031743335692380158,-0.03174333569238016
SOL,1823881,will-solana-reach-160-in-april-2026,2239666445220242421622333852346062404205114740031545382107437837927896782621,4,1776290400000000000,1776294000000000000,1776308400000000000,-1,10.0,-0.001,-0.004475853945818509,-0.008475853945818509,-0.0847585394581851
SOL,1823881,will-solana-reach-160-in-april-2026,2239666445220242421622333852346062404205114740031545382107437837927896782621,4,1776438000000000000,1776441600000000000,1776456000000000000,1,10.0,0.001,-0.015704490157044892,-0.019704490157044893,-0.19704490157044893
SOL,1823881,will-solana-reach-160-in-april-2026,2239666445220242421622333852346062404205114740031545382107437837927896782621,4,1776538800000000000,1776542400000000000,1776556800000000000,-1,10.0,-0.001,0.001972615456022342,-0.002027384543977658,-0.020273845439776582
SOL,1823881,will-solana-reach-160-in-april-2026,2239666445220242421622333852346062404205114740031545382107437837927896782621,4,1776758400000000000,1776762000000000000,1776776400000000000,-1,10.0,-0.001,0.0009314239143090042,-0.003068576085690996,-0.03068576085690996
SOL,1823881,will-solana-reach-160-in-april-2026,2239666445220242421622333852346062404205114740031545382107437837927896782621,4,1776855600000000000,1776859200000000000,1776873600000000000,-1,10.0,-0.0014999999999999996,0.010498983969293163,0.006498983969293163,0.06498983969293162
SOL,1823881,will-solana-reach-160-in-april-2026,2239666445220242421622333852346062404205114740031545382107437837927896782621,4,1777082400000000000,1777086000000000000,1777100400000000000,-1,10.0,-0.0015,0.0011566042100392693,-0.002843395789960731,-0.028433957899607308
BTC,701495,will-bitcoin-reach-110000-by-december-31-2026-658-339-969,74843373582432484858627201602003648342208168490128239235522790524493414154441,1,1774656000000000000,1774659600000000000,1774663200000000000,-1,10.0,0.010000000000000009,0.0018986428443529269,-0.0021013571556470732,-0.021013571556470732
BTC,701495,will-bitcoin-reach-110000-by-december-31-2026-658-339-969,74843373582432484858627201602003648342208168490128239235522790524493414154441,1,1774659600000000000,1774663200000000000,1774666800000000000,1,10.0,-0.020000000000000018,0.002828023471989294,-0.0011719765280107063,-0.011719765280107063
BTC,701495,will-bitcoin-reach-110000-by-december-31-2026-658-339-969,74843373582432484858627201602003648342208168490128239235522790524493414154441,1,1774692000000000000,1774695600000000000,1774699200000000000,-1,10.0,0.010000000000000009,-0.0020449499973385077,-0.006044949997338508,-0.06044949997338508
BTC,701495,will-bitcoin-reach-110000-by-december-31-2026-658-339-969,74843373582432484858627201602003648342208168490128239235522790524493414154441,1,1774695600000000000,1774699200000000000,1774702800000000000,1,10.0,-0.0050000000000000044,0.005718297876054379,0.001718297876054379,0.01718297876054379
BTC,701495,will-bitcoin-reach-110000-by-december-31-2026-658-339-969,74843373582432484858627201602003648342208168490128239235522790524493414154441,1,1774699200000000000,1774702800000000000,1774706400000000000,-1,10.0,0.0050000000000000044,0.0013914844146264427,-0.0026085155853735574,-0.026085155853735574
BTC,701495,will-bitcoin-reach-110000-by-december-31-2026-658-339-969,74843373582432484858627201602003648342208168490128239235522790524493414154441,1,1774706400000000000,1774710000000000000,1774713600000000000,-1,10.0,0.0050000000000000044,0.001312543730939919,-0.002687456269060081,-0.02687456269060081
BTC,701495,will-bitcoin-reach-110000-by-december-31-2026-658-339-969,74843373582432484858627201602003648342208168490128239235522790524493414154441,1,1774710000000000000,1774713600000000000,1774717200000000000,-1,10.0,0.0050000000000000044,0.0012063899520295962,-0.002793610047970404,-0.02793610047970404
BTC,701495,will-bitcoin-reach-110000-by-december-31-2026-658-339-969,74843373582432484858627201602003648342208168490128239235522790524493414154441,1,1774742400000000000,1774746000000000000,1774749600000000000,1,10.0,-0.010000000000000009,0.003737162610587985,-0.0002628373894120149,-0.0026283738941201493
BTC,701495,will-bitcoin-reach-110000-by-december-31-2026-658-339-969,74843373582432484858627201602003648342208168490128239235522790524493414154441,1,1774746000000000000,1774749600000000000,1774753200000000000,1,10.0,-0.0050000000000000044,0.0014068065491334991,-0.002593193450866501,-0.02593193450866501
BTC,701495,will-bitcoin-reach-110000-by-december-31-2026-658-339-969,74843373582432484858627201602003648342208168490128239235522790524493414154441,1,1774753200000000000,1774756800000000000,1774760400000000000,1,10.0,-0.0050000000000000044,0.0005514336225262984,-0.0034485663774737017,-0.03448566377473702
BTC,701495,will-bitcoin-reach-110000-by-december-31-2026-658-339-969,74843373582432484858627201602003648342208168490128239235522790524493414154441,1,1774760400000000000,1774764000000000000,1774767600000000000,-1,10.0,0.0050000000000000044,0.001011410205503549,-0.002988589794496451,-0.02988589794496451
BTC,701495,will-bitcoin-reach-110000-by-december-31-2026-658-339-969,74843373582432484858627201602003648342208168490128239235522790524493414154441,1,1774764000000000000,1774767600000000000,1774771200000000000,-1,10.0,0.0050000000000000044,-0.0007949483283586911,-0.004794948328358691,-0.04794948328358691
BTC,701495,will-bitcoin-reach-110000-by-december-31-2026-658-339-969,74843373582432484858627201602003648342208168490128239235522790524493414154441,1,1774785600000000000,1774789200000000000,1774792800000000000,-1,10.0,0.0050000000000000044,-0.00013938044192007837,-0.0041393804419200785,-0.041393804419200785
BTC,701495,will-bitcoin-reach-110000-by-december-31-2026-658-339-969,74843373582432484858627201602003648342208168490128239235522790524493414154441,1,1774792800000000000,1774796400000000000,1774800000000000000,1,10.0,-0.0050000000000000044,-0.000355516137275691,-0.004355516137275691,-0.04355516137275691
BTC,701495,will-bitcoin-reach-110000-by-december-31-2026-658-339-969,74843373582432484858627201602003648342208168490128239235522790524493414154441,1,1774800000000000000,1774803600000000000,1774807200000000000,1,10.0,-0.010000000000000009,0.0006239282352984432,-0.003376071764701557,-0.03376071764701557
BTC,701495,will-bitcoin-reach-110000-by-december-31-2026-658-339-969,74843373582432484858627201602003648342208168490128239235522790524493414154441,1,1774803600000000000,1774807200000000000,1774810800000000000,-1,10.0,0.0050000000000000044,0.0011838513285057362,-0.002816148671494264,-0.02816148671494264
BTC,701495,will-bitcoin-reach-110000-by-december-31-2026-658-339-969,74843373582432484858627201602003648342208168490128239235522790524493414154441,1,1774814400000000000,1774818000000000000,1774821600000000000,1,10.0,-0.0050000000000000044,-0.01273884681964288,-0.01673884681964288,-0.1673884681964288
BTC,701495,will-bitcoin-reach-110000-by-december-31-2026-658-339-969,74843373582432484858627201602003648342208168490128239235522790524493414154441,1,1774868400000000000,1774872000000000000,1774875600000000000,1,10.0,-0.01999999999999999,-0.00545025382332931,-0.00945025382332931,-0.0945025382332931
BTC,701495,will-bitcoin-reach-110000-by-december-31-2026-658-339-969,74843373582432484858627201602003648342208168490128239235522790524493414154441,1,1774897200000000000,1774900800000000000,1774904400000000000,1,10.0,-0.010000000000000009,0.0023690425107349977,-0.0016309574892650024,-0.016309574892650024
BTC,701495,will-bitcoin-reach-110000-by-december-31-2026-658-339-969,74843373582432484858627201602003648342208168490128239235522790524493414154441,1,1774929600000000000,1774933200000000000,1774936800000000000,-1,10.0,0.010000000000000009,0.002789972116531203,-0.001210027883468797,-0.01210027883468797
BTC,701495,will-bitcoin-reach-110000-by-december-31-2026-658-339-969,74843373582432484858627201602003648342208168490128239235522790524493414154441,1,1774940400000000000,1774944000000000000,1774947600000000000,-1,10.0,0.0050000000000000044,0.009783712770295327,0.005783712770295327,0.057837127702953274
BTC,701495,will-bitcoin-reach-110000-by-december-31-2026-658-339-969,74843373582432484858627201602003648342208168490128239235522790524493414154441,1,1774944000000000000,1774947600000000000,1774951200000000000,-1,10.0,0.035,-0.0036051423221388212,-0.007605142322138821,-0.07605142322138822
BTC,701495,will-bitcoin-reach-110000-by-december-31-2026-658-339-969,74843373582432484858627201602003648342208168490128239235522790524493414154441,1,1774947600000000000,1774951200000000000,1774954800000000000,1,10.0,-0.024999999999999994,0.004856744789068834,0.0008567447890688341,0.008567447890688341
BTC,701495,will-bitcoin-reach-110000-by-december-31-2026-658-339-969,74843373582432484858627201602003648342208168490128239235522790524493414154441,1,1774951200000000000,1774954800000000000,1774958400000000000,1,10.0,-0.03,-0.0004863112310903306,-0.004486311231090331,-0.04486311231090331
BTC,701495,will-bitcoin-reach-110000-by-december-31-2026-658-339-969,74843373582432484858627201602003648342208168490128239235522790524493414154441,1,1774954800000000000,1774958400000000000,1774962000000000000,1,10.0,-0.0050000000000000044,0.009737408192787456,0.0057374081927874555,0.057374081927874555
BTC,701495,will-bitcoin-reach-110000-by-december-31-2026-658-339-969,74843373582432484858627201602003648342208168490128239235522790524493414154441,1,1774962000000000000,1774965600000000000,1774969200000000000,-1,10.0,0.01999999999999999,-0.0022429151439198325,-0.006242915143919833,-0.062429151439198326
BTC,701495,will-bitcoin-reach-110000-by-december-31-2026-658-339-969,74843373582432484858627201602003648342208168490128239235522790524493414154441,1,1774969200000000000,1774972800000000000,1774976400000000000,-1,10.0,0.010000000000000009,0.0020553948721238058,-0.0019446051278761943,-0.019446051278761943
BTC,701495,will-bitcoin-reach-110000-by-december-31-2026-658-339-969,74843373582432484858627201602003648342208168490128239235522790524493414154441,1,1775005200000000000,1775008800000000000,1775012400000000000,1,10.0,-0.010000000000000009,0.007415224337210091,0.003415224337210091,0.03415224337210091
BTC,701495,will-bitcoin-reach-110000-by-december-31-2026-658-339-969,74843373582432484858627201602003648342208168490128239235522790524493414154441,1,1775091600000000000,1775095200000000000,1775098800000000000,1,10.0,-0.01999999999999999,-0.004139530632810917,-0.008139530632810917,-0.08139530632810918
BTC,701495,will-bitcoin-reach-110000-by-december-31-2026-658-339-969,74843373582432484858627201602003648342208168490128239235522790524493414154441,1,1775095200000000000,1775098800000000000,1775102400000000000,1,10.0,-0.010000000000000009,-0.0036947109517282417,-0.007694710951728242,-0.07694710951728242
BTC,701495,will-bitcoin-reach-110000-by-december-31-2026-658-339-969,74843373582432484858627201602003648342208168490128239235522790524493414154441,1,1775102400000000000,1775106000000000000,1775109600000000000,1,10.0,-0.01999999999999999,0.0013507721851755417,-0.0026492278148244584,-0.026492278148244584
BTC,701495,will-bitcoin-reach-110000-by-december-31-2026-658-339-969,74843373582432484858627201602003648342208168490128239235522790524493414154441,1,1775156400000000000,1775160000000000000,1775163600000000000,-1,10.0,0.044999999999999984,4.95972094101127e-05,-0.003950402790589887,-0.039504027905898874
BTC,701495,will-bitcoin-reach-110000-by-december-31-2026-658-339-969,74843373582432484858627201602003648342208168490128239235522790524493414154441,1,1775160000000000000,1775163600000000000,1775167200000000000,-1,10.0,0.0050000000000000044,-0.000695441147975373,-0.004695441147975373,-0.04695441147975373
BTC,701495,will-bitcoin-reach-110000-by-december-31-2026-658-339-969,74843373582432484858627201602003648342208168490128239235522790524493414154441,1,1775167200000000000,1775170800000000000,1775174400000000000,1,10.0,-0.03,-0.001735822805868814,-0.005735822805868814,-0.05735822805868814
BTC,701495,will-bitcoin-reach-110000-by-december-31-2026-658-339-969,74843373582432484858627201602003648342208168490128239235522790524493414154441,1,1775170800000000000,1775174400000000000,1775178000000000000,-1,10.0,0.015000000000000013,0.0023337275285517656,-0.0016662724714482345,-0.016662724714482345
BTC,701495,will-bitcoin-reach-110000-by-december-31-2026-658-339-969,74843373582432484858627201602003648342208168490128239235522790524493414154441,1,1775178000000000000,1775181600000000000,1775185200000000000,1,10.0,-0.0050000000000000044,0.0006937826046637952,-0.003306217395336205,-0.03306217395336205
BTC,701495,will-bitcoin-reach-110000-by-december-31-2026-658-339-969,74843373582432484858627201602003648342208168490128239235522790524493414154441,1,1775181600000000000,1775185200000000000,1775188800000000000,1,10.0,-0.010000000000000009,0.0003407931844967571,-0.003659206815503243,-0.03659206815503243
BTC,701495,will-bitcoin-reach-110000-by-december-31-2026-658-339-969,74843373582432484858627201602003648342208168490128239235522790524493414154441,1,1775253600000000000,1775257200000000000,1775260800000000000,1,10.0,-0.0050000000000000044,-0.0010589224407632214,-0.0050589224407632215,-0.050589224407632215
BTC,701495,will-bitcoin-reach-110000-by-december-31-2026-658-339-969,74843373582432484858627201602003648342208168490128239235522790524493414154441,1,1775268000000000000,1775271600000000000,1775275200000000000,1,10.0,-0.0050000000000000044,0.0004271894168348389,-0.003572810583165161,-0.03572810583165161
BTC,701495,will-bitcoin-reach-110000-by-december-31-2026-658-339-969,74843373582432484858627201602003648342208168490128239235522790524493414154441,1,1775286000000000000,1775289600000000000,1775293200000000000,-1,10.0,0.0050000000000000044,-0.0007178069913356122,-0.004717806991335612,-0.04717806991335612
BTC,701495,will-bitcoin-reach-110000-by-december-31-2026-658-339-969,74843373582432484858627201602003648342208168490128239235522790524493414154441,1,1775289600000000000,1775293200000000000,1775296800000000000,-1,10.0,0.024999999999999994,-0.0026713719835105287,-0.006671371983510529,-0.0667137198351053
BTC,701495,will-bitcoin-reach-110000-by-december-31-2026-658-339-969,74843373582432484858627201602003648342208168490128239235522790524493414154441,1,1775307600000000000,1775311200000000000,1775314800000000000,1,10.0,-0.004999999999999977,0.002505681747175137,-0.0014943182528248632,-0.014943182528248632
BTC,701495,will-bitcoin-reach-110000-by-december-31-2026-658-339-969,74843373582432484858627201602003648342208168490128239235522790524493414154441,1,1775318400000000000,1775322000000000000,1775325600000000000,1,10.0,-0.0050000000000000044,-0.0005039403291874356,-0.004503940329187436,-0.04503940329187436
BTC,701495,will-bitcoin-reach-110000-by-december-31-2026-658-339-969,74843373582432484858627201602003648342208168490128239235522790524493414154441,1,1775325600000000000,1775329200000000000,1775332800000000000,-1,10.0,0.0050000000000000044,0.0002975251908129417,-0.0037024748091870584,-0.037024748091870584
BTC,701495,will-bitcoin-reach-110000-by-december-31-2026-658-339-969,74843373582432484858627201602003648342208168490128239235522790524493414154441,1,1775350800000000000,1775354400000000000,1775358000000000000,1,10.0,-0.015000000000000013,-0.0003599812774006672,-0.004359981277400667,-0.04359981277400667
BTC,701495,will-bitcoin-reach-110000-by-december-31-2026-658-339-969,74843373582432484858627201602003648342208168490128239235522790524493414154441,1,1775361600000000000,1775365200000000000,1775368800000000000,1,10.0,-0.0050000000000000044,-0.0019334649601494558,-0.005933464960149456,-0.05933464960149456
BTC,701495,will-bitcoin-reach-110000-by-december-31-2026-658-339-969,74843373582432484858627201602003648342208168490128239235522790524493414154441,1,1775383200000000000,1775386800000000000,1775390400000000000,1,10.0,-0.0050000000000000044,-0.0032152718697293636,-0.007215271869729364,-0.07215271869729364
BTC,701495,will-bitcoin-reach-110000-by-december-31-2026-658-339-969,74843373582432484858627201602003648342208168490128239235522790524493414154441,1,1775426400000000000,1775430000000000000,1775433600000000000,1,10.0,-0.009999999999999981,0.0007184846694783253,-0.0032815153305216747,-0.03281515330521675
BTC,701495,will-bitcoin-reach-110000-by-december-31-2026-658-339-969,74843373582432484858627201602003648342208168490128239235522790524493414154441,1,1775437200000000000,1775440800000000000,1775444400000000000,-1,10.0,0.009999999999999981,0.0012180674514604695,-0.0027819325485395306,-0.027819325485395306
BTC,701495,will-bitcoin-reach-110000-by-december-31-2026-658-339-969,74843373582432484858627201602003648342208168490128239235522790524493414154441,1,1775462400000000000,1775466000000000000,1775469600000000000,-1,10.0,0.0050000000000000044,-0.0006149609912804443,-0.004614960991280444,-0.046149609912804444
BTC,701495,will-bitcoin-reach-110000-by-december-31-2026-658-339-969,74843373582432484858627201602003648342208168490128239235522790524493414154441,1,1775484000000000000,1775487600000000000,1775491200000000000,-1,10.0,0.0050000000000000044,0.002425793070546911,-0.001574206929453089,-0.01574206929453089
BTC,701495,will-bitcoin-reach-110000-by-december-31-2026-658-339-969,74843373582432484858627201602003648342208168490128239235522790524493414154441,1,1775498400000000000,1775502000000000000,1775505600000000000,1,10.0,-0.010000000000000009,0.001240042770577876,-0.002759957229422124,-0.02759957229422124
BTC,701495,will-bitcoin-reach-110000-by-december-31-2026-658-339-969,74843373582432484858627201602003648342208168490128239235522790524493414154441,1,1775505600000000000,1775509200000000000,1775512800000000000,-1,10.0,0.010000000000000009,0.00998475073516314,0.005984750735163139,0.05984750735163139
BTC,701495,will-bitcoin-reach-110000-by-december-31-2026-658-339-969,74843373582432484858627201602003648342208168490128239235522790524493414154441,1,1775566800000000000,1775570400000000000,1775574000000000000,-1,10.0,0.010000000000000009,-0.00453312443413334,-0.00853312443413334,-0.0853312443413334
BTC,701495,will-bitcoin-reach-110000-by-december-31-2026-658-339-969,74843373582432484858627201602003648342208168490128239235522790524493414154441,1,1775581200000000000,1775584800000000000,1775588400000000000,1,10.0,-0.010000000000000009,0.008310037633033174,0.004310037633033174,0.04310037633033174
BTC,701495,will-bitcoin-reach-110000-by-december-31-2026-658-339-969,74843373582432484858627201602003648342208168490128239235522790524493414154441,1,1775602800000000000,1775606400000000000,1775610000000000000,-1,10.0,0.015000000000000013,0.0032522574546239857,-0.0007477425453760143,-0.007477425453760143
BTC,701495,will-bitcoin-reach-110000-by-december-31-2026-658-339-969,74843373582432484858627201602003648342208168490128239235522790524493414154441,1,1775613600000000000,1775617200000000000,1775620800000000000,1,10.0,-0.020000000000000018,0.003910789832535455,-8.921016746454499e-05,-0.0008921016746454499
BTC,701495,will-bitcoin-reach-110000-by-december-31-2026-658-339-969,74843373582432484858627201602003648342208168490128239235522790524493414154441,1,1775631600000000000,1775635200000000000,1775638800000000000,-1,10.0,0.010000000000000009,0.0016870473537604624,-0.0023129526462395376,-0.023129526462395376
BTC,701495,will-bitcoin-reach-110000-by-december-31-2026-658-339-969,74843373582432484858627201602003648342208168490128239235522790524493414154441,1,1775635200000000000,1775638800000000000,1775642400000000000,-1,10.0,0.010000000000000009,0.0028165901610892607,-0.0011834098389107393,-0.011834098389107393
BTC,701495,will-bitcoin-reach-110000-by-december-31-2026-658-339-969,74843373582432484858627201602003648342208168490128239235522790524493414154441,1,1775646000000000000,1775649600000000000,1775653200000000000,-1,10.0,0.01999999999999999,0.00654817859097756,0.00254817859097756,0.025481785909775602
BTC,701495,will-bitcoin-reach-110000-by-december-31-2026-658-339-969,74843373582432484858627201602003648342208168490128239235522790524493414154441,1,1775649600000000000,1775653200000000000,1775656800000000000,1,10.0,-0.0050000000000000044,-0.009596786369163723,-0.013596786369163723,-0.13596786369163724
BTC,701495,will-bitcoin-reach-110000-by-december-31-2026-658-339-969,74843373582432484858627201602003648342208168490128239235522790524493414154441,1,1775653200000000000,1775656800000000000,1775660400000000000,-1,10.0,0.010000000000000009,-0.005600111009452569,-0.009600111009452569,-0.0960011100945257
BTC,701495,will-bitcoin-reach-110000-by-december-31-2026-658-339-969,74843373582432484858627201602003648342208168490128239235522790524493414154441,1,1775660400000000000,1775664000000000000,1775667600000000000,-1,10.0,0.009999999999999981,-0.003995553203048452,-0.007995553203048452,-0.07995553203048453
BTC,701495,will-bitcoin-reach-110000-by-december-31-2026-658-339-969,74843373582432484858627201602003648342208168490128239235522790524493414154441,1,1775674800000000000,1775678400000000000,1775682000000000000,1,10.0,-0.009999999999999981,0.002500387752051081,-0.0014996122479489192,-0.014996122479489192
BTC,701495,will-bitcoin-reach-110000-by-december-31-2026-658-339-969,74843373582432484858627201602003648342208168490128239235522790524493414154441,1,1775685600000000000,1775689200000000000,1775692800000000000,-1,10.0,0.009999999999999981,0.003579995083715315,-0.00042000491628468514,-0.004200049162846851
BTC,701495,will-bitcoin-reach-110000-by-december-31-2026-658-339-969,74843373582432484858627201602003648342208168490128239235522790524493414154441,1,1775692800000000000,1775696400000000000,1775700000000000000,1,10.0,-0.004999999999999977,0.0018574941747995233,-0.002142505825200477,-0.021425058252004768
BTC,701495,will-bitcoin-reach-110000-by-december-31-2026-658-339-969,74843373582432484858627201602003648342208168490128239235522790524493414154441,1,1775700000000000000,1775703600000000000,1775707200000000000,-1,10.0,0.004999999999999977,0.0029635570798504096,-0.0010364429201495905,-0.010364429201495905
BTC,701495,will-bitcoin-reach-110000-by-december-31-2026-658-339-969,74843373582432484858627201602003648342208168490128239235522790524493414154441,1,1775750400000000000,1775754000000000000,1775757600000000000,1,10.0,-0.009999999999999981,-0.0063416159980118625,-0.010341615998011863,-0.10341615998011863
BTC,701495,will-bitcoin-reach-110000-by-december-31-2026-658-339-969,74843373582432484858627201602003648342208168490128239235522790524493414154441,1,1775847600000000000,1775851200000000000,1775854800000000000,-1,10.0,0.009999999999999981,0.0023310534873246525,-0.0016689465126753476,-0.016689465126753476
BTC,701495,will-bitcoin-reach-110000-by-december-31-2026-658-339-969,74843373582432484858627201602003648342208168490128239235522790524493414154441,1,1775869200000000000,1775872800000000000,1775876400000000000,-1,10.0,0.0050000000000000044,0.0013696683289348144,-0.0026303316710651857,-0.026303316710651857
BTC,701495,will-bitcoin-reach-110000-by-december-31-2026-658-339-969,74843373582432484858627201602003648342208168490128239235522790524493414154441,1,1775872800000000000,1775876400000000000,1775880000000000000,1,10.0,-0.014999999999999986,-0.0008309702260143048,-0.004830970226014305,-0.04830970226014305
BTC,701495,will-bitcoin-reach-110000-by-december-31-2026-658-339-969,74843373582432484858627201602003648342208168490128239235522790524493414154441,1,1775876400000000000,1775880000000000000,1775883600000000000,1,10.0,-0.010000000000000009,-0.0011510027733947492,-0.005151002773394749,-0.05151002773394749
BTC,701495,will-bitcoin-reach-110000-by-december-31-2026-658-339-969,74843373582432484858627201602003648342208168490128239235522790524493414154441,1,1775937600000000000,1775941200000000000,1775944800000000000,-1,10.0,0.010000000000000009,0.0006949755839265048,-0.0033050244160734953,-0.03305024416073495
BTC,701495,will-bitcoin-reach-110000-by-december-31-2026-658-339-969,74843373582432484858627201602003648342208168490128239235522790524493414154441,1,1775948400000000000,1775952000000000000,1775955600000000000,-1,10.0,0.009999999999999981,0.01965340429852458,0.01565340429852458,0.15653404298524579
BTC,701495,will-bitcoin-reach-110000-by-december-31-2026-658-339-969,74843373582432484858627201602003648342208168490128239235522790524493414154441,1,1775959200000000000,1775962800000000000,1775966400000000000,1,10.0,-0.004999999999999977,-0.0017691626815343753,-0.005769162681534375,-0.057691626815343754
BTC,701495,will-bitcoin-reach-110000-by-december-31-2026-658-339-969,74843373582432484858627201602003648342208168490128239235522790524493414154441,1,1775962800000000000,1775966400000000000,1775970000000000000,-1,10.0,0.004999999999999977,-0.003409568087326953,-0.007409568087326953,-0.07409568087326954
BTC,701495,will-bitcoin-reach-110000-by-december-31-2026-658-339-969,74843373582432484858627201602003648342208168490128239235522790524493414154441,1,1775966400000000000,1775970000000000000,1775973600000000000,1,10.0,-0.01999999999999999,-0.0005883402918971381,-0.004588340291897138,-0.04588340291897138
BTC,701495,will-bitcoin-reach-110000-by-december-31-2026-658-339-969,74843373582432484858627201602003648342208168490128239235522790524493414154441,1,1775970000000000000,1775973600000000000,1775977200000000000,1,10.0,-0.010000000000000009,-4.1999212758825344e-05,-0.004041999212758825,-0.040419992127588254
BTC,701495,will-bitcoin-reach-110000-by-december-31-2026-658-339-969,74843373582432484858627201602003648342208168490128239235522790524493414154441,1,1776106800000000000,1776110400000000000,1776114000000000000,-1,10.0,0.010000000000000009,-0.0004149045186452316,-0.004414904518645232,-0.04414904518645232
BTC,701495,will-bitcoin-reach-110000-by-december-31-2026-658-339-969,74843373582432484858627201602003648342208168490128239235522790524493414154441,1,1776132000000000000,1776135600000000000,1776139200000000000,-1,10.0,0.0050000000000000044,0.000760029998214562,-0.003239970001785438,-0.03239970001785438
BTC,701495,will-bitcoin-reach-110000-by-december-31-2026-658-339-969,74843373582432484858627201602003648342208168490128239235522790524493414154441,1,1776142800000000000,1776146400000000000,1776150000000000000,1,10.0,-0.0050000000000000044,0.00031225372446774813,-0.003687746275532252,-0.03687746275532252
BTC,701495,will-bitcoin-reach-110000-by-december-31-2026-658-339-969,74843373582432484858627201602003648342208168490128239235522790524493414154441,1,1776153600000000000,1776157200000000000,1776160800000000000,-1,10.0,0.010000000000000009,0.002013288590604123,-0.001986711409395877,-0.01986711409395877
BTC,701495,will-bitcoin-reach-110000-by-december-31-2026-658-339-969,74843373582432484858627201602003648342208168490128239235522790524493414154441,1,1776171600000000000,1776175200000000000,1776178800000000000,-1,10.0,0.009999999999999981,-0.004045265379807095,-0.008045265379807095,-0.08045265379807096
BTC,701495,will-bitcoin-reach-110000-by-december-31-2026-658-339-969,74843373582432484858627201602003648342208168490128239235522790524493414154441,1,1776182400000000000,1776186000000000000,1776189600000000000,-1,10.0,0.0050000000000000044,0.00877216922255697,0.004772169222556969,0.04772169222556969
BTC,701495,will-bitcoin-reach-110000-by-december-31-2026-658-339-969,74843373582432484858627201602003648342208168490128239235522790524493414154441,1,1776186000000000000,1776189600000000000,1776193200000000000,1,10.0,-0.009999999999999981,0.0017544122476031987,-0.0022455877523968014,-0.022455877523968014
BTC,701495,will-bitcoin-reach-110000-by-december-31-2026-658-339-969,74843373582432484858627201602003648342208168490128239235522790524493414154441,1,1776196800000000000,1776200400000000000,1776204000000000000,-1,10.0,0.004999999999999977,0.0034196250125374528,-0.0005803749874625473,-0.005803749874625473
BTC,701495,will-bitcoin-reach-110000-by-december-31-2026-658-339-969,74843373582432484858627201602003648342208168490128239235522790524493414154441,1,1776204000000000000,1776207600000000000,1776211200000000000,1,10.0,-0.004999999999999977,0.005892362968263898,0.0018923629682638977,0.018923629682638977
BTC,701495,will-bitcoin-reach-110000-by-december-31-2026-658-339-969,74843373582432484858627201602003648342208168490128239235522790524493414154441,1,1776214800000000000,1776218400000000000,1776222000000000000,-1,10.0,0.004999999999999977,-0.0003225155404860125,-0.004322515540486013,-0.043225155404860126
BTC,701495,will-bitcoin-reach-110000-by-december-31-2026-658-339-969,74843373582432484858627201602003648342208168490128239235522790524493414154441,1,1776222000000000000,1776225600000000000,1776229200000000000,-1,10.0,0.010000000000000009,0.00428945883784837,0.0002894588378483699,0.0028945883784836993
BTC,701495,will-bitcoin-reach-110000-by-december-31-2026-658-339-969,74843373582432484858627201602003648342208168490128239235522790524493414154441,1,1776236400000000000,1776240000000000000,1776243600000000000,1,10.0,-0.014999999999999986,-0.0013334141135986632,-0.005333414113598663,-0.05333414113598663
BTC,701495,will-bitcoin-reach-110000-by-december-31-2026-658-339-969,74843373582432484858627201602003648342208168490128239235522790524493414154441,1,1776268800000000000,1776272400000000000,1776276000000000000,-1,10.0,0.004999999999999977,-0.0034442594215009503,-0.00744425942150095,-0.07444259421500951
BTC,701495,will-bitcoin-reach-110000-by-december-31-2026-658-339-969,74843373582432484858627201602003648342208168490128239235522790524493414154441,1,1776283200000000000,1776286800000000000,1776290400000000000,1,10.0,-0.009999999999999981,0.002955456757881336,-0.0010445432421186639,-0.010445432421186639
BTC,701495,will-bitcoin-reach-110000-by-december-31-2026-658-339-969,74843373582432484858627201602003648342208168490128239235522790524493414154441,1,1776294000000000000,1776297600000000000,1776301200000000000,-1,10.0,0.01999999999999999,0.0021043880179268948,-0.0018956119820731053,-0.018956119820731053
BTC,701495,will-bitcoin-reach-110000-by-december-31-2026-658-339-969,74843373582432484858627201602003648342208168490128239235522790524493414154441,1,1776326400000000000,1776330000000000000,1776333600000000000,1,10.0,-0.010000000000000009,-0.0037673261207802344,-0.0077673261207802345,-0.07767326120780235
BTC,701495,will-bitcoin-reach-110000-by-december-31-2026-658-339-969,74843373582432484858627201602003648342208168490128239235522790524493414154441,1,1776337200000000000,1776340800000000000,1776344400000000000,1,10.0,-0.01999999999999999,-0.011202428173241907,-0.015202428173241907,-0.15202428173241908
BTC,701495,will-bitcoin-reach-110000-by-december-31-2026-658-339-969,74843373582432484858627201602003648342208168490128239235522790524493414154441,1,1776355200000000000,1776358800000000000,1776362400000000000,-1,10.0,0.015000000000000013,-0.009193302687197535,-0.013193302687197535,-0.13193302687197536
BTC,701495,will-bitcoin-reach-110000-by-december-31-2026-658-339-969,74843373582432484858627201602003648342208168490128239235522790524493414154441,1,1776358800000000000,1776362400000000000,1776366000000000000,1,10.0,-0.0050000000000000044,0.004215565363322016,0.00021556536332201573,0.0021556536332201573
BTC,701495,will-bitcoin-reach-110000-by-december-31-2026-658-339-969,74843373582432484858627201602003648342208168490128239235522790524493414154441,1,1776366000000000000,1776369600000000000,1776373200000000000,1,10.0,-0.010000000000000009,-0.0038449436060313813,-0.007844943606031381,-0.07844943606031382
BTC,701495,will-bitcoin-reach-110000-by-december-31-2026-658-339-969,74843373582432484858627201602003648342208168490128239235522790524493414154441,1,1776387600000000000,1776391200000000000,1776394800000000000,-1,10.0,0.015000000000000013,0.0011269076305220338,-0.0028730923694779663,-0.028730923694779663
BTC,701495,will-bitcoin-reach-110000-by-december-31-2026-658-339-969,74843373582432484858627201602003648342208168490128239235522790524493414154441,1,1776391200000000000,1776394800000000000,1776398400000000000,-1,10.0,0.004999999999999977,-0.0023529862702036386,-0.006352986270203639,-0.0635298627020364
BTC,701495,will-bitcoin-reach-110000-by-december-31-2026-658-339-969,74843373582432484858627201602003648342208168490128239235522790524493414154441,1,1776394800000000000,1776398400000000000,1776402000000000000,1,10.0,-0.009999999999999981,-0.002053979742855372,-0.006053979742855372,-0.06053979742855372
BTC,701495,will-bitcoin-reach-110000-by-december-31-2026-658-339-969,74843373582432484858627201602003648342208168490128239235522790524493414154441,1,1776409200000000000,1776412800000000000,1776416400000000000,-1,10.0,0.0050000000000000044,5.146450835935568e-06,-0.0039948535491640645,-0.039948535491640645
BTC,701495,will-bitcoin-reach-110000-by-december-31-2026-658-339-969,74843373582432484858627201602003648342208168490128239235522790524493414154441,1,1776412800000000000,1776416400000000000,1776420000000000000,-1,10.0,0.004999999999999977,0.006614147085530098,0.0026141470855300976,0.026141470855300976
BTC,701495,will-bitcoin-reach-110000-by-december-31-2026-658-339-969,74843373582432484858627201602003648342208168490128239235522790524493414154441,1,1776423600000000000,1776427200000000000,1776430800000000000,1,10.0,-0.01999999999999999,0.014522179028649607,0.010522179028649607,0.10522179028649606
BTC,701495,will-bitcoin-reach-110000-by-december-31-2026-658-339-969,74843373582432484858627201602003648342208168490128239235522790524493414154441,1,1776430800000000000,1776434400000000000,1776438000000000000,-1,10.0,0.010000000000000009,0.0013063836130321471,-0.002693616386967853,-0.02693616386967853
BTC,701495,will-bitcoin-reach-110000-by-december-31-2026-658-339-969,74843373582432484858627201602003648342208168490128239235522790524493414154441,1,1776438000000000000,1776441600000000000,1776445200000000000,-1,10.0,0.01999999999999999,0.004322660709088488,0.00032266070908848823,0.0032266070908848823
BTC,701495,will-bitcoin-reach-110000-by-december-31-2026-658-339-969,74843373582432484858627201602003648342208168490128239235522790524493414154441,1,1776456000000000000,1776459600000000000,1776463200000000000,1,10.0,-0.010000000000000009,-0.0018655644410607852,-0.005865564441060785,-0.05865564441060785
BTC,701495,will-bitcoin-reach-110000-by-december-31-2026-658-339-969,74843373582432484858627201602003648342208168490128239235522790524493414154441,1,1776474000000000000,1776477600000000000,1776481200000000000,-1,10.0,0.010000000000000009,0.0037138134453372773,-0.0002861865546627228,-0.0028618655466272278
BTC,701495,will-bitcoin-reach-110000-by-december-31-2026-658-339-969,74843373582432484858627201602003648342208168490128239235522790524493414154441,1,1776538800000000000,1776542400000000000,1776546000000000000,1,10.0,-0.010000000000000009,0.0008786244247558361,-0.003121375575244164,-0.03121375575244164
BTC,701495,will-bitcoin-reach-110000-by-december-31-2026-658-339-969,74843373582432484858627201602003648342208168490128239235522790524493414154441,1,1776542400000000000,1776546000000000000,1776549600000000000,1,10.0,-0.009999999999999981,-0.00010300530167361988,-0.00410300530167362,-0.0410300530167362
BTC,701495,will-bitcoin-reach-110000-by-december-31-2026-658-339-969,74843373582432484858627201602003648342208168490128239235522790524493414154441,1,1776549600000000000,1776553200000000000,1776556800000000000,1,10.0,-0.020000000000000018,1.6514347136231677e-05,-0.003983485652863768,-0.039834856528637684
BTC,701495,will-bitcoin-reach-110000-by-december-31-2026-658-339-969,74843373582432484858627201602003648342208168490128239235522790524493414154441,1,1776556800000000000,1776560400000000000,1776564000000000000,-1,10.0,0.020000000000000018,0.0016655217169089243,-0.002334478283091076,-0.02334478283091076
BTC,701495,will-bitcoin-reach-110000-by-december-31-2026-658-339-969,74843373582432484858627201602003648342208168490128239235522790524493414154441,1,1776560400000000000,1776564000000000000,1776567600000000000,1,10.0,-0.010000000000000009,0.00026186817844653376,-0.0037381318215534663,-0.03738131821553466
BTC,701495,will-bitcoin-reach-110000-by-december-31-2026-658-339-969,74843373582432484858627201602003648342208168490128239235522790524493414154441,1,1776582000000000000,1776585600000000000,1776589200000000000,-1,10.0,0.010000000000000009,0.003223594693426368,-0.0007764053065736319,-0.007764053065736319
BTC,701495,will-bitcoin-reach-110000-by-december-31-2026-658-339-969,74843373582432484858627201602003648342208168490128239235522790524493414154441,1,1776592800000000000,1776596400000000000,1776600000000000000,-1,10.0,0.0050000000000000044,0.00043000307787488534,-0.0035699969221251147,-0.03569996922125115
BTC,701495,will-bitcoin-reach-110000-by-december-31-2026-658-339-969,74843373582432484858627201602003648342208168490128239235522790524493414154441,1,1776596400000000000,1776600000000000000,1776603600000000000,-1,10.0,0.004999999999999977,-0.004633354328874795,-0.008633354328874795,-0.08633354328874795
BTC,701495,will-bitcoin-reach-110000-by-december-31-2026-658-339-969,74843373582432484858627201602003648342208168490128239235522790524493414154441,1,1776603600000000000,1776607200000000000,1776610800000000000,1,10.0,-0.004999999999999977,-0.0023332102581801184,-0.0063332102581801185,-0.06333210258180119
BTC,701495,will-bitcoin-reach-110000-by-december-31-2026-658-339-969,74843373582432484858627201602003648342208168490128239235522790524493414154441,1,1776614400000000000,1776618000000000000,1776621600000000000,1,10.0,-0.0050000000000000044,-0.0002827870529256149,-0.004282787052925615,-0.04282787052925615
BTC,701495,will-bitcoin-reach-110000-by-december-31-2026-658-339-969,74843373582432484858627201602003648342208168490128239235522790524493414154441,1,1776625200000000000,1776628800000000000,1776632400000000000,-1,10.0,0.009999999999999981,0.00274487471526208,-0.00125512528473792,-0.0125512528473792
BTC,701495,will-bitcoin-reach-110000-by-december-31-2026-658-339-969,74843373582432484858627201602003648342208168490128239235522790524493414154441,1,1776632400000000000,1776636000000000000,1776639600000000000,-1,10.0,0.0050000000000000044,0.0033161218215266297,-0.0006838781784733704,-0.006838781784733704
BTC,701495,will-bitcoin-reach-110000-by-december-31-2026-658-339-969,74843373582432484858627201602003648342208168490128239235522790524493414154441,1,1776639600000000000,1776643200000000000,1776646800000000000,1,10.0,-0.0050000000000000044,0.004242325761668608,0.00024232576166860822,0.0024232576166860822
BTC,701495,will-bitcoin-reach-110000-by-december-31-2026-658-339-969,74843373582432484858627201602003648342208168490128239235522790524493414154441,1,1776675600000000000,1776679200000000000,1776682800000000000,-1,10.0,0.0050000000000000044,-0.0022051984838578065,-0.0062051984838578066,-0.062051984838578066
BTC,701495,will-bitcoin-reach-110000-by-december-31-2026-658-339-969,74843373582432484858627201602003648342208168490128239235522790524493414154441,1,1776686400000000000,1776690000000000000,1776693600000000000,1,10.0,-0.0050000000000000044,-0.0031166724104809695,-0.00711667241048097,-0.0711667241048097
BTC,701495,will-bitcoin-reach-110000-by-december-31-2026-658-339-969,74843373582432484858627201602003648342208168490128239235522790524493414154441,1,1776704400000000000,1776708000000000000,1776711600000000000,-1,10.0,0.010000000000000009,0.001658255444090595,-0.002341744555909405,-0.02341744555909405
BTC,701495,will-bitcoin-reach-110000-by-december-31-2026-658-339-969,74843373582432484858627201602003648342208168490128239235522790524493414154441,1,1776726000000000000,1776729600000000000,1776733200000000000,1,10.0,-0.010000000000000009,-0.0021665750018563523,-0.006166575001856352,-0.061665750018563524
BTC,701495,will-bitcoin-reach-110000-by-december-31-2026-658-339-969,74843373582432484858627201602003648342208168490128239235522790524493414154441,1,1776769200000000000,1776772800000000000,1776776400000000000,1,10.0,-0.009999999999999981,-0.0014403470304882315,-0.005440347030488232,-0.054403470304882316
BTC,701495,will-bitcoin-reach-110000-by-december-31-2026-658-339-969,74843373582432484858627201602003648342208168490128239235522790524493414154441,1,1776783600000000000,1776787200000000000,1776790800000000000,-1,10.0,0.0050000000000000044,0.0031084234898427487,-0.0008915765101572513,-0.008915765101572513
BTC,701495,will-bitcoin-reach-110000-by-december-31-2026-658-339-969,74843373582432484858627201602003648342208168490128239235522790524493414154441,1,1776790800000000000,1776794400000000000,1776798000000000000,-1,10.0,0.004999999999999977,0.007760592121090704,0.0037605921210907035,0.037605921210907035
BTC,701495,will-bitcoin-reach-110000-by-december-31-2026-658-339-969,74843373582432484858627201602003648342208168490128239235522790524493414154441,1,1776798000000000000,1776801600000000000,1776805200000000000,1,10.0,-0.004999999999999977,-0.0019619937037068658,-0.005961993703706866,-0.05961993703706866
BTC,701495,will-bitcoin-reach-110000-by-december-31-2026-658-339-969,74843373582432484858627201602003648342208168490128239235522790524493414154441,1,1776801600000000000,1776805200000000000,1776808800000000000,-1,10.0,0.004999999999999977,-0.001324288725915057,-0.005324288725915057,-0.05324288725915057
BTC,701495,will-bitcoin-reach-110000-by-december-31-2026-658-339-969,74843373582432484858627201602003648342208168490128239235522790524493414154441,1,1776819600000000000,1776823200000000000,1776826800000000000,1,10.0,-0.009999999999999981,-0.001072486450886978,-0.005072486450886978,-0.05072486450886978
BTC,701495,will-bitcoin-reach-110000-by-december-31-2026-658-339-969,74843373582432484858627201602003648342208168490128239235522790524493414154441,1,1776834000000000000,1776837600000000000,1776841200000000000,-1,10.0,0.01999999999999999,-2.6534814702383613e-05,-0.004026534814702384,-0.04026534814702384
BTC,701495,will-bitcoin-reach-110000-by-december-31-2026-658-339-969,74843373582432484858627201602003648342208168490128239235522790524493414154441,1,1776866400000000000,1776870000000000000,1776873600000000000,-1,10.0,0.010000000000000009,0.006677061139431006,0.0026770611394310063,0.026770611394310063
BTC,701495,will-bitcoin-reach-110000-by-december-31-2026-658-339-969,74843373582432484858627201602003648342208168490128239235522790524493414154441,1,1776895200000000000,1776898800000000000,1776902400000000000,-1,10.0,0.010000000000000009,-0.0031474235218678093,-0.007147423521867809,-0.0714742352186781
BTC,701495,will-bitcoin-reach-110000-by-december-31-2026-658-339-969,74843373582432484858627201602003648342208168490128239235522790524493414154441,1,1776909600000000000,1776913200000000000,1776916800000000000,-1,10.0,0.010000000000000009,-0.002233284962427806,-0.006233284962427806,-0.06233284962427806
BTC,701495,will-bitcoin-reach-110000-by-december-31-2026-658-339-969,74843373582432484858627201602003648342208168490128239235522790524493414154441,1,1776913200000000000,1776916800000000000,1776920400000000000,1,10.0,-0.0050000000000000044,0.0014602139191575159,-0.0025397860808424842,-0.025397860808424842
BTC,701495,will-bitcoin-reach-110000-by-december-31-2026-658-339-969,74843373582432484858627201602003648342208168490128239235522790524493414154441,1,1776916800000000000,1776920400000000000,1776924000000000000,1,10.0,-0.0050000000000000044,0.002275422198078747,-0.001724577801921253,-0.01724577801921253
BTC,701495,will-bitcoin-reach-110000-by-december-31-2026-658-339-969,74843373582432484858627201602003648342208168490128239235522790524493414154441,1,1776920400000000000,1776924000000000000,1776927600000000000,1,10.0,-0.0050000000000000044,-0.0020816650456333408,-0.006081665045633341,-0.06081665045633341
BTC,701495,will-bitcoin-reach-110000-by-december-31-2026-658-339-969,74843373582432484858627201602003648342208168490128239235522790524493414154441,1,1776924000000000000,1776927600000000000,1776931200000000000,1,10.0,-0.015000000000000013,-0.0024378393878070614,-0.0064378393878070615,-0.06437839387807062
BTC,701495,will-bitcoin-reach-110000-by-december-31-2026-658-339-969,74843373582432484858627201602003648342208168490128239235522790524493414154441,1,1776934800000000000,1776938400000000000,1776942000000000000,-1,10.0,0.04999999999999999,-0.0038885773186605466,-0.007888577318660547,-0.07888577318660547
BTC,701495,will-bitcoin-reach-110000-by-december-31-2026-658-339-969,74843373582432484858627201602003648342208168490128239235522790524493414154441,1,1776942000000000000,1776945600000000000,1776949200000000000,1,10.0,-0.010000000000000009,-0.0043443906186333425,-0.008344390618633343,-0.08344390618633343
BTC,701495,will-bitcoin-reach-110000-by-december-31-2026-658-339-969,74843373582432484858627201602003648342208168490128239235522790524493414154441,1,1776956400000000000,1776960000000000000,1776963600000000000,1,10.0,-0.009999999999999953,-0.004282894591960518,-0.008282894591960518,-0.08282894591960518
BTC,701495,will-bitcoin-reach-110000-by-december-31-2026-658-339-969,74843373582432484858627201602003648342208168490128239235522790524493414154441,1,1776960000000000000,1776963600000000000,1776967200000000000,1,10.0,-0.020000000000000018,-0.0011644711319558354,-0.0051644711319558355,-0.051644711319558355
BTC,701495,will-bitcoin-reach-110000-by-december-31-2026-658-339-969,74843373582432484858627201602003648342208168490128239235522790524493414154441,1,1776963600000000000,1776967200000000000,1776970800000000000,1,10.0,-0.010000000000000009,0.0006257832750697911,-0.003374216724930209,-0.03374216724930209
BTC,701495,will-bitcoin-reach-110000-by-december-31-2026-658-339-969,74843373582432484858627201602003648342208168490128239235522790524493414154441,1,1776992400000000000,1776996000000000000,1776999600000000000,-1,10.0,0.03999999999999998,0.004963798701194677,0.0009637987011946771,0.00963798701194677
BTC,701495,will-bitcoin-reach-110000-by-december-31-2026-658-339-969,74843373582432484858627201602003648342208168490128239235522790524493414154441,1,1777006800000000000,1777010400000000000,1777014000000000000,1,10.0,-0.019999999999999962,-0.0018659270662265692,-0.005865927066226569,-0.05865927066226569
BTC,701495,will-bitcoin-reach-110000-by-december-31-2026-658-339-969,74843373582432484858627201602003648342208168490128239235522790524493414154441,1,1777042800000000000,1777046400000000000,1777050000000000000,-1,10.0,0.010000000000000009,0.0012287650069531253,-0.002771234993046875,-0.027712349930468748
BTC,701495,will-bitcoin-reach-110000-by-december-31-2026-658-339-969,74843373582432484858627201602003648342208168490128239235522790524493414154441,1,1777057200000000000,1777060800000000000,1777064400000000000,-1,10.0,0.009999999999999953,0.0023396031128314343,-0.0016603968871685658,-0.016603968871685658
BTC,701495,will-bitcoin-reach-110000-by-december-31-2026-658-339-969,74843373582432484858627201602003648342208168490128239235522790524493414154441,1,1777071600000000000,1777075200000000000,1777078800000000000,1,10.0,-0.004999999999999949,0.0010941571620235457,-0.0029058428379764543,-0.029058428379764543
BTC,701495,will-bitcoin-reach-110000-by-december-31-2026-658-339-969,74843373582432484858627201602003648342208168490128239235522790524493414154441,1,1777075200000000000,1777078800000000000,1777082400000000000,-1,10.0,0.004999999999999949,-0.0008533480660646298,-0.00485334806606463,-0.0485334806606463
BTC,701495,will-bitcoin-reach-110000-by-december-31-2026-658-339-969,74843373582432484858627201602003648342208168490128239235522790524493414154441,1,1777122000000000000,1777125600000000000,1777129200000000000,1,10.0,-0.009999999999999953,-0.004204270716969272,-0.008204270716969272,-0.08204270716969272
BTC,701495,will-bitcoin-reach-110000-by-december-31-2026-658-339-969,74843373582432484858627201602003648342208168490128239235522790524493414154441,1,1777125600000000000,1777129200000000000,1777132800000000000,1,10.0,-0.010000000000000009,0.0008665430583061351,-0.003133456941693865,-0.03133456941693865
BTC,701495,will-bitcoin-reach-110000-by-december-31-2026-658-339-969,74843373582432484858627201602003648342208168490128239235522790524493414154441,1,1777140000000000000,1777143600000000000,1777147200000000000,1,10.0,-0.010000000000000009,0.0019283587316232254,-0.0020716412683767747,-0.020716412683767747
BTC,701495,will-bitcoin-reach-110000-by-december-31-2026-658-339-969,74843373582432484858627201602003648342208168490128239235522790524493414154441,1,1777161600000000000,1777165200000000000,1777168800000000000,1,10.0,-0.010000000000000009,0.0006649784227346078,-0.0033350215772653923,-0.03335021577265392
BTC,701495,will-bitcoin-reach-110000-by-december-31-2026-658-339-969,74843373582432484858627201602003648342208168490128239235522790524493414154441,1,1777244400000000000,1777248000000000000,1777251600000000000,-1,10.0,0.010000000000000009,0.00031446778785659824,-0.003685532212143402,-0.03685532212143402
BTC,701495,will-bitcoin-reach-110000-by-december-31-2026-658-339-969,74843373582432484858627201602003648342208168490128239235522790524493414154441,1,1777280400000000000,1777284000000000000,1777287600000000000,-1,10.0,0.0050000000000000044,7.385997766728991e-05,-0.00392614002233271,-0.0392614002233271
BTC,701495,will-bitcoin-reach-110000-by-december-31-2026-658-339-969,74843373582432484858627201602003648342208168490128239235522790524493414154441,1,1777291200000000000,1777294800000000000,1777298400000000000,-1,10.0,0.0050000000000000044,-0.0008811945041038438,-0.004881194504103844,-0.04881194504103844
ETH,1823794,will-ethereum-reach-3000-in-april-2026,98694887273478515891138203442549017191281454470497426834485838288268569808164,1,1775113200000000000,1775116800000000000,1775120400000000000,-1,10.0,-0.19,0.0011190984660043313,-0.002880901533995669,-0.028809015339956688
ETH,1823794,will-ethereum-reach-3000-in-april-2026,98694887273478515891138203442549017191281454470497426834485838288268569808164,1,1775116800000000000,1775120400000000000,1775124000000000000,-1,10.0,-0.0075,0.0025489236790606773,-0.0014510763209393228,-0.014510763209393228
ETH,1823794,will-ethereum-reach-3000-in-april-2026,98694887273478515891138203442549017191281454470497426834485838288268569808164,1,1775124000000000000,1775127600000000000,1775131200000000000,1,10.0,0.003499999999999996,-0.0029660454203372932,-0.006966045420337293,-0.06966045420337294
ETH,1823794,will-ethereum-reach-3000-in-april-2026,98694887273478515891138203442549017191281454470497426834485838288268569808164,1,1775127600000000000,1775131200000000000,1775134800000000000,-1,10.0,-0.003499999999999996,-0.0058362687347679465,-0.009836268734767947,-0.09836268734767947
ETH,1823794,will-ethereum-reach-3000-in-april-2026,98694887273478515891138203442549017191281454470497426834485838288268569808164,1,1775131200000000000,1775134800000000000,1775138400000000000,1,10.0,0.004499999999999997,0.01226695964803004,0.00826695964803004,0.0826695964803004
ETH,1823794,will-ethereum-reach-3000-in-april-2026,98694887273478515891138203442549017191281454470497426834485838288268569808164,1,1775149200000000000,1775152800000000000,1775156400000000000,1,10.0,0.009000000000000001,0.0034105484084108184,-0.0005894515915891817,-0.005894515915891817
ETH,1823794,will-ethereum-reach-3000-in-april-2026,98694887273478515891138203442549017191281454470497426834485838288268569808164,1,1775152800000000000,1775156400000000000,1775160000000000000,-1,10.0,-0.003499999999999996,-0.0013799180764426655,-0.005379918076442666,-0.053799180764426656
ETH,1823794,will-ethereum-reach-3000-in-april-2026,98694887273478515891138203442549017191281454470497426834485838288268569808164,1,1775170800000000000,1775174400000000000,1775178000000000000,1,10.0,0.003499999999999996,-0.0011690152507781715,-0.0051690152507781716,-0.051690152507781716
ETH,1823794,will-ethereum-reach-3000-in-april-2026,98694887273478515891138203442549017191281454470497426834485838288268569808164,1,1775178000000000000,1775181600000000000,1775185200000000000,1,10.0,0.0015000000000000013,0.0008526270657935875,-0.0031473729342064126,-0.031473729342064126
ETH,1823794,will-ethereum-reach-3000-in-april-2026,98694887273478515891138203442549017191281454470497426834485838288268569808164,1,1775181600000000000,1775185200000000000,1775188800000000000,-1,10.0,-0.0015000000000000013,-0.00014604012208963013,-0.00414604012208963,-0.0414604012208963
ETH,1823794,will-ethereum-reach-3000-in-april-2026,98694887273478515891138203442549017191281454470497426834485838288268569808164,1,1775206800000000000,1775210400000000000,1775214000000000000,-1,10.0,-0.0014999999999999944,-0.0013301616583327736,-0.005330161658332774,-0.053301616583327736
ETH,1823794,will-ethereum-reach-3000-in-april-2026,98694887273478515891138203442549017191281454470497426834485838288268569808164,1,1775210400000000000,1775214000000000000,1775217600000000000,-1,10.0,-0.0015000000000000013,0.006205639374781691,0.0022056393747816906,0.022056393747816906
ETH,1823794,will-ethereum-reach-3000-in-april-2026,98694887273478515891138203442549017191281454470497426834485838288268569808164,1,1775228400000000000,1775232000000000000,1775235600000000000,-1,10.0,-0.0010000000000000009,0.002112230495936007,-0.0018877695040639929,-0.01887769504063993
ETH,1823794,will-ethereum-reach-3000-in-april-2026,98694887273478515891138203442549017191281454470497426834485838288268569808164,1,1775242800000000000,1775246400000000000,1775250000000000000,-1,10.0,-0.0049999999999999975,-0.0027621483375959155,-0.006762148337595916,-0.06762148337595916
ETH,1823794,will-ethereum-reach-3000-in-april-2026,98694887273478515891138203442549017191281454470497426834485838288268569808164,1,1775307600000000000,1775311200000000000,1775314800000000000,-1,10.0,-0.0010000000000000009,-0.0015537479908431795,-0.00555374799084318,-0.055537479908431796
ETH,1823794,will-ethereum-reach-3000-in-april-2026,98694887273478515891138203442549017191281454470497426834485838288268569808164,1,1775361600000000000,1775365200000000000,1775368800000000000,-1,10.0,-0.0020000000000000018,0.005018061114907768,0.001018061114907768,0.01018061114907768
ETH,1823794,will-ethereum-reach-3000-in-april-2026,98694887273478515891138203442549017191281454470497426834485838288268569808164,1,1775383200000000000,1775386800000000000,1775390400000000000,-1,10.0,-0.0010000000000000009,0.006835363704022934,0.002835363704022934,0.02835363704022934
ETH,1823794,will-ethereum-reach-3000-in-april-2026,98694887273478515891138203442549017191281454470497426834485838288268569808164,1,1775394000000000000,1775397600000000000,1775401200000000000,-1,10.0,-0.0010000000000000009,-0.007534989134113879,-0.011534989134113879,-0.1153498913411388
ETH,1823794,will-ethereum-reach-3000-in-april-2026,98694887273478515891138203442549017191281454470497426834485838288268569808164,1,1775415600000000000,1775419200000000000,1775422800000000000,1,10.0,0.0034999999999999996,-0.0043017820978193955,-0.008301782097819396,-0.08301782097819396
ETH,1823794,will-ethereum-reach-3000-in-april-2026,98694887273478515891138203442549017191281454470497426834485838288268569808164,1,1775430000000000000,1775433600000000000,1775437200000000000,1,10.0,0.0020000000000000018,-0.0032375270382989374,-0.0072375270382989375,-0.07237527038298938
ETH,1823794,will-ethereum-reach-3000-in-april-2026,98694887273478515891138203442549017191281454470497426834485838288268569808164,1,1775437200000000000,1775440800000000000,1775444400000000000,1,10.0,0.0010000000000000009,-0.001987260907672206,-0.005987260907672206,-0.05987260907672206
ETH,1823794,will-ethereum-reach-3000-in-april-2026,98694887273478515891138203442549017191281454470497426834485838288268569808164,1,1775484000000000000,1775487600000000000,1775491200000000000,-1,10.0,-0.0015000000000000013,0.011101101794747548,0.007101101794747548,0.07101101794747547
ETH,1823794,will-ethereum-reach-3000-in-april-2026,98694887273478515891138203442549017191281454470497426834485838288268569808164,1,1775487600000000000,1775491200000000000,1775494800000000000,1,10.0,0.0025000000000000022,-0.00264876531098468,-0.00664876531098468,-0.0664876531098468
ETH,1823794,will-ethereum-reach-3000-in-april-2026,98694887273478515891138203442549017191281454470497426834485838288268569808164,1,1775523600000000000,1775527200000000000,1775530800000000000,-1,10.0,-0.0010000000000000009,-0.0007262060716521912,-0.004726206071652191,-0.04726206071652191
ETH,1823794,will-ethereum-reach-3000-in-april-2026,98694887273478515891138203442549017191281454470497426834485838288268569808164,1,1775559600000000000,1775563200000000000,1775566800000000000,-1,10.0,-0.0020000000000000018,0.005759490941499523,0.0017594909414995231,0.01759490941499523
ETH,1823794,will-ethereum-reach-3000-in-april-2026,98694887273478515891138203442549017191281454470497426834485838288268569808164,1,1775581200000000000,1775584800000000000,1775588400000000000,-1,10.0,-0.006499999999999999,-0.012984709773282699,-0.0169847097732827,-0.169847097732827
ETH,1823794,will-ethereum-reach-3000-in-april-2026,98694887273478515891138203442549017191281454470497426834485838288268569808164,1,1775584800000000000,1775588400000000000,1775592000000000000,1,10.0,0.0014999999999999979,0.0010125911450324931,-0.002987408854967507,-0.02987408854967507
ETH,1823794,will-ethereum-reach-3000-in-april-2026,98694887273478515891138203442549017191281454470497426834485838288268569808164,1,1775613600000000000,1775617200000000000,1775620800000000000,1,10.0,0.023500000000000004,0.0027252224032077166,-0.0012747775967922835,-0.012747775967922835
ETH,1823794,will-ethereum-reach-3000-in-april-2026,98694887273478515891138203442549017191281454470497426834485838288268569808164,1,1775635200000000000,1775638800000000000,1775642400000000000,1,10.0,0.003999999999999997,-0.003076116092265768,-0.007076116092265768,-0.07076116092265769
ETH,1823794,will-ethereum-reach-3000-in-april-2026,98694887273478515891138203442549017191281454470497426834485838288268569808164,1,1775646000000000000,1775649600000000000,1775653200000000000,-1,10.0,-0.003999999999999997,0.008785928329521187,0.0047859283295211864,0.047859283295211864
ETH,1823794,will-ethereum-reach-3000-in-april-2026,98694887273478515891138203442549017191281454470497426834485838288268569808164,1,1775653200000000000,1775656800000000000,1775660400000000000,1,10.0,0.0014999999999999944,0.00921547726423766,0.005215477264237659,0.05215477264237659
ETH,1823794,will-ethereum-reach-3000-in-april-2026,98694887273478515891138203442549017191281454470497426834485838288268569808164,1,1775660400000000000,1775664000000000000,1775667600000000000,-1,10.0,-0.009999999999999995,-0.005007294799978412,-0.009007294799978412,-0.09007294799978413
ETH,1823794,will-ethereum-reach-3000-in-april-2026,98694887273478515891138203442549017191281454470497426834485838288268569808164,1,1775674800000000000,1775678400000000000,1775682000000000000,-1,10.0,-0.0015000000000000013,-0.0021359302383463508,-0.006135930238346351,-0.06135930238346351
ETH,1823794,will-ethereum-reach-3000-in-april-2026,98694887273478515891138203442549017191281454470497426834485838288268569808164,1,1775692800000000000,1775696400000000000,1775700000000000000,-1,10.0,-0.0015000000000000013,-0.0013769742368119342,-0.005376974236811934,-0.05376974236811934
ETH,1823794,will-ethereum-reach-3000-in-april-2026,98694887273478515891138203442549017191281454470497426834485838288268569808164,1,1775696400000000000,1775700000000000000,1775703600000000000,-1,10.0,-0.0015000000000000013,-0.0003666882095989532,-0.004366688209598953,-0.04366688209598953
ETH,1823794,will-ethereum-reach-3000-in-april-2026,98694887273478515891138203442549017191281454470497426834485838288268569808164,1,1775700000000000000,1775703600000000000,1775707200000000000,-1,10.0,-0.003499999999999996,0.0022222324042721064,-0.0017777675957278936,-0.017777675957278936
ETH,1823794,will-ethereum-reach-3000-in-april-2026,98694887273478515891138203442549017191281454470497426834485838288268569808164,1,1775732400000000000,1775736000000000000,1775739600000000000,1,10.0,0.0010000000000000009,-0.008299211300118348,-0.012299211300118348,-0.12299211300118348
ETH,1823794,will-ethereum-reach-3000-in-april-2026,98694887273478515891138203442549017191281454470497426834485838288268569808164,1,1775743200000000000,1775746800000000000,1775750400000000000,-1,10.0,-0.0010000000000000009,0.0043552946586773444,0.00035529465867734436,0.0035529465867734436
ETH,1823794,will-ethereum-reach-3000-in-april-2026,98694887273478515891138203442549017191281454470497426834485838288268569808164,1,1775750400000000000,1775754000000000000,1775757600000000000,-1,10.0,-0.0020000000000000018,0.0071488021594871,0.0031488021594870998,0.031488021594871
ETH,1823794,will-ethereum-reach-3000-in-april-2026,98694887273478515891138203442549017191281454470497426834485838288268569808164,1,1775764800000000000,1775768400000000000,1775772000000000000,1,10.0,0.0020000000000000018,-0.005920987162901792,-0.009920987162901792,-0.09920987162901793
ETH,1823794,will-ethereum-reach-3000-in-april-2026,98694887273478515891138203442549017191281454470497426834485838288268569808164,1,1775782800000000000,1775786400000000000,1775790000000000000,-1,10.0,-0.0030000000000000027,0.0013978219558543614,-0.0026021780441456387,-0.026021780441456387
ETH,1823794,will-ethereum-reach-3000-in-april-2026,98694887273478515891138203442549017191281454470497426834485838288268569808164,1,1775815200000000000,1775818800000000000,1775822400000000000,-1,10.0,-0.002999999999999999,-0.0014668381738993652,-0.005466838173899365,-0.05466838173899365
ETH,1823794,will-ethereum-reach-3000-in-april-2026,98694887273478515891138203442549017191281454470497426834485838288268569808164,1,1775840400000000000,1775844000000000000,1775847600000000000,1,10.0,0.0014999999999999979,0.0017071750254520346,-0.0022928249745479655,-0.022928249745479655
ETH,1823794,will-ethereum-reach-3000-in-april-2026,98694887273478515891138203442549017191281454470497426834485838288268569808164,1,1775869200000000000,1775872800000000000,1775876400000000000,1,10.0,0.0010000000000000009,-0.004901720939956111,-0.008901720939956111,-0.08901720939956112
ETH,1823794,will-ethereum-reach-3000-in-april-2026,98694887273478515891138203442549017191281454470497426834485838288268569808164,1,1775880000000000000,1775883600000000000,1775887200000000000,1,10.0,0.0010000000000000009,0.0012853873405020977,-0.0027146126594979024,-0.027146126594979024
ETH,1823794,will-ethereum-reach-3000-in-april-2026,98694887273478515891138203442549017191281454470497426834485838288268569808164,1,1775890800000000000,1775894400000000000,1775898000000000000,-1,10.0,-0.0025000000000000022,-0.004894979622911855,-0.008894979622911855,-0.08894979622911856
ETH,1823794,will-ethereum-reach-3000-in-april-2026,98694887273478515891138203442549017191281454470497426834485838288268569808164,1,1775905200000000000,1775908800000000000,1775912400000000000,1,10.0,0.0020000000000000018,-0.0025562235582274884,-0.0065562235582274885,-0.06556223558227489
ETH,1823794,will-ethereum-reach-3000-in-april-2026,98694887273478515891138203442549017191281454470497426834485838288268569808164,1,1775934000000000000,1775937600000000000,1775941200000000000,1,10.0,0.011999999999999997,0.00045250443802435925,-0.003547495561975641,-0.03547495561975641
ETH,1823794,will-ethereum-reach-3000-in-april-2026,98694887273478515891138203442549017191281454470497426834485838288268569808164,1,1775948400000000000,1775952000000000000,1775955600000000000,1,10.0,0.004500000000000004,-0.02916805207986961,-0.033168052079869614,-0.33168052079869614
ETH,1823794,will-ethereum-reach-3000-in-april-2026,98694887273478515891138203442549017191281454470497426834485838288268569808164,1,1775959200000000000,1775962800000000000,1775966400000000000,-1,10.0,-0.0085,0.0007001820473323539,-0.003299817952667646,-0.03299817952667646
ETH,1823794,will-ethereum-reach-3000-in-april-2026,98694887273478515891138203442549017191281454470497426834485838288268569808164,1,1775962800000000000,1775966400000000000,1775970000000000000,1,10.0,0.003499999999999996,0.0023144799652830006,-0.0016855200347169995,-0.016855200347169995
ETH,1823794,will-ethereum-reach-3000-in-april-2026,98694887273478515891138203442549017191281454470497426834485838288268569808164,1,1775966400000000000,1775970000000000000,1775973600000000000,-1,10.0,-0.001999999999999995,0.0005457136671959129,-0.0034542863328040872,-0.03454286332804087
ETH,1823794,will-ethereum-reach-3000-in-april-2026,98694887273478515891138203442549017191281454470497426834485838288268569808164,1,1775977200000000000,1775980800000000000,1775984400000000000,-1,10.0,-0.0165,-8.581752484193572e-05,-0.004085817524841936,-0.04085817524841936
ETH,1823794,will-ethereum-reach-3000-in-april-2026,98694887273478515891138203442549017191281454470497426834485838288268569808164,1,1775980800000000000,1775984400000000000,1775988000000000000,-1,10.0,-0.0015000000000000013,0.005658954290282292,0.001658954290282292,0.01658954290282292
ETH,1823794,will-ethereum-reach-3000-in-april-2026,98694887273478515891138203442549017191281454470497426834485838288268569808164,1,1775988000000000000,1775991600000000000,1775995200000000000,-1,10.0,-0.0010000000000000009,0.004472426087035242,0.0004724260870352416,0.004724260870352416
ETH,1823794,will-ethereum-reach-3000-in-april-2026,98694887273478515891138203442549017191281454470497426834485838288268569808164,1,1775991600000000000,1775995200000000000,1775998800000000000,-1,10.0,-0.0014999999999999979,0.0035448067214639556,-0.0004551932785360445,-0.004551932785360445
ETH,1823794,will-ethereum-reach-3000-in-april-2026,98694887273478515891138203442549017191281454470497426834485838288268569808164,1,1775998800000000000,1776002400000000000,1776006000000000000,-1,10.0,-0.0015000000000000013,-0.002572379703419614,-0.006572379703419614,-0.06572379703419615
ETH,1823794,will-ethereum-reach-3000-in-april-2026,98694887273478515891138203442549017191281454470497426834485838288268569808164,1,1776020400000000000,1776024000000000000,1776027600000000000,-1,10.0,-0.002999999999999999,0.001034546629140043,-0.002965453370859957,-0.02965453370859957
ETH,1823794,will-ethereum-reach-3000-in-april-2026,98694887273478515891138203442549017191281454470497426834485838288268569808164,1,1776042000000000000,1776045600000000000,1776049200000000000,1,10.0,0.0019999999999999983,6.380399413008497e-05,-0.003936196005869915,-0.03936196005869915
ETH,1823794,will-ethereum-reach-3000-in-april-2026,98694887273478515891138203442549017191281454470497426834485838288268569808164,1,1776049200000000000,1776052800000000000,1776056400000000000,-1,10.0,-0.0019999999999999983,-0.000493092144311591,-0.004493092144311591,-0.04493092144311591
ETH,1823794,will-ethereum-reach-3000-in-april-2026,98694887273478515891138203442549017191281454470497426834485838288268569808164,1,1776128400000000000,1776132000000000000,1776135600000000000,1,10.0,0.046,-0.0008954139600104716,-0.004895413960010472,-0.04895413960010472
ETH,1823794,will-ethereum-reach-3000-in-april-2026,98694887273478515891138203442549017191281454470497426834485838288268569808164,1,1776153600000000000,1776157200000000000,1776160800000000000,-1,10.0,-0.010500000000000002,0.005052070678720155,0.0010520706787201552,0.010520706787201552
ETH,1823794,will-ethereum-reach-3000-in-april-2026,98694887273478515891138203442549017191281454470497426834485838288268569808164,1,1776160800000000000,1776164400000000000,1776168000000000000,1,10.0,0.004500000000000004,-0.0002484702235810987,-0.004248470223581099,-0.04248470223581099
ETH,1823794,will-ethereum-reach-3000-in-april-2026,98694887273478515891138203442549017191281454470497426834485838288268569808164,1,1776214800000000000,1776218400000000000,1776222000000000000,-1,10.0,-0.010500000000000002,-0.001737806320625257,-0.005737806320625257,-0.05737806320625257
ETH,1823794,will-ethereum-reach-3000-in-april-2026,98694887273478515891138203442549017191281454470497426834485838288268569808164,1,1776222000000000000,1776225600000000000,1776229200000000000,1,10.0,0.0010000000000000009,-0.0059954402084476666,-0.009995440208447667,-0.09995440208447667
ETH,1823794,will-ethereum-reach-3000-in-april-2026,98694887273478515891138203442549017191281454470497426834485838288268569808164,1,1776236400000000000,1776240000000000000,1776243600000000000,-1,10.0,-0.0025000000000000022,0.003200996820486468,-0.000799003179513532,-0.00799003179513532
ETH,1823794,will-ethereum-reach-3000-in-april-2026,98694887273478515891138203442549017191281454470497426834485838288268569808164,1,1776268800000000000,1776272400000000000,1776276000000000000,-1,10.0,-0.0010000000000000009,-0.004257746970613097,-0.008257746970613097,-0.08257746970613097
ETH,1823794,will-ethereum-reach-3000-in-april-2026,98694887273478515891138203442549017191281454470497426834485838288268569808164,1,1776283200000000000,1776286800000000000,1776290400000000000,1,10.0,0.020000000000000004,0.0009105153940625055,-0.0030894846059374946,-0.030894846059374946
ETH,1823794,will-ethereum-reach-3000-in-april-2026,98694887273478515891138203442549017191281454470497426834485838288268569808164,1,1776286800000000000,1776290400000000000,1776294000000000000,-1,10.0,-0.0040000000000000036,0.0014808859929340557,-0.0025191140070659444,-0.025191140070659444
ETH,1823794,will-ethereum-reach-3000-in-april-2026,98694887273478515891138203442549017191281454470497426834485838288268569808164,1,1776290400000000000,1776294000000000000,1776297600000000000,-1,10.0,-0.0075,-0.00026695480836469443,-0.0042669548083646945,-0.042669548083646945
ETH,1823794,will-ethereum-reach-3000-in-april-2026,98694887273478515891138203442549017191281454470497426834485838288268569808164,1,1776294000000000000,1776297600000000000,1776301200000000000,1,10.0,0.0015000000000000013,-0.0036092824644791133,-0.007609282464479113,-0.07609282464479114
ETH,1823794,will-ethereum-reach-3000-in-april-2026,98694887273478515891138203442549017191281454470497426834485838288268569808164,1,1776301200000000000,1776304800000000000,1776308400000000000,1,10.0,0.0025000000000000022,0.0005007043807392364,-0.0034992956192607637,-0.03499295619260764
ETH,1823794,will-ethereum-reach-3000-in-april-2026,98694887273478515891138203442549017191281454470497426834485838288268569808164,1,1776304800000000000,1776308400000000000,1776312000000000000,-1,10.0,-0.0030000000000000027,0.0015819429482666347,-0.0024180570517333654,-0.024180570517333654
ETH,1823794,will-ethereum-reach-3000-in-april-2026,98694887273478515891138203442549017191281454470497426834485838288268569808164,1,1776312000000000000,1776315600000000000,1776319200000000000,1,10.0,0.0040000000000000036,-0.00036064933852664183,-0.004360649338526642,-0.04360649338526642
ETH,1823794,will-ethereum-reach-3000-in-april-2026,98694887273478515891138203442549017191281454470497426834485838288268569808164,1,1776315600000000000,1776319200000000000,1776322800000000000,-1,10.0,-0.0025000000000000022,0.006150228564394955,0.002150228564394955,0.02150228564394955
ETH,1823794,will-ethereum-reach-3000-in-april-2026,98694887273478515891138203442549017191281454470497426834485838288268569808164,1,1776326400000000000,1776330000000000000,1776333600000000000,-1,10.0,-0.0020000000000000018,0.002425056349413479,-0.001574943650586521,-0.01574943650586521
ETH,1823794,will-ethereum-reach-3000-in-april-2026,98694887273478515891138203442549017191281454470497426834485838288268569808164,1,1776337200000000000,1776340800000000000,1776344400000000000,-1,10.0,-0.0029999999999999957,0.013736733263830736,0.009736733263830736,0.09736733263830735
ETH,1823794,will-ethereum-reach-3000-in-april-2026,98694887273478515891138203442549017191281454470497426834485838288268569808164,1,1776344400000000000,1776348000000000000,1776351600000000000,-1,10.0,-0.0020000000000000018,-0.012571591838855145,-0.016571591838855145,-0.16571591838855146
ETH,1823794,will-ethereum-reach-3000-in-april-2026,98694887273478515891138203442549017191281454470497426834485838288268569808164,1,1776348000000000000,1776351600000000000,1776355200000000000,-1,10.0,-0.006499999999999999,0.009512571558052296,0.005512571558052296,0.05512571558052296
ETH,1823794,will-ethereum-reach-3000-in-april-2026,98694887273478515891138203442549017191281454470497426834485838288268569808164,1,1776355200000000000,1776358800000000000,1776362400000000000,1,10.0,0.0029999999999999957,0.00744263239587406,0.0034426323958740603,0.0344263239587406
ETH,1823794,will-ethereum-reach-3000-in-april-2026,98694887273478515891138203442549017191281454470497426834485838288268569808164,1,1776366000000000000,1776369600000000000,1776373200000000000,1,10.0,0.0030000000000000027,-0.0038549418567543903,-0.00785494185675439,-0.07854941856754391
ETH,1823794,will-ethereum-reach-3000-in-april-2026,98694887273478515891138203442549017191281454470497426834485838288268569808164,1,1776394800000000000,1776398400000000000,1776402000000000000,-1,10.0,-0.0010000000000000009,0.004152067875790033,0.00015206787579003303,0.0015206787579003303
ETH,1823794,will-ethereum-reach-3000-in-april-2026,98694887273478515891138203442549017191281454470497426834485838288268569808164,1,1776405600000000000,1776409200000000000,1776412800000000000,-1,10.0,-0.0015000000000000013,-0.008872570860609441,-0.012872570860609441,-0.12872570860609442
ETH,1823794,will-ethereum-reach-3000-in-april-2026,98694887273478515891138203442549017191281454470497426834485838288268569808164,1,1776412800000000000,1776416400000000000,1776420000000000000,-1,10.0,-0.001999999999999995,0.006396507142554242,0.002396507142554242,0.023965071425542418
ETH,1823794,will-ethereum-reach-3000-in-april-2026,98694887273478515891138203442549017191281454470497426834485838288268569808164,1,1776423600000000000,1776427200000000000,1776430800000000000,-1,10.0,-0.0020000000000000018,-0.02743710923831255,-0.031437109238312555,-0.31437109238312555
ETH,1823794,will-ethereum-reach-3000-in-april-2026,98694887273478515891138203442549017191281454470497426834485838288268569808164,1,1776430800000000000,1776434400000000000,1776438000000000000,1,10.0,0.0029999999999999957,-0.002161609970374845,-0.006161609970374845,-0.06161609970374845
ETH,1823794,will-ethereum-reach-3000-in-april-2026,98694887273478515891138203442549017191281454470497426834485838288268569808164,1,1776438000000000000,1776441600000000000,1776445200000000000,1,10.0,0.034,-0.004438461224656298,-0.008438461224656298,-0.08438461224656299
ETH,1823794,will-ethereum-reach-3000-in-april-2026,98694887273478515891138203442549017191281454470497426834485838288268569808164,1,1776441600000000000,1776445200000000000,1776448800000000000,1,10.0,0.007000000000000006,-0.008371509822079903,-0.012371509822079903,-0.12371509822079904
ETH,1823794,will-ethereum-reach-3000-in-april-2026,98694887273478515891138203442549017191281454470497426834485838288268569808164,1,1776452400000000000,1776456000000000000,1776459600000000000,-1,10.0,-0.007000000000000006,-0.0011167060879022639,-0.005116706087902264,-0.05116706087902264
ETH,1823794,will-ethereum-reach-3000-in-april-2026,98694887273478515891138203442549017191281454470497426834485838288268569808164,1,1776463200000000000,1776466800000000000,1776470400000000000,-1,10.0,-0.0050000000000000044,-0.0008226539892517426,-0.004822653989251743,-0.04822653989251743
ETH,1823794,will-ethereum-reach-3000-in-april-2026,98694887273478515891138203442549017191281454470497426834485838288268569808164,1,1776474000000000000,1776477600000000000,1776481200000000000,-1,10.0,-0.009499999999999995,0.005853174603174582,0.0018531746031745823,0.018531746031745823
ETH,1823794,will-ethereum-reach-3000-in-april-2026,98694887273478515891138203442549017191281454470497426834485838288268569808164,1,1776488400000000000,1776492000000000000,1776495600000000000,-1,10.0,-0.003500000000000003,0.0026099585062240305,-0.0013900414937759696,-0.013900414937759696
ETH,1823794,will-ethereum-reach-3000-in-april-2026,98694887273478515891138203442549017191281454470497426834485838288268569808164,1,1776495600000000000,1776499200000000000,1776502800000000000,-1,10.0,-0.001999999999999995,0.0019029056066405259,-0.002097094393359474,-0.020970943933594742
ETH,1823794,will-ethereum-reach-3000-in-april-2026,98694887273478515891138203442549017191281454470497426834485838288268569808164,1,1776502800000000000,1776506400000000000,1776510000000000000,-1,10.0,-0.006999999999999999,0.0027041460747497803,-0.0012958539252502198,-0.012958539252502198
ETH,1823794,will-ethereum-reach-3000-in-april-2026,98694887273478515891138203442549017191281454470497426834485838288268569808164,1,1776506400000000000,1776510000000000000,1776513600000000000,1,10.0,0.0010000000000000009,0.0021122331021350416,-0.0018877668978649585,-0.018877668978649585
ETH,1823794,will-ethereum-reach-3000-in-april-2026,98694887273478515891138203442549017191281454470497426834485838288268569808164,1,1776517200000000000,1776520800000000000,1776524400000000000,-1,10.0,-0.004500000000000004,0.0006722390634315012,-0.003327760936568499,-0.03327760936568499
ETH,1823794,will-ethereum-reach-3000-in-april-2026,98694887273478515891138203442549017191281454470497426834485838288268569808164,1,1776538800000000000,1776542400000000000,1776546000000000000,-1,10.0,-0.0010000000000000009,-0.0011519072353376458,-0.005151907235337646,-0.05151907235337646
ETH,1823794,will-ethereum-reach-3000-in-april-2026,98694887273478515891138203442549017191281454470497426834485838288268569808164,1,1776546000000000000,1776549600000000000,1776553200000000000,-1,10.0,-0.003499999999999996,0.002635230614505213,-0.0013647693854947872,-0.013647693854947872
ETH,1823794,will-ethereum-reach-3000-in-april-2026,98694887273478515891138203442549017191281454470497426834485838288268569808164,1,1776549600000000000,1776553200000000000,1776556800000000000,1,10.0,0.0049999999999999975,-0.0005233329929541508,-0.004523332992954151,-0.04523332992954151
ETH,1823794,will-ethereum-reach-3000-in-april-2026,98694887273478515891138203442549017191281454470497426834485838288268569808164,1,1776564000000000000,1776567600000000000,1776571200000000000,-1,10.0,-0.0025000000000000022,0.002748133363535632,-0.001251866636464368,-0.012518666364643681
ETH,1823794,will-ethereum-reach-3000-in-april-2026,98694887273478515891138203442549017191281454470497426834485838288268569808164,1,1776571200000000000,1776574800000000000,1776578400000000000,-1,10.0,-0.0029999999999999957,0.00238344278879965,-0.00161655721120035,-0.0161655721120035
ETH,1823794,will-ethereum-reach-3000-in-april-2026,98694887273478515891138203442549017191281454470497426834485838288268569808164,1,1776574800000000000,1776578400000000000,1776582000000000000,-1,10.0,-0.003500000000000003,0.0047997593674801164,0.0007997593674801164,0.007997593674801164
ETH,1823794,will-ethereum-reach-3000-in-april-2026,98694887273478515891138203442549017191281454470497426834485838288268569808164,1,1776582000000000000,1776585600000000000,1776589200000000000,1,10.0,0.0030000000000000027,-0.0036442991516763,-0.0076442991516763,-0.07644299151676301
ETH,1823794,will-ethereum-reach-3000-in-april-2026,98694887273478515891138203442549017191281454470497426834485838288268569808164,1,1776585600000000000,1776589200000000000,1776592800000000000,-1,10.0,-0.003500000000000003,-0.0033632869312281155,-0.007363286931228116,-0.07363286931228116
ETH,1823794,will-ethereum-reach-3000-in-april-2026,98694887273478515891138203442549017191281454470497426834485838288268569808164,1,1776614400000000000,1776618000000000000,1776621600000000000,-1,10.0,-0.0010000000000000009,0.0003526968244222939,-0.003647303175577706,-0.03647303175577706
ETH,1823794,will-ethereum-reach-3000-in-april-2026,98694887273478515891138203442549017191281454470497426834485838288268569808164,1,1776618000000000000,1776621600000000000,1776625200000000000,-1,10.0,-0.0029999999999999957,-0.0016857015916158513,-0.005685701591615851,-0.056857015916158514
ETH,1823794,will-ethereum-reach-3000-in-april-2026,98694887273478515891138203442549017191281454470497426834485838288268569808164,1,1776625200000000000,1776628800000000000,1776632400000000000,-1,10.0,-0.0020000000000000018,0.001981925888249192,-0.002018074111750808,-0.02018074111750808
ETH,1823794,will-ethereum-reach-3000-in-april-2026,98694887273478515891138203442549017191281454470497426834485838288268569808164,1,1776632400000000000,1776636000000000000,1776639600000000000,-1,10.0,-0.004,0.0028725124350710285,-0.0011274875649289716,-0.011274875649289716
ETH,1823794,will-ethereum-reach-3000-in-april-2026,98694887273478515891138203442549017191281454470497426834485838288268569808164,1,1776636000000000000,1776639600000000000,1776643200000000000,-1,10.0,-0.0020000000000000018,-0.007396377807332044,-0.011396377807332044,-0.11396377807332045
ETH,1823794,will-ethereum-reach-3000-in-april-2026,98694887273478515891138203442549017191281454470497426834485838288268569808164,1,1776639600000000000,1776643200000000000,1776646800000000000,-1,10.0,-0.0034999999999999996,-0.0027017425362168,-0.0067017425362168,-0.06701742536216801
ETH,1823794,will-ethereum-reach-3000-in-april-2026,98694887273478515891138203442549017191281454470497426834485838288268569808164,1,1776650400000000000,1776654000000000000,1776657600000000000,1,10.0,0.0010000000000000009,-0.0013863620460430326,-0.005386362046043033,-0.05386362046043033
ETH,1823794,will-ethereum-reach-3000-in-april-2026,98694887273478515891138203442549017191281454470497426834485838288268569808164,1,1776657600000000000,1776661200000000000,1776664800000000000,-1,10.0,-0.0010000000000000009,-0.007030186634716662,-0.011030186634716662,-0.11030186634716663
ETH,1823794,will-ethereum-reach-3000-in-april-2026,98694887273478515891138203442549017191281454470497426834485838288268569808164,1,1776668400000000000,1776672000000000000,1776675600000000000,-1,10.0,-0.0014999999999999979,-0.006525463255582675,-0.010525463255582675,-0.10525463255582676
ETH,1823794,will-ethereum-reach-3000-in-april-2026,98694887273478515891138203442549017191281454470497426834485838288268569808164,1,1776679200000000000,1776682800000000000,1776686400000000000,-1,10.0,-0.0010000000000000009,-0.004531237816342015,-0.008531237816342015,-0.08531237816342016
ETH,1823794,will-ethereum-reach-3000-in-april-2026,98694887273478515891138203442549017191281454470497426834485838288268569808164,1,1776708000000000000,1776711600000000000,1776715200000000000,1,10.0,0.0014999999999999979,0.0024916587328134288,-0.0015083412671865713,-0.015083412671865713
ETH,1823794,will-ethereum-reach-3000-in-april-2026,98694887273478515891138203442549017191281454470497426834485838288268569808164,1,1776715200000000000,1776718800000000000,1776722400000000000,1,10.0,0.0010000000000000009,-0.0009691383283441102,-0.00496913832834411,-0.0496913832834411
ETH,1823794,will-ethereum-reach-3000-in-april-2026,98694887273478515891138203442549017191281454470497426834485838288268569808164,1,1776722400000000000,1776726000000000000,1776729600000000000,1,10.0,0.0010000000000000009,0.003496337273375616,-0.0005036627266243841,-0.005036627266243841
ETH,1823794,will-ethereum-reach-3000-in-april-2026,98694887273478515891138203442549017191281454470497426834485838288268569808164,1,1776733200000000000,1776736800000000000,1776740400000000000,-1,10.0,-0.0010000000000000009,-0.001420934524376749,-0.005420934524376749,-0.05420934524376749
ETH,1823794,will-ethereum-reach-3000-in-april-2026,98694887273478515891138203442549017191281454470497426834485838288268569808164,1,1776754800000000000,1776758400000000000,1776762000000000000,-1,10.0,-0.0024999999999999988,-0.0009726998446264457,-0.004972699844626446,-0.04972699844626446
ETH,1823794,will-ethereum-reach-3000-in-april-2026,98694887273478515891138203442549017191281454470497426834485838288268569808164,1,1776780000000000000,1776783600000000000,1776787200000000000,-1,10.0,-0.0019999999999999983,0.0012076667359235405,-0.0027923332640764596,-0.027923332640764596
ETH,1823794,will-ethereum-reach-3000-in-april-2026,98694887273478515891138203442549017191281454470497426834485838288268569808164,1,1776837600000000000,1776841200000000000,1776844800000000000,1,10.0,0.004,-0.0007322267643526947,-0.004732226764352695,-0.04732226764352695
ETH,1823794,will-ethereum-reach-3000-in-april-2026,98694887273478515891138203442549017191281454470497426834485838288268569808164,1,1776844800000000000,1776848400000000000,1776852000000000000,1,10.0,0.0010000000000000009,0.001126696851531328,-0.002873303148468672,-0.02873303148468672
ETH,1823794,will-ethereum-reach-3000-in-april-2026,98694887273478515891138203442549017191281454470497426834485838288268569808164,1,1776859200000000000,1776862800000000000,1776866400000000000,1,10.0,0.005000000000000001,-0.005886489616943824,-0.009886489616943824,-0.09886489616943825
ETH,1823794,will-ethereum-reach-3000-in-april-2026,98694887273478515891138203442549017191281454470497426834485838288268569808164,1,1776862800000000000,1776866400000000000,1776870000000000000,-1,10.0,-0.002999999999999999,-0.00027463724996557026,-0.00427463724996557,-0.0427463724996557
ETH,1823794,will-ethereum-reach-3000-in-april-2026,98694887273478515891138203442549017191281454470497426834485838288268569808164,1,1776873600000000000,1776877200000000000,1776880800000000000,-1,10.0,-0.0010000000000000009,0.0009586488885925393,-0.003041351111407461,-0.030413511114074608
ETH,1823794,will-ethereum-reach-3000-in-april-2026,98694887273478515891138203442549017191281454470497426834485838288268569808164,1,1776877200000000000,1776880800000000000,1776884400000000000,-1,10.0,-0.0014999999999999979,-0.0003671393585908955,-0.004367139358590896,-0.043671393585908956
ETH,1823794,will-ethereum-reach-3000-in-april-2026,98694887273478515891138203442549017191281454470497426834485838288268569808164,1,1776880800000000000,1776884400000000000,1776888000000000000,-1,10.0,-0.0010000000000000009,0.002448087614011163,-0.0015519123859888372,-0.015519123859888372
ETH,1823794,will-ethereum-reach-3000-in-april-2026,98694887273478515891138203442549017191281454470497426834485838288268569808164,1,1776906000000000000,1776909600000000000,1776913200000000000,-1,10.0,-0.0010000000000000009,0.0047407268831103355,0.0007407268831103354,0.007407268831103354
ETH,1823794,will-ethereum-reach-3000-in-april-2026,98694887273478515891138203442549017191281454470497426834485838288268569808164,1,1776931200000000000,1776934800000000000,1776938400000000000,-1,10.0,-0.012,0.0009325418240689887,-0.0030674581759310114,-0.030674581759310114
ETH,1823794,will-ethereum-reach-3000-in-april-2026,98694887273478515891138203442549017191281454470497426834485838288268569808164,1,1776938400000000000,1776942000000000000,1776945600000000000,-1,10.0,-0.001,4.2937435862144824e-05,-0.003957062564137855,-0.03957062564137855
ETH,1823794,will-ethereum-reach-3000-in-april-2026,98694887273478515891138203442549017191281454470497426834485838288268569808164,1,1776949200000000000,1776952800000000000,1776956400000000000,1,10.0,0.001,-0.0004198368633900884,-0.0044198368633900885,-0.044198368633900885
ETH,1823794,will-ethereum-reach-3000-in-april-2026,98694887273478515891138203442549017191281454470497426834485838288268569808164,1,1776981600000000000,1776985200000000000,1776988800000000000,1,10.0,0.002,0.0009526833915527444,-0.0030473166084472557,-0.030473166084472557
ETH,1823794,will-ethereum-reach-3000-in-april-2026,98694887273478515891138203442549017191281454470497426834485838288268569808164,1,1777082400000000000,1777086000000000000,1777089600000000000,-1,10.0,-0.0010000000000000009,0.0007073752496300489,-0.003292624750369951,-0.03292624750369951
ETH,1823794,will-ethereum-reach-3000-in-april-2026,98694887273478515891138203442549017191281454470497426834485838288268569808164,1,1777158000000000000,1777161600000000000,1777165200000000000,-1,10.0,-0.0014999999999999996,0.0006564825492253457,-0.0033435174507746544,-0.033435174507746544
ETH,1823794,will-ethereum-reach-3000-in-april-2026,98694887273478515891138203442549017191281454470497426834485838288268569808164,1,1777269600000000000,1777273200000000000,1777276800000000000,-1,10.0,-0.001,-0.0015846218280575197,-0.00558462182805752,-0.0558462182805752
ETH,1823794,will-ethereum-reach-3000-in-april-2026,98694887273478515891138203442549017191281454470497426834485838288268569808164,1,1777273200000000000,1777276800000000000,1777280400000000000,-1,10.0,-0.001,-0.0010820457994207278,-0.005082045799420728,-0.05082045799420728
ETH,1823794,will-ethereum-reach-3000-in-april-2026,98694887273478515891138203442549017191281454470497426834485838288268569808164,1,1777316400000000000,1777320000000000000,1777323600000000000,-1,10.0,-0.002,0.0014574333464238975,-0.0025425666535761025,-0.025425666535761025
ETH,1823794,will-ethereum-reach-3000-in-april-2026,98694887273478515891138203442549017191281454470497426834485838288268569808164,1,1777316400000000000,1777320000000000000,1777323600000000000,-1,10.0,-0.002,0.0002487236549285621,-0.003751276345071438,-0.03751276345071438
