rank,asset,symbol,market_id,market_slug,token_id,question,horizon_hours,segment_type,segment_value,combined_regime,simplicity,sample_count,train_samples,test_samples,learned_direction,train_direction_match_rate,test_direction_match_rate,train_average_forward_return,test_average_forward_return,train_win_rate,test_win_rate,full_correlation,train_correlation,test_correlation,train_test_direction_match,stability,baseline_test_average_forward_return,test_improvement_over_baseline,score,grade,filter_reason
1,BTC,BTCUSDT,1339767,will-bitcoin-dip-to-50000-by-december-31-2026-454-325-222-878-949-487-451,13887983551129862992605123088744175927084435631400400451585519366058907542147,"Will Bitcoin dip to $50,000 by December 31, 2026?",4,funding_intensity,normal,,1.0,25,15,10,-1,0.6,0.8333333333333334,0.00020252418029705698,0.0008391272012625949,0.2,0.5,-0.35301242065076077,-0.18353816590037164,-0.5777110769153975,True,0.8367076331800744,2.433168350248276e-05,0.0008147955177601121,2.949666736732097,WEAK,passed
2,BTC,BTCUSDT,1339767,will-bitcoin-dip-to-50000-by-december-31-2026-454-325-222-878-949-487-451,13887983551129862992605123088744175927084435631400400451585519366058907542147,"Will Bitcoin dip to $50,000 by December 31, 2026?",1,funding_intensity,normal,,1.0,25,15,10,-1,0.6,0.8333333333333334,0.0002330716759649588,0.0006380812423169572,0.2,0.5,-0.18217384393497882,-0.10523389282435457,-0.28486571958575296,True,0.821046778564871,-0.00012427608938176513,0.0007623573316987223,2.9235182449046153,WEAK,passed
3,ETH,ETHUSDT,1299187,megaeth-market-cap-fdv-1pt5b-one-day-after-launch-371-844-879-681,59361386662140736273790755583050126642583489495616165418126619457111736694733,MegaETH market cap (FDV) >$1.5B one day after launch?,24,funding_intensity,normal,,1.0,36,21,15,1,0.75,0.0,0.00036916858306031955,0.0,0.14285714285714285,0.0,0.16038694011992344,0.21361030227755087,nan,False,0.0,-0.00036879846162333774,0.00036879846162333774,1.6337596923246676,WEAK,train_test_direction_mismatch
4,ETH,ETHUSDT,1373744,megaeth-market-cap-fdv-800m-one-day-after-launch-987-114-655,61268780060811317912125567165718241493378747385698282791855508063291413917546,MegaETH market cap (FDV) >$800M one day after launch?,24,funding_intensity,low,,1.0,268,160,108,1,0.41304347826086957,0.45,0.0001491996686721158,-1.121639610584132e-05,0.2375,0.16666666666666666,-0.023747975597043326,-0.016819182318587277,-0.0781508070433896,False,0.30336383646371745,-0.00011256199532550817,0.00010134559921966685,2.523632956307651,WEAK,train_test_direction_mismatch
5,ETH,ETHUSDT,1473059,will-ethereum-reach-3200-in-march-2026,109032826224197715026334794225382473216036340732102671964821699411734124191297,"Will Ethereum reach $3,200 in March?",24,funding_intensity,normal,,1.0,38,22,16,1,1.0,0.0,5.791036348666767e-05,0.0,0.045454545454545456,0.0,0.06849768506293738,0.07500649270514866,nan,False,0.0,-9.963404969149677e-05,9.963404969149677e-05,1.5999268099382993,WEAK,train_test_direction_mismatch
6,ETH,ETHUSDT,1299187,megaeth-market-cap-fdv-1pt5b-one-day-after-launch-371-844-879-681,59361386662140736273790755583050126642583489495616165418126619457111736694733,MegaETH market cap (FDV) >$1.5B one day after launch?,24,funding_direction,positive,,1.0,37,22,15,1,0.8,0.0,0.00217094520770907,-0.0002764227806344678,0.18181818181818182,0.0,0.17915901786575658,0.4629445936599214,-0.2797269852381103,False,0.05594539704762206,-0.00036879846162333774,9.237568098886996e-05,1.644420533245396,WEAK,train_test_direction_mismatch
7,BTC,BTCUSDT,692258,microstrategy-sells-any-bitcoin-by-june-30-2026,110251828161543119357013227499774714771527179764174739487025581227481937033858,"MicroStrategy sells any Bitcoin by June 30, 2026?",4,funding_direction,negative,,1.0,340,204,136,1,0.5352112676056338,0.4666666666666667,4.519200490905346e-05,-2.0001380862073023e-05,0.18627450980392157,0.051470588235294115,-0.012659779449155932,-0.01684996248779711,0.013013873747761105,False,0.002602774749552221,-0.00010057004324536141,8.056866238328839e-05,2.21871650722621,WEAK,train_test_direction_mismatch
8,BTC,BTCUSDT,692258,microstrategy-sells-any-bitcoin-by-june-30-2026,110251828161543119357013227499774714771527179764174739487025581227481937033858,"MicroStrategy sells any Bitcoin by June 30, 2026?",4,funding_intensity,low,,1.0,331,198,133,1,0.5211267605633803,0.46153846153846156,7.26566081070367e-05,-2.0471816121566334e-05,0.18686868686868688,0.045112781954887216,-0.02372655264702799,-0.030462620151614113,0.012720917648617628,False,0.0025441835297235257,-0.00010057004324536141,8.009822712379508e-05,2.218563828954483,WEAK,train_test_direction_mismatch
9,ETH,ETHUSDT,701552,will-ethereum-dip-to-1500-by-december-31-2026,101639751789549589765350117072740510018809594718571111931328241076831078702528,"Will Ethereum dip to $1,500 by December 31, 2026?",24,funding_intensity,low,,1.0,357,214,143,1,0.5423728813559322,0.3333333333333333,0.00014130033695832048,-3.7242630274180966e-06,0.14953271028037382,0.06993006993006994,0.06988375461374935,0.07740833014160242,0.05084833147454316,False,0.3101696662949086,-7.587451792514011e-05,7.215025489772202e-05,2.524599717274453,WEAK,train_test_direction_mismatch
10,ETH,ETHUSDT,1383662,will-megaeth-launch-a-token-by-june-30-2026-676-993-477,29601542826076048097538062468538667893425689293490219370577801090612691914945,"Will MegaETH launch a token by June 30, 2026?",4,funding_direction,positive,,1.0,40,24,16,-1,0.5,0.0,0.00010633747033539282,0.0,0.16666666666666666,0.0,-0.005775439297287766,0.024563899846224153,nan,False,0.0,-6.813371612628682e-05,6.813371612628682e-05,1.6136267432252571,WEAK,train_test_direction_mismatch
11,BTC,BTCUSDT,1339767,will-bitcoin-dip-to-50000-by-december-31-2026-454-325-222-878-949-487-451,13887983551129862992605123088744175927084435631400400451585519366058907542147,"Will Bitcoin dip to $50,000 by December 31, 2026?",1,funding_direction,negative,,1.0,533,319,214,1,0.47058823529411764,0.48484848484848486,6.326958083177771e-05,-5.88934643888324e-05,0.2006269592476489,0.14953271028037382,-0.004624801222083928,-0.0035766915703918547,-0.0063541079334293715,False,0.3007153383140784,-0.00012427608938176513,6.538262499293274e-05,2.5137918633126652,WEAK,train_test_direction_mismatch
12,BTC,BTCUSDT,1339767,will-bitcoin-dip-to-50000-by-december-31-2026-454-325-222-878-949-487-451,13887983551129862992605123088744175927084435631400400451585519366058907542147,"Will Bitcoin dip to $50,000 by December 31, 2026?",1,funding_intensity,low,,1.0,540,324,216,1,0.4896551724137931,0.47761194029850745,8.735713085985015e-05,-6.280967335355746e-05,0.2191358024691358,0.14814814814814814,-0.00024656673088261743,0.0033021917653747158,-0.007046490376298029,False,0.0006604383530749432,-0.00012427608938176513,6.146641602820768e-05,2.212953721558717,WEAK,train_test_direction_mismatch
13,BTC,BTCUSDT,692258,microstrategy-sells-any-bitcoin-by-june-30-2026,110251828161543119357013227499774714771527179764174739487025581227481937033858,"MicroStrategy sells any Bitcoin by June 30, 2026?",24,funding_intensity,low,,1.0,311,186,125,1,0.4925373134328358,0.4375,2.1612586790192434e-05,-0.00010144145263847554,0.1774193548387097,0.056,-0.01290155403952623,-0.0037728259693013575,-0.07779821908117775,False,0.30075456519386023,-0.00015746558538552716,5.602413274705162e-05,2.5119593917432708,WEAK,train_test_direction_mismatch
14,BTC,BTCUSDT,948958,bitcoin-all-time-high-by-december-31-2026,102959890468928530190954086704155483076852880798676895426376704430618826404382,"Bitcoin all time high by December 31, 2026?",4,funding_direction,negative,,1.0,321,192,129,1,0.5490196078431373,0.4444444444444444,0.00012260957914460738,-9.118046761063177e-05,0.14583333333333334,0.031007751937984496,-0.010658054282435152,0.017841826839670644,-0.16378299054593884,False,0.003568365367934129,-0.00012953815285609782,3.8357685245466055e-05,2.2112399024170277,WEAK,train_test_direction_mismatch
15,ETH,ETHUSDT,1299187,megaeth-market-cap-fdv-1pt5b-one-day-after-launch-371-844-879-681,59361386662140736273790755583050126642583489495616165418126619457111736694733,MegaETH market cap (FDV) >$1.5B one day after launch?,1,funding_intensity,normal,,1.0,36,21,15,-1,0.5,0.0,4.152540812938307e-05,0.0,0.09523809523809523,0.0,-0.04387803398781063,-0.12243965849229936,nan,False,0.0,-3.460415668098621e-05,3.460415668098621e-05,1.566920831336197,WEAK,train_test_direction_mismatch
16,ETH,ETHUSDT,701552,will-ethereum-dip-to-1500-by-december-31-2026,101639751789549589765350117072740510018809594718571111931328241076831078702528,"Will Ethereum dip to $1,500 by December 31, 2026?",24,funding_direction,negative,,1.0,363,217,146,1,0.5689655172413793,0.30303030303030304,0.00013770461510348688,-5.978548818378311e-05,0.15207373271889402,0.0684931506849315,0.06287859257957988,0.07551976399231201,0.032701415970874975,False,0.306540283194175,-7.587451792514011e-05,1.6089029741357002e-05,2.5097580891424465,WEAK,train_test_direction_mismatch
17,BTC,BTCUSDT,824952,microstrategy-sells-any-bitcoin-by-december-31-2026,111128191581505463501777127559667396812474366956707382672202929745167742497287,"MicroStrategy sells any Bitcoin by December 31, 2026?",24,funding_direction,negative,,1.0,301,180,121,-1,0.47619047619047616,0.0,0.0001018444976507388,0.0,0.1111111111111111,0.0,-0.043843975063650016,-0.04767238685607815,nan,False,0.0,-1.574881178082748e-05,1.574881178082748e-05,2.2031497623561656,WEAK,train_test_direction_mismatch
18,BTC,BTCUSDT,824952,microstrategy-sells-any-bitcoin-by-december-31-2026,111128191581505463501777127559667396812474366956707382672202929745167742497287,"MicroStrategy sells any Bitcoin by December 31, 2026?",24,funding_intensity,low,,1.0,291,174,117,1,0.5681818181818182,0.0,7.407377846124448e-05,0.0,0.14367816091954022,0.0,0.015855837368063078,0.02082316784173987,nan,False,0.0,-1.574881178082748e-05,1.574881178082748e-05,2.2031497623561656,WEAK,train_test_direction_mismatch
19,ETH,ETHUSDT,1383662,will-megaeth-launch-a-token-by-june-30-2026-676-993-477,29601542826076048097538062468538667893425689293490219370577801090612691914945,"Will MegaETH launch a token by June 30, 2026?",1,funding_direction,positive,,1.0,40,24,16,-1,0.625,0.0,5.925329774084245e-05,0.0,0.20833333333333334,0.0,-0.1289610205768984,-0.1880119698728244,nan,False,0.0,-1.2603914146631398e-05,1.2603914146631398e-05,1.6025207828293262,WEAK,train_test_direction_mismatch
20,ETH,ETHUSDT,556062,megaeth-market-cap-fdv-2b-one-day-after-launch-738-867-649-272-765-733,57301498276970257025109591078431189727442302532145853906375186182281603517458,MegaETH market cap (FDV) >$2B one day after launch?,4,funding_intensity,low,,1.0,333,199,134,1,0.44285714285714284,0.5072463768115942,6.15865784881275e-05,-7.223724945880758e-05,0.15577889447236182,0.26119402985074625,-0.03980938556611028,-0.03810070634189669,-0.04650558063408736,False,0.30762014126837933,-8.222099532573115e-05,9.983745866923565e-06,2.509616890441764,WEAK,train_test_direction_mismatch
21,ETH,ETHUSDT,1373744,megaeth-market-cap-fdv-800m-one-day-after-launch-987-114-655,61268780060811317912125567165718241493378747385698282791855508063291413917546,MegaETH market cap (FDV) >$800M one day after launch?,24,funding_direction,negative,,1.0,275,165,110,1,0.41304347826086957,0.43902439024390244,0.00021912494265537245,-0.00010344193557269324,0.23030303030303031,0.16363636363636364,-0.02669353672550495,-0.014252936053511344,-0.11575556974985715,False,0.30285058721070224,-0.00011256199532550817,9.120059752814927e-06,2.5046745991612656,WEAK,train_test_direction_mismatch
22,BTC,BTCUSDT,701504,will-bitcoin-dip-to-25000-by-december-31-2026-948-243-253-666-115-787-981-282-573-719-186-417-762-754-486-851-278-145,58908160299895538838177673280060816284346493901538403975218911918392404378292,"Will Bitcoin dip to $25,000 by December 31, 2026?",1,funding_intensity,low,,1.0,515,309,206,-1,0.5,0.28205128205128205,2.6837429737105375e-05,-0.0002653558888959979,0.06472491909385113,0.05339805825242718,0.03670490978942832,0.00014955491945746157,0.09250068469777717,False,0.3000299109838915,-0.000273126590419434,7.770701523436118e-06,2.501584051288579,WEAK,train_test_direction_mismatch
23,BTC,BTCUSDT,701504,will-bitcoin-dip-to-25000-by-december-31-2026-948-243-253-666-115-787-981-282-573-719-186-417-762-754-486-851-278-145,58908160299895538838177673280060816284346493901538403975218911918392404378292,"Will Bitcoin dip to $25,000 by December 31, 2026?",1,funding_direction,negative,,1.0,509,305,204,-1,0.47368421052631576,0.28205128205128205,2.9702416869754473e-05,-0.00026795741721850766,0.05901639344262295,0.05392156862745098,0.034012182531363476,-0.005712689871062937,0.09261606513453284,False,0.0011425379742125874,-0.000273126590419434,5.169173200926329e-06,2.2021763726143977,WEAK,train_test_direction_mismatch
24,BTC,BTCUSDT,948958,bitcoin-all-time-high-by-december-31-2026,102959890468928530190954086704155483076852880798676895426376704430618826404382,"Bitcoin all time high by December 31, 2026?",1,funding_direction,negative,,1.0,324,194,130,1,0.5471698113207547,0.25,5.256021450344441e-05,-9.91443407049012e-05,0.14948453608247422,0.015384615384615385,0.011764931947141927,0.039770383606264004,-0.14073976205384792,False,0.007954076721252801,-0.00010277140155070269,3.627060845801485e-06,2.208679488890413,WEAK,train_test_direction_mismatch
25,BTC,BTCUSDT,665258,will-china-unban-bitcoin-by-2027,91810646921497227084241579668235102205462718984593674693010693975258849328842,Will China unban Bitcoin by 2027?,24,funding_intensity,normal,,1.0,25,15,10,1,0.6666666666666666,0.0,0.00012565823731846797,-1.3937072936876611e-05,0.13333333333333333,0.0,-0.17590807090907862,-0.223338411138584,0.016541147444754274,False,0.003308229488950855,-1.5602608877679067e-05,1.665535940802456e-06,1.4536413366771113,WEAK,train_test_direction_mismatch
26,BTC,BTCUSDT,948958,bitcoin-all-time-high-by-december-31-2026,102959890468928530190954086704155483076852880798676895426376704430618826404382,"Bitcoin all time high by December 31, 2026?",1,funding_intensity,low,,1.0,314,188,126,1,0.5636363636363636,0.25,5.974251156664665e-05,-0.0001022917800923584,0.16489361702127658,0.015873015873015872,0.009961781336765264,0.03617781596782879,-0.14748718901981686,False,0.0072355631935657585,-0.00010277140155070269,4.796214583442919e-07,2.2073314874852348,WEAK,train_test_direction_mismatch
27,ETH,ETHUSDT,1823795,will-ethereum-reach-2800-in-april-2026,103455081209713767851750094101142549597038869631663604903086082563273644697340,"Will Ethereum reach $2,800 in April?",4,funding_direction,negative,,1.0,532,319,213,1,0.5256410256410257,0.5074626865671642,0.0001533265961293564,-0.0001779260779881235,0.38557993730407525,0.3192488262910798,0.005103781648230708,0.013138403550563732,-0.06348783148545936,False,0.0026276807101127467,-0.0001779260779881235,0.0,2.202627680710113,WEAK,train_test_direction_mismatch
28,ETH,ETHUSDT,1823795,will-ethereum-reach-2800-in-april-2026,103455081209713767851750094101142549597038869631663604903086082563273644697340,"Will Ethereum reach $2,800 in April?",4,funding_intensity,low,,1.0,532,319,213,1,0.5256410256410257,0.5074626865671642,0.0001533265961293564,-0.0001779260779881235,0.38557993730407525,0.3192488262910798,0.005103781648230708,0.013138403550563732,-0.06348783148545936,False,0.0026276807101127467,-0.0001779260779881235,0.0,2.202627680710113,WEAK,train_test_direction_mismatch
29,ETH,ETHUSDT,1823795,will-ethereum-reach-2800-in-april-2026,103455081209713767851750094101142549597038869631663604903086082563273644697340,"Will Ethereum reach $2,800 in April?",24,funding_direction,negative,,1.0,512,307,205,-1,0.43946188340807174,0.427536231884058,0.00030786736946513164,-0.0004679765534433508,0.31921824104234525,0.28780487804878047,0.02491554082127649,0.01699357060801155,0.0794918489462412,False,0.3033987141216023,-0.0004679765534433508,0.0,2.5033987141216025,WEAK,train_test_direction_mismatch
30,ETH,ETHUSDT,1823795,will-ethereum-reach-2800-in-april-2026,103455081209713767851750094101142549597038869631663604903086082563273644697340,"Will Ethereum reach $2,800 in April?",24,funding_intensity,low,,1.0,512,307,205,-1,0.43946188340807174,0.427536231884058,0.00030786736946513164,-0.0004679765534433508,0.31921824104234525,0.28780487804878047,0.02491554082127649,0.01699357060801155,0.0794918489462412,False,0.3033987141216023,-0.0004679765534433508,0.0,2.5033987141216025,WEAK,train_test_direction_mismatch
31,BTC,BTCUSDT,1823779,will-bitcoin-dip-to-65k-in-april-2026-355-765,91891168804884935930999247357727984305771756132991676079520973027739343180431,"Will Bitcoin dip to $65,000 in April?",1,funding_direction,negative,,1.0,494,296,198,1,0.5255102040816326,0.496,7.524556088990478e-05,-3.266432424131739e-05,0.34797297297297297,0.31313131313131315,-0.05846422799991477,-0.05747818678326251,-0.08734904403788377,False,0.3114956373566525,-3.266432424131739e-05,0.0,2.511495637356653,WEAK,train_test_direction_mismatch
32,BTC,BTCUSDT,1823779,will-bitcoin-dip-to-65k-in-april-2026-355-765,91891168804884935930999247357727984305771756132991676079520973027739343180431,"Will Bitcoin dip to $65,000 in April?",1,funding_intensity,low,,1.0,494,296,198,1,0.5255102040816326,0.496,7.524556088990478e-05,-3.266432424131739e-05,0.34797297297297297,0.31313131313131315,-0.05846422799991477,-0.05747818678326251,-0.08734904403788377,False,0.3114956373566525,-3.266432424131739e-05,0.0,2.511495637356653,WEAK,train_test_direction_mismatch
33,BTC,BTCUSDT,1823779,will-bitcoin-dip-to-65k-in-april-2026-355-765,91891168804884935930999247357727984305771756132991676079520973027739343180431,"Will Bitcoin dip to $65,000 in April?",4,funding_direction,negative,,1.0,491,294,197,1,0.5255102040816326,0.46774193548387094,4.823243181157997e-05,-3.626001429818686e-05,0.35034013605442177,0.29441624365482233,-0.006347602635912528,-0.009198299497953916,0.013002218408692598,False,0.0018396598995907834,-3.626001429818686e-05,0.0,2.201839659899591,WEAK,train_test_direction_mismatch
34,BTC,BTCUSDT,1823779,will-bitcoin-dip-to-65k-in-april-2026-355-765,91891168804884935930999247357727984305771756132991676079520973027739343180431,"Will Bitcoin dip to $65,000 in April?",4,funding_intensity,low,,1.0,491,294,197,1,0.5255102040816326,0.46774193548387094,4.823243181157997e-05,-3.626001429818686e-05,0.35034013605442177,0.29441624365482233,-0.006347602635912528,-0.009198299497953916,0.013002218408692598,False,0.0018396598995907834,-3.626001429818686e-05,0.0,2.201839659899591,WEAK,train_test_direction_mismatch
35,BTC,BTCUSDT,1823779,will-bitcoin-dip-to-65k-in-april-2026-355-765,91891168804884935930999247357727984305771756132991676079520973027739343180431,"Will Bitcoin dip to $65,000 in April?",24,funding_direction,negative,,1.0,471,282,189,1,0.4717948717948718,0.4247787610619469,3.310525574341552e-05,-0.0002507916534386364,0.3262411347517731,0.25396825396825395,-0.03046608682806113,-0.009984130646173317,-0.14101481790443432,False,0.3019968261292347,-0.0002507916534386364,0.0,2.501996826129235,WEAK,train_test_direction_mismatch
36,BTC,BTCUSDT,1823779,will-bitcoin-dip-to-65k-in-april-2026-355-765,91891168804884935930999247357727984305771756132991676079520973027739343180431,"Will Bitcoin dip to $65,000 in April?",24,funding_intensity,low,,1.0,471,282,189,1,0.4717948717948718,0.4247787610619469,3.310525574341552e-05,-0.0002507916534386364,0.3262411347517731,0.25396825396825395,-0.03046608682806113,-0.009984130646173317,-0.14101481790443432,False,0.3019968261292347,-0.0002507916534386364,0.0,2.501996826129235,WEAK,train_test_direction_mismatch
37,BTC,BTCUSDT,1823771,will-bitcoin-reach-105k-in-april-2026,5855998775638456008143009293415543579001929689452953587667154608243793082021,"Will Bitcoin reach $105,000 in April?",1,funding_direction,negative,,1.0,456,273,183,-1,0.42857142857142855,0.3333333333333333,2.2638010381254483e-05,-6.983449328810182e-05,0.04395604395604396,0.0273224043715847,0.03501335215700262,0.02792121634248517,0.048003126394172264,False,0.30558424326849704,-6.983449328810182e-05,0.0,2.505584243268497,WEAK,train_test_direction_mismatch
38,BTC,BTCUSDT,1823771,will-bitcoin-reach-105k-in-april-2026,5855998775638456008143009293415543579001929689452953587667154608243793082021,"Will Bitcoin reach $105,000 in April?",1,funding_intensity,low,,1.0,456,273,183,-1,0.42857142857142855,0.3333333333333333,2.2638010381254483e-05,-6.983449328810182e-05,0.04395604395604396,0.0273224043715847,0.03501335215700262,0.02792121634248517,0.048003126394172264,False,0.30558424326849704,-6.983449328810182e-05,0.0,2.505584243268497,WEAK,train_test_direction_mismatch
39,BTC,BTCUSDT,1823771,will-bitcoin-reach-105k-in-april-2026,5855998775638456008143009293415543579001929689452953587667154608243793082021,"Will Bitcoin reach $105,000 in April?",4,funding_direction,negative,,1.0,453,271,182,1,0.4642857142857143,0.4,7.983727667286051e-05,-5.236140022308489e-05,0.04797047970479705,0.03296703296703297,0.023020983187279218,0.052998213614273225,-0.020704786528828588,False,0.004140957305765718,-5.236140022308489e-05,0.0,2.204140957305766,WEAK,train_test_direction_mismatch
40,BTC,BTCUSDT,1823771,will-bitcoin-reach-105k-in-april-2026,5855998775638456008143009293415543579001929689452953587667154608243793082021,"Will Bitcoin reach $105,000 in April?",4,funding_intensity,low,,1.0,453,271,182,1,0.4642857142857143,0.4,7.983727667286051e-05,-5.236140022308489e-05,0.04797047970479705,0.03296703296703297,0.023020983187279218,0.052998213614273225,-0.020704786528828588,False,0.004140957305765718,-5.236140022308489e-05,0.0,2.204140957305766,WEAK,train_test_direction_mismatch
41,BTC,BTCUSDT,1823771,will-bitcoin-reach-105k-in-april-2026,5855998775638456008143009293415543579001929689452953587667154608243793082021,"Will Bitcoin reach $105,000 in April?",24,funding_direction,negative,,1.0,433,259,174,1,0.6785714285714286,0.5,3.659111296497423e-05,-9.111183566012788e-05,0.07335907335907337,0.040229885057471264,-0.06516509397222299,0.030804645864762448,-0.22549973897040815,False,0.00616092917295249,-9.111183566012788e-05,0.0,2.2061609291729525,WEAK,train_test_direction_mismatch
42,BTC,BTCUSDT,1823771,will-bitcoin-reach-105k-in-april-2026,5855998775638456008143009293415543579001929689452953587667154608243793082021,"Will Bitcoin reach $105,000 in April?",24,funding_intensity,low,,1.0,433,259,174,1,0.6785714285714286,0.5,3.659111296497423e-05,-9.111183566012788e-05,0.07335907335907337,0.040229885057471264,-0.06516509397222299,0.030804645864762448,-0.22549973897040815,False,0.00616092917295249,-9.111183566012788e-05,0.0,2.2061609291729525,WEAK,train_test_direction_mismatch
43,XRP,XRPUSDT,1823900,will-xrp-reach-2pt4-in-april-2026,6907787482165930535735013797025597365762483807798181321474369791814479389352,Will XRP reach $2.40 in April?,1,funding_direction,negative,,1.0,416,249,167,-1,0.5211267605633803,0.5151515151515151,0.00010054081919779498,-4.1417833441931646e-05,0.14859437751004015,0.10179640718562874,-0.01843698474205366,-0.019079414016121055,-0.024798775995914103,False,0.3038158828032242,-4.1417833441931646e-05,0.0,2.503815882803224,WEAK,train_test_direction_mismatch
44,XRP,XRPUSDT,1823900,will-xrp-reach-2pt4-in-april-2026,6907787482165930535735013797025597365762483807798181321474369791814479389352,Will XRP reach $2.40 in April?,1,funding_intensity,low,,1.0,416,249,167,-1,0.5211267605633803,0.5151515151515151,0.00010054081919779498,-4.1417833441931646e-05,0.14859437751004015,0.10179640718562874,-0.01843698474205366,-0.019079414016121055,-0.024798775995914103,False,0.3038158828032242,-4.1417833441931646e-05,0.0,2.503815882803224,WEAK,train_test_direction_mismatch
45,ETH,ETHUSDT,1823794,will-ethereum-reach-3000-in-april-2026,98694887273478515891138203442549017191281454470497426834485838288268569808164,"Will Ethereum reach $3,000 in April?",4,funding_direction,negative,,1.0,399,239,160,1,0.6047904191616766,0.4339622641509434,0.00021684909323643232,-0.0003039682045610629,0.4225941422594142,0.14375,0.021415436127066454,0.030721890449915693,-0.07376408528502928,False,0.006144378089983139,-0.0003039682045610629,0.0,2.2061443780899834,WEAK,train_test_direction_mismatch
46,ETH,ETHUSDT,1823794,will-ethereum-reach-3000-in-april-2026,98694887273478515891138203442549017191281454470497426834485838288268569808164,"Will Ethereum reach $3,000 in April?",4,funding_intensity,low,,1.0,399,239,160,1,0.6047904191616766,0.4339622641509434,0.00021684909323643232,-0.0003039682045610629,0.4225941422594142,0.14375,0.021415436127066454,0.030721890449915693,-0.07376408528502928,False,0.006144378089983139,-0.0003039682045610629,0.0,2.2061443780899834,WEAK,train_test_direction_mismatch
47,XRP,XRPUSDT,1823900,will-xrp-reach-2pt4-in-april-2026,6907787482165930535735013797025597365762483807798181321474369791814479389352,Will XRP reach $2.40 in April?,24,funding_direction,negative,,1.0,393,235,158,1,0.5606060606060606,0.47058823529411764,9.25756495837145e-05,-8.947446122999643e-05,0.1574468085106383,0.10126582278481013,0.0196834851581197,0.024196218343107652,-0.06776902625752695,False,0.0048392436686215306,-8.947446122999643e-05,0.0,2.2048392436686215,WEAK,train_test_direction_mismatch
48,XRP,XRPUSDT,1823900,will-xrp-reach-2pt4-in-april-2026,6907787482165930535735013797025597365762483807798181321474369791814479389352,Will XRP reach $2.40 in April?,24,funding_intensity,low,,1.0,393,235,158,1,0.5606060606060606,0.47058823529411764,9.25756495837145e-05,-8.947446122999643e-05,0.1574468085106383,0.10126582278481013,0.0196834851581197,0.024196218343107652,-0.06776902625752695,False,0.0048392436686215306,-8.947446122999643e-05,0.0,2.2048392436686215,WEAK,train_test_direction_mismatch
49,BTC,BTCUSDT,824952,microstrategy-sells-any-bitcoin-by-december-31-2026,111128191581505463501777127559667396812474366956707382672202929745167742497287,"MicroStrategy sells any Bitcoin by December 31, 2026?",1,funding_direction,negative,,1.0,324,194,130,-1,0.5,0.0,5.179653952343325e-05,0.0,0.10824742268041238,0.0,0.028169069260236032,0.03611265992025571,nan,False,0.0,0.0,0.0,2.2,WEAK,train_test_direction_mismatch
50,BTC,BTCUSDT,824952,microstrategy-sells-any-bitcoin-by-december-31-2026,111128191581505463501777127559667396812474366956707382672202929745167742497287,"MicroStrategy sells any Bitcoin by December 31, 2026?",4,funding_direction,negative,,1.0,321,192,129,-1,0.5952380952380952,0.0,0.0002975135694666066,0.0,0.13020833333333334,0.0,-0.12512008339580633,-0.14568513389419832,nan,False,0.0,0.0,0.0,2.2,WEAK,train_test_direction_mismatch
51,BTC,BTCUSDT,824952,microstrategy-sells-any-bitcoin-by-december-31-2026,111128191581505463501777127559667396812474366956707382672202929745167742497287,"MicroStrategy sells any Bitcoin by December 31, 2026?",1,funding_intensity,low,,1.0,314,188,126,-1,0.5681818181818182,0.0,8.489873184584482e-05,0.0,0.13297872340425532,0.0,0.01755000787934967,0.023438315893430737,nan,False,0.0,0.0,0.0,2.2,WEAK,train_test_direction_mismatch
52,BTC,BTCUSDT,824952,microstrategy-sells-any-bitcoin-by-december-31-2026,111128191581505463501777127559667396812474366956707382672202929745167742497287,"MicroStrategy sells any Bitcoin by December 31, 2026?",4,funding_intensity,low,,1.0,311,186,125,-1,0.5454545454545454,0.0,0.00022106693831009392,0.0,0.12903225806451613,0.0,-0.08906122657678102,-0.10151103724451158,nan,False,0.0,0.0,0.0,2.2,WEAK,train_test_direction_mismatch
53,BTC,BTCUSDT,1823785,will-bitcoin-dip-to-35k-in-april-2026-269-515,55866919730905441060316639913713252112909337594136306040264616999652467664982,"Will Bitcoin dip to $35,000 in April?",1,funding_direction,negative,,1.0,310,186,124,1,0.5128205128205128,0.0,1.7678042456353096e-05,-4.759731928590347e-05,0.10752688172043011,0.0,0.09507221375074541,0.12095859522081415,-0.0793917487191586,False,0.015878349743831722,-4.759731928590347e-05,0.0,2.2158783497438317,WEAK,train_test_direction_mismatch
54,BTC,BTCUSDT,1823785,will-bitcoin-dip-to-35k-in-april-2026-269-515,55866919730905441060316639913713252112909337594136306040264616999652467664982,"Will Bitcoin dip to $35,000 in April?",1,funding_intensity,low,,1.0,310,186,124,1,0.5128205128205128,0.0,1.7678042456353096e-05,-4.759731928590347e-05,0.10752688172043011,0.0,0.09507221375074541,0.12095859522081415,-0.0793917487191586,False,0.015878349743831722,-4.759731928590347e-05,0.0,2.2158783497438317,WEAK,train_test_direction_mismatch
55,BTC,BTCUSDT,1823785,will-bitcoin-dip-to-35k-in-april-2026-269-515,55866919730905441060316639913713252112909337594136306040264616999652467664982,"Will Bitcoin dip to $35,000 in April?",4,funding_direction,negative,,1.0,307,184,123,-1,0.5641025641025641,0.5,6.737874488865915e-05,-8.064565463677572e-06,0.11956521739130435,0.016260162601626018,0.03258797356995961,0.041742308447866514,-0.007252451224193559,False,0.0014504902448387118,-8.064565463677572e-06,0.0,2.201450490244839,WEAK,train_test_direction_mismatch
56,BTC,BTCUSDT,1823785,will-bitcoin-dip-to-35k-in-april-2026-269-515,55866919730905441060316639913713252112909337594136306040264616999652467664982,"Will Bitcoin dip to $35,000 in April?",4,funding_intensity,low,,1.0,307,184,123,-1,0.5641025641025641,0.5,6.737874488865915e-05,-8.064565463677572e-06,0.11956521739130435,0.016260162601626018,0.03258797356995961,0.041742308447866514,-0.007252451224193559,False,0.0014504902448387118,-8.064565463677572e-06,0.0,2.201450490244839,WEAK,train_test_direction_mismatch
57,XRP,XRPUSDT,1823902,will-xrp-reach-2-in-april-2026,67556301124097607260152199396403959080839673893054926374870558197278260784915,Will XRP reach $2.00 in April?,1,funding_direction,negative,,1.0,275,165,110,1,0.543859649122807,0.3181818181818182,0.00023284380929439468,-8.449200493151631e-05,0.37575757575757573,0.12727272727272726,0.0839430600304071,0.10267307381598187,-0.17318531415737226,False,0.020534614763196374,-8.449200493151631e-05,0.0,2.2205346147631966,WEAK,train_test_direction_mismatch
58,XRP,XRPUSDT,1823902,will-xrp-reach-2-in-april-2026,67556301124097607260152199396403959080839673893054926374870558197278260784915,Will XRP reach $2.00 in April?,1,funding_intensity,low,,1.0,275,165,110,1,0.543859649122807,0.3181818181818182,0.00023284380929439468,-8.449200493151631e-05,0.37575757575757573,0.12727272727272726,0.0839430600304071,0.10267307381598187,-0.17318531415737226,False,0.020534614763196374,-8.449200493151631e-05,0.0,2.2205346147631966,WEAK,train_test_direction_mismatch
59,ETH,ETHUSDT,1823799,will-ethereum-dip-to-2000-in-april-2026,115443844896518160070261607488184121309794437412699113546532889479676113001808,"Will Ethereum dip to $2,000 in April?",24,funding_direction,negative,,1.0,274,164,110,-1,0.48026315789473684,0.45263157894736844,0.0002468718839602265,-6.069739919718457e-05,0.4451219512195122,0.39090909090909093,0.006843212910532772,0.006036391719060469,0.012591295020039505,False,0.30120727834381206,-6.069739919718457e-05,0.0,2.5012072783438124,WEAK,train_test_direction_mismatch
60,ETH,ETHUSDT,1823799,will-ethereum-dip-to-2000-in-april-2026,115443844896518160070261607488184121309794437412699113546532889479676113001808,"Will Ethereum dip to $2,000 in April?",24,funding_intensity,low,,1.0,274,164,110,-1,0.48026315789473684,0.45263157894736844,0.0002468718839602265,-6.069739919718457e-05,0.4451219512195122,0.39090909090909093,0.006843212910532772,0.006036391719060469,0.012591295020039505,False,0.30120727834381206,-6.069739919718457e-05,0.0,2.5012072783438124,WEAK,train_test_direction_mismatch
61,XRP,XRPUSDT,1823902,will-xrp-reach-2-in-april-2026,67556301124097607260152199396403959080839673893054926374870558197278260784915,Will XRP reach $2.00 in April?,4,funding_direction,negative,,1.0,272,163,109,1,0.5446428571428571,0.4,0.00025967456995953166,-0.00036601857175549393,0.37423312883435583,0.1651376146788991,0.07909810293234645,0.0919168976815658,-0.05689130071352079,False,0.011378260142704159,-0.00036601857175549393,0.0,2.2113782601427046,WEAK,train_test_direction_mismatch
62,XRP,XRPUSDT,1823902,will-xrp-reach-2-in-april-2026,67556301124097607260152199396403959080839673893054926374870558197278260784915,Will XRP reach $2.00 in April?,4,funding_intensity,low,,1.0,272,163,109,1,0.5446428571428571,0.4,0.00025967456995953166,-0.00036601857175549393,0.37423312883435583,0.1651376146788991,0.07909810293234645,0.0919168976815658,-0.05689130071352079,False,0.011378260142704159,-0.00036601857175549393,0.0,2.2113782601427046,WEAK,train_test_direction_mismatch
63,BTC,BTCUSDT,1823769,will-bitcoin-reach-150k-in-april-2026,77276629954845974131206708639482331195080176051253233339450147891178665959820,"Will Bitcoin reach $150,000 in April?",1,funding_direction,negative,,1.0,268,160,108,-1,0.4444444444444444,0.0,3.369739443097041e-05,-3.974159682149662e-05,0.025,0.0,-0.06415851146136048,-0.07935561976614684,0.13586548639167179,False,0.015871123953229368,-3.974159682149662e-05,0.0,2.2158711239532294,WEAK,train_test_direction_mismatch
64,BTC,BTCUSDT,1823769,will-bitcoin-reach-150k-in-april-2026,77276629954845974131206708639482331195080176051253233339450147891178665959820,"Will Bitcoin reach $150,000 in April?",1,funding_intensity,low,,1.0,268,160,108,-1,0.4444444444444444,0.0,3.369739443097041e-05,-3.974159682149662e-05,0.025,0.0,-0.06415851146136048,-0.07935561976614684,0.13586548639167179,False,0.015871123953229368,-3.974159682149662e-05,0.0,2.2158711239532294,WEAK,train_test_direction_mismatch
65,BTC,BTCUSDT,1823786,will-bitcoin-dip-to-30k-in-april-2026-724-192,84771301702351303074871180279903621715509085776274806851229789863791098403148,"Will Bitcoin dip to $30,000 in April?",1,funding_direction,negative,,1.0,268,160,108,1,0.4642857142857143,0.0,6.741690801988651e-05,-8.499204778125352e-06,0.08125,0.0,0.03975949568726719,0.051606076603039355,-0.031431499774363846,False,0.00628629995487277,-8.499204778125352e-06,0.0,2.206286299954873,WEAK,train_test_direction_mismatch
66,BTC,BTCUSDT,1823786,will-bitcoin-dip-to-30k-in-april-2026-724-192,84771301702351303074871180279903621715509085776274806851229789863791098403148,"Will Bitcoin dip to $30,000 in April?",1,funding_intensity,low,,1.0,268,160,108,1,0.4642857142857143,0.0,6.741690801988651e-05,-8.499204778125352e-06,0.08125,0.0,0.03975949568726719,0.051606076603039355,-0.031431499774363846,False,0.00628629995487277,-8.499204778125352e-06,0.0,2.206286299954873,WEAK,train_test_direction_mismatch
67,BTC,BTCUSDT,1823786,will-bitcoin-dip-to-30k-in-april-2026-724-192,84771301702351303074871180279903621715509085776274806851229789863791098403148,"Will Bitcoin dip to $30,000 in April?",4,funding_direction,negative,,1.0,265,159,106,-1,0.5357142857142857,0.0,5.658084212115037e-05,-8.094221879192481e-07,0.09433962264150944,0.0,-0.029725663241454533,-0.031033750065480176,-0.0010717759367586718,False,0.30021435518735173,-8.094221879192481e-07,0.0,2.500214355187352,WEAK,train_test_direction_mismatch
68,BTC,BTCUSDT,1823786,will-bitcoin-dip-to-30k-in-april-2026-724-192,84771301702351303074871180279903621715509085776274806851229789863791098403148,"Will Bitcoin dip to $30,000 in April?",4,funding_intensity,low,,1.0,265,159,106,-1,0.5357142857142857,0.0,5.658084212115037e-05,-8.094221879192481e-07,0.09433962264150944,0.0,-0.029725663241454533,-0.031033750065480176,-0.0010717759367586718,False,0.30021435518735173,-8.094221879192481e-07,0.0,2.500214355187352,WEAK,train_test_direction_mismatch
69,BTC,BTCUSDT,1823769,will-bitcoin-reach-150k-in-april-2026,77276629954845974131206708639482331195080176051253233339450147891178665959820,"Will Bitcoin reach $150,000 in April?",4,funding_direction,negative,,1.0,265,159,106,1,0.5555555555555556,0.0,1.0006321808990182e-05,-1.93645355212828e-05,0.031446540880503145,0.0,0.0007363698454995075,0.0014279468132559064,-0.07048269016677684,False,0.0002855893626511813,-1.93645355212828e-05,0.0,2.200285589362651,WEAK,train_test_direction_mismatch
70,BTC,BTCUSDT,1823769,will-bitcoin-reach-150k-in-april-2026,77276629954845974131206708639482331195080176051253233339450147891178665959820,"Will Bitcoin reach $150,000 in April?",4,funding_intensity,low,,1.0,265,159,106,1,0.5555555555555556,0.0,1.0006321808990182e-05,-1.93645355212828e-05,0.031446540880503145,0.0,0.0007363698454995075,0.0014279468132559064,-0.07048269016677684,False,0.0002855893626511813,-1.93645355212828e-05,0.0,2.200285589362651,WEAK,train_test_direction_mismatch
71,ETH,ETHUSDT,1823796,will-ethereum-reach-2600-in-april-2026,50308948122998050994686144925841639946050360545921215447281194779092729393480,"Will Ethereum reach $2,600 in April?",1,funding_direction,negative,,1.0,264,158,106,1,0.5483870967741935,0.4,0.00011714093565790365,-0.0005720809054291516,0.43037974683544306,0.22641509433962265,-0.016549076062267333,-0.008097349183188699,-0.10238358014156958,False,0.30161946983663773,-0.0005720809054291516,0.0,2.501619469836638,WEAK,train_test_direction_mismatch
72,ETH,ETHUSDT,1823796,will-ethereum-reach-2600-in-april-2026,50308948122998050994686144925841639946050360545921215447281194779092729393480,"Will Ethereum reach $2,600 in April?",1,funding_intensity,low,,1.0,264,158,106,1,0.5483870967741935,0.4,0.00011714093565790365,-0.0005720809054291516,0.43037974683544306,0.22641509433962265,-0.016549076062267333,-0.008097349183188699,-0.10238358014156958,False,0.30161946983663773,-0.0005720809054291516,0.0,2.501619469836638,WEAK,train_test_direction_mismatch
73,ETH,ETHUSDT,1823800,will-ethereum-dip-to-1800-in-april-2026,88623813947148129759226599572615258910454701043061032464667581751883927272067,"Will Ethereum dip to $1,800 in April?",4,funding_direction,negative,,1.0,264,158,106,-1,0.5576923076923077,0.4897959183673469,0.00022652119069833994,-0.0001393265965831641,0.3670886075949367,0.22641509433962265,-0.03715291144447523,-0.04698757839438642,0.08304378760808426,False,0.009397515678877285,-0.0001393265965831641,0.0,2.2093975156788774,WEAK,train_test_direction_mismatch
74,ETH,ETHUSDT,1823800,will-ethereum-dip-to-1800-in-april-2026,88623813947148129759226599572615258910454701043061032464667581751883927272067,"Will Ethereum dip to $1,800 in April?",4,funding_intensity,low,,1.0,264,158,106,-1,0.5576923076923077,0.4897959183673469,0.00022652119069833994,-0.0001393265965831641,0.3670886075949367,0.22641509433962265,-0.03715291144447523,-0.04698757839438642,0.08304378760808426,False,0.009397515678877285,-0.0001393265965831641,0.0,2.2093975156788774,WEAK,train_test_direction_mismatch
75,BTC,BTCUSDT,1823784,will-bitcoin-dip-to-40k-in-april-2026-795-619,98951083891762751529749372132438032148715175020829409124970659708693351854318,"Will Bitcoin dip to $40,000 in April?",24,funding_direction,negative,,1.0,255,153,102,1,0.5208333333333334,0.3333333333333333,0.00010277448698202022,-5.939855915269449e-05,0.16339869281045752,0.00980392156862745,-0.029364225559007622,-0.027575422925217717,-0.12316872428843634,False,0.3055150845850435,-5.939855915269449e-05,0.0,2.505515084585044,WEAK,train_test_direction_mismatch
76,BTC,BTCUSDT,1823784,will-bitcoin-dip-to-40k-in-april-2026-795-619,98951083891762751529749372132438032148715175020829409124970659708693351854318,"Will Bitcoin dip to $40,000 in April?",24,funding_intensity,low,,1.0,255,153,102,1,0.5208333333333334,0.3333333333333333,0.00010277448698202022,-5.939855915269449e-05,0.16339869281045752,0.00980392156862745,-0.029364225559007622,-0.027575422925217717,-0.12316872428843634,False,0.3055150845850435,-5.939855915269449e-05,0.0,2.505515084585044,WEAK,train_test_direction_mismatch
77,ETH,ETHUSDT,1823800,will-ethereum-dip-to-1800-in-april-2026,88623813947148129759226599572615258910454701043061032464667581751883927272067,"Will Ethereum dip to $1,800 in April?",24,funding_direction,negative,,1.0,244,146,98,-1,0.5510204081632653,0.3953488372093023,0.00024183743150235518,-5.194173034575717e-05,0.3698630136986301,0.17346938775510204,0.0454441258377361,0.050908982565441456,-0.007545273204235402,False,0.0015090546408470804,-5.194173034575717e-05,0.0,2.201509054640847,WEAK,train_test_direction_mismatch
78,ETH,ETHUSDT,1823800,will-ethereum-dip-to-1800-in-april-2026,88623813947148129759226599572615258910454701043061032464667581751883927272067,"Will Ethereum dip to $1,800 in April?",24,funding_intensity,low,,1.0,244,146,98,-1,0.5510204081632653,0.3953488372093023,0.00024183743150235518,-5.194173034575717e-05,0.3698630136986301,0.17346938775510204,0.0454441258377361,0.050908982565441456,-0.007545273204235402,False,0.0015090546408470804,-5.194173034575717e-05,0.0,2.201509054640847,WEAK,train_test_direction_mismatch
79,ETH,ETHUSDT,1823796,will-ethereum-reach-2600-in-april-2026,50308948122998050994686144925841639946050360545921215447281194779092729393480,"Will Ethereum reach $2,600 in April?",24,funding_direction,negative,,1.0,241,144,97,1,0.5454545454545454,0.46296296296296297,0.0007883301219841685,-0.00019020688276241238,0.4166666666666667,0.25773195876288657,0.00790048589573245,0.011917617004061291,-0.04642961879992632,False,0.0023835234008122586,-0.00019020688276241238,0.0,2.2023835234008122,WEAK,train_test_direction_mismatch
80,ETH,ETHUSDT,1823796,will-ethereum-reach-2600-in-april-2026,50308948122998050994686144925841639946050360545921215447281194779092729393480,"Will Ethereum reach $2,600 in April?",24,funding_intensity,low,,1.0,241,144,97,1,0.5454545454545454,0.46296296296296297,0.0007883301219841685,-0.00019020688276241238,0.4166666666666667,0.25773195876288657,0.00790048589573245,0.011917617004061291,-0.04642961879992632,False,0.0023835234008122586,-0.00019020688276241238,0.0,2.2023835234008122,WEAK,train_test_direction_mismatch
81,ETH,ETHUSDT,1473059,will-ethereum-reach-3200-in-march-2026,109032826224197715026334794225382473216036340732102671964821699411734124191297,"Will Ethereum reach $3,200 in March?",1,funding_intensity,low,,1.0,60,36,24,-1,0.5,0.0,0.00016178616675671832,0.0,0.027777777777777776,0.0,-0.055492996280407846,-0.09447768824365628,nan,False,0.0,0.0,0.0,1.8,WEAK,train_test_direction_mismatch
82,ETH,ETHUSDT,1473059,will-ethereum-reach-3200-in-march-2026,109032826224197715026334794225382473216036340732102671964821699411734124191297,"Will Ethereum reach $3,200 in March?",4,funding_intensity,low,,1.0,57,34,23,-1,0.5,0.0,6.6311528503672675e-06,0.0,0.029411764705882353,0.0,0.002588868525165771,-0.030046858004376273,nan,False,0.0,0.0,0.0,1.7699999999999998,WEAK,train_test_direction_mismatch
83,SOL,SOLUSDT,1938186,solana-above-90-on-april-17,78049396186231898492663494001134050059411966497302094454855717401716270526313,Will the price of Solana be above $90 on April 17?,1,funding_direction,negative,,1.0,55,33,22,1,0.56,0.4375,0.0011236817369903744,-0.0015446417153537125,0.42424242424242425,0.3181818181818182,-0.004541742235466078,0.09994552551692783,-0.06111228675531871,False,0.012222457351063743,-0.0015446417153537125,0.0,1.7622224573510636,WEAK,train_test_direction_mismatch
84,SOL,SOLUSDT,1938186,solana-above-90-on-april-17,78049396186231898492663494001134050059411966497302094454855717401716270526313,Will the price of Solana be above $90 on April 17?,1,funding_intensity,high,,1.0,55,33,22,1,0.56,0.4375,0.0011236817369903744,-0.0015446417153537125,0.42424242424242425,0.3181818181818182,-0.004541742235466078,0.09994552551692783,-0.06111228675531871,False,0.012222457351063743,-0.0015446417153537125,0.0,1.7622224573510636,WEAK,train_test_direction_mismatch
85,ETH,ETHUSDT,1473059,will-ethereum-reach-3200-in-march-2026,109032826224197715026334794225382473216036340732102671964821699411734124191297,"Will Ethereum reach $3,200 in March?",1,funding_intensity,normal,,1.0,38,22,16,1,1.0,0.0,0.0001793332094079829,0.0,0.045454545454545456,0.0,0.12860583957385122,0.18320240933251025,nan,False,0.0,0.0,0.0,1.5799999999999998,WEAK,train_test_direction_mismatch
86,ETH,ETHUSDT,1473059,will-ethereum-reach-3200-in-march-2026,109032826224197715026334794225382473216036340732102671964821699411734124191297,"Will Ethereum reach $3,200 in March?",4,funding_intensity,normal,,1.0,38,22,16,1,1.0,0.0,0.00016166666887610932,0.0,0.045454545454545456,0.0,0.06493454718553635,0.17525020950350187,nan,False,0.0,0.0,0.0,1.5799999999999998,WEAK,train_test_direction_mismatch
87,BTC,BTCUSDT,701494,will-bitcoin-reach-120000-by-december-31-2026-625-425-562,65965214225073605704712365855887384729237451947822407248598722221769498441791,"Will Bitcoin reach $120,000 by December 31, 2026?",24,funding_direction,negative,,1.0,283,169,114,1,0.5555555555555556,0.38461538461538464,7.523481009718977e-05,-0.0001517301437823385,0.17751479289940827,0.043859649122807015,0.00044245553150119984,0.009849616693707892,-0.059022508400652506,False,0.0019699233387415784,-0.00015041075122770948,-1.3193925546290265e-06,2.201969923338742,WEAK,train_test_direction_mismatch
88,BTC,BTCUSDT,1393070,will-bitcoin-reach-1000000-by-december-31-2026-946,18571303954259773157233385333455041418270179723020753158306812650937565180666,"Will Bitcoin reach $1,000,000 by December 31, 2026?",24,funding_intensity,low,,1.0,481,288,193,1,0.5,0.3333333333333333,4.835152458414667e-05,-3.94956231202004e-05,0.05555555555555555,0.010362694300518135,0.028765604996481748,0.05158886808656814,-0.02451364134817389,False,0.004902728269634778,-3.755002592216097e-05,-1.9455971980394292e-06,2.204902728269635,WEAK,train_test_direction_mismatch
89,BTC,BTCUSDT,1393070,will-bitcoin-reach-1000000-by-december-31-2026-946,18571303954259773157233385333455041418270179723020753158306812650937565180666,"Will Bitcoin reach $1,000,000 by December 31, 2026?",4,funding_intensity,low,,1.0,501,300,201,-1,0.625,0.3333333333333333,5.74437963820845e-05,-6.235399309315599e-05,0.06666666666666667,0.009950248756218905,-0.03548450570870785,-0.09100115750044482,0.09537998996010222,False,0.018200231500088964,-5.939882754371732e-05,-2.9551655494386677e-06,2.2182002315000893,WEAK,train_test_direction_mismatch
90,BTC,BTCUSDT,1393070,will-bitcoin-reach-1000000-by-december-31-2026-946,18571303954259773157233385333455041418270179723020753158306812650937565180666,"Will Bitcoin reach $1,000,000 by December 31, 2026?",24,funding_direction,negative,,1.0,470,282,188,1,0.5,0.3333333333333333,4.9380280426362556e-05,-4.054603862871636e-05,0.05673758865248227,0.010638297872340425,0.030333843513751922,0.05557761369062215,-0.02467107625993904,False,0.004934215251987808,-3.755002592216097e-05,-2.996012706555395e-06,2.204934215251988,WEAK,train_test_direction_mismatch
91,BTC,BTCUSDT,1393070,will-bitcoin-reach-1000000-by-december-31-2026-946,18571303954259773157233385333455041418270179723020753158306812650937565180666,"Will Bitcoin reach $1,000,000 by December 31, 2026?",4,funding_direction,negative,,1.0,490,294,196,-1,0.625,0.3333333333333333,5.861611875722908e-05,-6.394465618226712e-05,0.06802721088435375,0.01020408163265306,-0.03708707203279432,-0.0969073012295477,0.09568817414605904,False,0.01913763482921181,-5.939882754371732e-05,-4.545828638549797e-06,2.219137634829212,WEAK,train_test_direction_mismatch
92,BTC,BTCUSDT,701493,will-bitcoin-reach-130000-by-december-31-2026-756-151-855,106722178102302988256241610384561546855057790384749278490135208236665942286983,"Will Bitcoin reach $130,000 by December 31, 2026?",1,funding_intensity,low,,1.0,663,397,266,1,0.55,0.5652173913043478,7.399814856782315e-06,-1.3456703622637266e-05,0.055415617128463476,0.04887218045112782,0.01094843066678681,0.011988881742718735,0.009223140146919752,False,0.30184462802938394,-8.238945764519946e-06,-5.2177578581173205e-06,2.5018446280293842,WEAK,train_test_direction_mismatch
93,BTC,BTCUSDT,701493,will-bitcoin-reach-130000-by-december-31-2026-756-151-855,106722178102302988256241610384561546855057790384749278490135208236665942286983,"Will Bitcoin reach $130,000 by December 31, 2026?",1,funding_direction,negative,,1.0,648,388,260,1,0.5833333333333334,0.5652173913043478,7.09423551052377e-05,-1.3767242937005818e-05,0.05412371134020619,0.05,0.0331689494606945,0.045392000447887215,0.009310068706489712,False,0.30186201374129795,-8.238945764519946e-06,-5.528297172485872e-06,2.501862013741298,WEAK,train_test_direction_mismatch
94,BTC,BTCUSDT,701491,will-bitcoin-reach-150000-by-december-31-2026-557-246-971,9408196828451163378822245032645030045707991112669125056198742225498158094445,"Will Bitcoin reach $150,000 by December 31, 2026?",24,funding_direction,negative,,1.0,352,211,141,1,0.7727272727272727,0.4166666666666667,0.00015665265055295123,-8.12045532663727e-05,0.08056872037914692,0.07092198581560284,0.0111826342814126,0.07902145559369493,-0.06156238344177326,False,0.012312476688354654,-7.333743020126564e-05,-7.867123065107066e-06,2.212312476688355,WEAK,train_test_direction_mismatch
95,BTC,BTCUSDT,948958,bitcoin-all-time-high-by-december-31-2026,102959890468928530190954086704155483076852880798676895426376704430618826404382,"Bitcoin all time high by December 31, 2026?",4,funding_intensity,low,,1.0,311,186,125,1,0.5454545454545454,0.2857142857142857,8.204954562057601e-05,-0.0001378096418708875,0.16129032258064516,0.016,-0.026026744847539595,0.0053906916071640824,-0.23881993865237766,False,0.0010781383214328165,-0.00012953815285609782,-8.27148901478967e-06,2.201078138321433,WEAK,train_test_direction_mismatch
96,BTC,BTCUSDT,701491,will-bitcoin-reach-150000-by-december-31-2026-557-246-971,9408196828451163378822245032645030045707991112669125056198742225498158094445,"Will Bitcoin reach $150,000 by December 31, 2026?",24,funding_intensity,low,,1.0,348,208,140,1,0.65,0.4166666666666667,0.00010283830373368715,-8.178458578970394e-05,0.0625,0.07142857142857142,-0.013187974503326403,0.023951576169718852,-0.06960459485615446,False,0.0047903152339437705,-7.333743020126564e-05,-8.447155588438301e-06,2.204790315233944,WEAK,train_test_direction_mismatch
97,ETH,ETHUSDT,1299187,megaeth-market-cap-fdv-1pt5b-one-day-after-launch-371-844-879-681,59361386662140736273790755583050126642583489495616165418126619457111736694733,MegaETH market cap (FDV) >$1.5B one day after launch?,1,funding_direction,negative,,1.0,567,340,227,-1,0.6031746031746031,0.504950495049505,8.351303425828184e-05,-4.4200577236290915e-05,0.11176470588235295,0.22466960352422907,0.027072611096922373,-0.008837538819747129,0.0784569566848855,False,0.0017675077639494258,-3.460415668098621e-05,-9.596420555304707e-06,2.20176750776395,WEAK,train_test_direction_mismatch
98,ETH,ETHUSDT,1299187,megaeth-market-cap-fdv-1pt5b-one-day-after-launch-371-844-879-681,59361386662140736273790755583050126642583489495616165418126619457111736694733,MegaETH market cap (FDV) >$1.5B one day after launch?,1,funding_intensity,low,,1.0,566,339,227,-1,0.609375,0.504950495049505,1.801020141398047e-05,-4.4200577236290915e-05,0.11504424778761062,0.22466960352422907,0.03511184037089147,0.008470720909599683,0.0784569566848855,False,0.3016941441819199,-3.460415668098621e-05,-9.596420555304707e-06,2.5016941441819203,WEAK,train_test_direction_mismatch
99,BTC,BTCUSDT,1343220,will-bitcoin-dip-to-10000-by-december-31-2026-888-644-567-258-946-853,42439528758178981890895605039938161151582654744978607695897321288347422769852,"Will Bitcoin dip to $10,000 by December 31, 2026?",24,funding_direction,negative,,1.0,628,376,252,1,0.5747126436781609,0.4696969696969697,8.518232833506694e-05,-0.00024385550294903899,0.13297872340425532,0.12301587301587301,-0.05680970891208164,0.008463731331207558,-0.1787380640576962,False,0.0016927462662415117,-0.00023372908152079178,-1.0126421428247203e-05,2.2016927462662417,WEAK,train_test_direction_mismatch
100,BTC,BTCUSDT,665258,will-china-unban-bitcoin-by-2027,91810646921497227084241579668235102205462718984593674693010693975258849328842,Will China unban Bitcoin by 2027?,24,funding_intensity,low,,1.0,532,319,213,-1,0.4626865671641791,0.4166666666666667,4.492942576676514e-05,-2.8974953634478758e-05,0.09717868338557993,0.07042253521126761,-0.024195306831071114,-0.0398717494544838,-0.010865026859128385,False,0.3021730053718257,-1.5602608877679067e-05,-1.337234475679969e-05,2.5021730053718256,WEAK,train_test_direction_mismatch
101,BTC,BTCUSDT,665258,will-china-unban-bitcoin-by-2027,91810646921497227084241579668235102205462718984593674693010693975258849328842,Will China unban Bitcoin by 2027?,24,funding_direction,negative,,1.0,523,313,210,-1,0.4626865671641791,0.4166666666666667,2.5183468903887052e-05,-2.938888154354274e-05,0.09904153354632587,0.07142857142857142,-0.02664373365352372,-0.044527850156766705,-0.010834887884074832,False,0.30216697757681493,-1.5602608877679067e-05,-1.3786272665863673e-05,2.502166977576815,WEAK,train_test_direction_mismatch
102,BTC,BTCUSDT,701493,will-bitcoin-reach-130000-by-december-31-2026-756-151-855,106722178102302988256241610384561546855057790384749278490135208236665942286983,"Will Bitcoin reach $130,000 by December 31, 2026?",24,funding_direction,negative,,1.0,625,375,250,-1,0.47058823529411764,0.5,4.096695074167607e-05,-0.00011418175099645675,0.042666666666666665,0.048,0.00036063119433799707,-0.03791286567381781,0.06921775992149708,False,0.007582573134763563,-9.91373245974097e-05,-1.5044426399047053e-05,2.2075825731347636,WEAK,train_test_direction_mismatch
103,BTC,BTCUSDT,665258,will-china-unban-bitcoin-by-2027,91810646921497227084241579668235102205462718984593674693010693975258849328842,Will China unban Bitcoin by 2027?,4,funding_direction,positive,,1.0,34,20,14,-1,1.0,0.0,0.0008026656851030502,-1.8391269879132416e-05,0.1,0.0,-0.18828955813036824,-0.4233698369822342,-0.012322901152524242,False,0.3024645802305048,-2.0129810604762485e-06,-1.6378288818656167e-05,1.8424645802305049,WEAK,train_test_direction_mismatch
104,ETH,ETHUSDT,1383662,will-megaeth-launch-a-token-by-june-30-2026-676-993-477,29601542826076048097538062468538667893425689293490219370577801090612691914945,"Will MegaETH launch a token by June 30, 2026?",4,funding_direction,negative,,1.0,627,376,251,1,0.5,0.46987951807228917,0.00026839563369338866,-8.650706341971432e-05,0.1675531914893617,0.1553784860557769,0.03472778527875621,0.0521697857287051,-0.022390285928771844,False,0.004478057185754369,-6.813371612628682e-05,-1.8373347293427505e-05,2.2044780571857547,WEAK,train_test_direction_mismatch
105,ETH,ETHUSDT,1383662,will-megaeth-launch-a-token-by-june-30-2026-676-993-477,29601542826076048097538062468538667893425689293490219370577801090612691914945,"Will MegaETH launch a token by June 30, 2026?",4,funding_intensity,low,,1.0,627,376,251,1,0.5079365079365079,0.46987951807228917,0.0002703069355612377,-8.650706341971432e-05,0.1702127659574468,0.1553784860557769,0.0352947543824564,0.05249281449556202,-0.022390285928771844,False,0.004478057185754369,-6.813371612628682e-05,-1.8373347293427505e-05,2.2044780571857547,WEAK,train_test_direction_mismatch
106,BTC,BTCUSDT,948957,bitcoin-all-time-high-by-september-30-2026,50388900663189748675936681554126016850520413670342348778716337126803310768728,"Bitcoin all time high by September 30, 2026?",24,funding_direction,negative,,1.0,276,165,111,-1,0.5609756097560976,0.4,0.0002359090148167614,-8.020919988465001e-05,0.1393939393939394,0.036036036036036036,-0.043931904658587345,-0.10115125506923847,0.14477257386640652,False,0.020230251013847695,-6.034855279055471e-05,-1.9860647094095304e-05,2.220230251013848,WEAK,train_test_direction_mismatch
107,BTC,BTCUSDT,701491,will-bitcoin-reach-150000-by-december-31-2026-557-246-971,9408196828451163378822245032645030045707991112669125056198742225498158094445,"Will Bitcoin reach $150,000 by December 31, 2026?",1,funding_direction,negative,,1.0,375,225,150,1,0.5185185185185185,0.3684210526315789,1.0067538238611748e-05,-2.711872041296859e-05,0.06222222222222222,0.04666666666666667,-0.018491452054985785,0.02840691014883565,-0.07531268246601566,False,0.00568138202976713,-6.72569553354836e-06,-2.039302487942023e-05,2.205681382029767,WEAK,train_test_direction_mismatch
108,BTC,BTCUSDT,701491,will-bitcoin-reach-150000-by-december-31-2026-557-246-971,9408196828451163378822245032645030045707991112669125056198742225498158094445,"Will Bitcoin reach $150,000 by December 31, 2026?",1,funding_intensity,low,,1.0,371,222,149,1,0.52,0.3684210526315789,2.1392965291181522e-05,-2.7300725247954956e-05,0.05855855855855856,0.04697986577181208,-0.014401886239696932,0.03194796648369797,-0.07537762577732512,False,0.0063895932967395945,-6.72569553354836e-06,-2.0575029714406597e-05,2.20638959329674,WEAK,train_test_direction_mismatch
109,BTC,BTCUSDT,948957,bitcoin-all-time-high-by-september-30-2026,50388900663189748675936681554126016850520413670342348778716337126803310768728,"Bitcoin all time high by September 30, 2026?",24,funding_intensity,low,,1.0,266,159,107,-1,0.5714285714285714,0.4,0.0003454424494475661,-8.320767464669301e-05,0.1509433962264151,0.037383177570093455,-0.06116484187575888,-0.12489313425981392,0.1473996894428416,False,0.024978626851962785,-6.034855279055471e-05,-2.2859121856138298e-05,2.224978626851963,WEAK,train_test_direction_mismatch
110,ETH,ETHUSDT,1383662,will-megaeth-launch-a-token-by-june-30-2026-676-993-477,29601542826076048097538062468538667893425689293490219370577801090612691914945,"Will MegaETH launch a token by June 30, 2026?",4,funding_intensity,normal,,1.0,38,22,16,-1,0.6,0.6666666666666666,0.000219812872354297,-9.782090008961698e-05,0.13636363636363635,0.125,-0.05508814632968942,-0.10957204298914686,-0.09916178921886996,False,0.319832357843774,-6.813371612628682e-05,-2.9687183963330167e-05,1.899832357843774,WEAK,train_test_direction_mismatch
111,BTC,BTCUSDT,1339767,will-bitcoin-dip-to-50000-by-december-31-2026-454-325-222-878-949-487-451,13887983551129862992605123088744175927084435631400400451585519366058907542147,"Will Bitcoin dip to $50,000 by December 31, 2026?",24,funding_intensity,low,,1.0,517,310,207,1,0.5220588235294118,0.5692307692307692,0.00016202628446494223,-6.746396113464521e-05,0.22903225806451613,0.178743961352657,0.001890675984536252,0.0418749494715105,-0.07903411750882279,False,0.0083749898943021,-3.604350886360542e-05,-3.1420452271039786e-05,2.208374989894302,WEAK,train_test_direction_mismatch
112,BTC,BTCUSDT,1343220,will-bitcoin-dip-to-10000-by-december-31-2026-888-644-567-258-946-853,42439528758178981890895605039938161151582654744978607695897321288347422769852,"Will Bitcoin dip to $10,000 by December 31, 2026?",24,funding_intensity,low,,1.0,643,385,258,1,0.5697674418604651,0.463768115942029,0.00010788261385574898,-0.0002697305748396064,0.12727272727272726,0.12403100775193798,-0.04466548270794001,0.02728081605675698,-0.17883313430986733,False,0.0054561632113513964,-0.00023372908152079178,-3.6001493318814614e-05,2.2054561632113514,WEAK,train_test_direction_mismatch
113,ETH,ETHUSDT,1383662,will-megaeth-launch-a-token-by-june-30-2026-676-993-477,29601542826076048097538062468538667893425689293490219370577801090612691914945,"Will MegaETH launch a token by June 30, 2026?",1,funding_direction,negative,,1.0,630,378,252,-1,0.5748031496062992,0.5060240963855421,0.00012230448992656928,-5.62201730410644e-05,0.1931216931216931,0.16666666666666666,0.003834891773662595,-0.033346124540904215,0.13273882627378022,False,0.0066692249081808435,-1.2603914146631398e-05,-4.3616258894433e-05,2.206669224908181,WEAK,train_test_direction_mismatch
114,ETH,ETHUSDT,1383662,will-megaeth-launch-a-token-by-june-30-2026-676-993-477,29601542826076048097538062468538667893425689293490219370577801090612691914945,"Will MegaETH launch a token by June 30, 2026?",1,funding_intensity,low,,1.0,630,378,252,-1,0.5669291338582677,0.5060240963855421,8.589567446425503e-05,-5.62201730410644e-05,0.19047619047619047,0.16666666666666666,0.0037068598626076674,-0.032271817862804135,0.13273882627378022,False,0.006454363572560827,-1.2603914146631398e-05,-4.3616258894433e-05,2.206454363572561,WEAK,train_test_direction_mismatch
115,ETH,ETHUSDT,1373744,megaeth-market-cap-fdv-800m-one-day-after-launch-987-114-655,61268780060811317912125567165718241493378747385698282791855508063291413917546,MegaETH market cap (FDV) >$800M one day after launch?,1,funding_intensity,low,,1.0,291,174,117,1,0.5196078431372549,0.5,0.0004095536349719622,-3.581770081157398e-05,0.3045977011494253,0.1282051282051282,-0.013986063204897823,-0.0293076333326292,0.05087865784146352,False,0.00586152666652584,1.1410486186924048e-05,-4.722818699849803e-05,2.205861526666526,WEAK,train_test_direction_mismatch
116,ETH,ETHUSDT,1473059,will-ethereum-reach-3200-in-march-2026,109032826224197715026334794225382473216036340732102671964821699411734124191297,"Will Ethereum reach $3,200 in March?",4,funding_direction,negative,,1.0,59,35,24,1,1.0,0.0,0.00013157815757338875,-5.30844998627787e-05,0.05714285714285714,0.0,0.06671055732264745,0.1300595931220523,0.05082657622287859,False,0.3101653152445757,0.0,-5.30844998627787e-05,2.100165315244576,WEAK,train_test_direction_mismatch
117,BTC,BTCUSDT,701494,will-bitcoin-reach-120000-by-december-31-2026-625-425-562,65965214225073605704712365855887384729237451947822407248598722221769498441791,"Will Bitcoin reach $120,000 by December 31, 2026?",24,funding_intensity,low,,1.0,272,163,109,1,0.559322033898305,0.2727272727272727,4.9072495559381156e-05,-0.0002050356410100836,0.20245398773006135,0.027522935779816515,-0.008271758932443104,0.009857888659755922,-0.10792853759985227,False,0.0019715777319511845,-0.00015041075122770948,-5.4624889782374134e-05,2.2019715777319515,WEAK,train_test_direction_mismatch
118,ETH,ETHUSDT,1473059,will-ethereum-reach-3200-in-march-2026,109032826224197715026334794225382473216036340732102671964821699411734124191297,"Will Ethereum reach $3,200 in March?",24,funding_direction,negative,,1.0,49,29,20,-1,0.5,0.0,2.079485214643857e-06,-0.00015443277702182,0.034482758620689655,0.0,0.04877227385354773,-0.0019379617214363729,0.0667742453690296,False,0.0003875923442872746,-9.963404969149677e-05,-5.479872733032322e-05,1.6903875923442873,WEAK,train_test_direction_mismatch
119,BTC,BTCUSDT,1345530,will-bitcoin-reach-80000-by-december-31-2026-195-842-488-785,57919935471407397521237084573781793510659396827525482575585173092467716045100,"Will Bitcoin reach $80,000 by December 31, 2026?",24,funding_direction,negative,,1.0,569,341,228,1,0.4967741935483871,0.525974025974026,0.00023808127571589387,-0.00015304265300279118,0.22580645161290322,0.35526315789473684,0.015047005320942997,0.040899193508401994,-0.013884612693255938,False,0.0027769225386511877,-7.60927858216339e-05,-7.694986718115728e-05,2.2027769225386513,WEAK,train_test_direction_mismatch
120,BTC,BTCUSDT,1345530,will-bitcoin-reach-80000-by-december-31-2026-195-842-488-785,57919935471407397521237084573781793510659396827525482575585173092467716045100,"Will Bitcoin reach $80,000 by December 31, 2026?",4,funding_direction,negative,,1.0,589,353,236,1,0.5214723926380368,0.5153374233128835,0.00013471267358074985,-0.00013906162916918892,0.24079320113314448,0.3559322033898305,0.060756507536499645,0.11302797093702266,0.005618318859692938,False,0.30112366377193855,-5.379789876986332e-05,-8.52637303993256e-05,2.5011236637719385,WEAK,train_test_direction_mismatch
121,BTC,BTCUSDT,665258,will-china-unban-bitcoin-by-2027,91810646921497227084241579668235102205462718984593674693010693975258849328842,Will China unban Bitcoin by 2027?,4,funding_intensity,normal,,1.0,25,15,10,1,0.6666666666666666,0.0,0.00024866472240914336,-9.243819770050841e-05,0.13333333333333333,0.0,-0.0942033877900844,-0.1481691837520313,-0.12380188319791244,False,0.32476037663958246,-2.0129810604762485e-06,-9.042521664003217e-05,1.7747603766395825,WEAK,train_test_direction_mismatch
122,BTC,BTCUSDT,665258,will-china-unban-bitcoin-by-2027,91810646921497227084241579668235102205462718984593674693010693975258849328842,Will China unban Bitcoin by 2027?,1,funding_direction,positive,,1.0,34,20,14,1,0.5,0.5,6.727258115571704e-05,-9.765418217319065e-05,0.05,0.07142857142857142,0.009266795601329982,0.09379914189990599,-0.04516441119074576,False,0.009032882238149152,-5.203048170409268e-06,-9.245113400278138e-05,1.5490328822381492,WEAK,train_test_direction_mismatch
123,BTC,BTCUSDT,1345530,will-bitcoin-reach-80000-by-december-31-2026-195-842-488-785,57919935471407397521237084573781793510659396827525482575585173092467716045100,"Will Bitcoin reach $80,000 by December 31, 2026?",1,funding_intensity,low,,1.0,607,364,243,1,0.5028901734104047,0.49404761904761907,0.00010151298555181805,-0.000251163119770856,0.23901098901098902,0.34156378600823045,0.014120968639894068,0.022963867328940298,0.004179019660038875,False,0.30083580393200776,-0.00015860337820552294,-9.255974156533304e-05,2.500835803932008,WEAK,train_test_direction_mismatch
124,BTC,BTCUSDT,1345530,will-bitcoin-reach-80000-by-december-31-2026-195-842-488-785,57919935471407397521237084573781793510659396827525482575585173092467716045100,"Will Bitcoin reach $80,000 by December 31, 2026?",1,funding_direction,negative,,1.0,592,355,237,1,0.509090909090909,0.49390243902439024,8.458340026292683e-05,-0.00025170287323298676,0.23661971830985915,0.34177215189873417,0.014673968933998464,0.022671462950259673,0.006363634093293076,False,0.30127272681865863,-0.00015860337820552294,-9.309949502746382e-05,2.5012727268186588,WEAK,train_test_direction_mismatch
125,BTC,BTCUSDT,665258,will-china-unban-bitcoin-by-2027,91810646921497227084241579668235102205462718984593674693010693975258849328842,Will China unban Bitcoin by 2027?,1,funding_direction,negative,,1.0,546,327,219,1,0.5263157894736842,0.42857142857142855,7.867536170723209e-05,-9.907102571627816e-05,0.12232415902140673,0.0547945205479452,0.055255789775090214,0.07723322580201963,0.019718712717059023,False,0.3039437425434118,-5.203048170409268e-06,-9.386797754586889e-05,2.503943742543412,WEAK,train_test_direction_mismatch
126,BTC,BTCUSDT,1345530,will-bitcoin-reach-80000-by-december-31-2026-195-842-488-785,57919935471407397521237084573781793510659396827525482575585173092467716045100,"Will Bitcoin reach $80,000 by December 31, 2026?",4,funding_intensity,low,,1.0,604,362,242,1,0.5087719298245614,0.5149700598802395,0.000108388478071882,-0.0001497527414917688,0.24033149171270718,0.35537190082644626,0.06117162884704246,0.11167254924544182,0.0034690809911340397,False,0.30069381619822677,-5.379789876986332e-05,-9.595484272190548e-05,2.500693816198227,WEAK,train_test_direction_mismatch
127,BTC,BTCUSDT,665258,will-china-unban-bitcoin-by-2027,91810646921497227084241579668235102205462718984593674693010693975258849328842,Will China unban Bitcoin by 2027?,4,funding_intensity,low,,1.0,552,331,221,-1,0.4657534246575342,0.3548387096774194,3.943671297392602e-05,-9.854564570497264e-05,0.1027190332326284,0.049773755656108594,0.009965896747443291,-0.04622517667539063,0.09349861527495631,False,0.009245035335078127,-2.0129810604762485e-06,-9.65326646444964e-05,2.209245035335078,WEAK,train_test_direction_mismatch
128,BTC,BTCUSDT,701492,will-bitcoin-reach-140000-by-december-31-2026-131-829-299,71296910957902084356560391757722633648005498400799774895345285101862220728868,"Will Bitcoin reach $140,000 by December 31, 2026?",24,funding_direction,negative,,1.0,319,191,128,-1,0.5405405405405406,0.5,1.9490886748967503e-05,-4.1792967722058475e-05,0.10471204188481675,0.015625,0.006308901023033153,-0.015092969455708868,0.08802539763891624,False,0.0030185938911417736,5.47801755391905e-05,-9.657314326124897e-05,2.2030185938911417,WEAK,train_test_direction_mismatch
129,ETH,ETHUSDT,1299187,megaeth-market-cap-fdv-1pt5b-one-day-after-launch-371-844-879-681,59361386662140736273790755583050126642583489495616165418126619457111736694733,MegaETH market cap (FDV) >$1.5B one day after launch?,24,funding_direction,negative,,1.0,544,326,218,1,0.5,0.40625,1.2387828505855134e-05,-0.0004659218324210191,0.09202453987730061,0.17889908256880735,-0.08278057091757769,-0.052924961361071846,-0.12858608701679802,False,0.31058499227221437,-0.00036879846162333774,-9.712337079768136e-05,2.5105849922722143,WEAK,train_test_direction_mismatch
130,ETH,ETHUSDT,1299187,megaeth-market-cap-fdv-1pt5b-one-day-after-launch-371-844-879-681,59361386662140736273790755583050126642583489495616165418126619457111736694733,MegaETH market cap (FDV) >$1.5B one day after launch?,24,funding_intensity,low,,1.0,543,325,218,1,0.5081967213114754,0.40625,0.0001295806800302235,-0.0004659218324210191,0.09538461538461539,0.17889908256880735,-0.07619971752993543,-0.04092701955675868,-0.12858608701679802,False,0.30818540391135174,-0.00036879846162333774,-9.712337079768136e-05,2.508185403911352,WEAK,train_test_direction_mismatch
131,BTC,BTCUSDT,1345530,will-bitcoin-reach-80000-by-december-31-2026-195-842-488-785,57919935471407397521237084573781793510659396827525482575585173092467716045100,"Will Bitcoin reach $80,000 by December 31, 2026?",24,funding_intensity,low,,1.0,584,350,234,1,0.5060975609756098,0.5222929936305732,0.00023515616817487543,-0.00017672432401461972,0.23714285714285716,0.3504273504273504,0.007319542659479644,0.029763546262562276,-0.020071089238944254,False,0.004014217847788851,-7.60927858216339e-05,-0.00010063153819298583,2.204014217847789,WEAK,train_test_direction_mismatch
132,ETH,ETHUSDT,1473059,will-ethereum-reach-3200-in-march-2026,109032826224197715026334794225382473216036340732102671964821699411734124191297,"Will Ethereum reach $3,200 in March?",24,funding_intensity,low,,1.0,37,22,15,-1,1.0,0.0,6.065150308778912e-05,-0.00020591036936242664,0.045454545454545456,0.0,0.09667280656156531,0.0427160698866574,0.13752409781513678,False,0.3085432139773315,-9.963404969149677e-05,-0.00010627631967092987,1.8785432139773315,WEAK,train_test_direction_mismatch
133,BTC,BTCUSDT,665258,will-china-unban-bitcoin-by-2027,91810646921497227084241579668235102205462718984593674693010693975258849328842,Will China unban Bitcoin by 2027?,1,funding_intensity,low,,1.0,555,333,222,1,0.5540540540540541,0.4,0.00010444894425067688,-0.00011461118891817283,0.12312312312312312,0.05405405405405406,0.05924866937308668,0.09540497271998145,0.004815951158756686,False,0.30096319023175133,-5.203048170409268e-06,-0.00010940814074776356,2.5009631902317517,WEAK,train_test_direction_mismatch
134,ETH,ETHUSDT,556062,megaeth-market-cap-fdv-2b-one-day-after-launch-738-867-649-272-765-733,57301498276970257025109591078431189727442302532145853906375186182281603517458,MegaETH market cap (FDV) >$2B one day after launch?,24,funding_direction,negative,,1.0,323,193,130,-1,0.6721311475409836,0.5492957746478874,0.0002853199657910044,-9.118541357131035e-06,0.21243523316062177,0.3,-0.03537832591271825,-0.040234408333286446,-0.03356195550704548,False,0.3067123911014091,0.00010337186588722165,-0.00011249040724435269,2.5067123911014093,WEAK,train_test_direction_mismatch
135,ETH,ETHUSDT,1299187,megaeth-market-cap-fdv-1pt5b-one-day-after-launch-371-844-879-681,59361386662140736273790755583050126642583489495616165418126619457111736694733,MegaETH market cap (FDV) >$1.5B one day after launch?,4,funding_intensity,normal,,1.0,36,21,15,1,0.75,0.0,0.00021171851841766707,0.0,0.14285714285714285,0.0,-0.03349906603261301,0.01959850783885693,nan,False,0.0,0.00014028566026638928,-0.00014028566026638928,1.5599999999999998,WEAK,train_test_direction_mismatch
136,BTC,BTCUSDT,701495,will-bitcoin-reach-110000-by-december-31-2026-658-339-969,74843373582432484858627201602003648342208168490128239235522790524493414154441,"Will Bitcoin reach $110,000 by December 31, 2026?",24,funding_direction,positive,,1.0,32,19,13,-1,0.25,0.3333333333333333,0.0005736001595805288,-0.00024711210472455543,0.05263157894736842,0.07692307692307693,-0.24271014467006016,-0.36181723211861105,0.08561463932056285,False,0.01712292786411257,-9.911300902146168e-05,-0.00014799909570309376,1.5371229278641125,WEAK,train_test_direction_mismatch
137,ETH,ETHUSDT,556062,megaeth-market-cap-fdv-2b-one-day-after-launch-738-867-649-272-765-733,57301498276970257025109591078431189727442302532145853906375186182281603517458,MegaETH market cap (FDV) >$2B one day after launch?,1,funding_direction,negative,,1.0,346,207,139,1,0.5714285714285714,0.4507042253521127,0.00018112709938635036,-0.0002703209411247832,0.1932367149758454,0.2302158273381295,0.027407168668691227,-0.03050768670862917,0.10534149250025737,False,0.006101537341725834,-0.00010635674788589576,-0.00016396419323888743,2.206101537341726,WEAK,train_test_direction_mismatch
138,ETH,ETHUSDT,1683284,ethereum-above-1800-on-march-29,109094156621519541870699273583786238236341299511399201395427426376752624557399,"Will the price of Ethereum be above $1,800 on March 29?",4,funding_direction,negative,,1.0,30,18,12,1,0.6470588235294118,0.5714285714285714,0.0008673452990982957,-4.669268637656608e-05,0.6111111111111112,0.3333333333333333,-0.001913303883577764,-0.017862098280195127,-0.001184315684867006,False,0.3002368631369734,0.00012835079693615967,-0.00017504348331272575,1.8002368631369734,WEAK,train_test_direction_mismatch
139,BTC,BTCUSDT,1339767,will-bitcoin-dip-to-50000-by-december-31-2026-454-325-222-878-949-487-451,13887983551129862992605123088744175927084435631400400451585519366058907542147,"Will Bitcoin dip to $50,000 by December 31, 2026?",24,funding_intensity,normal,,1.0,25,15,10,1,0.6,0.16666666666666666,0.0003112354811876646,-0.00023037904646341475,0.2,0.1,0.033962083931785875,0.20469886139583332,-0.13969712216456248,False,0.0279394244329125,-3.604350886360542e-05,-0.00019433553759980933,1.4779394244329125,WEAK,train_test_direction_mismatch
140,ETH,ETHUSDT,1383662,will-megaeth-launch-a-token-by-june-30-2026-676-993-477,29601542826076048097538062468538667893425689293490219370577801090612691914945,"Will MegaETH launch a token by June 30, 2026?",24,funding_direction,positive,,1.0,40,24,16,1,0.875,0.0,0.0021811069060032003,0.0,0.2916666666666667,0.0,0.1921770172183327,0.22275147309247284,nan,False,0.0,0.0002472601055907715,-0.0002472601055907715,1.5999999999999999,WEAK,train_test_direction_mismatch
141,ETH,ETHUSDT,556062,megaeth-market-cap-fdv-2b-one-day-after-launch-738-867-649-272-765-733,57301498276970257025109591078431189727442302532145853906375186182281603517458,MegaETH market cap (FDV) >$2B one day after launch?,24,funding_intensity,low,,1.0,313,187,126,-1,0.7258064516129032,0.5294117647058824,0.00047293657190907134,-0.0001559645894732985,0.24064171122994651,0.2857142857142857,-0.04319809363106824,-0.06748899468060975,-0.015631431043153402,False,0.3031262862086307,0.00010337186588722165,-0.0002593364553605201,2.503126286208631,WEAK,train_test_direction_mismatch
142,BTC,BTCUSDT,701504,will-bitcoin-dip-to-25000-by-december-31-2026-948-243-253-666-115-787-981-282-573-719-186-417-762-754-486-851-278-145,58908160299895538838177673280060816284346493901538403975218911918392404378292,"Will Bitcoin dip to $25,000 by December 31, 2026?",4,funding_intensity,normal,,1.0,25,15,10,-1,1.0,0.0,0.00039802671012123276,-0.0001011922025941493,0.2,0.0,-0.15429883528087676,-0.38366041955572855,0.2464363877273036,False,0.04928727754546072,0.00016075474163780492,-0.0002619469442319542,1.4992872775454607,WEAK,train_test_direction_mismatch
143,ETH,ETHUSDT,556062,megaeth-market-cap-fdv-2b-one-day-after-launch-738-867-649-272-765-733,57301498276970257025109591078431189727442302532145853906375186182281603517458,MegaETH market cap (FDV) >$2B one day after launch?,1,funding_intensity,low,,1.0,336,201,135,1,0.5774647887323944,0.4411764705882353,0.0003405779970522508,-0.00039107009871277356,0.20398009950248755,0.2222222222222222,0.03154795592150688,0.01664468753948363,0.05716282387837453,False,0.3033289375078967,-0.00010635674788589576,-0.00028471335082687777,2.503328937507897,WEAK,train_test_direction_mismatch
144,ETH,ETHUSDT,1299187,megaeth-market-cap-fdv-1pt5b-one-day-after-launch-371-844-879-681,59361386662140736273790755583050126642583489495616165418126619457111736694733,MegaETH market cap (FDV) >$1.5B one day after launch?,4,funding_direction,positive,,1.0,37,22,15,1,0.4,0.0,0.00015586321230245882,-0.00015929234939762466,0.09090909090909091,0.0,-0.0029643741200579333,0.10628965387355352,-0.10117524254934193,False,0.02023504850986839,0.00014028566026638928,-0.00029957800966401394,1.5902350485098684,WEAK,train_test_direction_mismatch
145,ETH,ETHUSDT,1473059,will-ethereum-reach-3200-in-march-2026,109032826224197715026334794225382473216036340732102671964821699411734124191297,"Will Ethereum reach $3,200 in March?",1,funding_direction,negative,,1.0,62,37,25,1,1.0,0.0,0.00017481468665099637,-0.00033388459209412406,0.05405405405405406,0.0,-0.014875505504482465,0.23995295155257673,-0.21067994299893492,False,0.04213598859978698,0.0,-0.00033388459209412406,1.862135988599787,WEAK,train_test_direction_mismatch
146,ETH,ETHUSDT,1383662,will-megaeth-launch-a-token-by-june-30-2026-676-993-477,29601542826076048097538062468538667893425689293490219370577801090612691914945,"Will MegaETH launch a token by June 30, 2026?",24,funding_direction,negative,,1.0,607,364,243,-1,0.47058823529411764,0.48863636363636365,3.068323599480927e-05,-0.00025523779947814445,0.15384615384615385,0.17695473251028807,-0.022508493097013478,-0.03873476398043868,0.02285076336109752,False,0.004570152672219504,0.0002472601055907715,-0.0005024979050689159,2.2045701526722197,WEAK,train_test_direction_mismatch
147,ETH,ETHUSDT,556062,megaeth-market-cap-fdv-2b-one-day-after-launch-738-867-649-272-765-733,57301498276970257025109591078431189727442302532145853906375186182281603517458,MegaETH market cap (FDV) >$2B one day after launch?,24,funding_intensity,normal,,1.0,30,18,12,1,0.75,0.3333333333333333,0.0007315518914381954,-0.0004122616782926184,0.16666666666666666,0.08333333333333333,0.10664703846646814,0.34151320977092353,-0.2266411524133753,False,0.045328230482675064,0.00010337186588722165,-0.00051563354417984,1.545328230482675,WEAK,train_test_direction_mismatch
148,BTC,BTCUSDT,701491,will-bitcoin-reach-150000-by-december-31-2026-557-246-971,9408196828451163378822245032645030045707991112669125056198742225498158094445,"Will Bitcoin reach $150,000 by December 31, 2026?",4,funding_intensity,normal,,1.0,25,15,10,1,0.75,0.0,8.862807278690749e-05,-0.0004702861755420379,0.2,0.0,-0.25899034734531234,-0.15457788114478313,-0.7510704306932875,False,0.3309155762289566,6.40457735551152e-05,-0.0005343319490971532,1.7809155762289566,WEAK,train_test_direction_mismatch
149,BTC,BTCUSDT,1345530,will-bitcoin-reach-80000-by-december-31-2026-195-842-488-785,57919935471407397521237084573781793510659396827525482575585173092467716045100,"Will Bitcoin reach $80,000 by December 31, 2026?",4,funding_direction,positive,,1.0,40,24,16,1,0.4444444444444444,0.5,7.597878071746387e-05,-0.0006062492782493514,0.3333333333333333,0.1875,0.08637316160943986,0.2375247153971228,-0.2026649055449697,False,0.04053298110899394,-5.379789876986332e-05,-0.0005524513794794881,1.6405329811089937,WEAK,train_test_direction_mismatch
150,BTC,BTCUSDT,1343220,will-bitcoin-dip-to-10000-by-december-31-2026-888-644-567-258-946-853,42439528758178981890895605039938161151582654744978607695897321288347422769852,"Will Bitcoin dip to $10,000 by December 31, 2026?",24,funding_direction,positive,,1.0,40,24,16,-1,0.4,0.3333333333333333,0.00029414493260785664,-0.0009682890391833384,0.16666666666666666,0.0625,0.11488314186817768,-0.023494544192245535,0.41105566374731645,False,0.004698908838449107,-0.00023372908152079178,-0.0007345599576625467,1.604698908838449,WEAK,train_test_direction_mismatch
151,ETH,ETHUSDT,1383662,will-megaeth-launch-a-token-by-june-30-2026-676-993-477,29601542826076048097538062468538667893425689293490219370577801090612691914945,"Will MegaETH launch a token by June 30, 2026?",24,funding_intensity,normal,,1.0,38,22,16,-1,0.4,0.0,0.00017849253926796574,-0.0004963100092651668,0.09090909090909091,0.0,0.09372752574989374,-0.10907454349814866,0.1353899432681183,False,0.021814908699629734,0.0002472601055907715,-0.0007435701148559383,1.6018149086996296,WEAK,train_test_direction_mismatch
152,BTC,BTCUSDT,1345530,will-bitcoin-reach-80000-by-december-31-2026-195-842-488-785,57919935471407397521237084573781793510659396827525482575585173092467716045100,"Will Bitcoin reach $80,000 by December 31, 2026?",24,funding_direction,positive,,1.0,40,24,16,-1,0.4444444444444444,0.3333333333333333,0.00013659243854775716,-0.0008453723424356345,0.3333333333333333,0.125,0.0762643476050452,-0.033538938314640075,0.37154481473066225,False,0.006707787662928015,-7.60927858216339e-05,-0.0007692795566140005,1.6067077876629279,WEAK,train_test_direction_mismatch
153,BTC,BTCUSDT,1345530,will-bitcoin-reach-80000-by-december-31-2026-195-842-488-785,57919935471407397521237084573781793510659396827525482575585173092467716045100,"Will Bitcoin reach $80,000 by December 31, 2026?",1,funding_direction,positive,,1.0,40,24,16,1,0.6111111111111112,0.5,0.0011133724622032035,-0.000995423401263401,0.4583333333333333,0.1875,0.05601565349498783,0.14984221451770258,-0.15394088513405788,False,0.029968442903540518,-0.00015860337820552294,-0.0008368200230578781,1.6299684429035404,WEAK,train_test_direction_mismatch
154,ETH,ETHUSDT,556062,megaeth-market-cap-fdv-2b-one-day-after-launch-738-867-649-272-765-733,57301498276970257025109591078431189727442302532145853906375186182281603517458,MegaETH market cap (FDV) >$2B one day after launch?,1,funding_intensity,normal,,1.0,30,18,12,-1,0.25,0.0,0.00019591572704439668,-0.0010929113175247214,0.05555555555555555,0.0,0.11639144109624894,-0.10119721565933443,0.32249637091758293,False,0.020239443131866888,-0.00010635674788589576,-0.0009865545696388256,1.5202394431318669,WEAK,train_test_direction_mismatch
155,BTC,BTCUSDT,1343220,will-bitcoin-dip-to-10000-by-december-31-2026-888-644-567-258-946-853,42439528758178981890895605039938161151582654744978607695897321288347422769852,"Will Bitcoin dip to $10,000 by December 31, 2026?",4,funding_direction,positive,,1.0,40,24,16,1,0.5,0.3333333333333333,0.0003279271050218426,-0.0009866326932737996,0.20833333333333334,0.0625,-0.01664971434858929,0.21514566483089387,-0.5355468604939839,False,0.043029132966178774,0.00013992558416431623,-0.0011265582774381158,1.6430291329661786,WEAK,train_test_direction_mismatch
156,ETH,ETHUSDT,556062,megaeth-market-cap-fdv-2b-one-day-after-launch-738-867-649-272-765-733,57301498276970257025109591078431189727442302532145853906375186182281603517458,MegaETH market cap (FDV) >$2B one day after launch?,4,funding_intensity,normal,,1.0,30,18,12,-1,0.5,0.6666666666666666,0.0005286454826673515,-0.001221692850105513,0.1111111111111111,0.16666666666666666,0.050054248077912276,-0.3094068272911752,0.32984352692034946,False,0.06188136545823504,-8.222099532573115e-05,-0.0011394718547797819,1.561881365458235,WEAK,train_test_direction_mismatch
157,ETH,ETHUSDT,701552,will-ethereum-dip-to-1500-by-december-31-2026,101639751789549589765350117072740510018809594718571111931328241076831078702528,"Will Ethereum dip to $1,500 by December 31, 2026?",1,funding_direction,positive,,1.0,27,16,11,-1,0.42857142857142855,0.0,0.0002730412086669546,-0.002515025541923158,0.1875,0.0,0.1410907098523509,-0.04484811052806047,0.6816695959964586,False,0.008969622105612094,2.5473241469763355e-05,-0.0025404987833929213,1.4789696221056121,WEAK,train_test_direction_mismatch
158,ETH,ETHUSDT,701552,will-ethereum-dip-to-1500-by-december-31-2026,101639751789549589765350117072740510018809594718571111931328241076831078702528,"Will Ethereum dip to $1,500 by December 31, 2026?",24,funding_intensity,normal,,1.0,31,18,13,-1,0.6666666666666666,0.125,0.001355787113203098,-0.002665965026739481,0.1111111111111111,0.07692307692307693,0.002282217720400025,-0.81046227673013,0.5463070742002187,False,0.10926141484004376,-7.587451792514011e-05,-0.002590090508814341,1.6192614148400437,WEAK,train_test_direction_mismatch
159,BTC,BTCUSDT,701494,will-bitcoin-reach-120000-by-december-31-2026-625-425-562,65965214225073605704712365855887384729237451947822407248598722221769498441791,"Will Bitcoin reach $120,000 by December 31, 2026?",24,funding_direction,positive,,1.0,3,1,2,-1,1.0,0.5,0.003627361184658693,0.0030700767122498872,1.0,0.5,-0.9987931273879037,nan,nan,True,0.5,-0.00015041075122770948,0.0032204874634775968,1.8740974926955194,REJECTED,insufficient_samples
160,BTC,BTCUSDT,701494,will-bitcoin-reach-120000-by-december-31-2026-625-425-562,65965214225073605704712365855887384729237451947822407248598722221769498441791,"Will Bitcoin reach $120,000 by December 31, 2026?",4,funding_direction,positive,,1.0,3,1,2,-1,1.0,0.5,0.006270651320042923,0.0031857731914400186,1.0,0.5,-0.9679833623779828,nan,nan,True,0.5,0.00010216415132670507,0.0030836090401133135,1.8467218080226626,REJECTED,insufficient_samples
161,ETH,ETHUSDT,1683284,ethereum-above-1800-on-march-29,109094156621519541870699273583786238236341299511399201395427426376752624557399,"Will the price of Ethereum be above $1,800 on March 29?",24,funding_intensity,high,,1.0,2,1,1,1,1.0,1.0,0.0085608627405919,0.0022133763010980445,1.0,1.0,nan,nan,nan,True,0.5,-0.0003001837062871404,0.002513560007385185,2.722712001477037,REJECTED,insufficient_samples
162,BTC,BTCUSDT,1339767,will-bitcoin-dip-to-50000-by-december-31-2026-454-325-222-878-949-487-451,13887983551129862992605123088744175927084435631400400451585519366058907542147,"Will Bitcoin dip to $50,000 by December 31, 2026?",4,funding_direction,positive,,1.0,32,19,13,1,0.5333333333333333,0.8333333333333334,0.0008754734312366582,0.0023295544519915086,0.42105263157894735,0.38461538461538464,0.454427631707936,0.0684523449210441,0.6730961584333387,True,0.8136904689842088,2.433168350248276e-05,0.002305222768489026,2.2947350226820142,REJECTED,passed
163,BTC,BTCUSDT,824952,microstrategy-sells-any-bitcoin-by-december-31-2026,111128191581505463501777127559667396812474366956707382672202929745167742497287,"MicroStrategy sells any Bitcoin by December 31, 2026?",24,funding_direction,positive,,1.0,12,7,5,1,0.6666666666666666,1.0,0.0008501876069535348,0.0022209516102025184,0.2857142857142857,0.4,0.5777580106125412,0.30665208644796926,0.9275820794085902,True,0.8613304172895939,-1.574881178082748e-05,0.0022367004219833457,2.1286705016862633,REJECTED,insufficient_samples
164,ETH,ETHUSDT,556062,megaeth-market-cap-fdv-2b-one-day-after-launch-738-867-649-272-765-733,57301498276970257025109591078431189727442302532145853906375186182281603517458,MegaETH market cap (FDV) >$2B one day after launch?,24,funding_intensity,high,,1.0,2,1,1,1,1.0,1.0,0.0085608627405919,0.0022133763010980445,1.0,1.0,nan,nan,nan,True,0.5,0.00010337186588722165,0.0021100044352108226,2.6420008870421645,REJECTED,insufficient_samples
165,BTC,BTCUSDT,692258,microstrategy-sells-any-bitcoin-by-june-30-2026,110251828161543119357013227499774714771527179764174739487025581227481937033858,"MicroStrategy sells any Bitcoin by June 30, 2026?",24,funding_direction,positive,,1.0,14,8,6,1,1.0,1.0,0.001284530245104364,0.001675909898546848,0.375,0.3333333333333333,0.5624497698875994,0.6459301269420293,0.662671435049817,True,0.9291860253884059,-0.00015746558538552716,0.0018333754839323752,2.135861122174881,REJECTED,insufficient_samples
166,BTC,BTCUSDT,692258,microstrategy-sells-any-bitcoin-by-june-30-2026,110251828161543119357013227499774714771527179764174739487025581227481937033858,"MicroStrategy sells any Bitcoin by June 30, 2026?",1,funding_direction,positive,,1.0,14,8,6,-1,1.0,1.0,0.001241042023109655,0.0018606855023913262,0.375,0.3333333333333333,-0.470957301876768,-0.5685498843218905,-0.5534657250874859,True,0.9106931450174972,9.145613620744024e-05,0.001769229366183886,2.1045390182542745,REJECTED,insufficient_samples
167,BTC,BTCUSDT,948958,bitcoin-all-time-high-by-december-31-2026,102959890468928530190954086704155483076852880798676895426376704430618826404382,"Bitcoin all time high by December 31, 2026?",4,funding_direction,positive,,1.0,12,7,5,-1,1.0,1.0,0.001024493456016393,0.001610488428375662,0.2857142857142857,0.2,-0.6642166494291339,-0.687138657862175,-0.7738405152107566,True,0.9374277315724351,-0.00012953815285609782,0.0017400265812317598,2.1054330478187873,REJECTED,insufficient_samples
168,ETH,ETHUSDT,1683284,ethereum-above-1800-on-march-29,109094156621519541870699273583786238236341299511399201395427426376752624557399,"Will the price of Ethereum be above $1,800 on March 29?",24,funding_direction,positive,,1.0,2,1,1,1,1.0,1.0,0.0013624116790373452,0.0011171142546818392,1.0,1.0,nan,nan,nan,True,0.5,-0.0003001837062871404,0.0014172979609689796,2.503459592193796,REJECTED,insufficient_samples
169,ETH,ETHUSDT,1683284,ethereum-above-1800-on-march-29,109094156621519541870699273583786238236341299511399201395427426376752624557399,"Will the price of Ethereum be above $1,800 on March 29?",24,funding_intensity,low,,1.0,2,1,1,1,1.0,1.0,0.0013624116790373452,0.0011171142546818392,1.0,1.0,nan,nan,nan,True,0.5,-0.0003001837062871404,0.0014172979609689796,2.503459592193796,REJECTED,insufficient_samples
170,ETH,ETHUSDT,701552,will-ethereum-dip-to-1500-by-december-31-2026,101639751789549589765350117072740510018809594718571111931328241076831078702528,"Will Ethereum dip to $1,500 by December 31, 2026?",24,funding_direction,positive,,1.0,27,16,11,1,0.7142857142857143,1.0,0.0003055946408810537,0.0012651223044905548,0.3125,0.18181818181818182,0.09370952485701714,0.15075204502327175,0.32859528130456794,True,0.8301504090046544,-7.587451792514011e-05,0.001340996822415695,2.0683497734877934,REJECTED,passed
171,ETH,ETHUSDT,1299187,megaeth-market-cap-fdv-1pt5b-one-day-after-launch-371-844-879-681,59361386662140736273790755583050126642583489495616165418126619457111736694733,MegaETH market cap (FDV) >$1.5B one day after launch?,1,funding_direction,positive,,1.0,37,22,15,1,0.4,1.0,0.00021487564337779785,0.0011849519929577267,0.09090909090909091,0.06666666666666667,0.32732180771703906,0.0610416051193453,0.45809130324575104,True,0.8122083210238691,-3.460415668098621e-05,0.001219556149638713,2.1261195509516115,REJECTED,passed
172,BTC,BTCUSDT,1345530,will-bitcoin-reach-80000-by-december-31-2026-195-842-488-785,57919935471407397521237084573781793510659396827525482575585173092467716045100,"Will Bitcoin reach $80,000 by December 31, 2026?",24,funding_intensity,normal,,1.0,25,15,10,1,0.5714285714285714,0.6,0.00044625754571313015,0.000889469886082507,0.26666666666666666,0.3,0.48112770905943536,0.5029671710185444,0.6418330931842336,True,0.900593434203709,-7.60927858216339e-05,0.0009655626719041409,2.043705968584537,REJECTED,passed
173,ETH,ETHUSDT,556062,megaeth-market-cap-fdv-2b-one-day-after-launch-738-867-649-272-765-733,57301498276970257025109591078431189727442302532145853906375186182281603517458,MegaETH market cap (FDV) >$2B one day after launch?,1,funding_direction,positive,,1.0,22,13,9,1,1.0,0.75,0.0012983734155168401,0.000827589297120316,0.23076923076923078,0.3333333333333333,0.21137553719240115,0.6285148314753418,0.14354208635213764,True,0.8287084172704275,-0.00010635674788589576,0.0009339460450062117,1.9354976262716699,REJECTED,insufficient_samples
174,BTC,BTCUSDT,701494,will-bitcoin-reach-120000-by-december-31-2026-625-425-562,65965214225073605704712365855887384729237451947822407248598722221769498441791,"Will Bitcoin reach $120,000 by December 31, 2026?",1,funding_direction,positive,,1.0,3,1,2,1,1.0,0.5,0.0011845526340387021,0.0009774156256829832,1.0,0.5,0.6999651613279781,nan,nan,True,0.5,5.8253424637135214e-05,0.000919162201045848,1.4138324402091695,REJECTED,insufficient_samples
175,BTC,BTCUSDT,1343220,will-bitcoin-dip-to-10000-by-december-31-2026-888-644-567-258-946-853,42439528758178981890895605039938161151582654744978607695897321288347422769852,"Will Bitcoin dip to $10,000 by December 31, 2026?",24,funding_intensity,normal,,1.0,25,15,10,1,0.5714285714285714,1.0,3.809575986550684e-05,0.000649436053134469,0.26666666666666666,0.4,-0.003358289073428877,-0.07327603166895692,0.12176534019642904,True,0.5146552063337914,-0.00023372908152079178,0.0008831651346552608,1.6412882332648435,REJECTED,passed
176,BTC,BTCUSDT,1339767,will-bitcoin-dip-to-50000-by-december-31-2026-454-325-222-878-949-487-451,13887983551129862992605123088744175927084435631400400451585519366058907542147,"Will Bitcoin dip to $50,000 by December 31, 2026?",24,funding_direction,positive,,1.0,32,19,13,1,0.8,0.5,0.00230155846319698,0.0008142463387776556,0.631578947368421,0.23076923076923078,0.2641649905889358,0.3773911361565746,0.1800170559470857,True,0.8360034111894172,-3.604350886360542e-05,0.000850289847641261,2.0260613807176697,REJECTED,passed
177,BTC,BTCUSDT,701495,will-bitcoin-reach-110000-by-december-31-2026-658-339-969,74843373582432484858627201602003648342208168490128239235522790524493414154441,"Will Bitcoin reach $110,000 by December 31, 2026?",24,funding_intensity,normal,,1.0,25,15,10,-1,0.6,0.6666666666666666,0.0003815892991987548,0.0007280929774593249,0.2,0.4,-0.22289736797224893,-0.1848563863274921,-0.39801268763550807,True,0.8369712772654985,-9.911300902146168e-05,0.0008272059864807866,1.9524124745616558,REJECTED,passed
178,BTC,BTCUSDT,824952,microstrategy-sells-any-bitcoin-by-december-31-2026,111128191581505463501777127559667396812474366956707382672202929745167742497287,"MicroStrategy sells any Bitcoin by December 31, 2026?",4,funding_direction,positive,,1.0,12,7,5,1,0.6666666666666666,1.0,0.0009356900529981642,0.0008187324722340416,0.2857142857142857,0.4,0.33249288973677077,0.45277896271790935,0.2723788685921379,True,0.8544757737184276,0.0,0.0008187324722340416,1.838222268165236,REJECTED,insufficient_samples
179,BTC,BTCUSDT,824952,microstrategy-sells-any-bitcoin-by-december-31-2026,111128191581505463501777127559667396812474366956707382672202929745167742497287,"MicroStrategy sells any Bitcoin by December 31, 2026?",24,funding_intensity,normal,,1.0,22,13,9,-1,1.0,0.5,0.0005373808186652627,0.0007976472318948635,0.07692307692307693,0.1111111111111111,-0.2626611948978616,-0.5618685757054789,-0.1635177338940872,True,0.8327035467788175,-1.574881178082748e-05,0.000813396043675691,1.9153827555139558,REJECTED,insufficient_samples
180,BTC,BTCUSDT,701495,will-bitcoin-reach-110000-by-december-31-2026-658-339-969,74843373582432484858627201602003648342208168490128239235522790524493414154441,"Will Bitcoin reach $110,000 by December 31, 2026?",4,funding_direction,positive,,1.0,32,19,13,-1,0.5,0.6666666666666666,4.341976381286251e-05,0.0007755114949129273,0.10526315789473684,0.15384615384615385,-0.14169436029090887,0.09617213795579294,-0.42896307929627575,True,0.5192344275911586,-8.966901908006673e-06,0.0007844783968209339,1.6961301069553454,REJECTED,passed
181,BTC,BTCUSDT,701492,will-bitcoin-reach-140000-by-december-31-2026-131-829-299,71296910957902084356560391757722633648005498400799774895345285101862220728868,"Will Bitcoin reach $140,000 by December 31, 2026?",24,funding_direction,positive,,1.0,14,8,6,1,1.0,0.6666666666666666,0.0005082613971030453,0.0007834527412185944,0.125,0.3333333333333333,0.3443931606341655,0.4916814920656293,0.18335871547112267,True,0.8366717430942245,5.47801755391905e-05,0.0007286725656794039,1.8224062562301053,REJECTED,insufficient_samples
182,BTC,BTCUSDT,701493,will-bitcoin-reach-130000-by-december-31-2026-756-151-855,106722178102302988256241610384561546855057790384749278490135208236665942286983,"Will Bitcoin reach $130,000 by December 31, 2026?",1,funding_direction,positive,,1.0,40,24,16,-1,0.75,1.0,0.0006330708183633609,0.0006750015978664685,0.125,0.0625,-0.4583355717606158,-0.39105600901326537,-0.633589667778818,True,0.8782112018026531,-8.238945764519946e-06,0.0006832405436309884,2.114859310528851,REJECTED,passed
183,BTC,BTCUSDT,701504,will-bitcoin-dip-to-25000-by-december-31-2026-948-243-253-666-115-787-981-282-573-719-186-417-762-754-486-851-278-145,58908160299895538838177673280060816284346493901538403975218911918392404378292,"Will Bitcoin dip to $25,000 by December 31, 2026?",24,funding_direction,positive,,1.0,31,18,13,-1,0.5,0.75,9.297968339238505e-05,0.0007238001746948992,0.05555555555555555,0.23076923076923078,-0.16046351198974737,-0.11472047705445106,-0.2906649212299028,True,0.8229440954108903,6.150910122250905e-05,0.0006622910734723901,1.9654023101053684,REJECTED,passed
184,BTC,BTCUSDT,701493,will-bitcoin-reach-130000-by-december-31-2026-756-151-855,106722178102302988256241610384561546855057790384749278490135208236665942286983,"Will Bitcoin reach $130,000 by December 31, 2026?",24,funding_direction,positive,,1.0,40,24,16,1,0.5,1.0,0.00017377427670287746,0.0005032776338673943,0.08333333333333333,0.0625,0.20514206138063443,0.10181250031496353,0.4708494818478523,True,0.8203625000629927,-9.91373245974097e-05,0.0006024149584648041,2.0408454917559538,REJECTED,passed
185,BTC,BTCUSDT,701491,will-bitcoin-reach-150000-by-december-31-2026-557-246-971,9408196828451163378822245032645030045707991112669125056198742225498158094445,"Will Bitcoin reach $150,000 by December 31, 2026?",4,funding_direction,positive,,1.0,21,12,9,-1,1.0,1.0,0.0002366422248767955,0.000663940688079778,0.08333333333333333,0.2222222222222222,-0.19577090625620489,-0.11762728740349596,-0.24754955543133791,True,0.8235254574806993,6.40457735551152e-05,0.0005998949145246627,1.8535044403856318,REJECTED,insufficient_samples
186,BTC,BTCUSDT,701504,will-bitcoin-dip-to-25000-by-december-31-2026-948-243-253-666-115-787-981-282-573-719-186-417-762-754-486-851-278-145,58908160299895538838177673280060816284346493901538403975218911918392404378292,"Will Bitcoin dip to $25,000 by December 31, 2026?",4,funding_direction,positive,,1.0,31,18,13,-1,1.0,0.5,0.00018809469525447704,0.000757450231482113,0.1111111111111111,0.15384615384615385,-0.2380815658689377,-0.27117741256261313,-0.2492301634008296,True,0.849846032680166,0.00016075474163780492,0.0005966954898443081,1.9791851306490276,REJECTED,passed
187,BTC,BTCUSDT,701495,will-bitcoin-reach-110000-by-december-31-2026-658-339-969,74843373582432484858627201602003648342208168490128239235522790524493414154441,"Will Bitcoin reach $110,000 by December 31, 2026?",1,funding_direction,positive,,1.0,32,19,13,-1,0.5,0.6666666666666666,0.00012324501120579965,0.0007013067613726042,0.10526315789473684,0.15384615384615385,-0.1393084332522985,-0.06753996771855542,-0.18419098631051056,True,0.8135079935437112,0.00012218956731426816,0.0005791171940583361,1.9493314323553783,REJECTED,passed
188,BTC,BTCUSDT,701504,will-bitcoin-dip-to-25000-by-december-31-2026-948-243-253-666-115-787-981-282-573-719-186-417-762-754-486-851-278-145,58908160299895538838177673280060816284346493901538403975218911918392404378292,"Will Bitcoin dip to $25,000 by December 31, 2026?",1,funding_intensity,normal,,1.0,25,15,10,1,0.6666666666666666,1.0,0.00015952917823664506,0.0002646672472604739,0.13333333333333333,0.1,0.2611358672164568,0.14524628508445725,0.4805708615408328,True,0.8290492570168915,-0.000273126590419434,0.0005377938376799078,1.8866080245528731,REJECTED,passed
189,BTC,BTCUSDT,948958,bitcoin-all-time-high-by-december-31-2026,102959890468928530190954086704155483076852880798676895426376704430618826404382,"Bitcoin all time high by December 31, 2026?",1,funding_direction,positive,,1.0,12,7,5,1,1.0,1.0,0.00018389021110656862,0.0004072304532193926,0.2857142857142857,0.2,0.22006677655965848,0.41214031219230557,0.7952496823407871,True,0.8824280624384612,-0.00010277140155070269,0.0005100018547700953,1.80442843339248,REJECTED,insufficient_samples
190,ETH,ETHUSDT,1683284,ethereum-above-1800-on-march-29,109094156621519541870699273583786238236341299511399201395427426376752624557399,"Will the price of Ethereum be above $1,800 on March 29?",1,funding_intensity,low,,1.0,17,10,7,-1,0.2857142857142857,0.8333333333333334,0.00042207634940784767,0.0007461476429433735,0.2,0.7142857142857143,-0.07679681143405925,-0.07009511091686614,-0.14453565829777643,True,0.8140190221833733,0.00024909239825304433,0.0004970552446903291,2.2120014996928683,REJECTED,insufficient_samples
191,ETH,ETHUSDT,1383662,will-megaeth-launch-a-token-by-june-30-2026-676-993-477,29601542826076048097538062468538667893425689293490219370577801090612691914945,"Will MegaETH launch a token by June 30, 2026?",1,funding_intensity,normal,,1.0,38,22,16,-1,0.8,0.6666666666666666,0.0003473986551032273,0.0004713650611415,0.18181818181818182,0.125,-0.20331046294766408,-0.17334991126266908,-0.18302853844252032,True,0.8346699822525339,-1.2603914146631398e-05,0.00048396897528813144,2.0114637773101602,REJECTED,passed
192,BTC,BTCUSDT,1343220,will-bitcoin-dip-to-10000-by-december-31-2026-888-644-567-258-946-853,42439528758178981890895605039938161151582654744978607695897321288347422769852,"Will Bitcoin dip to $10,000 by December 31, 2026?",4,funding_intensity,normal,,1.0,25,15,10,1,0.5714285714285714,0.75,0.0003408430199643799,0.0006003106241826335,0.26666666666666666,0.3,0.12598866889595328,0.038443691269850845,0.5209751842735596,True,0.8076887382539703,0.00013992558416431623,0.0004603850400183172,1.8497657462576338,REJECTED,passed
193,BTC,BTCUSDT,1343220,will-bitcoin-dip-to-10000-by-december-31-2026-888-644-567-258-946-853,42439528758178981890895605039938161151582654744978607695897321288347422769852,"Will Bitcoin dip to $10,000 by December 31, 2026?",1,funding_intensity,normal,,1.0,25,15,10,1,0.5714285714285714,0.75,0.00033305814860269537,0.0004837631698013086,0.26666666666666666,0.3,0.15531531652658626,0.11376532696054685,0.3253556242623752,True,0.8227530653921095,5.123219487637413e-05,0.0004325309749249345,1.8592592603770963,REJECTED,passed
194,BTC,BTCUSDT,665258,will-china-unban-bitcoin-by-2027,91810646921497227084241579668235102205462718984593674693010693975258849328842,Will China unban Bitcoin by 2027?,1,funding_intensity,normal,,1.0,25,15,10,-1,0.6666666666666666,1.0,8.333593641224497e-05,0.000407919373036771,0.13333333333333333,0.1,-0.29474787057359697,-0.24600310614834087,-0.5895241359775757,True,0.8492006212296682,-5.203048170409268e-06,0.0004131224212071802,1.8818251054711042,REJECTED,passed
195,ETH,ETHUSDT,1373744,megaeth-market-cap-fdv-800m-one-day-after-launch-987-114-655,61268780060811317912125567165718241493378747385698282791855508063291413917546,MegaETH market cap (FDV) >$800M one day after launch?,4,funding_direction,positive,,1.0,8,4,4,-1,1.0,1.0,0.0013926982160427778,0.0005380974957303116,0.5,0.25,-0.12884284222073636,-0.44715701404706987,0.07369568030535961,True,0.5147391360610719,0.00013857422083855903,0.0003995232748917525,1.3746437910394225,REJECTED,insufficient_samples
196,BTC,BTCUSDT,701491,will-bitcoin-reach-150000-by-december-31-2026-557-246-971,9408196828451163378822245032645030045707991112669125056198742225498158094445,"Will Bitcoin reach $150,000 by December 31, 2026?",24,funding_direction,positive,,1.0,21,12,9,-1,1.0,0.5,0.00018547117791176983,0.0003196530175846949,0.08333333333333333,0.1111111111111111,-0.1078542454033248,-0.06983994424192938,-0.20365155503952523,True,0.813967988848386,-7.333743020126564e-05,0.00039299044778596056,1.802566078405578,REJECTED,insufficient_samples
197,BTC,BTCUSDT,701504,will-bitcoin-dip-to-25000-by-december-31-2026-948-243-253-666-115-787-981-282-573-719-186-417-762-754-486-851-278-145,58908160299895538838177673280060816284346493901538403975218911918392404378292,"Will Bitcoin dip to $25,000 by December 31, 2026?",1,funding_direction,positive,,1.0,31,18,13,1,0.5,0.5,0.00024851889584004205,0.00010251856750332407,0.05555555555555555,0.15384615384615385,0.16703526554308487,0.26679338288701726,0.03967898503956712,True,0.8079357970079135,-0.000273126590419434,0.00037564515792275807,1.8930648285924652,REJECTED,passed
198,ETH,ETHUSDT,1299187,megaeth-market-cap-fdv-1pt5b-one-day-after-launch-371-844-879-681,59361386662140736273790755583050126642583489495616165418126619457111736694733,MegaETH market cap (FDV) >$1.5B one day after launch?,24,funding_intensity,high,,1.0,2,1,1,0,0.0,0.0,0.0,0.0,0.0,0.0,nan,nan,nan,False,0.0,-0.00036879846162333774,0.00036879846162333774,0.2937596923246676,REJECTED,insufficient_samples
199,BTC,BTCUSDT,1345530,will-bitcoin-reach-80000-by-december-31-2026-195-842-488-785,57919935471407397521237084573781793510659396827525482575585173092467716045100,"Will Bitcoin reach $80,000 by December 31, 2026?",1,funding_intensity,normal,,1.0,25,15,10,1,0.7142857142857143,0.8,0.0002307976678087129,0.0001787637156109164,0.3333333333333333,0.4,0.21193237516570687,0.2310493452801277,0.17254111641466915,True,0.8345082232829338,-0.00015860337820552294,0.00033736709381643936,1.8519816420462216,REJECTED,passed
200,BTC,BTCUSDT,1339767,will-bitcoin-dip-to-50000-by-december-31-2026-454-325-222-878-949-487-451,13887983551129862992605123088744175927084435631400400451585519366058907542147,"Will Bitcoin dip to $50,000 by December 31, 2026?",1,funding_direction,positive,,1.0,32,19,13,-1,0.4666666666666667,0.6666666666666666,9.570182624216812e-06,0.0001952329265144428,0.3684210526315789,0.3076923076923077,0.0030867323864596052,0.056040557359735024,-0.037460752247024484,True,0.5074921504494049,-0.00012427608938176513,0.0003195090158962079,1.5913939536286466,REJECTED,passed
201,BTC,BTCUSDT,701492,will-bitcoin-reach-140000-by-december-31-2026-131-829-299,71296910957902084356560391757722633648005498400799774895345285101862220728868,"Will Bitcoin reach $140,000 by December 31, 2026?",4,funding_direction,positive,,1.0,14,8,6,-1,1.0,0.6666666666666666,0.00035496333731519327,0.00031662483518671037,0.125,0.3333333333333333,-0.14895820717015817,-0.060839067657276404,-0.7988687252657802,True,0.8121678135314553,3.8478344451334067e-05,0.00027814649073537633,1.7077971116785304,REJECTED,insufficient_samples
202,BTC,BTCUSDT,701493,will-bitcoin-reach-130000-by-december-31-2026-756-151-855,106722178102302988256241610384561546855057790384749278490135208236665942286983,"Will Bitcoin reach $130,000 by December 31, 2026?",4,funding_direction,positive,,1.0,40,24,16,1,0.75,1.0,0.0005763234563281387,0.00014855042622064266,0.125,0.0625,0.21503906809621484,0.30188294902501844,0.12836663561511383,True,0.8256733271230228,-0.00010823063925098738,0.00025678106547163005,1.9770295402173488,REJECTED,passed
203,BTC,BTCUSDT,692258,microstrategy-sells-any-bitcoin-by-june-30-2026,110251828161543119357013227499774714771527179764174739487025581227481937033858,"MicroStrategy sells any Bitcoin by June 30, 2026?",24,funding_direction,negative,,1.0,320,192,128,-1,0.5507246376811594,0.5625,6.745481259285063e-05,9.906391859226127e-05,0.19791666666666666,0.0703125,-0.03591622872027569,-0.030867997312076203,-0.07599023565903382,True,0.8061735994624153,-0.00015746558538552716,0.00025652950397778845,2.557479500257973,REJECTED,passed
204,BTC,BTCUSDT,692258,microstrategy-sells-any-bitcoin-by-june-30-2026,110251828161543119357013227499774714771527179764174739487025581227481937033858,"MicroStrategy sells any Bitcoin by June 30, 2026?",24,funding_intensity,normal,,1.0,23,13,10,1,0.5,0.4,0.00019897973589460231,7.736996246830557e-05,0.07692307692307693,0.2,0.11969448816012433,0.3106257858650249,0.042674578756461246,True,0.8085349157512923,-0.00015746558538552716,0.00023483554785383274,1.7855020253220588,REJECTED,insufficient_samples
205,BTC,BTCUSDT,701504,will-bitcoin-dip-to-25000-by-december-31-2026-948-243-253-666-115-787-981-282-573-719-186-417-762-754-486-851-278-145,58908160299895538838177673280060816284346493901538403975218911918392404378292,"Will Bitcoin dip to $25,000 by December 31, 2026?",24,funding_intensity,normal,,1.0,25,15,10,1,0.3333333333333333,1.0,0.00012151778609424376,0.0002779279758360868,0.06666666666666667,0.1,0.11524536338503227,-0.03271446846278031,0.39353915171163595,True,0.506542893692556,6.150910122250905e-05,0.00021641887461357776,1.4998266686152715,REJECTED,passed
206,BTC,BTCUSDT,701493,will-bitcoin-reach-130000-by-december-31-2026-756-151-855,106722178102302988256241610384561546855057790384749278490135208236665942286983,"Will Bitcoin reach $130,000 by December 31, 2026?",24,funding_intensity,low,,1.0,640,384,256,1,0.5526315789473685,0.5,1.001658566996682e-05,0.0001115056162074773,0.0546875,0.046875,0.01646348468414728,-0.010444512863668525,0.06625109326575371,True,0.5020889025727338,-9.91373245974097e-05,0.000210642940804887,2.2442174907337114,REJECTED,passed
207,ETH,ETHUSDT,1683284,ethereum-above-1800-on-march-29,109094156621519541870699273583786238236341299511399201395427426376752624557399,"Will the price of Ethereum be above $1,800 on March 29?",1,funding_direction,positive,,1.0,9,5,4,-1,0.2,0.5,0.00047956019962575416,0.0004557406239874265,0.2,0.25,-0.06438588198327552,0.06059934557561475,-0.2946362555347571,True,0.512119869115123,0.00024909239825304433,0.00020664822573438217,1.3434495142619993,REJECTED,insufficient_samples
208,BTC,BTCUSDT,701495,will-bitcoin-reach-110000-by-december-31-2026-658-339-969,74843373582432484858627201602003648342208168490128239235522790524493414154441,"Will Bitcoin reach $110,000 by December 31, 2026?",4,funding_intensity,normal,,1.0,25,15,10,-1,0.8,0.5,0.0004642453549224556,0.000180890170979397,0.26666666666666666,0.3,-0.22442752875653155,-0.22875066100069855,-0.1811124878148295,True,0.836222497562966,-8.966901908006673e-06,0.00018985707288740367,1.8241939121404467,REJECTED,passed
209,ETH,ETHUSDT,1373744,megaeth-market-cap-fdv-800m-one-day-after-launch-987-114-655,61268780060811317912125567165718241493378747385698282791855508063291413917546,MegaETH market cap (FDV) >$800M one day after launch?,1,funding_direction,positive,,1.0,8,4,4,1,1.0,1.0,0.002140110727442541,0.0001983245266562836,0.5,0.25,0.37804603987529184,0.8180693881801169,0.20016542344619112,True,0.8400330846892383,1.1410486186924048e-05,0.00018691404046935955,1.6574158927831102,REJECTED,insufficient_samples
210,BTC,BTCUSDT,701493,will-bitcoin-reach-130000-by-december-31-2026-756-151-855,106722178102302988256241610384561546855057790384749278490135208236665942286983,"Will Bitcoin reach $130,000 by December 31, 2026?",4,funding_direction,negative,,1.0,645,387,258,-1,0.4444444444444444,0.4782608695652174,5.664055948016913e-05,7.484499055202685e-05,0.041343669250646,0.04263565891472868,-0.03133787537350545,-0.019025466338003096,-0.0553836611845984,True,0.8038050932676006,-0.00010823063925098738,0.00018307562980301423,2.5404202192282037,REJECTED,passed
211,BTC,BTCUSDT,701493,will-bitcoin-reach-130000-by-december-31-2026-756-151-855,106722178102302988256241610384561546855057790384749278490135208236665942286983,"Will Bitcoin reach $130,000 by December 31, 2026?",4,funding_intensity,low,,1.0,660,396,264,-1,0.425,0.4782608695652174,1.5687528703167977e-05,7.314396803948078e-05,0.04292929292929293,0.041666666666666664,-0.019279207925233934,-0.0024223563043004946,-0.055125317264078516,True,0.8004844712608602,-0.00010823063925098738,0.00018137460729046817,2.536759392718954,REJECTED,passed
212,BTC,BTCUSDT,1343220,will-bitcoin-dip-to-10000-by-december-31-2026-888-644-567-258-946-853,42439528758178981890895605039938161151582654744978607695897321288347422769852,"Will Bitcoin dip to $10,000 by December 31, 2026?",1,funding_direction,positive,,1.0,40,24,16,-1,0.3,0.6666666666666666,0.0002718695227112773,0.00022739728729823084,0.125,0.125,-0.08891409815619988,-0.06707923306695351,-0.12021533010512302,True,0.8134158466133907,5.123219487637413e-05,0.0001761650924218567,1.948648865097762,REJECTED,passed
213,ETH,ETHUSDT,1683284,ethereum-above-1800-on-march-29,109094156621519541870699273583786238236341299511399201395427426376752624557399,"Will the price of Ethereum be above $1,800 on March 29?",4,funding_intensity,normal,,1.0,20,12,8,1,0.5833333333333334,0.75,0.0010589554207867111,0.00030428638541606204,0.5833333333333334,0.375,-0.030320507813402266,-0.04452073049121405,0.19181833135061802,True,0.5089041460982429,0.00012835079693615967,0.00017593558847990237,1.4440912637942234,REJECTED,insufficient_samples
214,BTC,BTCUSDT,701495,will-bitcoin-reach-110000-by-december-31-2026-658-339-969,74843373582432484858627201602003648342208168490128239235522790524493414154441,"Will Bitcoin reach $110,000 by December 31, 2026?",24,funding_intensity,low,,1.0,519,311,208,1,0.5333333333333333,0.5849056603773585,5.579064140973572e-05,7.294957014149856e-05,0.15434083601286175,0.14903846153846154,0.0013096650867470952,-0.006256118461039144,0.01562643779623871,True,0.5012512236922079,-9.911300902146168e-05,0.00017206257916296022,2.2356637395248002,REJECTED,passed
215,BTC,BTCUSDT,701495,will-bitcoin-reach-110000-by-december-31-2026-658-339-969,74843373582432484858627201602003648342208168490128239235522790524493414154441,"Will Bitcoin reach $110,000 by December 31, 2026?",24,funding_direction,negative,,1.0,512,307,205,1,0.5052631578947369,0.5769230769230769,4.462737747034798e-05,6.587791020731187e-05,0.1563517915309446,0.14634146341463414,0.012407945806249111,0.011421349082334125,0.014071292728861293,True,0.8022842698164668,-9.911300902146168e-05,0.00016499091922877356,2.5352824536622216,REJECTED,passed
216,BTC,BTCUSDT,701494,will-bitcoin-reach-120000-by-december-31-2026-625-425-562,65965214225073605704712365855887384729237451947822407248598722221769498441791,"Will Bitcoin reach $120,000 by December 31, 2026?",24,funding_intensity,normal,,1.0,14,8,6,0,0.0,0.0,0.0,0.0,0.0,0.0,nan,nan,nan,False,0.0,-0.00015041075122770948,0.00015041075122770948,0.3700821502455419,REJECTED,insufficient_samples
217,ETH,ETHUSDT,1373744,megaeth-market-cap-fdv-800m-one-day-after-launch-987-114-655,61268780060811317912125567165718241493378747385698282791855508063291413917546,MegaETH market cap (FDV) >$800M one day after launch?,4,funding_intensity,normal,,1.0,14,8,6,-1,0.5,1.0,0.00040300168044392977,0.0002779677329139496,0.125,0.16666666666666666,-0.23397588365964922,-0.3541224093792642,-0.15943365955338876,True,0.8318867319106777,0.00013857422083855903,0.00013939351207539055,1.6997654343257558,REJECTED,insufficient_samples
218,BTC,BTCUSDT,1345530,will-bitcoin-reach-80000-by-december-31-2026-195-842-488-785,57919935471407397521237084573781793510659396827525482575585173092467716045100,"Will Bitcoin reach $80,000 by December 31, 2026?",4,funding_intensity,normal,,1.0,25,15,10,1,0.7142857142857143,0.4,0.0002035161763868412,8.093233084897685e-05,0.3333333333333333,0.2,0.19762522326537935,0.22790393054723332,0.09447049762018793,True,0.8188940995240377,-5.379789876986332e-05,0.00013473022961884017,1.7958401454478057,REJECTED,passed
219,BTC,BTCUSDT,948958,bitcoin-all-time-high-by-december-31-2026,102959890468928530190954086704155483076852880798676895426376704430618826404382,"Bitcoin all time high by December 31, 2026?",4,funding_intensity,normal,,1.0,22,13,9,-1,1.0,0.0,0.0001138575162743185,0.0,0.07692307692307693,0.0,-0.1583730018543614,-0.21261744920531006,nan,False,0.0,-0.00012953815285609782,0.00012953815285609782,0.44590763057121957,REJECTED,insufficient_samples
220,ETH,ETHUSDT,556062,megaeth-market-cap-fdv-2b-one-day-after-launch-738-867-649-272-765-733,57301498276970257025109591078431189727442302532145853906375186182281603517458,MegaETH market cap (FDV) >$2B one day after launch?,4,funding_direction,negative,,1.0,343,205,138,1,0.4411764705882353,0.5205479452054794,1.1607545845961883e-05,4.572137025959499e-05,0.14634146341463414,0.2753623188405797,-0.03588138490073531,-0.04523971743257971,-0.02762165896234619,True,0.8055243317924693,-8.222099532573115e-05,0.00012794236558532615,2.531112804909535,REJECTED,passed
221,ETH,ETHUSDT,1373744,megaeth-market-cap-fdv-800m-one-day-after-launch-987-114-655,61268780060811317912125567165718241493378747385698282791855508063291413917546,MegaETH market cap (FDV) >$800M one day after launch?,24,funding_intensity,high,,1.0,1,0,0,0,0.0,0.0,0.0,0.0,0.0,0.0,nan,nan,nan,False,0.0,-0.00011256199532550817,0.00011256199532550817,0.23251239906510165,REJECTED,insufficient_samples
222,BTC,BTCUSDT,824952,microstrategy-sells-any-bitcoin-by-december-31-2026,111128191581505463501777127559667396812474366956707382672202929745167742497287,"MicroStrategy sells any Bitcoin by December 31, 2026?",1,funding_direction,positive,,1.0,12,7,5,-1,1.0,1.0,0.0007542551383243318,0.00010991819959015918,0.42857142857142855,0.4,-0.19824154997872365,-0.43116635490076827,-0.10833709888021839,True,0.8216674197760437,0.0,0.00010991819959015918,1.6636510596940755,REJECTED,insufficient_samples
223,BTC,BTCUSDT,701491,will-bitcoin-reach-150000-by-december-31-2026-557-246-971,9408196828451163378822245032645030045707991112669125056198742225498158094445,"Will Bitcoin reach $150,000 by December 31, 2026?",24,funding_intensity,normal,,1.0,25,15,10,1,1.0,1.0,0.0004131148898918554,3.640874484844604e-05,0.26666666666666666,0.1,0.22491241399862333,0.2718397984589811,0.025019659042268327,True,0.8050039318084538,-7.333743020126564e-05,0.00010974617504971168,1.776953166818396,REJECTED,passed
224,ETH,ETHUSDT,1373744,megaeth-market-cap-fdv-800m-one-day-after-launch-987-114-655,61268780060811317912125567165718241493378747385698282791855508063291413917546,MegaETH market cap (FDV) >$800M one day after launch?,1,funding_intensity,normal,,1.0,14,8,6,1,0.5,1.0,0.00030294169566032284,0.00012020375055879945,0.125,0.16666666666666666,0.28095388734404075,0.26996833678827115,0.2866598445403991,True,0.8539936673576543,1.1410486186924048e-05,0.0001087932643718754,1.7157523202320293,REJECTED,insufficient_samples
225,BTC,BTCUSDT,701493,will-bitcoin-reach-130000-by-december-31-2026-756-151-855,106722178102302988256241610384561546855057790384749278490135208236665942286983,"Will Bitcoin reach $130,000 by December 31, 2026?",4,funding_intensity,normal,,1.0,25,15,10,0,0.0,0.0,0.0,0.0,0.0,0.0,0.10634898830531073,nan,0.1487311236211288,False,0.0,-0.00010823063925098738,0.00010823063925098738,0.4716461278501975,REJECTED,train_test_direction_mismatch
226,BTC,BTCUSDT,1339767,will-bitcoin-dip-to-50000-by-december-31-2026-454-325-222-878-949-487-451,13887983551129862992605123088744175927084435631400400451585519366058907542147,"Will Bitcoin dip to $50,000 by December 31, 2026?",24,funding_direction,negative,,1.0,510,306,204,-1,0.5234375,0.42857142857142855,3.7828995206950322e-06,7.122252926018679e-05,0.21895424836601307,0.1323529411764706,-0.034903153860036694,-0.009098206661677342,-0.08035151002883542,True,0.8018196413323355,-3.604350886360542e-05,0.00010726603812379221,2.5232728489570944,REJECTED,passed
227,BTC,BTCUSDT,948958,bitcoin-all-time-high-by-december-31-2026,102959890468928530190954086704155483076852880798676895426376704430618826404382,"Bitcoin all time high by December 31, 2026?",1,funding_intensity,normal,,1.0,22,13,9,1,1.0,0.0,0.00017603639869089146,0.0,0.07692307692307693,0.0,0.26005429286341597,0.34266956229986256,nan,False,0.0,-0.00010277140155070269,0.00010277140155070269,0.44055428031014054,REJECTED,insufficient_samples
228,ETH,ETHUSDT,1473059,will-ethereum-reach-3200-in-march-2026,109032826224197715026334794225382473216036340732102671964821699411734124191297,"Will Ethereum reach $3,200 in March?",24,funding_direction,positive,,1.0,28,16,12,0,0.0,0.0,0.0,0.0,0.0,0.0,nan,nan,nan,False,0.0,-9.963404969149677e-05,9.963404969149677e-05,0.4999268099382994,REJECTED,train_test_direction_mismatch
229,ETH,ETHUSDT,1473059,will-ethereum-reach-3200-in-march-2026,109032826224197715026334794225382473216036340732102671964821699411734124191297,"Will Ethereum reach $3,200 in March?",24,funding_intensity,high,,1.0,2,1,1,0,0.0,0.0,0.0,0.0,0.0,0.0,nan,nan,nan,False,0.0,-9.963404969149677e-05,9.963404969149677e-05,0.23992680993829937,REJECTED,insufficient_samples
230,BTC,BTCUSDT,701493,will-bitcoin-reach-130000-by-december-31-2026-756-151-855,106722178102302988256241610384561546855057790384749278490135208236665942286983,"Will Bitcoin reach $130,000 by December 31, 2026?",24,funding_intensity,normal,,1.0,25,15,10,0,0.0,0.0,0.0,0.0,0.0,0.0,-0.40384421916159746,nan,-0.48206717289043816,False,0.0,-9.91373245974097e-05,9.91373245974097e-05,0.46982746491948196,REJECTED,train_test_direction_mismatch
231,BTC,BTCUSDT,665258,will-china-unban-bitcoin-by-2027,91810646921497227084241579668235102205462718984593674693010693975258849328842,Will China unban Bitcoin by 2027?,4,funding_direction,negative,,1.0,543,325,218,1,0.5405405405405406,0.6333333333333333,2.637520547749845e-05,8.6029902335448e-05,0.12307692307692308,0.0871559633027523,0.015110924353237036,-0.035916704552082034,0.08725133811210743,True,0.5071833409104164,-2.0129810604762485e-06,8.804288339592425e-05,2.2247919175896014,REJECTED,passed
232,BTC,BTCUSDT,701491,will-bitcoin-reach-150000-by-december-31-2026-557-246-971,9408196828451163378822245032645030045707991112669125056198742225498158094445,"Will Bitcoin reach $150,000 by December 31, 2026?",1,funding_intensity,normal,,1.0,25,15,10,-1,0.5,1.0,1.9887607783061863e-05,7.946325242905058e-05,0.13333333333333333,0.1,0.030558119774442827,0.05794901439079114,-0.0669457186262301,True,0.5115898028781583,-6.72569553354836e-06,8.618894796259894e-05,1.478827592470678,REJECTED,passed
233,ETH,ETHUSDT,701552,will-ethereum-dip-to-1500-by-december-31-2026,101639751789549589765350117072740510018809594718571111931328241076831078702528,"Will Ethereum dip to $1,500 by December 31, 2026?",1,funding_intensity,normal,,1.0,31,18,13,1,0.6666666666666666,0.625,0.0009794200194275468,0.00010147985378927757,0.1111111111111111,0.38461538461538464,0.3298930195641955,0.6276531012542357,0.10773768494039467,True,0.821547536988079,2.5473241469763355e-05,7.600661231951422e-05,1.8467488594519816,REJECTED,passed
234,ETH,ETHUSDT,701552,will-ethereum-dip-to-1500-by-december-31-2026,101639751789549589765350117072740510018809594718571111931328241076831078702528,"Will Ethereum dip to $1,500 by December 31, 2026?",24,funding_intensity,high,,1.0,2,1,1,0,0.0,0.0,0.0,0.0,0.0,0.0,nan,nan,nan,False,0.0,-7.587451792514011e-05,7.587451792514011e-05,0.23517490358502802,REJECTED,insufficient_samples
235,BTC,BTCUSDT,701495,will-bitcoin-reach-110000-by-december-31-2026-658-339-969,74843373582432484858627201602003648342208168490128239235522790524493414154441,"Will Bitcoin reach $110,000 by December 31, 2026?",4,funding_intensity,low,,1.0,539,323,216,-1,0.5578947368421052,0.5294117647058824,9.564744821532327e-05,6.377901810736855e-05,0.16408668730650156,0.125,0.004062661430369687,0.014191880975065203,-0.016540096483012672,True,0.502838376195013,-8.966901908006673e-06,7.274592001537523e-05,2.2173875601980884,REJECTED,passed
236,BTC,BTCUSDT,701495,will-bitcoin-reach-110000-by-december-31-2026-658-339-969,74843373582432484858627201602003648342208168490128239235522790524493414154441,"Will Bitcoin reach $110,000 by December 31, 2026?",4,funding_direction,negative,,1.0,532,319,213,-1,0.57,0.52,9.21903339592641e-05,6.163208562936216e-05,0.1786833855799373,0.12206572769953052,0.007627809335074358,0.019345979337643985,-0.015324405254930815,True,0.5030648810509861,-8.966901908006673e-06,7.059898753736883e-05,2.21718467855846,REJECTED,passed
237,ETH,ETHUSDT,1383662,will-megaeth-launch-a-token-by-june-30-2026-676-993-477,29601542826076048097538062468538667893425689293490219370577801090612691914945,"Will MegaETH launch a token by June 30, 2026?",4,funding_intensity,high,,1.0,2,1,1,0,0.0,0.0,0.0,0.0,0.0,0.0,nan,nan,nan,False,0.0,-6.813371612628682e-05,6.813371612628682e-05,0.23362674322525737,REJECTED,insufficient_samples
238,ETH,ETHUSDT,701552,will-ethereum-dip-to-1500-by-december-31-2026,101639751789549589765350117072740510018809594718571111931328241076831078702528,"Will Ethereum dip to $1,500 by December 31, 2026?",4,funding_intensity,low,,1.0,377,226,151,1,0.43548387096774194,0.46153846153846156,1.5392534980308048e-06,0.0004157764759540029,0.11946902654867257,0.11920529801324503,0.01010800631850209,-0.018328201823597793,0.07082374261666582,True,0.5036656403647196,0.0003485259286422286,6.725054731177428e-05,2.217115749827075,REJECTED,passed
239,ETH,ETHUSDT,1373744,megaeth-market-cap-fdv-800m-one-day-after-launch-987-114-655,61268780060811317912125567165718241493378747385698282791855508063291413917546,MegaETH market cap (FDV) >$800M one day after launch?,1,funding_direction,negative,,1.0,298,178,120,1,0.49504950495049505,0.53125,0.00028350996726805416,7.761081764813051e-05,0.2808988764044944,0.14166666666666666,-0.01778312157656715,-0.041755594637907074,0.07704170201243059,True,0.5083511189275814,1.1410486186924048e-05,6.620033146120647e-05,2.2215911852198227,REJECTED,passed
240,BTC,BTCUSDT,948957,bitcoin-all-time-high-by-september-30-2026,50388900663189748675936681554126016850520413670342348778716337126803310768728,"Bitcoin all time high by September 30, 2026?",24,funding_intensity,normal,,1.0,15,9,6,1,1.0,0.0,0.0011209549342194747,0.0,0.2222222222222222,0.0,0.3857091350301602,0.49906136726860684,nan,False,0.0,-6.034855279055471e-05,6.034855279055471e-05,0.36206971055811094,REJECTED,insufficient_samples
241,BTC,BTCUSDT,1393070,will-bitcoin-reach-1000000-by-december-31-2026-946,18571303954259773157233385333455041418270179723020753158306812650937565180666,"Will Bitcoin reach $1,000,000 by December 31, 2026?",4,funding_direction,positive,,1.0,36,21,15,0,0.0,0.0,0.0,0.0,0.0,0.0,nan,nan,nan,False,0.0,-5.939882754371732e-05,5.939882754371732e-05,0.5718797655087435,REJECTED,train_test_direction_mismatch
242,BTC,BTCUSDT,1393070,will-bitcoin-reach-1000000-by-december-31-2026-946,18571303954259773157233385333455041418270179723020753158306812650937565180666,"Will Bitcoin reach $1,000,000 by December 31, 2026?",4,funding_intensity,normal,,1.0,25,15,10,0,0.0,0.0,0.0,0.0,0.0,0.0,nan,nan,nan,False,0.0,-5.939882754371732e-05,5.939882754371732e-05,0.4618797655087435,REJECTED,train_test_direction_mismatch
243,ETH,ETHUSDT,701552,will-ethereum-dip-to-1500-by-december-31-2026,101639751789549589765350117072740510018809594718571111931328241076831078702528,"Will Ethereum dip to $1,500 by December 31, 2026?",4,funding_direction,negative,,1.0,383,229,154,1,0.4126984126984127,0.45,2.772910922031773e-05,0.0003993393460224499,0.11353711790393013,0.11688311688311688,0.015323290769105886,-0.007387521521442691,0.06476924281312472,True,0.5014775043042885,0.0003485259286422286,5.081341738022129e-05,2.2116401877803327,REJECTED,passed
244,BTC,BTCUSDT,692258,microstrategy-sells-any-bitcoin-by-june-30-2026,110251828161543119357013227499774714771527179764174739487025581227481937033858,"MicroStrategy sells any Bitcoin by June 30, 2026?",1,funding_intensity,normal,,1.0,23,13,10,1,0.5,0.4,8.574942321604933e-05,0.00013798058665752286,0.07692307692307693,0.2,0.08828250828349299,0.1788637287253135,0.11021368827807636,True,0.8220427376556153,9.145613620744024e-05,4.652445045008262e-05,1.761347627745632,REJECTED,insufficient_samples
245,BTC,BTCUSDT,948958,bitcoin-all-time-high-by-december-31-2026,102959890468928530190954086704155483076852880798676895426376704430618826404382,"Bitcoin all time high by December 31, 2026?",24,funding_intensity,low,,1.0,291,174,117,-1,0.5306122448979592,0.5384615384615384,0.00017248670797519216,5.55567520069896e-05,0.14942528735632185,0.05982905982905983,-0.12446744454484913,-0.1395108255803827,-0.07002541764778002,True,0.814005083529556,1.0217212574536768e-05,4.533953943245283e-05,2.523072991416047,REJECTED,passed
246,BTC,BTCUSDT,692258,microstrategy-sells-any-bitcoin-by-june-30-2026,110251828161543119357013227499774714771527179764174739487025581227481937033858,"MicroStrategy sells any Bitcoin by June 30, 2026?",1,funding_intensity,low,,1.0,334,200,134,-1,0.5633802816901409,0.46153846153846156,0.00024440007375121285,0.00013595332925461992,0.2,0.04477611940298507,-0.16004448550184827,-0.15166789027007072,-0.27108468110408734,True,0.8303335780540142,9.145613620744024e-05,4.449719304717969e-05,2.5392330166634505,REJECTED,passed
247,BTC,BTCUSDT,948958,bitcoin-all-time-high-by-december-31-2026,102959890468928530190954086704155483076852880798676895426376704430618826404382,"Bitcoin all time high by December 31, 2026?",24,funding_direction,negative,,1.0,301,180,121,-1,0.5319148936170213,0.5384615384615384,0.0001696449150031872,5.372016516378333e-05,0.1388888888888889,0.05785123966942149,-0.12998142510804636,-0.1475797464770685,-0.06807899553346121,True,0.8136157991066922,1.0217212574536768e-05,4.350295258924656e-05,2.522316389624542,REJECTED,passed
248,BTC,BTCUSDT,1393070,will-bitcoin-reach-1000000-by-december-31-2026-946,18571303954259773157233385333455041418270179723020753158306812650937565180666,"Will Bitcoin reach $1,000,000 by December 31, 2026?",24,funding_direction,positive,,1.0,36,21,15,0,0.0,0.0,0.0,0.0,0.0,0.0,nan,nan,nan,False,0.0,-3.755002592216097e-05,3.755002592216097e-05,0.5675100051844322,REJECTED,train_test_direction_mismatch
249,BTC,BTCUSDT,1393070,will-bitcoin-reach-1000000-by-december-31-2026-946,18571303954259773157233385333455041418270179723020753158306812650937565180666,"Will Bitcoin reach $1,000,000 by December 31, 2026?",24,funding_intensity,normal,,1.0,25,15,10,0,0.0,0.0,0.0,0.0,0.0,0.0,nan,nan,nan,False,0.0,-3.755002592216097e-05,3.755002592216097e-05,0.4575100051844322,REJECTED,train_test_direction_mismatch
250,ETH,ETHUSDT,1299187,megaeth-market-cap-fdv-1pt5b-one-day-after-launch-371-844-879-681,59361386662140736273790755583050126642583489495616165418126619457111736694733,MegaETH market cap (FDV) >$1.5B one day after launch?,1,funding_intensity,high,,1.0,2,1,1,0,0.0,0.0,0.0,0.0,0.0,0.0,nan,nan,nan,False,0.0,-3.460415668098621e-05,3.460415668098621e-05,0.22692083133619725,REJECTED,insufficient_samples
251,ETH,ETHUSDT,1299187,megaeth-market-cap-fdv-1pt5b-one-day-after-launch-371-844-879-681,59361386662140736273790755583050126642583489495616165418126619457111736694733,MegaETH market cap (FDV) >$1.5B one day after launch?,4,funding_direction,negative,,1.0,564,338,226,-1,0.5161290322580645,0.51,9.09328367153543e-05,0.00016800416706052242,0.09467455621301775,0.22566371681415928,-0.04879289391674492,-0.06467933900781037,-0.03904828232194295,True,0.8078096564643886,0.00014028566026638928,2.7718506794133143e-05,2.5133533578232155,REJECTED,passed
252,ETH,ETHUSDT,1299187,megaeth-market-cap-fdv-1pt5b-one-day-after-launch-371-844-879-681,59361386662140736273790755583050126642583489495616165418126619457111736694733,MegaETH market cap (FDV) >$1.5B one day after launch?,4,funding_intensity,low,,1.0,563,337,226,-1,0.5396825396825397,0.51,9.891019277100181e-05,0.00016800416706052242,0.10089020771513353,0.22566371681415928,-0.04729142450296742,-0.06259549759805323,-0.03904828232194295,True,0.8078096564643886,0.00014028566026638928,2.7718506794133143e-05,2.5133533578232155,REJECTED,passed
253,BTC,BTCUSDT,948958,bitcoin-all-time-high-by-december-31-2026,102959890468928530190954086704155483076852880798676895426376704430618826404382,"Bitcoin all time high by December 31, 2026?",24,funding_direction,positive,,1.0,12,7,5,-1,0.5,1.0,0.00046911313003333523,3.707301348014734e-05,0.14285714285714285,0.2,-0.1684220501962842,-0.2942629432792073,0.15885229196593526,True,0.531770458393187,1.0217212574536768e-05,2.685580090561057e-05,1.3571416185743093,REJECTED,insufficient_samples
254,BTC,BTCUSDT,701504,will-bitcoin-dip-to-25000-by-december-31-2026-948-243-253-666-115-787-981-282-573-719-186-417-762-754-486-851-278-145,58908160299895538838177673280060816284346493901538403975218911918392404378292,"Will Bitcoin dip to $25,000 by December 31, 2026?",4,funding_direction,negative,,1.0,506,303,203,1,0.5526315789473685,0.5128205128205128,0.0001092419593006659,0.00018159250309113882,0.06930693069306931,0.09852216748768473,0.07416577062099132,0.06264511629712573,0.09394237568567045,True,0.8125290232594252,0.00016075474163780492,2.0837761453333903e-05,2.516696575550092,REJECTED,passed
255,BTC,BTCUSDT,701494,will-bitcoin-reach-120000-by-december-31-2026-625-425-562,65965214225073605704712365855887384729237451947822407248598722221769498441791,"Will Bitcoin reach $120,000 by December 31, 2026?",1,funding_intensity,low,,1.0,295,177,118,1,0.53125,0.6666666666666666,7.300825399937858e-06,7.788129557000201e-05,0.192090395480226,0.05084745762711865,0.0632961141889299,0.059678607338284305,0.062622835933085,True,0.8119357214676569,5.8253424637135214e-05,1.9627870932866794e-05,2.5158612956542306,REJECTED,passed
256,BTC,BTCUSDT,701504,will-bitcoin-dip-to-25000-by-december-31-2026-948-243-253-666-115-787-981-282-573-719-186-417-762-754-486-851-278-145,58908160299895538838177673280060816284346493901538403975218911918392404378292,"Will Bitcoin dip to $25,000 by December 31, 2026?",4,funding_intensity,low,,1.0,512,307,205,1,0.55,0.5128205128205128,8.086721423495345e-05,0.00017982086891463992,0.07166123778501629,0.0975609756097561,0.06468353589626676,0.04755878695431254,0.0935004727357542,True,0.8095117573908626,0.00016075474163780492,1.9066127276834996e-05,2.5133249828462296,REJECTED,passed
257,BTC,BTCUSDT,665258,will-china-unban-bitcoin-by-2027,91810646921497227084241579668235102205462718984593674693010693975258849328842,Will China unban Bitcoin by 2027?,24,funding_direction,positive,,1.0,34,20,14,-1,0.5,0.5,0.00023297426514931615,3.219494234775584e-06,0.05,0.07142857142857142,-0.10256487440610737,-0.13371277349749502,-0.033784257615667106,True,0.8067568515231335,-1.5602608877679067e-05,1.882210311245465e-05,1.8505212721456246,REJECTED,passed
258,ETH,ETHUSDT,1383662,will-megaeth-launch-a-token-by-june-30-2026-676-993-477,29601542826076048097538062468538667893425689293490219370577801090612691914945,"Will MegaETH launch a token by June 30, 2026?",1,funding_intensity,high,,1.0,2,1,1,0,0.0,0.0,0.0,0.0,0.0,0.0,nan,nan,nan,False,0.0,-1.2603914146631398e-05,1.2603914146631398e-05,0.2225207828293263,REJECTED,insufficient_samples
259,ETH,ETHUSDT,701552,will-ethereum-dip-to-1500-by-december-31-2026,101639751789549589765350117072740510018809594718571111931328241076831078702528,"Will Ethereum dip to $1,500 by December 31, 2026?",1,funding_intensity,low,,1.0,380,228,152,1,0.532258064516129,0.575,7.299423309266306e-05,3.5449822857576204e-05,0.14473684210526316,0.1513157894736842,0.018474094793970663,0.0013593275324288456,0.05341230332478273,True,0.8002718655064858,2.5473241469763355e-05,9.976581387812849e-06,2.5022671817840485,REJECTED,passed
260,ETH,ETHUSDT,701552,will-ethereum-dip-to-1500-by-december-31-2026,101639751789549589765350117072740510018809594718571111931328241076831078702528,"Will Ethereum dip to $1,500 by December 31, 2026?",1,funding_direction,negative,,1.0,386,231,155,1,0.53125,0.575,5.3224510699567803e-05,3.4763697253881184e-05,0.1471861471861472,0.14838709677419354,0.03319198384064817,0.02318096670771897,0.0533446112969402,True,0.8046361933415438,2.5473241469763355e-05,9.290455784117829e-06,2.5064942844983675,REJECTED,passed
261,BTC,BTCUSDT,701493,will-bitcoin-reach-130000-by-december-31-2026-756-151-855,106722178102302988256241610384561546855057790384749278490135208236665942286983,"Will Bitcoin reach $130,000 by December 31, 2026?",1,funding_intensity,normal,,1.0,25,15,10,0,0.0,0.0,0.0,0.0,0.0,0.0,-0.09540883514346472,nan,-0.1641861957536958,False,0.0,-8.238945764519946e-06,8.238945764519946e-06,0.451647789152904,REJECTED,train_test_direction_mismatch
262,ETH,ETHUSDT,1383662,will-megaeth-launch-a-token-by-june-30-2026-676-993-477,29601542826076048097538062468538667893425689293490219370577801090612691914945,"Will MegaETH launch a token by June 30, 2026?",24,funding_intensity,low,,1.0,607,364,243,1,0.5378151260504201,0.5,0.00010209819658686487,0.00025523779947814445,0.17582417582417584,0.18106995884773663,-0.015266639755138473,-0.028700409566986017,0.02285076336109752,True,0.5045701526722195,0.0002472601055907715,7.977693887372956e-06,2.2061656914496943,REJECTED,passed
263,BTC,BTCUSDT,701504,will-bitcoin-dip-to-25000-by-december-31-2026-948-243-253-666-115-787-981-282-573-719-186-417-762-754-486-851-278-145,58908160299895538838177673280060816284346493901538403975218911918392404378292,"Will Bitcoin dip to $25,000 by December 31, 2026?",24,funding_direction,negative,,1.0,486,291,195,-1,0.4166666666666667,0.5,6.18642320909953e-05,6.529427668235575e-05,0.05154639175257732,0.07692307692307693,-0.019560750728969744,-0.04280343981574675,0.017057121276226037,True,0.5034114242552452,6.150910122250905e-05,3.7851754598467032e-06,2.2041684593472146,REJECTED,passed
264,BTC,BTCUSDT,948957,bitcoin-all-time-high-by-september-30-2026,50388900663189748675936681554126016850520413670342348778716337126803310768728,"Bitcoin all time high by September 30, 2026?",4,funding_intensity,low,,1.0,286,171,115,1,0.6511627906976745,0.5555555555555556,9.155709809074904e-05,6.886826873576368e-05,0.16374269005847952,0.043478260869565216,0.04180794996496419,0.022536515506752976,0.10737049734023213,True,0.8045073031013507,6.5453313261263e-05,3.414955474500685e-06,2.505190294196251,REJECTED,passed
265,BTC,BTCUSDT,701504,will-bitcoin-dip-to-25000-by-december-31-2026-948-243-253-666-115-787-981-282-573-719-186-417-762-754-486-851-278-145,58908160299895538838177673280060816284346493901538403975218911918392404378292,"Will Bitcoin dip to $25,000 by December 31, 2026?",24,funding_intensity,low,,1.0,492,295,197,-1,0.4473684210526316,0.5,0.00011419516834017211,6.463139062466686e-05,0.0576271186440678,0.07614213197969544,-0.03398404139315821,-0.06408388384824604,0.01712568953517415,True,0.5034251379070348,6.150910122250905e-05,3.1222894021578116e-06,2.2040495957874664,REJECTED,passed
266,BTC,BTCUSDT,701492,will-bitcoin-reach-140000-by-december-31-2026-131-829-299,71296910957902084356560391757722633648005498400799774895345285101862220728868,"Will Bitcoin reach $140,000 by December 31, 2026?",4,funding_intensity,low,,1.0,330,198,132,1,0.4634146341463415,1.0,6.33950132980019e-05,4.13933705461321e-05,0.09595959595959595,0.015151515151515152,0.05554590985339122,0.05586383801214101,0.11392821023417754,True,0.8111727676024283,3.8478344451334067e-05,2.9150260947980364e-06,2.511755772821388,REJECTED,passed
267,BTC,BTCUSDT,948957,bitcoin-all-time-high-by-september-30-2026,50388900663189748675936681554126016850520413670342348778716337126803310768728,"Bitcoin all time high by September 30, 2026?",1,funding_intensity,low,,1.0,289,173,116,-1,0.5813953488372093,0.6666666666666666,0.00019789373422628528,5.4898198112845914e-05,0.14450867052023122,0.05172413793103448,-0.12730186288927883,-0.1267182576533301,-0.13980312969573838,True,0.825343651530666,5.219828673024693e-05,2.699911382598983e-06,2.5258836338071857,REJECTED,passed
268,BTC,BTCUSDT,1393070,will-bitcoin-reach-1000000-by-december-31-2026-946,18571303954259773157233385333455041418270179723020753158306812650937565180666,"Will Bitcoin reach $1,000,000 by December 31, 2026?",1,funding_direction,negative,,1.0,493,295,198,-1,0.53125,0.5714285714285714,8.74834032561938e-05,4.0656103943118705e-05,0.0576271186440678,0.020202020202020204,-0.1082938326047071,-0.10783657174550239,-0.11127162374172765,True,0.8215673143491006,3.797126689027124e-05,2.6848370528474627e-06,2.5221042817596704,REJECTED,passed
269,BTC,BTCUSDT,1393070,will-bitcoin-reach-1000000-by-december-31-2026-946,18571303954259773157233385333455041418270179723020753158306812650937565180666,"Will Bitcoin reach $1,000,000 by December 31, 2026?",1,funding_intensity,low,,1.0,504,302,202,-1,0.53125,0.5714285714285714,8.545564225356678e-05,3.985103257790843e-05,0.056291390728476824,0.019801980198019802,-0.1045368326788643,-0.10269489745464801,-0.11024298462337817,True,0.8205389794909297,3.797126689027124e-05,1.879765687637189e-06,2.5209149326284574,REJECTED,passed
270,BTC,BTCUSDT,1343220,will-bitcoin-dip-to-10000-by-december-31-2026-888-644-567-258-946-853,42439528758178981890895605039938161151582654744978607695897321288347422769852,"Will Bitcoin dip to $10,000 by December 31, 2026?",1,funding_direction,negative,,1.0,651,390,261,-1,0.5113636363636364,0.589041095890411,0.0001464676273891797,5.305819232947827e-05,0.11538461538461539,0.16475095785440613,-0.05354025253259526,-0.0746121866289149,-0.016911556808990296,True,0.803382311361798,5.123219487637413e-05,1.8259974531041384e-06,2.503747510852419,REJECTED,passed
271,BTC,BTCUSDT,701492,will-bitcoin-reach-140000-by-december-31-2026-131-829-299,71296910957902084356560391757722633648005498400799774895345285101862220728868,"Will Bitcoin reach $140,000 by December 31, 2026?",4,funding_direction,negative,,1.0,339,203,136,1,0.46153846153846156,1.0,6.722140396401596e-05,4.0175918471245864e-05,0.08866995073891626,0.014705882352941176,0.058987406138488685,0.05903822682315427,0.11300929226882923,True,0.8118076453646309,3.8478344451334067e-05,1.6975740199117975e-06,2.5121471601686136,REJECTED,passed
272,BTC,BTCUSDT,948957,bitcoin-all-time-high-by-september-30-2026,50388900663189748675936681554126016850520413670342348778716337126803310768728,"Bitcoin all time high by September 30, 2026?",4,funding_direction,negative,,1.0,296,177,119,1,0.6428571428571429,0.5555555555555556,0.00010140944435697995,6.655336894632625e-05,0.15254237288135594,0.04201680672268908,0.04422117318891042,0.02497310857002561,0.1047156977839629,True,0.8049946217140052,6.5453313261263e-05,1.1000556850632496e-06,2.5052146328510183,REJECTED,passed
273,BTC,BTCUSDT,948957,bitcoin-all-time-high-by-september-30-2026,50388900663189748675936681554126016850520413670342348778716337126803310768728,"Bitcoin all time high by September 30, 2026?",1,funding_direction,negative,,1.0,299,179,120,-1,0.6190476190476191,0.6666666666666666,0.0002169115121469615,5.306825817575105e-05,0.1452513966480447,0.05,-0.13170301271608573,-0.13402640206213476,-0.13604514475845184,True,0.826805280412427,5.219828673024693e-05,8.699714455041182e-07,2.526979274701528,REJECTED,passed
274,BTC,BTCUSDT,1343220,will-bitcoin-dip-to-10000-by-december-31-2026-888-644-567-258-946-853,42439528758178981890895605039938161151582654744978607695897321288347422769852,"Will Bitcoin dip to $10,000 by December 31, 2026?",1,funding_intensity,low,,1.0,666,399,267,-1,0.5111111111111111,0.589041095890411,0.00019328096178114273,5.186587340072595e-05,0.11528822055137844,0.16104868913857678,-0.06311247758301486,-0.08837276670282866,-0.016958392582759465,True,0.8033916785165519,5.123219487637413e-05,6.33678524351816e-07,2.503518414221422,REJECTED,passed
275,BTC,BTCUSDT,701494,will-bitcoin-reach-120000-by-december-31-2026-625-425-562,65965214225073605704712365855887384729237451947822407248598722221769498441791,"Will Bitcoin reach $120,000 by December 31, 2026?",1,funding_direction,negative,,1.0,306,183,123,1,0.5333333333333333,0.6,6.526253149716004e-07,5.8727029715485906e-05,0.17486338797814208,0.04878048780487805,0.06025759628337532,0.06518458329206651,0.022710600780341046,True,0.8045421201560683,5.8253424637135214e-05,4.7360507835069197e-07,2.5046368411717386,REJECTED,passed
276,BTC,BTCUSDT,701492,will-bitcoin-reach-140000-by-december-31-2026-131-829-299,71296910957902084356560391757722633648005498400799774895345285101862220728868,"Will Bitcoin reach $140,000 by December 31, 2026?",1,funding_intensity,low,,1.0,333,199,134,1,0.5853658536585366,0.5,0.00013814123342880538,7.504990568062197e-06,0.12060301507537688,0.007462686567164179,0.06963020875042072,0.08047953929053768,0.024305550797488164,True,0.8048611101594977,7.0326485043380026e-06,4.7234206372419403e-07,2.504955578572243,REJECTED,passed
277,BTC,BTCUSDT,701492,will-bitcoin-reach-140000-by-december-31-2026-131-829-299,71296910957902084356560391757722633648005498400799774895345285101862220728868,"Will Bitcoin reach $140,000 by December 31, 2026?",1,funding_direction,negative,,1.0,342,205,137,1,0.6153846153846154,0.5,0.00017306662027317813,7.3406477089075496e-06,0.11707317073170732,0.0072992700729927005,0.08516602897205666,0.09863640519489077,0.024147133156959218,True,0.8048294266313919,7.0326485043380026e-06,3.07999204569547e-07,2.504891026472306,REJECTED,passed
278,BTC,BTCUSDT,1823776,will-bitcoin-reach-80k-in-april-2026-794,22893138393795740138249503228269517733051888602506683062209713465144747482167,"Will Bitcoin reach $80,000 in April?",1,funding_direction,negative,,1.0,563,337,226,1,0.4880382775119617,0.4720812182741117,5.415929702705905e-05,3.7339127584988684e-06,0.3026706231454006,0.41150442477876104,-0.03435423409940967,-0.02037251670813441,-0.05831702592831439,True,0.8040745033416269,3.7339127584988684e-06,0.0,2.504074503341627,REJECTED,no_improvement_over_baseline
279,BTC,BTCUSDT,1823776,will-bitcoin-reach-80k-in-april-2026-794,22893138393795740138249503228269517733051888602506683062209713465144747482167,"Will Bitcoin reach $80,000 in April?",1,funding_intensity,low,,1.0,563,337,226,1,0.4880382775119617,0.4720812182741117,5.415929702705905e-05,3.7339127584988684e-06,0.3026706231454006,0.41150442477876104,-0.03435423409940967,-0.02037251670813441,-0.05831702592831439,True,0.8040745033416269,3.7339127584988684e-06,0.0,2.504074503341627,REJECTED,no_improvement_over_baseline
280,BTC,BTCUSDT,1823776,will-bitcoin-reach-80k-in-april-2026-794,22893138393795740138249503228269517733051888602506683062209713465144747482167,"Will Bitcoin reach $80,000 in April?",4,funding_direction,negative,,1.0,560,336,224,-1,0.5192307692307693,0.5279187817258884,6.354331955433902e-05,0.00016650461951145837,0.32142857142857145,0.4642857142857143,-0.046596325753861474,-0.017018141016270697,-0.08956926616704138,True,0.8034036282032542,0.00016650461951145837,0.0,2.5034036282032543,REJECTED,no_improvement_over_baseline
281,BTC,BTCUSDT,1823776,will-bitcoin-reach-80k-in-april-2026-794,22893138393795740138249503228269517733051888602506683062209713465144747482167,"Will Bitcoin reach $80,000 in April?",4,funding_intensity,low,,1.0,560,336,224,-1,0.5192307692307693,0.5279187817258884,6.354331955433902e-05,0.00016650461951145837,0.32142857142857145,0.4642857142857143,-0.046596325753861474,-0.017018141016270697,-0.08956926616704138,True,0.8034036282032542,0.00016650461951145837,0.0,2.5034036282032543,REJECTED,no_improvement_over_baseline
282,BTC,BTCUSDT,1823776,will-bitcoin-reach-80k-in-april-2026-794,22893138393795740138249503228269517733051888602506683062209713465144747482167,"Will Bitcoin reach $80,000 in April?",24,funding_direction,negative,,1.0,540,324,216,1,0.5326633165829145,0.5,0.00023017462948537245,6.851606633080487e-05,0.3271604938271605,0.4351851851851852,0.0356039755413917,0.048529712152737534,0.03246170928589545,True,0.8064923418571791,6.851606633080487e-05,0.0,2.506492341857179,REJECTED,no_improvement_over_baseline
283,BTC,BTCUSDT,1823776,will-bitcoin-reach-80k-in-april-2026-794,22893138393795740138249503228269517733051888602506683062209713465144747482167,"Will Bitcoin reach $80,000 in April?",24,funding_intensity,low,,1.0,540,324,216,1,0.5326633165829145,0.5,0.00023017462948537245,6.851606633080487e-05,0.3271604938271605,0.4351851851851852,0.0356039755413917,0.048529712152737534,0.03246170928589545,True,0.8064923418571791,6.851606633080487e-05,0.0,2.506492341857179,REJECTED,no_improvement_over_baseline
284,ETH,ETHUSDT,1823795,will-ethereum-reach-2800-in-april-2026,103455081209713767851750094101142549597038869631663604903086082563273644697340,"Will Ethereum reach $2,800 in April?",1,funding_direction,negative,,1.0,535,321,214,-1,0.5338983050847458,0.556390977443609,8.779539827711055e-05,0.00028870995590983274,0.3925233644859813,0.34579439252336447,0.00677840095904216,0.0158200356436339,-0.07068670988067083,True,0.5031640071287268,0.00028870995590983274,0.0,2.203164007128727,REJECTED,no_improvement_over_baseline
285,ETH,ETHUSDT,1823795,will-ethereum-reach-2800-in-april-2026,103455081209713767851750094101142549597038869631663604903086082563273644697340,"Will Ethereum reach $2,800 in April?",1,funding_intensity,low,,1.0,535,321,214,-1,0.5338983050847458,0.556390977443609,8.779539827711055e-05,0.00028870995590983274,0.3925233644859813,0.34579439252336447,0.00677840095904216,0.0158200356436339,-0.07068670988067083,True,0.5031640071287268,0.00028870995590983274,0.0,2.203164007128727,REJECTED,no_improvement_over_baseline
286,SOL,SOLUSDT,1823881,will-solana-reach-160-in-april-2026,2239666445220242421622333852346062404205114740031545382107437837927896782621,Will Solana reach $160 in April?,1,funding_direction,negative,,1.0,427,256,171,-1,0.5113636363636364,0.8571428571428571,7.202053514805637e-05,7.849949429149212e-05,0.17578125,0.03508771929824561,0.0051858469138065634,0.017870560379851984,-0.10722578564722789,True,0.5035741120759704,7.849949429149212e-05,0.0,2.2035741120759704,REJECTED,no_improvement_over_baseline
287,SOL,SOLUSDT,1823881,will-solana-reach-160-in-april-2026,2239666445220242421622333852346062404205114740031545382107437837927896782621,Will Solana reach $160 in April?,1,funding_intensity,high,,1.0,427,256,171,-1,0.5113636363636364,0.8571428571428571,7.202053514805637e-05,7.849949429149212e-05,0.17578125,0.03508771929824561,0.0051858469138065634,0.017870560379851984,-0.10722578564722789,True,0.5035741120759704,7.849949429149212e-05,0.0,2.2035741120759704,REJECTED,no_improvement_over_baseline
288,SOL,SOLUSDT,1823881,will-solana-reach-160-in-april-2026,2239666445220242421622333852346062404205114740031545382107437837927896782621,Will Solana reach $160 in April?,4,funding_direction,negative,,1.0,424,254,170,1,0.5909090909090909,0.7142857142857143,0.0003418198759708485,0.0001028556940186881,0.2047244094488189,0.029411764705882353,0.11138333248938212,0.1193425389782689,0.11380171416891953,True,0.822760342833784,0.0001028556940186881,0.0,2.5227603428337844,REJECTED,no_improvement_over_baseline
289,SOL,SOLUSDT,1823881,will-solana-reach-160-in-april-2026,2239666445220242421622333852346062404205114740031545382107437837927896782621,Will Solana reach $160 in April?,4,funding_intensity,high,,1.0,424,254,170,1,0.5909090909090909,0.7142857142857143,0.0003418198759708485,0.0001028556940186881,0.2047244094488189,0.029411764705882353,0.11138333248938212,0.1193425389782689,0.11380171416891953,True,0.822760342833784,0.0001028556940186881,0.0,2.5227603428337844,REJECTED,no_improvement_over_baseline
290,XRP,XRPUSDT,1823900,will-xrp-reach-2pt4-in-april-2026,6907787482165930535735013797025597365762483807798181321474369791814479389352,Will XRP reach $2.40 in April?,4,funding_direction,negative,,1.0,413,247,166,1,0.5072463768115942,0.5588235294117647,0.00013180695693910697,4.7297936144543664e-05,0.1417004048582996,0.1144578313253012,0.02816796694476867,0.03504411752904084,-0.04742525724513086,True,0.5070088235058081,4.7297936144543664e-05,0.0,2.2070088235058085,REJECTED,no_improvement_over_baseline
291,XRP,XRPUSDT,1823900,will-xrp-reach-2pt4-in-april-2026,6907787482165930535735013797025597365762483807798181321474369791814479389352,Will XRP reach $2.40 in April?,4,funding_intensity,low,,1.0,413,247,166,1,0.5072463768115942,0.5588235294117647,0.00013180695693910697,4.7297936144543664e-05,0.1417004048582996,0.1144578313253012,0.02816796694476867,0.03504411752904084,-0.04742525724513086,True,0.5070088235058081,4.7297936144543664e-05,0.0,2.2070088235058085,REJECTED,no_improvement_over_baseline
292,SOL,SOLUSDT,1823881,will-solana-reach-160-in-april-2026,2239666445220242421622333852346062404205114740031545382107437837927896782621,Will Solana reach $160 in April?,24,funding_direction,negative,,1.0,404,242,162,-1,0.5227272727272727,0.8571428571428571,1.6325469142653074e-05,0.00011604217660930132,0.19008264462809918,0.037037037037037035,-0.0442260081310629,-0.03228456712917337,-0.18507856069691053,True,0.8064569134258347,0.00011604217660930132,0.0,2.506456913425835,REJECTED,no_improvement_over_baseline
293,SOL,SOLUSDT,1823881,will-solana-reach-160-in-april-2026,2239666445220242421622333852346062404205114740031545382107437837927896782621,Will Solana reach $160 in April?,24,funding_intensity,high,,1.0,404,242,162,-1,0.5227272727272727,0.8571428571428571,1.6325469142653074e-05,0.00011604217660930132,0.19008264462809918,0.037037037037037035,-0.0442260081310629,-0.03228456712917337,-0.18507856069691053,True,0.8064569134258347,0.00011604217660930132,0.0,2.506456913425835,REJECTED,no_improvement_over_baseline
294,ETH,ETHUSDT,1823794,will-ethereum-reach-3000-in-april-2026,98694887273478515891138203442549017191281454470497426834485838288268569808164,"Will Ethereum reach $3,000 in April?",1,funding_direction,negative,,1.0,402,241,161,1,0.5535714285714286,0.4528301886792453,0.00022712558553680874,0.00016622813977876458,0.38589211618257263,0.14906832298136646,0.07609269745093987,0.08422103407759056,0.1857463268353707,True,0.8168442068155182,0.00016622813977876458,0.0,2.5168442068155183,REJECTED,no_improvement_over_baseline
295,ETH,ETHUSDT,1823794,will-ethereum-reach-3000-in-april-2026,98694887273478515891138203442549017191281454470497426834485838288268569808164,"Will Ethereum reach $3,000 in April?",1,funding_intensity,low,,1.0,402,241,161,1,0.5535714285714286,0.4528301886792453,0.00022712558553680874,0.00016622813977876458,0.38589211618257263,0.14906832298136646,0.07609269745093987,0.08422103407759056,0.1857463268353707,True,0.8168442068155182,0.00016622813977876458,0.0,2.5168442068155183,REJECTED,no_improvement_over_baseline
296,ETH,ETHUSDT,1823794,will-ethereum-reach-3000-in-april-2026,98694887273478515891138203442549017191281454470497426834485838288268569808164,"Will Ethereum reach $3,000 in April?",24,funding_direction,negative,,1.0,379,227,152,-1,0.4840764331210191,0.5283018867924528,0.00010743324869023204,0.00014767846903932777,0.33480176211453744,0.18421052631578946,-0.017270323524898955,-0.022277956216603105,0.015234809446284771,True,0.5030469618892569,0.00014767846903932777,0.0,2.203046961889257,REJECTED,no_improvement_over_baseline
297,ETH,ETHUSDT,1823794,will-ethereum-reach-3000-in-april-2026,98694887273478515891138203442549017191281454470497426834485838288268569808164,"Will Ethereum reach $3,000 in April?",24,funding_intensity,low,,1.0,379,227,152,-1,0.4840764331210191,0.5283018867924528,0.00010743324869023204,0.00014767846903932777,0.33480176211453744,0.18421052631578946,-0.017270323524898955,-0.022277956216603105,0.015234809446284771,True,0.5030469618892569,0.00014767846903932777,0.0,2.203046961889257,REJECTED,no_improvement_over_baseline
298,ETH,ETHUSDT,1823799,will-ethereum-dip-to-2000-in-april-2026,115443844896518160070261607488184121309794437412699113546532889479676113001808,"Will Ethereum dip to $2,000 in April?",1,funding_direction,negative,,1.0,297,178,119,1,0.5828220858895705,0.5046728971962616,0.0006729072695429153,0.000335609865028689,0.5337078651685393,0.453781512605042,0.013382297344486477,0.007077023033583497,0.10819996453170004,True,0.8014154046067168,0.000335609865028689,0.0,2.5014154046067167,REJECTED,no_improvement_over_baseline
299,ETH,ETHUSDT,1823799,will-ethereum-dip-to-2000-in-april-2026,115443844896518160070261607488184121309794437412699113546532889479676113001808,"Will Ethereum dip to $2,000 in April?",1,funding_intensity,low,,1.0,297,178,119,1,0.5828220858895705,0.5046728971962616,0.0006729072695429153,0.000335609865028689,0.5337078651685393,0.453781512605042,0.013382297344486477,0.007077023033583497,0.10819996453170004,True,0.8014154046067168,0.000335609865028689,0.0,2.5014154046067167,REJECTED,no_improvement_over_baseline
300,ETH,ETHUSDT,1823799,will-ethereum-dip-to-2000-in-april-2026,115443844896518160070261607488184121309794437412699113546532889479676113001808,"Will Ethereum dip to $2,000 in April?",4,funding_direction,negative,,1.0,294,176,118,1,0.5031055900621118,0.5094339622641509,3.9598396129663464e-05,0.0006257650862166065,0.4602272727272727,0.4576271186440678,0.001075677331941284,-0.008047543944330162,0.11479904302189901,True,0.501609508788866,0.0006257650862166065,0.0,2.201609508788866,REJECTED,no_improvement_over_baseline
301,ETH,ETHUSDT,1823799,will-ethereum-dip-to-2000-in-april-2026,115443844896518160070261607488184121309794437412699113546532889479676113001808,"Will Ethereum dip to $2,000 in April?",4,funding_intensity,low,,1.0,294,176,118,1,0.5031055900621118,0.5094339622641509,3.9598396129663464e-05,0.0006257650862166065,0.4602272727272727,0.4576271186440678,0.001075677331941284,-0.008047543944330162,0.11479904302189901,True,0.501609508788866,0.0006257650862166065,0.0,2.201609508788866,REJECTED,no_improvement_over_baseline
302,BTC,BTCUSDT,1823785,will-bitcoin-dip-to-35k-in-april-2026-269-515,55866919730905441060316639913713252112909337594136306040264616999652467664982,"Will Bitcoin dip to $35,000 in April?",24,funding_direction,negative,,1.0,287,172,115,1,0.4358974358974359,1.0,6.244905968381183e-05,1.983893883272101e-05,0.09883720930232558,0.017391304347826087,-0.02197106886320233,-0.028243049815520796,0.05055785703100419,True,0.5056486099631041,1.983893883272101e-05,0.0,2.205648609963104,REJECTED,no_improvement_over_baseline
303,BTC,BTCUSDT,1823785,will-bitcoin-dip-to-35k-in-april-2026-269-515,55866919730905441060316639913713252112909337594136306040264616999652467664982,"Will Bitcoin dip to $35,000 in April?",24,funding_intensity,low,,1.0,287,172,115,1,0.4358974358974359,1.0,6.244905968381183e-05,1.983893883272101e-05,0.09883720930232558,0.017391304347826087,-0.02197106886320233,-0.028243049815520796,0.05055785703100419,True,0.5056486099631041,1.983893883272101e-05,0.0,2.205648609963104,REJECTED,no_improvement_over_baseline
304,ETH,ETHUSDT,1823808,will-ethereum-dip-to-200-in-april-2026,45066766949965778603315663573010696695673430548613485477519584798737825506732,Will Ethereum dip to $200 in April?,1,funding_direction,negative,,1.0,287,172,115,-1,0.625,1.0,7.317942330569647e-05,4.683186899016475e-05,0.029069767441860465,0.008695652173913044,0.017431614752081968,0.02236660592420597,-0.13104534398066,True,0.5044733211848412,4.683186899016475e-05,0.0,2.2044733211848415,REJECTED,no_improvement_over_baseline
305,ETH,ETHUSDT,1823808,will-ethereum-dip-to-200-in-april-2026,45066766949965778603315663573010696695673430548613485477519584798737825506732,Will Ethereum dip to $200 in April?,1,funding_intensity,low,,1.0,287,172,115,-1,0.625,1.0,7.317942330569647e-05,4.683186899016475e-05,0.029069767441860465,0.008695652173913044,0.017431614752081968,0.02236660592420597,-0.13104534398066,True,0.5044733211848412,4.683186899016475e-05,0.0,2.2044733211848415,REJECTED,no_improvement_over_baseline
306,ETH,ETHUSDT,1823808,will-ethereum-dip-to-200-in-april-2026,45066766949965778603315663573010696695673430548613485477519584798737825506732,Will Ethereum dip to $200 in April?,4,funding_direction,negative,,1.0,284,170,114,1,0.625,1.0,6.52219256689388e-05,6.434689267850132e-06,0.029411764705882353,0.008771929824561403,0.044071532777736074,0.05123987669374764,0.012242324765651545,True,0.8024484649531304,6.434689267850132e-06,0.0,2.5024484649531304,REJECTED,no_improvement_over_baseline
307,ETH,ETHUSDT,1823808,will-ethereum-dip-to-200-in-april-2026,45066766949965778603315663573010696695673430548613485477519584798737825506732,Will Ethereum dip to $200 in April?,4,funding_intensity,low,,1.0,284,170,114,1,0.625,1.0,6.52219256689388e-05,6.434689267850132e-06,0.029411764705882353,0.008771929824561403,0.044071532777736074,0.05123987669374764,0.012242324765651545,True,0.8024484649531304,6.434689267850132e-06,0.0,2.5024484649531304,REJECTED,no_improvement_over_baseline
308,BTC,BTCUSDT,1823784,will-bitcoin-dip-to-40k-in-april-2026-795-619,98951083891762751529749372132438032148715175020829409124970659708693351854318,"Will Bitcoin dip to $40,000 in April?",1,funding_direction,negative,,1.0,278,166,112,1,0.5208333333333334,0.5,0.00019270308937753203,4.243531306625934e-06,0.15060240963855423,0.017857142857142856,0.11917306427989714,0.14156643349150305,0.0027315868492561457,True,0.8005463173698513,4.243531306625934e-06,0.0,2.5005463173698512,REJECTED,no_improvement_over_baseline
309,BTC,BTCUSDT,1823784,will-bitcoin-dip-to-40k-in-april-2026-795-619,98951083891762751529749372132438032148715175020829409124970659708693351854318,"Will Bitcoin dip to $40,000 in April?",1,funding_intensity,low,,1.0,278,166,112,1,0.5208333333333334,0.5,0.00019270308937753203,4.243531306625934e-06,0.15060240963855423,0.017857142857142856,0.11917306427989714,0.14156643349150305,0.0027315868492561457,True,0.8005463173698513,4.243531306625934e-06,0.0,2.5005463173698512,REJECTED,no_improvement_over_baseline
310,BTC,BTCUSDT,1823784,will-bitcoin-dip-to-40k-in-april-2026-795-619,98951083891762751529749372132438032148715175020829409124970659708693351854318,"Will Bitcoin dip to $40,000 in April?",4,funding_direction,negative,,1.0,275,165,110,1,0.5833333333333334,0.5,9.503348945196981e-05,2.0872850861825505e-05,0.1696969696969697,0.01818181818181818,0.06443400765947739,0.07433054997191807,0.03295543916416061,True,0.8065910878328322,2.0872850861825505e-05,0.0,2.5065910878328324,REJECTED,no_improvement_over_baseline
311,BTC,BTCUSDT,1823784,will-bitcoin-dip-to-40k-in-april-2026-795-619,98951083891762751529749372132438032148715175020829409124970659708693351854318,"Will Bitcoin dip to $40,000 in April?",4,funding_intensity,low,,1.0,275,165,110,1,0.5833333333333334,0.5,9.503348945196981e-05,2.0872850861825505e-05,0.1696969696969697,0.01818181818181818,0.06443400765947739,0.07433054997191807,0.03295543916416061,True,0.8065910878328322,2.0872850861825505e-05,0.0,2.5065910878328324,REJECTED,no_improvement_over_baseline
312,ETH,ETHUSDT,1823800,will-ethereum-dip-to-1800-in-april-2026,88623813947148129759226599572615258910454701043061032464667581751883927272067,"Will Ethereum dip to $1,800 in April?",1,funding_direction,negative,,1.0,267,160,107,1,0.5943396226415094,0.46,8.624844905030178e-05,0.000240262465291497,0.39375,0.21495327102803738,-0.04302379912501328,-0.053700312426010366,0.04315917742745801,True,0.5086318354854916,0.000240262465291497,0.0,2.208631835485492,REJECTED,no_improvement_over_baseline
313,ETH,ETHUSDT,1823800,will-ethereum-dip-to-1800-in-april-2026,88623813947148129759226599572615258910454701043061032464667581751883927272067,"Will Ethereum dip to $1,800 in April?",1,funding_intensity,low,,1.0,267,160,107,1,0.5943396226415094,0.46,8.624844905030178e-05,0.000240262465291497,0.39375,0.21495327102803738,-0.04302379912501328,-0.053700312426010366,0.04315917742745801,True,0.5086318354854916,0.000240262465291497,0.0,2.208631835485492,REJECTED,no_improvement_over_baseline
314,ETH,ETHUSDT,1823808,will-ethereum-dip-to-200-in-april-2026,45066766949965778603315663573010696695673430548613485477519584798737825506732,Will Ethereum dip to $200 in April?,24,funding_direction,negative,,1.0,264,158,106,-1,0.375,1.0,1.3197757939141846e-05,6.829253044645596e-06,0.0189873417721519,0.009433962264150943,-0.01647361330134227,-0.01929527824781292,-0.021762600069698462,True,0.8038590556495626,6.829253044645596e-06,0.0,2.5038590556495626,REJECTED,no_improvement_over_baseline
315,ETH,ETHUSDT,1823808,will-ethereum-dip-to-200-in-april-2026,45066766949965778603315663573010696695673430548613485477519584798737825506732,Will Ethereum dip to $200 in April?,24,funding_intensity,low,,1.0,264,158,106,-1,0.375,1.0,1.3197757939141846e-05,6.829253044645596e-06,0.0189873417721519,0.009433962264150943,-0.01647361330134227,-0.01929527824781292,-0.021762600069698462,True,0.8038590556495626,6.829253044645596e-06,0.0,2.5038590556495626,REJECTED,no_improvement_over_baseline
316,ETH,ETHUSDT,1823796,will-ethereum-reach-2600-in-april-2026,50308948122998050994686144925841639946050360545921215447281194779092729393480,"Will Ethereum reach $2,600 in April?",4,funding_direction,negative,,1.0,261,156,105,-1,0.5163934426229508,0.5084745762711864,0.00022733089978801453,0.00016818718677964026,0.40384615384615385,0.2857142857142857,0.05803007509094118,0.08676009400630856,-0.17524614321386894,True,0.5173520188012617,0.00016818718677964026,0.0,2.217352018801262,REJECTED,no_improvement_over_baseline
317,ETH,ETHUSDT,1823796,will-ethereum-reach-2600-in-april-2026,50308948122998050994686144925841639946050360545921215447281194779092729393480,"Will Ethereum reach $2,600 in April?",4,funding_intensity,low,,1.0,261,156,105,-1,0.5163934426229508,0.5084745762711864,0.00022733089978801453,0.00016818718677964026,0.40384615384615385,0.2857142857142857,0.05803007509094118,0.08676009400630856,-0.17524614321386894,True,0.5173520188012617,0.00016818718677964026,0.0,2.217352018801262,REJECTED,no_improvement_over_baseline
318,XRP,XRPUSDT,1823902,will-xrp-reach-2-in-april-2026,67556301124097607260152199396403959080839673893054926374870558197278260784915,Will XRP reach $2.00 in April?,24,funding_direction,negative,,1.0,252,151,101,-1,0.5420560747663551,0.6829268292682927,0.0002523865557344322,0.0002455317474493327,0.3841059602649007,0.27722772277227725,-0.034110588754120166,-0.038073157592098034,-0.12429598997945722,True,0.8076146315184196,0.0002455317474493327,0.0,2.50761463151842,REJECTED,no_improvement_over_baseline
319,XRP,XRPUSDT,1823902,will-xrp-reach-2-in-april-2026,67556301124097607260152199396403959080839673893054926374870558197278260784915,Will XRP reach $2.00 in April?,24,funding_intensity,low,,1.0,252,151,101,-1,0.5420560747663551,0.6829268292682927,0.0002523865557344322,0.0002455317474493327,0.3841059602649007,0.27722772277227725,-0.034110588754120166,-0.038073157592098034,-0.12429598997945722,True,0.8076146315184196,0.0002455317474493327,0.0,2.50761463151842,REJECTED,no_improvement_over_baseline
320,BTC,BTCUSDT,1823786,will-bitcoin-dip-to-30k-in-april-2026-724-192,84771301702351303074871180279903621715509085776274806851229789863791098403148,"Will Bitcoin dip to $30,000 in April?",24,funding_direction,negative,,1.0,245,147,98,-1,0.6428571428571429,1.0,0.00013371266857014808,6.783239005626512e-06,0.12244897959183673,0.01020408163265306,-0.06179490456258245,-0.06511959904374028,-0.027804620339958255,True,0.8055609240679917,6.783239005626512e-06,0.0,2.505560924067992,REJECTED,no_improvement_over_baseline
321,BTC,BTCUSDT,1823786,will-bitcoin-dip-to-30k-in-april-2026-724-192,84771301702351303074871180279903621715509085776274806851229789863791098403148,"Will Bitcoin dip to $30,000 in April?",24,funding_intensity,low,,1.0,245,147,98,-1,0.6428571428571429,1.0,0.00013371266857014808,6.783239005626512e-06,0.12244897959183673,0.01020408163265306,-0.06179490456258245,-0.06511959904374028,-0.027804620339958255,True,0.8055609240679917,6.783239005626512e-06,0.0,2.505560924067992,REJECTED,no_improvement_over_baseline
322,BTC,BTCUSDT,1823769,will-bitcoin-reach-150k-in-april-2026,77276629954845974131206708639482331195080176051253233339450147891178665959820,"Will Bitcoin reach $150,000 in April?",24,funding_direction,negative,,1.0,245,147,98,1,0.6666666666666666,1.0,9.475895912505712e-05,3.422933339275936e-05,0.04081632653061224,0.01020408163265306,0.01424474484414414,0.014384523281276398,0.11268958593089168,True,0.8028769046562553,3.422933339275936e-05,0.0,2.5028769046562553,REJECTED,no_improvement_over_baseline
323,BTC,BTCUSDT,1823769,will-bitcoin-reach-150k-in-april-2026,77276629954845974131206708639482331195080176051253233339450147891178665959820,"Will Bitcoin reach $150,000 in April?",24,funding_intensity,low,,1.0,245,147,98,1,0.6666666666666666,1.0,9.475895912505712e-05,3.422933339275936e-05,0.04081632653061224,0.01020408163265306,0.01424474484414414,0.014384523281276398,0.11268958593089168,True,0.8028769046562553,3.422933339275936e-05,0.0,2.5028769046562553,REJECTED,no_improvement_over_baseline
324,SOL,SOLUSDT,1938186,solana-above-90-on-april-17,78049396186231898492663494001134050059411966497302094454855717401716270526313,Will the price of Solana be above $90 on April 17?,4,funding_direction,negative,,1.0,52,31,21,-1,0.391304347826087,0.5,0.0011341505591229686,0.001866986803410418,0.2903225806451613,0.38095238095238093,-0.07931781928816882,-0.026670145568332623,-0.16606932296258617,True,0.8053340291136666,0.001866986803410418,0.0,2.0253340291136666,REJECTED,no_improvement_over_baseline
325,SOL,SOLUSDT,1938186,solana-above-90-on-april-17,78049396186231898492663494001134050059411966497302094454855717401716270526313,Will the price of Solana be above $90 on April 17?,4,funding_intensity,high,,1.0,52,31,21,-1,0.391304347826087,0.5,0.0011341505591229686,0.001866986803410418,0.2903225806451613,0.38095238095238093,-0.07931781928816882,-0.026670145568332623,-0.16606932296258617,True,0.8053340291136666,0.001866986803410418,0.0,2.0253340291136666,REJECTED,no_improvement_over_baseline
326,SOL,SOLUSDT,1938186,solana-above-90-on-april-17,78049396186231898492663494001134050059411966497302094454855717401716270526313,Will the price of Solana be above $90 on April 17?,24,funding_direction,negative,,1.0,32,19,13,1,0.625,0.75,0.0010575071904661692,0.002078264872012046,0.5263157894736842,0.46153846153846156,0.24626039559551308,0.30624475149126096,0.29987857537599555,True,0.8599757150751992,0.002078264872012046,0.0,1.8799757150751992,REJECTED,no_improvement_over_baseline
327,SOL,SOLUSDT,1938186,solana-above-90-on-april-17,78049396186231898492663494001134050059411966497302094454855717401716270526313,Will the price of Solana be above $90 on April 17?,24,funding_intensity,high,,1.0,32,19,13,1,0.625,0.75,0.0010575071904661692,0.002078264872012046,0.5263157894736842,0.46153846153846156,0.24626039559551308,0.30624475149126096,0.29987857537599555,True,0.8599757150751992,0.002078264872012046,0.0,1.8799757150751992,REJECTED,no_improvement_over_baseline
328,ETH,ETHUSDT,1473059,will-ethereum-reach-3200-in-march-2026,109032826224197715026334794225382473216036340732102671964821699411734124191297,"Will Ethereum reach $3,200 in March?",1,funding_direction,positive,,1.0,38,22,16,0,0.0,0.0,0.0,0.0,0.0,0.0,nan,nan,nan,False,0.0,0.0,0.0,0.5800000000000001,REJECTED,train_test_direction_mismatch
329,ETH,ETHUSDT,1473059,will-ethereum-reach-3200-in-march-2026,109032826224197715026334794225382473216036340732102671964821699411734124191297,"Will Ethereum reach $3,200 in March?",4,funding_direction,positive,,1.0,38,22,16,0,0.0,0.0,0.0,0.0,0.0,0.0,nan,nan,nan,False,0.0,0.0,0.0,0.5800000000000001,REJECTED,train_test_direction_mismatch
330,BTC,BTCUSDT,1756103,bitcoin-up-or-down-march-30-2026-5am-et,104148078587508844353349920933756688218237557006821345106795482220576723212955,"Bitcoin Up or Down - March 30, 5AM ET",1,funding_direction,negative,,1.0,28,16,12,0,0.0,0.0,0.0,0.0,0.0,0.0,nan,nan,nan,False,0.0,0.0,0.0,0.48000000000000004,REJECTED,train_test_direction_mismatch
331,BTC,BTCUSDT,1756103,bitcoin-up-or-down-march-30-2026-5am-et,104148078587508844353349920933756688218237557006821345106795482220576723212955,"Bitcoin Up or Down - March 30, 5AM ET",1,funding_intensity,low,,1.0,28,16,12,0,0.0,0.0,0.0,0.0,0.0,0.0,-0.15117232040177092,nan,-0.08506551501723492,False,0.0,0.0,0.0,0.48000000000000004,REJECTED,train_test_direction_mismatch
332,BTC,BTCUSDT,1756103,bitcoin-up-or-down-march-30-2026-5am-et,104148078587508844353349920933756688218237557006821345106795482220576723212955,"Bitcoin Up or Down - March 30, 5AM ET",4,funding_direction,negative,,1.0,28,16,12,0,0.0,0.0,0.0,0.0,0.0,0.0,nan,nan,nan,False,0.0,0.0,0.0,0.48000000000000004,REJECTED,train_test_direction_mismatch
333,BTC,BTCUSDT,1756103,bitcoin-up-or-down-march-30-2026-5am-et,104148078587508844353349920933756688218237557006821345106795482220576723212955,"Bitcoin Up or Down - March 30, 5AM ET",4,funding_intensity,low,,1.0,25,15,10,0,0.0,0.0,0.0,0.0,0.0,0.0,nan,nan,nan,False,0.0,0.0,0.0,0.45,REJECTED,train_test_direction_mismatch
334,BTC,BTCUSDT,1788572,btc-updown-15m-1774943100,70386336306053591064901572670098149083024741986290800457524940079061783285886,"Bitcoin Up or Down - March 31, 3:45AM-4:00AM ET",1,funding_direction,positive,,1.0,23,13,10,0,0.0,0.0,0.0,0.0,0.0,0.0,-0.06880235777352123,nan,-0.11954102416618345,False,0.0,0.0,0.0,0.43000000000000005,REJECTED,insufficient_samples
335,BTC,BTCUSDT,1788572,btc-updown-15m-1774943100,70386336306053591064901572670098149083024741986290800457524940079061783285886,"Bitcoin Up or Down - March 31, 3:45AM-4:00AM ET",1,funding_intensity,low,,1.0,23,13,10,0,0.0,0.0,0.0,0.0,0.0,0.0,-0.06880235777352123,nan,-0.11954102416618345,False,0.0,0.0,0.0,0.43000000000000005,REJECTED,insufficient_samples
336,BTC,BTCUSDT,1773774,btc-updown-15m-1774862100,103407186728358881041895586520326247282254179365838055070220251644719004484191,"Bitcoin Up or Down - March 30, 5:15AM-5:30AM ET",1,funding_intensity,low,,1.0,22,13,9,0,0.0,0.0,0.0,0.0,0.0,0.0,-0.0803985806264761,nan,-0.3724237223056334,False,0.0,0.0,0.0,0.42000000000000004,REJECTED,insufficient_samples
337,BTC,BTCUSDT,1812655,btc-updown-15m-1775090700,72061475874222420159890516473736860209868687239449654739186189927541936138758,"Bitcoin Up or Down - April 1, 8:45PM-9:00PM ET",1,funding_direction,negative,,1.0,22,13,9,0,0.0,0.0,0.0,0.0,0.0,0.0,0.28273406836728043,nan,0.3923585441899421,False,0.0,0.0,0.0,0.42000000000000004,REJECTED,insufficient_samples
338,BTC,BTCUSDT,1812655,btc-updown-15m-1775090700,72061475874222420159890516473736860209868687239449654739186189927541936138758,"Bitcoin Up or Down - April 1, 8:45PM-9:00PM ET",1,funding_intensity,low,,1.0,22,13,9,0,0.0,0.0,0.0,0.0,0.0,0.0,0.28273406836728043,nan,0.3923585441899421,False,0.0,0.0,0.0,0.42000000000000004,REJECTED,insufficient_samples
339,BTC,BTCUSDT,2052691,btc-updown-15m-1776952800,51694788479468158169664500118259336038053359890918771121580421126680980037164,"Bitcoin Up or Down - April 23, 10:00AM-10:15AM ET",1,funding_direction,negative,,1.0,22,13,9,0,0.0,0.0,0.0,0.0,0.0,0.0,nan,nan,nan,False,0.0,0.0,0.0,0.42000000000000004,REJECTED,insufficient_samples
340,BTC,BTCUSDT,2052691,btc-updown-15m-1776952800,51694788479468158169664500118259336038053359890918771121580421126680980037164,"Bitcoin Up or Down - April 23, 10:00AM-10:15AM ET",1,funding_intensity,low,,1.0,22,13,9,0,0.0,0.0,0.0,0.0,0.0,0.0,nan,nan,nan,False,0.0,0.0,0.0,0.42000000000000004,REJECTED,insufficient_samples
341,BTC,BTCUSDT,2069166,btc-updown-15m-1777132800,65244762073750236516161362318362881856456784328043762117285211279363068231679,"Bitcoin Up or Down - April 25, 12:00PM-12:15PM ET",1,funding_direction,negative,,1.0,22,13,9,0,0.0,0.0,0.0,0.0,0.0,0.0,nan,nan,nan,False,0.0,0.0,0.0,0.42000000000000004,REJECTED,insufficient_samples
342,BTC,BTCUSDT,2069166,btc-updown-15m-1777132800,65244762073750236516161362318362881856456784328043762117285211279363068231679,"Bitcoin Up or Down - April 25, 12:00PM-12:15PM ET",1,funding_intensity,low,,1.0,22,13,9,0,0.0,0.0,0.0,0.0,0.0,0.0,nan,nan,nan,False,0.0,0.0,0.0,0.42000000000000004,REJECTED,insufficient_samples
343,BTC,BTCUSDT,2083722,btc-updown-15m-1777271400,114745559876334374381493753876847836713172541829271680284066342831910273893773,"Bitcoin Up or Down - April 27, 2:30AM-2:45AM ET",1,funding_direction,negative,,1.0,22,13,9,0,0.0,0.0,0.0,0.0,0.0,0.0,nan,nan,nan,False,0.0,0.0,0.0,0.42000000000000004,REJECTED,insufficient_samples
344,BTC,BTCUSDT,2083722,btc-updown-15m-1777271400,114745559876334374381493753876847836713172541829271680284066342831910273893773,"Bitcoin Up or Down - April 27, 2:30AM-2:45AM ET",1,funding_intensity,low,,1.0,22,13,9,0,0.0,0.0,0.0,0.0,0.0,0.0,nan,nan,nan,False,0.0,0.0,0.0,0.42000000000000004,REJECTED,insufficient_samples
345,BTC,BTCUSDT,1773180,btc-updown-5m-1774858800,27447718362414934066594604009165057600587117359409496188839837767218855278210,"Bitcoin Up or Down - March 30, 4:20AM-4:25AM ET",1,funding_intensity,low,,1.0,22,13,9,0,0.0,0.0,0.0,0.0,0.0,0.0,nan,nan,nan,False,0.0,0.0,0.0,0.42000000000000004,REJECTED,insufficient_samples
346,BTC,BTCUSDT,2056631,btc-updown-5m-1777001100,114098843164380392617106259609610594721239428226488170403105687347708108392631,"Bitcoin Up or Down - April 23, 11:25PM-11:30PM ET",1,funding_direction,negative,,1.0,22,13,9,0,0.0,0.0,0.0,0.0,0.0,0.0,nan,nan,nan,False,0.0,0.0,0.0,0.42000000000000004,REJECTED,insufficient_samples
347,BTC,BTCUSDT,2056631,btc-updown-5m-1777001100,114098843164380392617106259609610594721239428226488170403105687347708108392631,"Bitcoin Up or Down - April 23, 11:25PM-11:30PM ET",1,funding_intensity,low,,1.0,22,13,9,0,0.0,0.0,0.0,0.0,0.0,0.0,nan,nan,nan,False,0.0,0.0,0.0,0.42000000000000004,REJECTED,insufficient_samples
348,BTC,BTCUSDT,2061847,btc-updown-5m-1777052100,102279224143306672637763924628226222696455310398243341903303781647826915742883,"Bitcoin Up or Down - April 24, 1:35PM-1:40PM ET",1,funding_direction,negative,,1.0,22,13,9,0,0.0,0.0,0.0,0.0,0.0,0.0,nan,nan,nan,False,0.0,0.0,0.0,0.42000000000000004,REJECTED,insufficient_samples
349,BTC,BTCUSDT,2061847,btc-updown-5m-1777052100,102279224143306672637763924628226222696455310398243341903303781647826915742883,"Bitcoin Up or Down - April 24, 1:35PM-1:40PM ET",1,funding_intensity,low,,1.0,22,13,9,0,0.0,0.0,0.0,0.0,0.0,0.0,nan,nan,nan,False,0.0,0.0,0.0,0.42000000000000004,REJECTED,insufficient_samples
350,BTC,BTCUSDT,2072904,btc-updown-5m-1777162200,48526543975601377841024726035848939204054125681647437804711064393765280542352,"Bitcoin Up or Down - April 25, 8:10PM-8:15PM ET",1,funding_direction,negative,,1.0,22,13,9,0,0.0,0.0,0.0,0.0,0.0,0.0,nan,nan,nan,False,0.0,0.0,0.0,0.42000000000000004,REJECTED,insufficient_samples
351,BTC,BTCUSDT,2072904,btc-updown-5m-1777162200,48526543975601377841024726035848939204054125681647437804711064393765280542352,"Bitcoin Up or Down - April 25, 8:10PM-8:15PM ET",1,funding_intensity,low,,1.0,22,13,9,0,0.0,0.0,0.0,0.0,0.0,0.0,nan,nan,nan,False,0.0,0.0,0.0,0.42000000000000004,REJECTED,insufficient_samples
352,BTC,BTCUSDT,1923072,btc-updown-5m-1775778000,57851288819914919360707403210474219073096406982345094080590849850647043110982,"Bitcoin Up or Down - April 9, 7:40PM-7:45PM ET",1,funding_direction,negative,,1.0,21,12,9,0,0.0,0.0,0.0,0.0,0.0,0.0,nan,nan,nan,False,0.0,0.0,0.0,0.41000000000000003,REJECTED,insufficient_samples
353,BTC,BTCUSDT,1923072,btc-updown-5m-1775778000,57851288819914919360707403210474219073096406982345094080590849850647043110982,"Bitcoin Up or Down - April 9, 7:40PM-7:45PM ET",1,funding_intensity,low,,1.0,21,12,9,0,0.0,0.0,0.0,0.0,0.0,0.0,nan,nan,nan,False,0.0,0.0,0.0,0.41000000000000003,REJECTED,insufficient_samples
354,BTC,BTCUSDT,2081390,btc-updown-5m-1777250700,1418762359442452924309032729015018227181435881141722385336665725024606160607,"Bitcoin Up or Down - April 26, 8:45PM-8:50PM ET",1,funding_direction,negative,,1.0,21,12,9,0,0.0,0.0,0.0,0.0,0.0,0.0,nan,nan,nan,False,0.0,0.0,0.0,0.41000000000000003,REJECTED,insufficient_samples
355,BTC,BTCUSDT,2081390,btc-updown-5m-1777250700,1418762359442452924309032729015018227181435881141722385336665725024606160607,"Bitcoin Up or Down - April 26, 8:45PM-8:50PM ET",1,funding_intensity,low,,1.0,21,12,9,0,0.0,0.0,0.0,0.0,0.0,0.0,nan,nan,nan,False,0.0,0.0,0.0,0.41000000000000003,REJECTED,insufficient_samples
356,BTC,BTCUSDT,1788572,btc-updown-15m-1774943100,70386336306053591064901572670098149083024741986290800457524940079061783285886,"Bitcoin Up or Down - March 31, 3:45AM-4:00AM ET",4,funding_direction,positive,,1.0,20,12,8,0,0.0,0.0,0.0,0.0,0.0,0.0,nan,nan,nan,False,0.0,0.0,0.0,0.4,REJECTED,insufficient_samples
357,BTC,BTCUSDT,1788572,btc-updown-15m-1774943100,70386336306053591064901572670098149083024741986290800457524940079061783285886,"Bitcoin Up or Down - March 31, 3:45AM-4:00AM ET",4,funding_intensity,low,,1.0,20,12,8,0,0.0,0.0,0.0,0.0,0.0,0.0,nan,nan,nan,False,0.0,0.0,0.0,0.4,REJECTED,insufficient_samples
358,BTC,BTCUSDT,1817112,btc-updown-5m-1775143800,103215022778706138443843655408624294488288916324664053627274461783148934728655,"Bitcoin Up or Down - April 2, 11:30AM-11:35AM ET",1,funding_direction,negative,,1.0,20,12,8,-1,1.0,0.0,0.00011262651401925739,0.0,0.08333333333333333,0.0,-0.10012736683305917,-0.17247851532727945,nan,False,0.0,0.0,0.0,0.4,REJECTED,insufficient_samples
359,BTC,BTCUSDT,1817112,btc-updown-5m-1775143800,103215022778706138443843655408624294488288916324664053627274461783148934728655,"Bitcoin Up or Down - April 2, 11:30AM-11:35AM ET",1,funding_intensity,low,,1.0,20,12,8,-1,1.0,0.0,0.00011262651401925739,0.0,0.08333333333333333,0.0,-0.10012736683305917,-0.17247851532727945,nan,False,0.0,0.0,0.0,0.4,REJECTED,insufficient_samples
360,BTC,BTCUSDT,1827758,btc-updown-5m-1775211300,62449307466362018368732324400164818672964904657476474057930701784311260089964,"Bitcoin Up or Down - April 3, 6:15AM-6:20AM ET",1,funding_direction,negative,,1.0,20,12,8,0,0.0,0.0,0.0,0.0,0.0,0.0,nan,nan,nan,False,0.0,0.0,0.0,0.4,REJECTED,insufficient_samples
361,BTC,BTCUSDT,1827758,btc-updown-5m-1775211300,62449307466362018368732324400164818672964904657476474057930701784311260089964,"Bitcoin Up or Down - April 3, 6:15AM-6:20AM ET",1,funding_intensity,low,,1.0,20,12,8,0,0.0,0.0,0.0,0.0,0.0,0.0,nan,nan,nan,False,0.0,0.0,0.0,0.4,REJECTED,insufficient_samples
362,BTC,BTCUSDT,1887591,btc-updown-5m-1775538600,6961382585715663565981790420362426348140666071773346471008950111324037227760,"Bitcoin Up or Down - April 7, 1:10AM-1:15AM ET",1,funding_direction,negative,,1.0,20,12,8,0,0.0,0.0,0.0,0.0,0.0,0.0,nan,nan,nan,False,0.0,0.0,0.0,0.4,REJECTED,insufficient_samples
363,BTC,BTCUSDT,1887591,btc-updown-5m-1775538600,6961382585715663565981790420362426348140666071773346471008950111324037227760,"Bitcoin Up or Down - April 7, 1:10AM-1:15AM ET",1,funding_intensity,low,,1.0,20,12,8,0,0.0,0.0,0.0,0.0,0.0,0.0,nan,nan,nan,False,0.0,0.0,0.0,0.4,REJECTED,insufficient_samples
364,BTC,BTCUSDT,1773774,btc-updown-15m-1774862100,103407186728358881041895586520326247282254179365838055070220251644719004484191,"Bitcoin Up or Down - March 30, 5:15AM-5:30AM ET",4,funding_intensity,low,,1.0,19,11,8,0,0.0,0.0,0.0,0.0,0.0,0.0,-0.004814362021297591,nan,-0.09519383428376194,False,0.0,0.0,0.0,0.39,REJECTED,insufficient_samples
365,BTC,BTCUSDT,1812655,btc-updown-15m-1775090700,72061475874222420159890516473736860209868687239449654739186189927541936138758,"Bitcoin Up or Down - April 1, 8:45PM-9:00PM ET",4,funding_direction,negative,,1.0,19,11,8,0,0.0,0.0,0.0,0.0,0.0,0.0,0.42482725276900923,nan,0.44715116271902383,False,0.0,0.0,0.0,0.39,REJECTED,insufficient_samples
366,BTC,BTCUSDT,1812655,btc-updown-15m-1775090700,72061475874222420159890516473736860209868687239449654739186189927541936138758,"Bitcoin Up or Down - April 1, 8:45PM-9:00PM ET",4,funding_intensity,low,,1.0,19,11,8,0,0.0,0.0,0.0,0.0,0.0,0.0,0.42482725276900923,nan,0.44715116271902383,False,0.0,0.0,0.0,0.39,REJECTED,insufficient_samples
367,BTC,BTCUSDT,2052691,btc-updown-15m-1776952800,51694788479468158169664500118259336038053359890918771121580421126680980037164,"Bitcoin Up or Down - April 23, 10:00AM-10:15AM ET",4,funding_direction,negative,,1.0,19,11,8,0,0.0,0.0,0.0,0.0,0.0,0.0,nan,nan,nan,False,0.0,0.0,0.0,0.39,REJECTED,insufficient_samples
368,BTC,BTCUSDT,2052691,btc-updown-15m-1776952800,51694788479468158169664500118259336038053359890918771121580421126680980037164,"Bitcoin Up or Down - April 23, 10:00AM-10:15AM ET",4,funding_intensity,low,,1.0,19,11,8,0,0.0,0.0,0.0,0.0,0.0,0.0,nan,nan,nan,False,0.0,0.0,0.0,0.39,REJECTED,insufficient_samples
369,BTC,BTCUSDT,2069166,btc-updown-15m-1777132800,65244762073750236516161362318362881856456784328043762117285211279363068231679,"Bitcoin Up or Down - April 25, 12:00PM-12:15PM ET",4,funding_direction,negative,,1.0,19,11,8,0,0.0,0.0,0.0,0.0,0.0,0.0,nan,nan,nan,False,0.0,0.0,0.0,0.39,REJECTED,insufficient_samples
370,BTC,BTCUSDT,2069166,btc-updown-15m-1777132800,65244762073750236516161362318362881856456784328043762117285211279363068231679,"Bitcoin Up or Down - April 25, 12:00PM-12:15PM ET",4,funding_intensity,low,,1.0,19,11,8,0,0.0,0.0,0.0,0.0,0.0,0.0,nan,nan,nan,False,0.0,0.0,0.0,0.39,REJECTED,insufficient_samples
371,BTC,BTCUSDT,2083722,btc-updown-15m-1777271400,114745559876334374381493753876847836713172541829271680284066342831910273893773,"Bitcoin Up or Down - April 27, 2:30AM-2:45AM ET",4,funding_direction,negative,,1.0,19,11,8,0,0.0,0.0,0.0,0.0,0.0,0.0,nan,nan,nan,False,0.0,0.0,0.0,0.39,REJECTED,insufficient_samples
372,BTC,BTCUSDT,2083722,btc-updown-15m-1777271400,114745559876334374381493753876847836713172541829271680284066342831910273893773,"Bitcoin Up or Down - April 27, 2:30AM-2:45AM ET",4,funding_intensity,low,,1.0,19,11,8,0,0.0,0.0,0.0,0.0,0.0,0.0,nan,nan,nan,False,0.0,0.0,0.0,0.39,REJECTED,insufficient_samples
373,BTC,BTCUSDT,1773180,btc-updown-5m-1774858800,27447718362414934066594604009165057600587117359409496188839837767218855278210,"Bitcoin Up or Down - March 30, 4:20AM-4:25AM ET",4,funding_intensity,low,,1.0,19,11,8,0,0.0,0.0,0.0,0.0,0.0,0.0,nan,nan,nan,False,0.0,0.0,0.0,0.39,REJECTED,insufficient_samples
374,BTC,BTCUSDT,1913245,btc-updown-5m-1775692200,106529058202861519545346098090501042364633253449074113934844807681456464528636,"Bitcoin Up or Down - April 8, 7:50PM-7:55PM ET",1,funding_direction,negative,,1.0,19,11,8,0,0.0,0.0,0.0,0.0,0.0,0.0,nan,nan,nan,False,0.0,0.0,0.0,0.39,REJECTED,insufficient_samples
375,BTC,BTCUSDT,1913245,btc-updown-5m-1775692200,106529058202861519545346098090501042364633253449074113934844807681456464528636,"Bitcoin Up or Down - April 8, 7:50PM-7:55PM ET",1,funding_intensity,low,,1.0,19,11,8,0,0.0,0.0,0.0,0.0,0.0,0.0,nan,nan,nan,False,0.0,0.0,0.0,0.39,REJECTED,insufficient_samples
376,BTC,BTCUSDT,2002521,btc-updown-5m-1776467100,77478762726615793941515224154212059332636196447323091230789935647683899391647,"Bitcoin Up or Down - April 17, 7:05PM-7:10PM ET",1,funding_direction,negative,,1.0,19,11,8,0,0.0,0.0,0.0,0.0,0.0,0.0,nan,nan,nan,False,0.0,0.0,0.0,0.39,REJECTED,insufficient_samples
377,BTC,BTCUSDT,2002521,btc-updown-5m-1776467100,77478762726615793941515224154212059332636196447323091230789935647683899391647,"Bitcoin Up or Down - April 17, 7:05PM-7:10PM ET",1,funding_intensity,low,,1.0,19,11,8,0,0.0,0.0,0.0,0.0,0.0,0.0,nan,nan,nan,False,0.0,0.0,0.0,0.39,REJECTED,insufficient_samples
378,BTC,BTCUSDT,2056631,btc-updown-5m-1777001100,114098843164380392617106259609610594721239428226488170403105687347708108392631,"Bitcoin Up or Down - April 23, 11:25PM-11:30PM ET",4,funding_direction,negative,,1.0,19,11,8,0,0.0,0.0,0.0,0.0,0.0,0.0,nan,nan,nan,False,0.0,0.0,0.0,0.39,REJECTED,insufficient_samples
379,BTC,BTCUSDT,2056631,btc-updown-5m-1777001100,114098843164380392617106259609610594721239428226488170403105687347708108392631,"Bitcoin Up or Down - April 23, 11:25PM-11:30PM ET",4,funding_intensity,low,,1.0,19,11,8,0,0.0,0.0,0.0,0.0,0.0,0.0,nan,nan,nan,False,0.0,0.0,0.0,0.39,REJECTED,insufficient_samples
380,BTC,BTCUSDT,2061847,btc-updown-5m-1777052100,102279224143306672637763924628226222696455310398243341903303781647826915742883,"Bitcoin Up or Down - April 24, 1:35PM-1:40PM ET",4,funding_direction,negative,,1.0,19,11,8,0,0.0,0.0,0.0,0.0,0.0,0.0,nan,nan,nan,False,0.0,0.0,0.0,0.39,REJECTED,insufficient_samples
381,BTC,BTCUSDT,2061847,btc-updown-5m-1777052100,102279224143306672637763924628226222696455310398243341903303781647826915742883,"Bitcoin Up or Down - April 24, 1:35PM-1:40PM ET",4,funding_intensity,low,,1.0,19,11,8,0,0.0,0.0,0.0,0.0,0.0,0.0,nan,nan,nan,False,0.0,0.0,0.0,0.39,REJECTED,insufficient_samples
382,BTC,BTCUSDT,2072904,btc-updown-5m-1777162200,48526543975601377841024726035848939204054125681647437804711064393765280542352,"Bitcoin Up or Down - April 25, 8:10PM-8:15PM ET",4,funding_direction,negative,,1.0,19,11,8,0,0.0,0.0,0.0,0.0,0.0,0.0,nan,nan,nan,False,0.0,0.0,0.0,0.39,REJECTED,insufficient_samples
383,BTC,BTCUSDT,2072904,btc-updown-5m-1777162200,48526543975601377841024726035848939204054125681647437804711064393765280542352,"Bitcoin Up or Down - April 25, 8:10PM-8:15PM ET",4,funding_intensity,low,,1.0,19,11,8,0,0.0,0.0,0.0,0.0,0.0,0.0,nan,nan,nan,False,0.0,0.0,0.0,0.39,REJECTED,insufficient_samples
384,BTC,BTCUSDT,1756103,bitcoin-up-or-down-march-30-2026-5am-et,104148078587508844353349920933756688218237557006821345106795482220576723212955,"Bitcoin Up or Down - March 30, 5AM ET",24,funding_direction,negative,,1.0,18,10,8,0,0.0,0.0,0.0,0.0,0.0,0.0,nan,nan,nan,False,0.0,0.0,0.0,0.38,REJECTED,insufficient_samples
385,BTC,BTCUSDT,1765600,btc-updown-5m-1774815000,17574681085863998596045048551160769091717756293317102431511107137990536003739,"Bitcoin Up or Down - March 29, 4:10PM-4:15PM ET",1,funding_direction,negative,,1.0,18,10,8,0,0.0,0.0,0.0,0.0,0.0,0.0,nan,nan,nan,False,0.0,0.0,0.0,0.38,REJECTED,insufficient_samples
386,BTC,BTCUSDT,1765600,btc-updown-5m-1774815000,17574681085863998596045048551160769091717756293317102431511107137990536003739,"Bitcoin Up or Down - March 29, 4:10PM-4:15PM ET",4,funding_direction,negative,,1.0,18,10,8,0,0.0,0.0,0.0,0.0,0.0,0.0,nan,nan,nan,False,0.0,0.0,0.0,0.38,REJECTED,insufficient_samples
387,BTC,BTCUSDT,1923072,btc-updown-5m-1775778000,57851288819914919360707403210474219073096406982345094080590849850647043110982,"Bitcoin Up or Down - April 9, 7:40PM-7:45PM ET",4,funding_direction,negative,,1.0,18,10,8,0,0.0,0.0,0.0,0.0,0.0,0.0,nan,nan,nan,False,0.0,0.0,0.0,0.38,REJECTED,insufficient_samples
388,BTC,BTCUSDT,1923072,btc-updown-5m-1775778000,57851288819914919360707403210474219073096406982345094080590849850647043110982,"Bitcoin Up or Down - April 9, 7:40PM-7:45PM ET",4,funding_intensity,low,,1.0,18,10,8,0,0.0,0.0,0.0,0.0,0.0,0.0,nan,nan,nan,False,0.0,0.0,0.0,0.38,REJECTED,insufficient_samples
389,BTC,BTCUSDT,2081390,btc-updown-5m-1777250700,1418762359442452924309032729015018227181435881141722385336665725024606160607,"Bitcoin Up or Down - April 26, 8:45PM-8:50PM ET",4,funding_direction,negative,,1.0,18,10,8,0,0.0,0.0,0.0,0.0,0.0,0.0,nan,nan,nan,False,0.0,0.0,0.0,0.38,REJECTED,insufficient_samples
390,BTC,BTCUSDT,2081390,btc-updown-5m-1777250700,1418762359442452924309032729015018227181435881141722385336665725024606160607,"Bitcoin Up or Down - April 26, 8:45PM-8:50PM ET",4,funding_intensity,low,,1.0,18,10,8,0,0.0,0.0,0.0,0.0,0.0,0.0,nan,nan,nan,False,0.0,0.0,0.0,0.38,REJECTED,insufficient_samples
391,BTC,BTCUSDT,1773774,btc-updown-15m-1774862100,103407186728358881041895586520326247282254179365838055070220251644719004484191,"Bitcoin Up or Down - March 30, 5:15AM-5:30AM ET",1,funding_direction,positive,,1.0,17,10,7,0,0.0,0.0,0.0,0.0,0.0,0.0,-0.11741879180319371,nan,-0.26270998190570727,False,0.0,0.0,0.0,0.37,REJECTED,insufficient_samples
392,BTC,BTCUSDT,1887945,btc-updown-15m-1775540700,16961557276914865883353812367965959478026525987133759468714708630998657233733,"Bitcoin Up or Down - April 7, 1:45AM-2:00AM ET",1,funding_direction,negative,,1.0,17,10,7,-1,0.5,0.0,0.00012528177736493255,0.0,0.1,0.0,-0.05562272781590426,-0.09600419318947594,nan,False,0.0,0.0,0.0,0.37,REJECTED,insufficient_samples
393,BTC,BTCUSDT,1887945,btc-updown-15m-1775540700,16961557276914865883353812367965959478026525987133759468714708630998657233733,"Bitcoin Up or Down - April 7, 1:45AM-2:00AM ET",1,funding_intensity,low,,1.0,17,10,7,-1,0.5,0.0,0.00012528177736493255,0.0,0.1,0.0,-0.05562272781590426,-0.09600419318947594,nan,False,0.0,0.0,0.0,0.37,REJECTED,insufficient_samples
394,BTC,BTCUSDT,1817112,btc-updown-5m-1775143800,103215022778706138443843655408624294488288916324664053627274461783148934728655,"Bitcoin Up or Down - April 2, 11:30AM-11:35AM ET",4,funding_direction,negative,,1.0,17,10,7,1,1.0,0.0,1.3315040708731605e-05,0.0,0.1,0.0,-0.04711768383454223,-0.09638776225125918,nan,False,0.0,0.0,0.0,0.37,REJECTED,insufficient_samples
395,BTC,BTCUSDT,1817112,btc-updown-5m-1775143800,103215022778706138443843655408624294488288916324664053627274461783148934728655,"Bitcoin Up or Down - April 2, 11:30AM-11:35AM ET",4,funding_intensity,low,,1.0,17,10,7,1,1.0,0.0,1.3315040708731605e-05,0.0,0.1,0.0,-0.04711768383454223,-0.09638776225125918,nan,False,0.0,0.0,0.0,0.37,REJECTED,insufficient_samples
396,BTC,BTCUSDT,1827758,btc-updown-5m-1775211300,62449307466362018368732324400164818672964904657476474057930701784311260089964,"Bitcoin Up or Down - April 3, 6:15AM-6:20AM ET",4,funding_direction,negative,,1.0,17,10,7,0,0.0,0.0,0.0,0.0,0.0,0.0,nan,nan,nan,False,0.0,0.0,0.0,0.37,REJECTED,insufficient_samples
397,BTC,BTCUSDT,1827758,btc-updown-5m-1775211300,62449307466362018368732324400164818672964904657476474057930701784311260089964,"Bitcoin Up or Down - April 3, 6:15AM-6:20AM ET",4,funding_intensity,low,,1.0,17,10,7,0,0.0,0.0,0.0,0.0,0.0,0.0,nan,nan,nan,False,0.0,0.0,0.0,0.37,REJECTED,insufficient_samples
398,BTC,BTCUSDT,1887591,btc-updown-5m-1775538600,6961382585715663565981790420362426348140666071773346471008950111324037227760,"Bitcoin Up or Down - April 7, 1:10AM-1:15AM ET",4,funding_direction,negative,,1.0,17,10,7,0,0.0,0.0,0.0,0.0,0.0,0.0,nan,nan,nan,False,0.0,0.0,0.0,0.37,REJECTED,insufficient_samples
399,BTC,BTCUSDT,1887591,btc-updown-5m-1775538600,6961382585715663565981790420362426348140666071773346471008950111324037227760,"Bitcoin Up or Down - April 7, 1:10AM-1:15AM ET",4,funding_intensity,low,,1.0,17,10,7,0,0.0,0.0,0.0,0.0,0.0,0.0,nan,nan,nan,False,0.0,0.0,0.0,0.37,REJECTED,insufficient_samples
400,BTC,BTCUSDT,1767109,btc-updown-15m-1774822500,13734088091109920508748296153204266020019170311543912253511724501898985502196,"Bitcoin Up or Down - March 29, 6:15PM-6:30PM ET",1,funding_direction,negative,,1.0,16,9,7,0,0.0,0.0,0.0,0.0,0.0,0.0,0.015641663551065787,nan,0.07044424664134133,False,0.0,0.0,0.0,0.36,REJECTED,insufficient_samples
401,BTC,BTCUSDT,1767109,btc-updown-15m-1774822500,13734088091109920508748296153204266020019170311543912253511724501898985502196,"Bitcoin Up or Down - March 29, 6:15PM-6:30PM ET",4,funding_direction,negative,,1.0,16,9,7,0,0.0,0.0,0.0,0.0,0.0,0.0,-0.16431495888377648,nan,-0.18221535265369113,False,0.0,0.0,0.0,0.36,REJECTED,insufficient_samples
402,BTC,BTCUSDT,1773180,btc-updown-5m-1774858800,27447718362414934066594604009165057600587117359409496188839837767218855278210,"Bitcoin Up or Down - March 30, 4:20AM-4:25AM ET",1,funding_direction,positive,,1.0,16,9,7,0,0.0,0.0,0.0,0.0,0.0,0.0,nan,nan,nan,False,0.0,0.0,0.0,0.36,REJECTED,insufficient_samples
403,BTC,BTCUSDT,1913245,btc-updown-5m-1775692200,106529058202861519545346098090501042364633253449074113934844807681456464528636,"Bitcoin Up or Down - April 8, 7:50PM-7:55PM ET",4,funding_direction,negative,,1.0,16,9,7,0,0.0,0.0,0.0,0.0,0.0,0.0,nan,nan,nan,False,0.0,0.0,0.0,0.36,REJECTED,insufficient_samples
404,BTC,BTCUSDT,1913245,btc-updown-5m-1775692200,106529058202861519545346098090501042364633253449074113934844807681456464528636,"Bitcoin Up or Down - April 8, 7:50PM-7:55PM ET",4,funding_intensity,low,,1.0,16,9,7,0,0.0,0.0,0.0,0.0,0.0,0.0,nan,nan,nan,False,0.0,0.0,0.0,0.36,REJECTED,insufficient_samples
405,BTC,BTCUSDT,1922953,btc-updown-5m-1775776800,87969112884343305190289191235211456779265131948021352640227414286284516015629,"Bitcoin Up or Down - April 9, 7:20PM-7:25PM ET",1,funding_direction,negative,,1.0,16,9,7,0,0.0,0.0,0.0,0.0,0.0,0.0,nan,nan,nan,False,0.0,0.0,0.0,0.36,REJECTED,insufficient_samples
406,BTC,BTCUSDT,1922953,btc-updown-5m-1775776800,87969112884343305190289191235211456779265131948021352640227414286284516015629,"Bitcoin Up or Down - April 9, 7:20PM-7:25PM ET",1,funding_intensity,low,,1.0,16,9,7,0,0.0,0.0,0.0,0.0,0.0,0.0,nan,nan,nan,False,0.0,0.0,0.0,0.36,REJECTED,insufficient_samples
407,BTC,BTCUSDT,2002521,btc-updown-5m-1776467100,77478762726615793941515224154212059332636196447323091230789935647683899391647,"Bitcoin Up or Down - April 17, 7:05PM-7:10PM ET",4,funding_direction,negative,,1.0,16,9,7,0,0.0,0.0,0.0,0.0,0.0,0.0,nan,nan,nan,False,0.0,0.0,0.0,0.36,REJECTED,insufficient_samples
408,BTC,BTCUSDT,2002521,btc-updown-5m-1776467100,77478762726615793941515224154212059332636196447323091230789935647683899391647,"Bitcoin Up or Down - April 17, 7:05PM-7:10PM ET",4,funding_intensity,low,,1.0,16,9,7,0,0.0,0.0,0.0,0.0,0.0,0.0,nan,nan,nan,False,0.0,0.0,0.0,0.36,REJECTED,insufficient_samples
409,BTC,BTCUSDT,1918787,btc-updown-15m-1775745900,98526939523670788706516362518896335968959011070983566967917731375922301932759,"Bitcoin Up or Down - April 9, 10:45AM-11:00AM ET",1,funding_direction,negative,,1.0,15,9,6,0,0.0,0.0,0.0,0.0,0.0,0.0,0.3891482175449945,nan,0.4660734211967466,False,0.0,0.0,0.0,0.35,REJECTED,insufficient_samples
410,BTC,BTCUSDT,1918787,btc-updown-15m-1775745900,98526939523670788706516362518896335968959011070983566967917731375922301932759,"Bitcoin Up or Down - April 9, 10:45AM-11:00AM ET",1,funding_intensity,low,,1.0,15,9,6,0,0.0,0.0,0.0,0.0,0.0,0.0,0.3891482175449945,nan,0.4660734211967466,False,0.0,0.0,0.0,0.35,REJECTED,insufficient_samples
411,ETH,ETHUSDT,2041624,eth-updown-5m-1776845400,38328747178310920999893836581133314578005584951069136796985337035943864658169,"Ethereum Up or Down - April 22, 4:10AM-4:15AM ET",1,funding_direction,negative,,1.0,15,9,6,0,0.0,0.0,0.0,0.0,0.0,0.0,nan,nan,nan,False,0.0,0.0,0.0,0.35,REJECTED,insufficient_samples
412,ETH,ETHUSDT,2041624,eth-updown-5m-1776845400,38328747178310920999893836581133314578005584951069136796985337035943864658169,"Ethereum Up or Down - April 22, 4:10AM-4:15AM ET",1,funding_intensity,low,,1.0,15,9,6,0,0.0,0.0,0.0,0.0,0.0,0.0,nan,nan,nan,False,0.0,0.0,0.0,0.35,REJECTED,insufficient_samples
413,BTC,BTCUSDT,1773774,btc-updown-15m-1774862100,103407186728358881041895586520326247282254179365838055070220251644719004484191,"Bitcoin Up or Down - March 30, 5:15AM-5:30AM ET",4,funding_direction,positive,,1.0,14,8,6,0,0.0,0.0,0.0,0.0,0.0,0.0,-0.03353564032566229,nan,-0.021435815276009542,False,0.0,0.0,0.0,0.34,REJECTED,insufficient_samples
414,BTC,BTCUSDT,1887945,btc-updown-15m-1775540700,16961557276914865883353812367965959478026525987133759468714708630998657233733,"Bitcoin Up or Down - April 7, 1:45AM-2:00AM ET",4,funding_direction,negative,,1.0,14,8,6,1,1.0,0.0,0.0008310845037408415,0.0,0.25,0.0,0.3039339688618008,0.5032584950206769,nan,False,0.0,0.0,0.0,0.34,REJECTED,insufficient_samples
415,BTC,BTCUSDT,1887945,btc-updown-15m-1775540700,16961557276914865883353812367965959478026525987133759468714708630998657233733,"Bitcoin Up or Down - April 7, 1:45AM-2:00AM ET",4,funding_intensity,low,,1.0,14,8,6,1,1.0,0.0,0.0008310845037408415,0.0,0.25,0.0,0.3039339688618008,0.5032584950206769,nan,False,0.0,0.0,0.0,0.34,REJECTED,insufficient_samples
416,BTC,BTCUSDT,1764378,btc-updown-5m-1774808400,90856252799365273842960800021642087848762029657266017906190112268841358648663,"Bitcoin Up or Down - March 29, 2:20PM-2:25PM ET",1,funding_direction,negative,,1.0,14,8,6,0,0.0,0.0,0.0,0.0,0.0,0.0,nan,nan,nan,False,0.0,0.0,0.0,0.34,REJECTED,insufficient_samples
417,BTC,BTCUSDT,1765600,btc-updown-5m-1774815000,17574681085863998596045048551160769091717756293317102431511107137990536003739,"Bitcoin Up or Down - March 29, 4:10PM-4:15PM ET",1,funding_intensity,low,,1.0,14,8,6,0,0.0,0.0,0.0,0.0,0.0,0.0,nan,nan,nan,False,0.0,0.0,0.0,0.34,REJECTED,insufficient_samples
418,BTC,BTCUSDT,1822871,btc-updown-5m-1775181900,13072320647212050268306313706521107588246035294063445643757829206044192874296,"Bitcoin Up or Down - April 2, 10:05PM-10:10PM ET",1,funding_direction,negative,,1.0,14,8,6,0,0.0,0.0,0.0,0.0,0.0,0.0,nan,nan,nan,False,0.0,0.0,0.0,0.34,REJECTED,insufficient_samples
419,BTC,BTCUSDT,1822871,btc-updown-5m-1775181900,13072320647212050268306313706521107588246035294063445643757829206044192874296,"Bitcoin Up or Down - April 2, 10:05PM-10:10PM ET",1,funding_intensity,low,,1.0,14,8,6,0,0.0,0.0,0.0,0.0,0.0,0.0,nan,nan,nan,False,0.0,0.0,0.0,0.34,REJECTED,insufficient_samples
420,BTC,BTCUSDT,1756103,bitcoin-up-or-down-march-30-2026-5am-et,104148078587508844353349920933756688218237557006821345106795482220576723212955,"Bitcoin Up or Down - March 30, 5AM ET",1,funding_direction,positive,,1.0,13,7,6,0,0.0,0.0,0.0,0.0,0.0,0.0,-0.10677564849202971,nan,-0.28730281160601884,False,0.0,0.0,0.0,0.33,REJECTED,insufficient_samples
421,BTC,BTCUSDT,1756103,bitcoin-up-or-down-march-30-2026-5am-et,104148078587508844353349920933756688218237557006821345106795482220576723212955,"Bitcoin Up or Down - March 30, 5AM ET",1,funding_intensity,normal,,1.0,13,7,6,0,0.0,0.0,0.0,0.0,0.0,0.0,nan,nan,nan,False,0.0,0.0,0.0,0.33,REJECTED,insufficient_samples
422,BTC,BTCUSDT,1756103,bitcoin-up-or-down-march-30-2026-5am-et,104148078587508844353349920933756688218237557006821345106795482220576723212955,"Bitcoin Up or Down - March 30, 5AM ET",4,funding_intensity,normal,,1.0,13,7,6,0,0.0,0.0,0.0,0.0,0.0,0.0,nan,nan,nan,False,0.0,0.0,0.0,0.33,REJECTED,insufficient_samples
423,BTC,BTCUSDT,1767109,btc-updown-15m-1774822500,13734088091109920508748296153204266020019170311543912253511724501898985502196,"Bitcoin Up or Down - March 29, 6:15PM-6:30PM ET",1,funding_intensity,low,,1.0,13,7,6,1,1.0,0.0,1.9910104195538015e-05,0.0,0.14285714285714285,0.0,-0.00537495185614957,0.032665044037145055,nan,False,0.0,0.0,0.0,0.33,REJECTED,insufficient_samples
424,BTC,BTCUSDT,1773180,btc-updown-5m-1774858800,27447718362414934066594604009165057600587117359409496188839837767218855278210,"Bitcoin Up or Down - March 30, 4:20AM-4:25AM ET",4,funding_direction,positive,,1.0,13,7,6,0,0.0,0.0,0.0,0.0,0.0,0.0,nan,nan,nan,False,0.0,0.0,0.0,0.33,REJECTED,insufficient_samples
425,BTC,BTCUSDT,1820574,btc-updown-5m-1775164500,97899616942439747228306747302961018655413862098988759294880569888212581607884,"Bitcoin Up or Down - April 2, 5:15PM-5:20PM ET",1,funding_direction,negative,,1.0,13,7,6,0,0.0,0.0,0.0,0.0,0.0,0.0,nan,nan,nan,False,0.0,0.0,0.0,0.33,REJECTED,insufficient_samples
426,BTC,BTCUSDT,1820574,btc-updown-5m-1775164500,97899616942439747228306747302961018655413862098988759294880569888212581607884,"Bitcoin Up or Down - April 2, 5:15PM-5:20PM ET",1,funding_intensity,low,,1.0,13,7,6,0,0.0,0.0,0.0,0.0,0.0,0.0,nan,nan,nan,False,0.0,0.0,0.0,0.33,REJECTED,insufficient_samples
427,BTC,BTCUSDT,1922953,btc-updown-5m-1775776800,87969112884343305190289191235211456779265131948021352640227414286284516015629,"Bitcoin Up or Down - April 9, 7:20PM-7:25PM ET",4,funding_direction,negative,,1.0,13,7,6,0,0.0,0.0,0.0,0.0,0.0,0.0,nan,nan,nan,False,0.0,0.0,0.0,0.33,REJECTED,insufficient_samples
428,BTC,BTCUSDT,1922953,btc-updown-5m-1775776800,87969112884343305190289191235211456779265131948021352640227414286284516015629,"Bitcoin Up or Down - April 9, 7:20PM-7:25PM ET",4,funding_intensity,low,,1.0,13,7,6,0,0.0,0.0,0.0,0.0,0.0,0.0,nan,nan,nan,False,0.0,0.0,0.0,0.33,REJECTED,insufficient_samples
429,BTC,BTCUSDT,1918787,btc-updown-15m-1775745900,98526939523670788706516362518896335968959011070983566967917731375922301932759,"Bitcoin Up or Down - April 9, 10:45AM-11:00AM ET",4,funding_direction,negative,,1.0,12,7,5,0,0.0,0.0,0.0,0.0,0.0,0.0,nan,nan,nan,False,0.0,0.0,0.0,0.32,REJECTED,insufficient_samples
430,BTC,BTCUSDT,1918787,btc-updown-15m-1775745900,98526939523670788706516362518896335968959011070983566967917731375922301932759,"Bitcoin Up or Down - April 9, 10:45AM-11:00AM ET",4,funding_intensity,low,,1.0,12,7,5,0,0.0,0.0,0.0,0.0,0.0,0.0,nan,nan,nan,False,0.0,0.0,0.0,0.32,REJECTED,insufficient_samples
431,ETH,ETHUSDT,2041624,eth-updown-5m-1776845400,38328747178310920999893836581133314578005584951069136796985337035943864658169,"Ethereum Up or Down - April 22, 4:10AM-4:15AM ET",4,funding_direction,negative,,1.0,12,7,5,0,0.0,0.0,0.0,0.0,0.0,0.0,nan,nan,nan,False,0.0,0.0,0.0,0.32,REJECTED,insufficient_samples
432,ETH,ETHUSDT,2041624,eth-updown-5m-1776845400,38328747178310920999893836581133314578005584951069136796985337035943864658169,"Ethereum Up or Down - April 22, 4:10AM-4:15AM ET",4,funding_intensity,low,,1.0,12,7,5,0,0.0,0.0,0.0,0.0,0.0,0.0,nan,nan,nan,False,0.0,0.0,0.0,0.32,REJECTED,insufficient_samples
433,BTC,BTCUSDT,1764378,btc-updown-5m-1774808400,90856252799365273842960800021642087848762029657266017906190112268841358648663,"Bitcoin Up or Down - March 29, 2:20PM-2:25PM ET",4,funding_direction,negative,,1.0,11,6,5,0,0.0,0.0,0.0,0.0,0.0,0.0,nan,nan,nan,False,0.0,0.0,0.0,0.31,REJECTED,insufficient_samples
434,BTC,BTCUSDT,1765600,btc-updown-5m-1774815000,17574681085863998596045048551160769091717756293317102431511107137990536003739,"Bitcoin Up or Down - March 29, 4:10PM-4:15PM ET",4,funding_intensity,low,,1.0,11,6,5,0,0.0,0.0,0.0,0.0,0.0,0.0,nan,nan,nan,False,0.0,0.0,0.0,0.31,REJECTED,insufficient_samples
435,BTC,BTCUSDT,1822871,btc-updown-5m-1775181900,13072320647212050268306313706521107588246035294063445643757829206044192874296,"Bitcoin Up or Down - April 2, 10:05PM-10:10PM ET",4,funding_direction,negative,,1.0,11,6,5,0,0.0,0.0,0.0,0.0,0.0,0.0,nan,nan,nan,False,0.0,0.0,0.0,0.31,REJECTED,insufficient_samples
436,BTC,BTCUSDT,1822871,btc-updown-5m-1775181900,13072320647212050268306313706521107588246035294063445643757829206044192874296,"Bitcoin Up or Down - April 2, 10:05PM-10:10PM ET",4,funding_intensity,low,,1.0,11,6,5,0,0.0,0.0,0.0,0.0,0.0,0.0,nan,nan,nan,False,0.0,0.0,0.0,0.31,REJECTED,insufficient_samples
437,BTC,BTCUSDT,1756103,bitcoin-up-or-down-march-30-2026-5am-et,104148078587508844353349920933756688218237557006821345106795482220576723212955,"Bitcoin Up or Down - March 30, 5AM ET",4,funding_direction,positive,,1.0,10,6,4,0,0.0,0.0,0.0,0.0,0.0,0.0,nan,nan,nan,False,0.0,0.0,0.0,0.30000000000000004,REJECTED,insufficient_samples
438,BTC,BTCUSDT,1767109,btc-updown-15m-1774822500,13734088091109920508748296153204266020019170311543912253511724501898985502196,"Bitcoin Up or Down - March 29, 6:15PM-6:30PM ET",4,funding_intensity,low,,1.0,10,6,4,-1,1.0,0.0,0.00028473207487750903,0.0,0.16666666666666666,0.0,-0.19406919801944877,-0.03363339161292737,nan,False,0.0,0.0,0.0,0.30000000000000004,REJECTED,insufficient_samples
439,BTC,BTCUSDT,1820574,btc-updown-5m-1775164500,97899616942439747228306747302961018655413862098988759294880569888212581607884,"Bitcoin Up or Down - April 2, 5:15PM-5:20PM ET",4,funding_direction,negative,,1.0,10,6,4,0,0.0,0.0,0.0,0.0,0.0,0.0,nan,nan,nan,False,0.0,0.0,0.0,0.30000000000000004,REJECTED,insufficient_samples
440,BTC,BTCUSDT,1820574,btc-updown-5m-1775164500,97899616942439747228306747302961018655413862098988759294880569888212581607884,"Bitcoin Up or Down - April 2, 5:15PM-5:20PM ET",4,funding_intensity,low,,1.0,10,6,4,0,0.0,0.0,0.0,0.0,0.0,0.0,nan,nan,nan,False,0.0,0.0,0.0,0.30000000000000004,REJECTED,insufficient_samples
441,BTC,BTCUSDT,1897472,btc-updown-5m-1775600400,22599370910269115424149153877580251125336650413213583609364095382582159388478,"Bitcoin Up or Down - April 7, 6:20PM-6:25PM ET",1,funding_direction,negative,,1.0,10,6,4,0,0.0,0.0,0.0,0.0,0.0,0.0,nan,nan,nan,False,0.0,0.0,0.0,0.30000000000000004,REJECTED,insufficient_samples
442,BTC,BTCUSDT,1897472,btc-updown-5m-1775600400,22599370910269115424149153877580251125336650413213583609364095382582159388478,"Bitcoin Up or Down - April 7, 6:20PM-6:25PM ET",1,funding_intensity,low,,1.0,10,6,4,0,0.0,0.0,0.0,0.0,0.0,0.0,nan,nan,nan,False,0.0,0.0,0.0,0.30000000000000004,REJECTED,insufficient_samples
443,BTC,BTCUSDT,1756103,bitcoin-up-or-down-march-30-2026-5am-et,104148078587508844353349920933756688218237557006821345106795482220576723212955,"Bitcoin Up or Down - March 30, 5AM ET",24,funding_intensity,low,,1.0,9,5,4,0,0.0,0.0,0.0,0.0,0.0,0.0,nan,nan,nan,False,0.0,0.0,0.0,0.29000000000000004,REJECTED,insufficient_samples
444,BTC,BTCUSDT,1756103,bitcoin-up-or-down-march-30-2026-5am-et,104148078587508844353349920933756688218237557006821345106795482220576723212955,"Bitcoin Up or Down - March 30, 5AM ET",24,funding_intensity,normal,,1.0,9,5,4,0,0.0,0.0,0.0,0.0,0.0,0.0,nan,nan,nan,False,0.0,0.0,0.0,0.29000000000000004,REJECTED,insufficient_samples
445,BTC,BTCUSDT,1861642,btc-updown-5m-1775399400,76557757478120311021616027808007688388498741432321260730820358512489560168895,"Bitcoin Up or Down - April 5, 10:30AM-10:35AM ET",1,funding_direction,negative,,1.0,9,5,4,0,0.0,0.0,0.0,0.0,0.0,0.0,nan,nan,nan,False,0.0,0.0,0.0,0.29000000000000004,REJECTED,insufficient_samples
446,BTC,BTCUSDT,1861642,btc-updown-5m-1775399400,76557757478120311021616027808007688388498741432321260730820358512489560168895,"Bitcoin Up or Down - April 5, 10:30AM-10:35AM ET",1,funding_intensity,low,,1.0,9,5,4,0,0.0,0.0,0.0,0.0,0.0,0.0,nan,nan,nan,False,0.0,0.0,0.0,0.29000000000000004,REJECTED,insufficient_samples
447,BTC,BTCUSDT,1998810,btc-updown-5m-1776429000,50116175953583947860307080014869644439399671152644579782112295437096927621748,"Bitcoin Up or Down - April 17, 8:30AM-8:35AM ET",1,funding_direction,negative,,1.0,9,5,4,0,0.0,0.0,0.0,0.0,0.0,0.0,nan,nan,nan,False,0.0,0.0,0.0,0.29000000000000004,REJECTED,insufficient_samples
448,BTC,BTCUSDT,1998810,btc-updown-5m-1776429000,50116175953583947860307080014869644439399671152644579782112295437096927621748,"Bitcoin Up or Down - April 17, 8:30AM-8:35AM ET",1,funding_intensity,low,,1.0,9,5,4,0,0.0,0.0,0.0,0.0,0.0,0.0,nan,nan,nan,False,0.0,0.0,0.0,0.29000000000000004,REJECTED,insufficient_samples
449,BTC,BTCUSDT,2031663,btc-updown-5m-1776761100,20624766533044913003314907630201571274787305290305047312399837645415708457236,"Bitcoin Up or Down - April 21, 4:45AM-4:50AM ET",1,funding_direction,negative,,1.0,9,5,4,0,0.0,0.0,0.0,0.0,0.0,0.0,nan,nan,nan,False,0.0,0.0,0.0,0.29000000000000004,REJECTED,insufficient_samples
450,BTC,BTCUSDT,2031663,btc-updown-5m-1776761100,20624766533044913003314907630201571274787305290305047312399837645415708457236,"Bitcoin Up or Down - April 21, 4:45AM-4:50AM ET",1,funding_intensity,low,,1.0,9,5,4,0,0.0,0.0,0.0,0.0,0.0,0.0,nan,nan,nan,False,0.0,0.0,0.0,0.29000000000000004,REJECTED,insufficient_samples
451,BTC,BTCUSDT,1767109,btc-updown-15m-1774822500,13734088091109920508748296153204266020019170311543912253511724501898985502196,"Bitcoin Up or Down - March 29, 6:15PM-6:30PM ET",1,funding_intensity,normal,,1.0,8,4,4,0,0.0,0.0,0.0,0.0,0.0,0.0,nan,nan,nan,False,0.0,0.0,0.0,0.28,REJECTED,insufficient_samples
452,BTC,BTCUSDT,1767109,btc-updown-15m-1774822500,13734088091109920508748296153204266020019170311543912253511724501898985502196,"Bitcoin Up or Down - March 29, 6:15PM-6:30PM ET",4,funding_intensity,normal,,1.0,8,4,4,0,0.0,0.0,0.0,0.0,0.0,0.0,nan,nan,nan,False,0.0,0.0,0.0,0.28,REJECTED,insufficient_samples
453,BTC,BTCUSDT,1765600,btc-updown-5m-1774815000,17574681085863998596045048551160769091717756293317102431511107137990536003739,"Bitcoin Up or Down - March 29, 4:10PM-4:15PM ET",1,funding_intensity,normal,,1.0,8,4,4,0,0.0,0.0,0.0,0.0,0.0,0.0,nan,nan,nan,False,0.0,0.0,0.0,0.28,REJECTED,insufficient_samples
454,BTC,BTCUSDT,1765600,btc-updown-5m-1774815000,17574681085863998596045048551160769091717756293317102431511107137990536003739,"Bitcoin Up or Down - March 29, 4:10PM-4:15PM ET",4,funding_intensity,normal,,1.0,8,4,4,0,0.0,0.0,0.0,0.0,0.0,0.0,nan,nan,nan,False,0.0,0.0,0.0,0.28,REJECTED,insufficient_samples
455,BTC,BTCUSDT,1764378,btc-updown-5m-1774808400,90856252799365273842960800021642087848762029657266017906190112268841358648663,"Bitcoin Up or Down - March 29, 2:20PM-2:25PM ET",1,funding_intensity,low,,1.0,7,4,3,0,0.0,0.0,0.0,0.0,0.0,0.0,nan,nan,nan,False,0.0,0.0,0.0,0.27,REJECTED,insufficient_samples
456,BTC,BTCUSDT,1764378,btc-updown-5m-1774808400,90856252799365273842960800021642087848762029657266017906190112268841358648663,"Bitcoin Up or Down - March 29, 2:20PM-2:25PM ET",1,funding_intensity,normal,,1.0,7,4,3,0,0.0,0.0,0.0,0.0,0.0,0.0,nan,nan,nan,False,0.0,0.0,0.0,0.27,REJECTED,insufficient_samples
457,BTC,BTCUSDT,1764378,btc-updown-5m-1774808400,90856252799365273842960800021642087848762029657266017906190112268841358648663,"Bitcoin Up or Down - March 29, 2:20PM-2:25PM ET",4,funding_intensity,normal,,1.0,7,4,3,0,0.0,0.0,0.0,0.0,0.0,0.0,nan,nan,nan,False,0.0,0.0,0.0,0.27,REJECTED,insufficient_samples
458,BTC,BTCUSDT,1774331,btc-updown-5m-1774866300,84070069951266903779001223967651240644159077238374072337458282738811392653485,"Bitcoin Up or Down - March 30, 6:25AM-6:30AM ET",1,funding_intensity,low,,1.0,7,4,3,0,0.0,0.0,0.0,0.0,0.0,0.0,nan,nan,nan,False,0.0,0.0,0.0,0.27,REJECTED,insufficient_samples
459,BTC,BTCUSDT,1897472,btc-updown-5m-1775600400,22599370910269115424149153877580251125336650413213583609364095382582159388478,"Bitcoin Up or Down - April 7, 6:20PM-6:25PM ET",4,funding_direction,negative,,1.0,7,4,3,0,0.0,0.0,0.0,0.0,0.0,0.0,nan,nan,nan,False,0.0,0.0,0.0,0.27,REJECTED,insufficient_samples
460,BTC,BTCUSDT,1897472,btc-updown-5m-1775600400,22599370910269115424149153877580251125336650413213583609364095382582159388478,"Bitcoin Up or Down - April 7, 6:20PM-6:25PM ET",4,funding_intensity,low,,1.0,7,4,3,0,0.0,0.0,0.0,0.0,0.0,0.0,nan,nan,nan,False,0.0,0.0,0.0,0.27,REJECTED,insufficient_samples
461,BTC,BTCUSDT,1930931,btc-updown-5m-1775854200,64971851974503024624556950752843316052486106610228129807974652746522120783957,"Bitcoin Up or Down - April 10, 4:50PM-4:55PM ET",1,funding_direction,negative,,1.0,7,4,3,0,0.0,0.0,0.0,0.0,0.0,0.0,nan,nan,nan,False,0.0,0.0,0.0,0.27,REJECTED,insufficient_samples
462,BTC,BTCUSDT,1930931,btc-updown-5m-1775854200,64971851974503024624556950752843316052486106610228129807974652746522120783957,"Bitcoin Up or Down - April 10, 4:50PM-4:55PM ET",1,funding_intensity,low,,1.0,7,4,3,0,0.0,0.0,0.0,0.0,0.0,0.0,nan,nan,nan,False,0.0,0.0,0.0,0.27,REJECTED,insufficient_samples
463,BTC,BTCUSDT,1773180,btc-updown-5m-1774858800,27447718362414934066594604009165057600587117359409496188839837767218855278210,"Bitcoin Up or Down - March 30, 4:20AM-4:25AM ET",1,funding_direction,negative,,1.0,6,3,3,0,0.0,0.0,0.0,0.0,0.0,0.0,nan,nan,nan,False,0.0,0.0,0.0,0.26,REJECTED,insufficient_samples
464,BTC,BTCUSDT,1773180,btc-updown-5m-1774858800,27447718362414934066594604009165057600587117359409496188839837767218855278210,"Bitcoin Up or Down - March 30, 4:20AM-4:25AM ET",4,funding_direction,negative,,1.0,6,3,3,0,0.0,0.0,0.0,0.0,0.0,0.0,nan,nan,nan,False,0.0,0.0,0.0,0.26,REJECTED,insufficient_samples
465,BTC,BTCUSDT,1774331,btc-updown-5m-1774866300,84070069951266903779001223967651240644159077238374072337458282738811392653485,"Bitcoin Up or Down - March 30, 6:25AM-6:30AM ET",1,funding_direction,positive,,1.0,6,3,3,0,0.0,0.0,0.0,0.0,0.0,0.0,nan,nan,nan,False,0.0,0.0,0.0,0.26,REJECTED,insufficient_samples
466,BTC,BTCUSDT,1861642,btc-updown-5m-1775399400,76557757478120311021616027808007688388498741432321260730820358512489560168895,"Bitcoin Up or Down - April 5, 10:30AM-10:35AM ET",4,funding_direction,negative,,1.0,6,3,3,0,0.0,0.0,0.0,0.0,0.0,0.0,nan,nan,nan,False,0.0,0.0,0.0,0.26,REJECTED,insufficient_samples
467,BTC,BTCUSDT,1861642,btc-updown-5m-1775399400,76557757478120311021616027808007688388498741432321260730820358512489560168895,"Bitcoin Up or Down - April 5, 10:30AM-10:35AM ET",4,funding_intensity,low,,1.0,6,3,3,0,0.0,0.0,0.0,0.0,0.0,0.0,nan,nan,nan,False,0.0,0.0,0.0,0.26,REJECTED,insufficient_samples
468,BTC,BTCUSDT,1967878,btc-updown-5m-1776161700,95287590458392919359615028946659727184736793112986342942812250830841909338648,"Bitcoin Up or Down - April 14, 6:15AM-6:20AM ET",1,funding_direction,negative,,1.0,6,3,3,0,0.0,0.0,0.0,0.0,0.0,0.0,nan,nan,nan,False,0.0,0.0,0.0,0.26,REJECTED,insufficient_samples
469,BTC,BTCUSDT,1967878,btc-updown-5m-1776161700,95287590458392919359615028946659727184736793112986342942812250830841909338648,"Bitcoin Up or Down - April 14, 6:15AM-6:20AM ET",1,funding_intensity,low,,1.0,6,3,3,0,0.0,0.0,0.0,0.0,0.0,0.0,nan,nan,nan,False,0.0,0.0,0.0,0.26,REJECTED,insufficient_samples
470,BTC,BTCUSDT,1998810,btc-updown-5m-1776429000,50116175953583947860307080014869644439399671152644579782112295437096927621748,"Bitcoin Up or Down - April 17, 8:30AM-8:35AM ET",4,funding_direction,negative,,1.0,6,3,3,0,0.0,0.0,0.0,0.0,0.0,0.0,nan,nan,nan,False,0.0,0.0,0.0,0.26,REJECTED,insufficient_samples
471,BTC,BTCUSDT,1998810,btc-updown-5m-1776429000,50116175953583947860307080014869644439399671152644579782112295437096927621748,"Bitcoin Up or Down - April 17, 8:30AM-8:35AM ET",4,funding_intensity,low,,1.0,6,3,3,0,0.0,0.0,0.0,0.0,0.0,0.0,nan,nan,nan,False,0.0,0.0,0.0,0.26,REJECTED,insufficient_samples
472,BTC,BTCUSDT,2031663,btc-updown-5m-1776761100,20624766533044913003314907630201571274787305290305047312399837645415708457236,"Bitcoin Up or Down - April 21, 4:45AM-4:50AM ET",4,funding_direction,negative,,1.0,6,3,3,0,0.0,0.0,0.0,0.0,0.0,0.0,nan,nan,nan,False,0.0,0.0,0.0,0.26,REJECTED,insufficient_samples
473,BTC,BTCUSDT,2031663,btc-updown-5m-1776761100,20624766533044913003314907630201571274787305290305047312399837645415708457236,"Bitcoin Up or Down - April 21, 4:45AM-4:50AM ET",4,funding_intensity,low,,1.0,6,3,3,0,0.0,0.0,0.0,0.0,0.0,0.0,nan,nan,nan,False,0.0,0.0,0.0,0.26,REJECTED,insufficient_samples
474,BTC,BTCUSDT,1767109,btc-updown-15m-1774822500,13734088091109920508748296153204266020019170311543912253511724501898985502196,"Bitcoin Up or Down - March 29, 6:15PM-6:30PM ET",1,funding_direction,positive,,1.0,5,3,2,0,0.0,0.0,0.0,0.0,0.0,0.0,nan,nan,nan,False,0.0,0.0,0.0,0.25,REJECTED,insufficient_samples
475,BTC,BTCUSDT,1773774,btc-updown-15m-1774862100,103407186728358881041895586520326247282254179365838055070220251644719004484191,"Bitcoin Up or Down - March 30, 5:15AM-5:30AM ET",1,funding_direction,negative,,1.0,5,3,2,0,0.0,0.0,0.0,0.0,0.0,0.0,nan,nan,nan,False,0.0,0.0,0.0,0.25,REJECTED,insufficient_samples
476,BTC,BTCUSDT,1773774,btc-updown-15m-1774862100,103407186728358881041895586520326247282254179365838055070220251644719004484191,"Bitcoin Up or Down - March 30, 5:15AM-5:30AM ET",4,funding_direction,negative,,1.0,5,3,2,0,0.0,0.0,0.0,0.0,0.0,0.0,nan,nan,nan,False,0.0,0.0,0.0,0.25,REJECTED,insufficient_samples
477,BTC,BTCUSDT,2033236,btc-updown-5m-1776776700,1839350119352837032321404335544136096606911418758405009403772029645038497432,"Bitcoin Up or Down - April 21, 9:05AM-9:10AM ET",1,funding_direction,negative,,1.0,5,3,2,0,0.0,0.0,0.0,0.0,0.0,0.0,nan,nan,nan,False,0.0,0.0,0.0,0.25,REJECTED,insufficient_samples
478,BTC,BTCUSDT,2033236,btc-updown-5m-1776776700,1839350119352837032321404335544136096606911418758405009403772029645038497432,"Bitcoin Up or Down - April 21, 9:05AM-9:10AM ET",1,funding_intensity,low,,1.0,5,3,2,0,0.0,0.0,0.0,0.0,0.0,0.0,nan,nan,nan,False,0.0,0.0,0.0,0.25,REJECTED,insufficient_samples
479,BTC,BTCUSDT,1797082,btc-updown-15m-1774994400,65611300189372268359883816995640612651775381157928304549705959904749555161624,"Bitcoin Up or Down - March 31, 6:00PM-6:15PM ET",1,funding_intensity,low,,1.0,4,2,2,0,0.0,0.0,0.0,0.0,0.0,0.0,nan,nan,nan,False,0.0,0.0,0.0,0.24000000000000002,REJECTED,insufficient_samples
480,BTC,BTCUSDT,1764378,btc-updown-5m-1774808400,90856252799365273842960800021642087848762029657266017906190112268841358648663,"Bitcoin Up or Down - March 29, 2:20PM-2:25PM ET",4,funding_intensity,low,,1.0,4,2,2,0,0.0,0.0,0.0,0.0,0.0,0.0,nan,nan,nan,False,0.0,0.0,0.0,0.24000000000000002,REJECTED,insufficient_samples
481,BTC,BTCUSDT,1765600,btc-updown-5m-1774815000,17574681085863998596045048551160769091717756293317102431511107137990536003739,"Bitcoin Up or Down - March 29, 4:10PM-4:15PM ET",1,funding_direction,positive,,1.0,4,2,2,0,0.0,0.0,0.0,0.0,0.0,0.0,nan,nan,nan,False,0.0,0.0,0.0,0.24000000000000002,REJECTED,insufficient_samples
482,BTC,BTCUSDT,1774331,btc-updown-5m-1774866300,84070069951266903779001223967651240644159077238374072337458282738811392653485,"Bitcoin Up or Down - March 30, 6:25AM-6:30AM ET",4,funding_intensity,low,,1.0,4,2,2,0,0.0,0.0,0.0,0.0,0.0,0.0,nan,nan,nan,False,0.0,0.0,0.0,0.24000000000000002,REJECTED,insufficient_samples
483,BTC,BTCUSDT,1900649,btc-updown-5m-1775616000,19664277310092080427560100864321041701614868906525161652201535032296275517903,"Bitcoin Up or Down - April 7, 10:40PM-10:45PM ET",1,funding_direction,negative,,1.0,4,2,2,0,0.0,0.0,0.0,0.0,0.0,0.0,nan,nan,nan,False,0.0,0.0,0.0,0.24000000000000002,REJECTED,insufficient_samples
484,BTC,BTCUSDT,1900649,btc-updown-5m-1775616000,19664277310092080427560100864321041701614868906525161652201535032296275517903,"Bitcoin Up or Down - April 7, 10:40PM-10:45PM ET",1,funding_intensity,low,,1.0,4,2,2,0,0.0,0.0,0.0,0.0,0.0,0.0,nan,nan,nan,False,0.0,0.0,0.0,0.24000000000000002,REJECTED,insufficient_samples
485,BTC,BTCUSDT,1930931,btc-updown-5m-1775854200,64971851974503024624556950752843316052486106610228129807974652746522120783957,"Bitcoin Up or Down - April 10, 4:50PM-4:55PM ET",4,funding_direction,negative,,1.0,4,2,2,0,0.0,0.0,0.0,0.0,0.0,0.0,nan,nan,nan,False,0.0,0.0,0.0,0.24000000000000002,REJECTED,insufficient_samples
486,BTC,BTCUSDT,1930931,btc-updown-5m-1775854200,64971851974503024624556950752843316052486106610228129807974652746522120783957,"Bitcoin Up or Down - April 10, 4:50PM-4:55PM ET",4,funding_intensity,low,,1.0,4,2,2,0,0.0,0.0,0.0,0.0,0.0,0.0,nan,nan,nan,False,0.0,0.0,0.0,0.24000000000000002,REJECTED,insufficient_samples
487,BTC,BTCUSDT,1998470,btc-updown-5m-1776425400,108068267617536766861142070024009775057299245094427540319317937292036585712494,"Bitcoin Up or Down - April 17, 7:30AM-7:35AM ET",1,funding_direction,negative,,1.0,4,2,2,0,0.0,0.0,0.0,0.0,0.0,0.0,nan,nan,nan,False,0.0,0.0,0.0,0.24000000000000002,REJECTED,insufficient_samples
488,BTC,BTCUSDT,1998470,btc-updown-5m-1776425400,108068267617536766861142070024009775057299245094427540319317937292036585712494,"Bitcoin Up or Down - April 17, 7:30AM-7:35AM ET",1,funding_intensity,low,,1.0,4,2,2,0,0.0,0.0,0.0,0.0,0.0,0.0,nan,nan,nan,False,0.0,0.0,0.0,0.24000000000000002,REJECTED,insufficient_samples
489,BTC,BTCUSDT,1797082,btc-updown-15m-1774994400,65611300189372268359883816995640612651775381157928304549705959904749555161624,"Bitcoin Up or Down - March 31, 6:00PM-6:15PM ET",1,funding_direction,positive,,1.0,3,1,2,0,0.0,0.0,0.0,0.0,0.0,0.0,nan,nan,nan,False,0.0,0.0,0.0,0.23,REJECTED,insufficient_samples
490,BTC,BTCUSDT,1856721,btc-updown-15m-1775369700,94000478773748527251307978412257238745656698237739479140910484517456290997260,"Bitcoin Up or Down - April 5, 2:15AM-2:30AM ET",1,funding_direction,negative,,1.0,3,1,2,0,0.0,0.0,0.0,0.0,0.0,0.0,nan,nan,nan,False,0.0,0.0,0.0,0.23,REJECTED,insufficient_samples
491,BTC,BTCUSDT,1856721,btc-updown-15m-1775369700,94000478773748527251307978412257238745656698237739479140910484517456290997260,"Bitcoin Up or Down - April 5, 2:15AM-2:30AM ET",1,funding_intensity,low,,1.0,3,1,2,0,0.0,0.0,0.0,0.0,0.0,0.0,nan,nan,nan,False,0.0,0.0,0.0,0.23,REJECTED,insufficient_samples
492,BTC,BTCUSDT,2030656,btc-updown-15m-1776748500,40704685979574352870784216201689105907217066814761414948598677249710302507666,"Bitcoin Up or Down - April 21, 1:15AM-1:30AM ET",1,funding_direction,negative,,1.0,3,1,2,0,0.0,0.0,0.0,0.0,0.0,0.0,nan,nan,nan,False,0.0,0.0,0.0,0.23,REJECTED,insufficient_samples
493,BTC,BTCUSDT,2030656,btc-updown-15m-1776748500,40704685979574352870784216201689105907217066814761414948598677249710302507666,"Bitcoin Up or Down - April 21, 1:15AM-1:30AM ET",1,funding_intensity,low,,1.0,3,1,2,0,0.0,0.0,0.0,0.0,0.0,0.0,nan,nan,nan,False,0.0,0.0,0.0,0.23,REJECTED,insufficient_samples
494,BTC,BTCUSDT,1774331,btc-updown-5m-1774866300,84070069951266903779001223967651240644159077238374072337458282738811392653485,"Bitcoin Up or Down - March 30, 6:25AM-6:30AM ET",4,funding_direction,positive,,1.0,3,1,2,0,0.0,0.0,0.0,0.0,0.0,0.0,nan,nan,nan,False,0.0,0.0,0.0,0.23,REJECTED,insufficient_samples
495,BTC,BTCUSDT,1967878,btc-updown-5m-1776161700,95287590458392919359615028946659727184736793112986342942812250830841909338648,"Bitcoin Up or Down - April 14, 6:15AM-6:20AM ET",4,funding_direction,negative,,1.0,3,1,2,0,0.0,0.0,0.0,0.0,0.0,0.0,nan,nan,nan,False,0.0,0.0,0.0,0.23,REJECTED,insufficient_samples
496,BTC,BTCUSDT,1967878,btc-updown-5m-1776161700,95287590458392919359615028946659727184736793112986342942812250830841909338648,"Bitcoin Up or Down - April 14, 6:15AM-6:20AM ET",4,funding_intensity,low,,1.0,3,1,2,0,0.0,0.0,0.0,0.0,0.0,0.0,nan,nan,nan,False,0.0,0.0,0.0,0.23,REJECTED,insufficient_samples
497,BTC,BTCUSDT,2014943,btc-updown-5m-1776612300,51130039493243461980792899637975908633960794615677071165975838637861069032334,"Bitcoin Up or Down - April 19, 11:25AM-11:30AM ET",1,funding_direction,negative,,1.0,3,1,2,0,0.0,0.0,0.0,0.0,0.0,0.0,nan,nan,nan,False,0.0,0.0,0.0,0.23,REJECTED,insufficient_samples
498,BTC,BTCUSDT,2014943,btc-updown-5m-1776612300,51130039493243461980792899637975908633960794615677071165975838637861069032334,"Bitcoin Up or Down - April 19, 11:25AM-11:30AM ET",1,funding_intensity,low,,1.0,3,1,2,0,0.0,0.0,0.0,0.0,0.0,0.0,nan,nan,nan,False,0.0,0.0,0.0,0.23,REJECTED,insufficient_samples
499,BTC,BTCUSDT,2033102,btc-updown-5m-1776776100,68780332756459872695516392405845630755865221577142260156455601239519918574848,"Bitcoin Up or Down - April 21, 8:55AM-9:00AM ET",1,funding_direction,negative,,1.0,3,1,2,0,0.0,0.0,0.0,0.0,0.0,0.0,nan,nan,nan,False,0.0,0.0,0.0,0.23,REJECTED,insufficient_samples
500,BTC,BTCUSDT,2033102,btc-updown-5m-1776776100,68780332756459872695516392405845630755865221577142260156455601239519918574848,"Bitcoin Up or Down - April 21, 8:55AM-9:00AM ET",1,funding_intensity,low,,1.0,3,1,2,0,0.0,0.0,0.0,0.0,0.0,0.0,nan,nan,nan,False,0.0,0.0,0.0,0.23,REJECTED,insufficient_samples
501,BTC,BTCUSDT,1767109,btc-updown-15m-1774822500,13734088091109920508748296153204266020019170311543912253511724501898985502196,"Bitcoin Up or Down - March 29, 6:15PM-6:30PM ET",4,funding_direction,positive,,1.0,2,1,1,0,0.0,0.0,0.0,0.0,0.0,0.0,nan,nan,nan,False,0.0,0.0,0.0,0.22,REJECTED,insufficient_samples
502,BTC,BTCUSDT,1887937,btc-updown-5m-1775540700,108931794260651331879796425968136887097473171674843524920869898177924594048489,"Bitcoin Up or Down - April 7, 1:45AM-1:50AM ET",1,funding_direction,negative,,1.0,2,1,1,0,0.0,0.0,0.0,0.0,0.0,0.0,nan,nan,nan,False,0.0,0.0,0.0,0.22,REJECTED,insufficient_samples
503,BTC,BTCUSDT,1887937,btc-updown-5m-1775540700,108931794260651331879796425968136887097473171674843524920869898177924594048489,"Bitcoin Up or Down - April 7, 1:45AM-1:50AM ET",1,funding_intensity,low,,1.0,2,1,1,0,0.0,0.0,0.0,0.0,0.0,0.0,nan,nan,nan,False,0.0,0.0,0.0,0.22,REJECTED,insufficient_samples
504,BTC,BTCUSDT,1991340,btc-updown-5m-1776342000,114359572008396273162599885246554426484348653866499332402436335403007959998180,"Bitcoin Up or Down - April 16, 8:20AM-8:25AM ET",1,funding_direction,negative,,1.0,2,1,1,0,0.0,0.0,0.0,0.0,0.0,0.0,nan,nan,nan,False,0.0,0.0,0.0,0.22,REJECTED,insufficient_samples
505,BTC,BTCUSDT,1991340,btc-updown-5m-1776342000,114359572008396273162599885246554426484348653866499332402436335403007959998180,"Bitcoin Up or Down - April 16, 8:20AM-8:25AM ET",1,funding_intensity,low,,1.0,2,1,1,0,0.0,0.0,0.0,0.0,0.0,0.0,nan,nan,nan,False,0.0,0.0,0.0,0.22,REJECTED,insufficient_samples
506,BTC,BTCUSDT,2019894,btc-updown-5m-1776660600,7717234485343578449153762445080077214125010890133575327930668808991765641711,"Bitcoin Up or Down - April 20, 12:50AM-12:55AM ET",1,funding_direction,negative,,1.0,2,1,1,0,0.0,0.0,0.0,0.0,0.0,0.0,nan,nan,nan,False,0.0,0.0,0.0,0.22,REJECTED,insufficient_samples
507,BTC,BTCUSDT,2019894,btc-updown-5m-1776660600,7717234485343578449153762445080077214125010890133575327930668808991765641711,"Bitcoin Up or Down - April 20, 12:50AM-12:55AM ET",1,funding_intensity,low,,1.0,2,1,1,0,0.0,0.0,0.0,0.0,0.0,0.0,nan,nan,nan,False,0.0,0.0,0.0,0.22,REJECTED,insufficient_samples
508,BTC,BTCUSDT,2033236,btc-updown-5m-1776776700,1839350119352837032321404335544136096606911418758405009403772029645038497432,"Bitcoin Up or Down - April 21, 9:05AM-9:10AM ET",4,funding_direction,negative,,1.0,2,1,1,0,0.0,0.0,0.0,0.0,0.0,0.0,nan,nan,nan,False,0.0,0.0,0.0,0.22,REJECTED,insufficient_samples
509,BTC,BTCUSDT,2033236,btc-updown-5m-1776776700,1839350119352837032321404335544136096606911418758405009403772029645038497432,"Bitcoin Up or Down - April 21, 9:05AM-9:10AM ET",4,funding_intensity,low,,1.0,2,1,1,0,0.0,0.0,0.0,0.0,0.0,0.0,nan,nan,nan,False,0.0,0.0,0.0,0.22,REJECTED,insufficient_samples
510,ETH,ETHUSDT,1473059,will-ethereum-reach-3200-in-march-2026,109032826224197715026334794225382473216036340732102671964821699411734124191297,"Will Ethereum reach $3,200 in March?",1,funding_intensity,high,,1.0,2,1,1,0,0.0,0.0,0.0,0.0,0.0,0.0,nan,nan,nan,False,0.0,0.0,0.0,0.22,REJECTED,insufficient_samples
511,ETH,ETHUSDT,1473059,will-ethereum-reach-3200-in-march-2026,109032826224197715026334794225382473216036340732102671964821699411734124191297,"Will Ethereum reach $3,200 in March?",4,funding_intensity,high,,1.0,2,1,1,0,0.0,0.0,0.0,0.0,0.0,0.0,nan,nan,nan,False,0.0,0.0,0.0,0.22,REJECTED,insufficient_samples
512,BTC,BTCUSDT,1797082,btc-updown-15m-1774994400,65611300189372268359883816995640612651775381157928304549705959904749555161624,"Bitcoin Up or Down - March 31, 6:00PM-6:15PM ET",1,funding_direction,negative,,1.0,1,0,0,0,0.0,0.0,0.0,0.0,0.0,0.0,nan,nan,nan,False,0.0,0.0,0.0,0.21000000000000002,REJECTED,insufficient_samples
513,BTC,BTCUSDT,1797082,btc-updown-15m-1774994400,65611300189372268359883816995640612651775381157928304549705959904749555161624,"Bitcoin Up or Down - March 31, 6:00PM-6:15PM ET",4,funding_direction,positive,,1.0,1,0,0,0,0.0,0.0,0.0,0.0,0.0,0.0,nan,nan,nan,False,0.0,0.0,0.0,0.21000000000000002,REJECTED,insufficient_samples
514,BTC,BTCUSDT,1797082,btc-updown-15m-1774994400,65611300189372268359883816995640612651775381157928304549705959904749555161624,"Bitcoin Up or Down - March 31, 6:00PM-6:15PM ET",4,funding_intensity,low,,1.0,1,0,0,0,0.0,0.0,0.0,0.0,0.0,0.0,nan,nan,nan,False,0.0,0.0,0.0,0.21000000000000002,REJECTED,insufficient_samples
515,BTC,BTCUSDT,1971017,btc-updown-15m-1776182400,85856379353849928199926584202343213889871735551019458510529699438070591324319,"Bitcoin Up or Down - April 14, 12:00PM-12:15PM ET",1,funding_direction,negative,,1.0,1,0,0,0,0.0,0.0,0.0,0.0,0.0,0.0,nan,nan,nan,False,0.0,0.0,0.0,0.21000000000000002,REJECTED,insufficient_samples
516,BTC,BTCUSDT,1971017,btc-updown-15m-1776182400,85856379353849928199926584202343213889871735551019458510529699438070591324319,"Bitcoin Up or Down - April 14, 12:00PM-12:15PM ET",1,funding_intensity,low,,1.0,1,0,0,0,0.0,0.0,0.0,0.0,0.0,0.0,nan,nan,nan,False,0.0,0.0,0.0,0.21000000000000002,REJECTED,insufficient_samples
517,BTC,BTCUSDT,1765600,btc-updown-5m-1774815000,17574681085863998596045048551160769091717756293317102431511107137990536003739,"Bitcoin Up or Down - March 29, 4:10PM-4:15PM ET",4,funding_direction,positive,,1.0,1,0,0,0,0.0,0.0,0.0,0.0,0.0,0.0,nan,nan,nan,False,0.0,0.0,0.0,0.21000000000000002,REJECTED,insufficient_samples
518,BTC,BTCUSDT,1774331,btc-updown-5m-1774866300,84070069951266903779001223967651240644159077238374072337458282738811392653485,"Bitcoin Up or Down - March 30, 6:25AM-6:30AM ET",1,funding_direction,negative,,1.0,1,0,0,0,0.0,0.0,0.0,0.0,0.0,0.0,nan,nan,nan,False,0.0,0.0,0.0,0.21000000000000002,REJECTED,insufficient_samples
519,BTC,BTCUSDT,1774331,btc-updown-5m-1774866300,84070069951266903779001223967651240644159077238374072337458282738811392653485,"Bitcoin Up or Down - March 30, 6:25AM-6:30AM ET",4,funding_direction,negative,,1.0,1,0,0,0,0.0,0.0,0.0,0.0,0.0,0.0,nan,nan,nan,False,0.0,0.0,0.0,0.21000000000000002,REJECTED,insufficient_samples
520,BTC,BTCUSDT,1883370,btc-updown-5m-1775512200,13545122890454054663973093452024448354645227886618076403732779259916498079157,"Bitcoin Up or Down - April 6, 5:50PM-5:55PM ET",1,funding_direction,negative,,1.0,1,0,0,0,0.0,0.0,0.0,0.0,0.0,0.0,nan,nan,nan,False,0.0,0.0,0.0,0.21000000000000002,REJECTED,insufficient_samples
521,BTC,BTCUSDT,1883370,btc-updown-5m-1775512200,13545122890454054663973093452024448354645227886618076403732779259916498079157,"Bitcoin Up or Down - April 6, 5:50PM-5:55PM ET",1,funding_intensity,low,,1.0,1,0,0,0,0.0,0.0,0.0,0.0,0.0,0.0,nan,nan,nan,False,0.0,0.0,0.0,0.21000000000000002,REJECTED,insufficient_samples
522,BTC,BTCUSDT,1900649,btc-updown-5m-1775616000,19664277310092080427560100864321041701614868906525161652201535032296275517903,"Bitcoin Up or Down - April 7, 10:40PM-10:45PM ET",4,funding_direction,negative,,1.0,1,0,0,0,0.0,0.0,0.0,0.0,0.0,0.0,nan,nan,nan,False,0.0,0.0,0.0,0.21000000000000002,REJECTED,insufficient_samples
523,BTC,BTCUSDT,1900649,btc-updown-5m-1775616000,19664277310092080427560100864321041701614868906525161652201535032296275517903,"Bitcoin Up or Down - April 7, 10:40PM-10:45PM ET",4,funding_intensity,low,,1.0,1,0,0,0,0.0,0.0,0.0,0.0,0.0,0.0,nan,nan,nan,False,0.0,0.0,0.0,0.21000000000000002,REJECTED,insufficient_samples
524,BTC,BTCUSDT,1998470,btc-updown-5m-1776425400,108068267617536766861142070024009775057299245094427540319317937292036585712494,"Bitcoin Up or Down - April 17, 7:30AM-7:35AM ET",4,funding_direction,negative,,1.0,1,0,0,0,0.0,0.0,0.0,0.0,0.0,0.0,nan,nan,nan,False,0.0,0.0,0.0,0.21000000000000002,REJECTED,insufficient_samples
525,BTC,BTCUSDT,1998470,btc-updown-5m-1776425400,108068267617536766861142070024009775057299245094427540319317937292036585712494,"Bitcoin Up or Down - April 17, 7:30AM-7:35AM ET",4,funding_intensity,low,,1.0,1,0,0,0,0.0,0.0,0.0,0.0,0.0,0.0,nan,nan,nan,False,0.0,0.0,0.0,0.21000000000000002,REJECTED,insufficient_samples
526,BTC,BTCUSDT,1339767,will-bitcoin-dip-to-50000-by-december-31-2026-454-325-222-878-949-487-451,13887983551129862992605123088744175927084435631400400451585519366058907542147,"Will Bitcoin dip to $50,000 by December 31, 2026?",4,funding_intensity,low,,1.0,537,322,215,1,0.5277777777777778,0.4925373134328358,0.00020771170717734245,2.251624732525005e-05,0.2360248447204969,0.15348837209302327,0.06534104689748389,0.1119163061063328,-0.03186402143294989,True,0.5063728042865899,2.433168350248276e-05,-1.8154361772327111e-06,2.20637280428659,REJECTED,no_improvement_over_baseline
527,BTC,BTCUSDT,692258,microstrategy-sells-any-bitcoin-by-june-30-2026,110251828161543119357013227499774714771527179764174739487025581227481937033858,"MicroStrategy sells any Bitcoin by June 30, 2026?",1,funding_direction,negative,,1.0,343,205,138,-1,0.5416666666666666,0.42857142857142855,0.00015298622066114127,8.803324686390303e-05,0.1902439024390244,0.043478260869565216,-0.12768555819848842,-0.1249398726282546,-0.1825970518877946,True,0.824987974525651,9.145613620744024e-05,-3.4228893435372042e-06,2.524987974525651,REJECTED,no_improvement_over_baseline
528,BTC,BTCUSDT,1339767,will-bitcoin-dip-to-50000-by-december-31-2026-454-325-222-878-949-487-451,13887983551129862992605123088744175927084435631400400451585519366058907542147,"Will Bitcoin dip to $50,000 by December 31, 2026?",4,funding_direction,negative,,1.0,530,318,212,1,0.4962962962962963,0.48484848484848486,2.9872704370423348e-05,1.8289175046087187e-05,0.21069182389937108,0.1509433962264151,0.015203117162782468,0.0415328508598545,-0.03362144449189884,True,0.5067242888983797,2.433168350248276e-05,-6.042508456395572e-06,2.20672428889838,REJECTED,no_improvement_over_baseline
529,BTC,BTCUSDT,701492,will-bitcoin-reach-140000-by-december-31-2026-131-829-299,71296910957902084356560391757722633648005498400799774895345285101862220728868,"Will Bitcoin reach $140,000 by December 31, 2026?",1,funding_intensity,normal,,1.0,23,13,10,1,1.0,0.0,0.0002736916753514797,0.0,0.15384615384615385,0.0,0.2183676433162868,0.37222302095690313,nan,False,0.0,7.0326485043380026e-06,-7.0326485043380026e-06,0.43000000000000005,REJECTED,insufficient_samples
530,BTC,BTCUSDT,948958,bitcoin-all-time-high-by-december-31-2026,102959890468928530190954086704155483076852880798676895426376704430618826404382,"Bitcoin all time high by December 31, 2026?",24,funding_intensity,normal,,1.0,22,13,9,-1,1.0,0.0,0.00030711957619418016,0.0,0.07692307692307693,0.0,-0.16908484144966687,-0.26517481754488237,nan,False,0.0,1.0217212574536768e-05,-1.0217212574536768e-05,0.42000000000000004,REJECTED,insufficient_samples
531,BTC,BTCUSDT,701494,will-bitcoin-reach-120000-by-december-31-2026-625-425-562,65965214225073605704712365855887384729237451947822407248598722221769498441791,"Will Bitcoin reach $120,000 by December 31, 2026?",4,funding_intensity,low,,1.0,292,175,117,-1,0.453125,0.7777777777777778,0.00011861189883285646,9.120698881324764e-05,0.1657142857142857,0.05982905982905983,-0.02490335610989524,-0.014924697590131935,-0.12146445299215027,True,0.8029849395180264,0.00010216415132670507,-1.0957162513457427e-05,2.5029849395180266,REJECTED,no_improvement_over_baseline
532,ETH,ETHUSDT,1373744,megaeth-market-cap-fdv-800m-one-day-after-launch-987-114-655,61268780060811317912125567165718241493378747385698282791855508063291413917546,MegaETH market cap (FDV) >$800M one day after launch?,1,funding_intensity,high,,1.0,1,0,0,0,0.0,0.0,0.0,0.0,0.0,0.0,nan,nan,nan,False,0.0,1.1410486186924048e-05,-1.1410486186924048e-05,0.21000000000000002,REJECTED,insufficient_samples
533,ETH,ETHUSDT,1373744,megaeth-market-cap-fdv-800m-one-day-after-launch-987-114-655,61268780060811317912125567165718241493378747385698282791855508063291413917546,MegaETH market cap (FDV) >$800M one day after launch?,4,funding_intensity,low,,1.0,288,172,116,-1,0.49504950495049505,0.5806451612903226,3.6852771078037194e-05,0.000116941174278847,0.29069767441860467,0.15517241379310345,0.010314580619519944,0.010492339966436764,-0.01849476310141634,True,0.5020984679932874,0.00013857422083855903,-2.1633046559712033e-05,2.2020984679932876,REJECTED,no_improvement_over_baseline
534,ETH,ETHUSDT,701552,will-ethereum-dip-to-1500-by-december-31-2026,101639751789549589765350117072740510018809594718571111931328241076831078702528,"Will Ethereum dip to $1,500 by December 31, 2026?",1,funding_intensity,high,,1.0,2,1,1,0,0.0,0.0,0.0,0.0,0.0,0.0,nan,nan,nan,False,0.0,2.5473241469763355e-05,-2.5473241469763355e-05,0.22,REJECTED,insufficient_samples
535,BTC,BTCUSDT,1393070,will-bitcoin-reach-1000000-by-december-31-2026-946,18571303954259773157233385333455041418270179723020753158306812650937565180666,"Will Bitcoin reach $1,000,000 by December 31, 2026?",1,funding_direction,positive,,1.0,36,21,15,0,0.0,0.0,0.0,0.0,0.0,0.0,nan,nan,nan,False,0.0,3.797126689027124e-05,-3.797126689027124e-05,0.56,REJECTED,train_test_direction_mismatch
536,BTC,BTCUSDT,1393070,will-bitcoin-reach-1000000-by-december-31-2026-946,18571303954259773157233385333455041418270179723020753158306812650937565180666,"Will Bitcoin reach $1,000,000 by December 31, 2026?",1,funding_intensity,normal,,1.0,25,15,10,0,0.0,0.0,0.0,0.0,0.0,0.0,nan,nan,nan,False,0.0,3.797126689027124e-05,-3.797126689027124e-05,0.45,REJECTED,train_test_direction_mismatch
537,BTC,BTCUSDT,701492,will-bitcoin-reach-140000-by-december-31-2026-131-829-299,71296910957902084356560391757722633648005498400799774895345285101862220728868,"Will Bitcoin reach $140,000 by December 31, 2026?",4,funding_intensity,normal,,1.0,23,13,10,-1,1.0,0.0,0.00028044025676545717,0.0,0.15384615384615385,0.0,-0.27186230510189485,-0.4907862357585594,nan,False,0.0,3.8478344451334067e-05,-3.8478344451334067e-05,0.43000000000000005,REJECTED,insufficient_samples
538,BTC,BTCUSDT,701494,will-bitcoin-reach-120000-by-december-31-2026-625-425-562,65965214225073605704712365855887384729237451947822407248598722221769498441791,"Will Bitcoin reach $120,000 by December 31, 2026?",4,funding_direction,negative,,1.0,303,181,122,-1,0.4406779661016949,0.7272727272727273,6.316399376363714e-05,6.0273929612775196e-05,0.143646408839779,0.06557377049180328,-0.013136921050622424,0.00028525643736781255,-0.09320487682791863,True,0.5000570512874736,0.00010216415132670507,-4.189022171392987e-05,2.200057051287474,REJECTED,no_improvement_over_baseline
539,BTC,BTCUSDT,701492,will-bitcoin-reach-140000-by-december-31-2026-131-829-299,71296910957902084356560391757722633648005498400799774895345285101862220728868,"Will Bitcoin reach $140,000 by December 31, 2026?",24,funding_intensity,low,,1.0,310,186,124,1,0.5121951219512195,0.5,8.478616089900964e-05,5.116110588178547e-06,0.11290322580645161,0.008064516129032258,0.030554023327317267,0.035245591855478216,0.022663928016415414,True,0.8045327856032831,5.47801755391905e-05,-4.966406495101195e-05,2.504532785603283,REJECTED,no_improvement_over_baseline
540,BTC,BTCUSDT,1343220,will-bitcoin-dip-to-10000-by-december-31-2026-888-644-567-258-946-853,42439528758178981890895605039938161151582654744978607695897321288347422769852,"Will Bitcoin dip to $10,000 by December 31, 2026?",4,funding_direction,negative,,1.0,648,388,260,-1,0.48863636363636365,0.5555555555555556,0.0001451748535201894,9.01312008225873e-05,0.11082474226804123,0.15384615384615385,-0.056775269535396564,-0.08554152784301734,-0.006665518149966158,True,0.8013331036299933,0.00013992558416431623,-4.979438334172893e-05,2.5013331036299933,REJECTED,no_improvement_over_baseline
541,BTC,BTCUSDT,1343220,will-bitcoin-dip-to-10000-by-december-31-2026-888-644-567-258-946-853,42439528758178981890895605039938161151582654744978607695897321288347422769852,"Will Bitcoin dip to $10,000 by December 31, 2026?",4,funding_intensity,low,,1.0,663,397,266,-1,0.5111111111111111,0.5555555555555556,0.00018982233571532013,8.809816621756653e-05,0.11586901763224182,0.15037593984962405,-0.060275938050959044,-0.08937889735020513,-0.0064393480173463805,True,0.8012878696034693,0.00013992558416431623,-5.1827417946749695e-05,2.5012878696034697,REJECTED,no_improvement_over_baseline
542,BTC,BTCUSDT,948957,bitcoin-all-time-high-by-september-30-2026,50388900663189748675936681554126016850520413670342348778716337126803310768728,"Bitcoin all time high by September 30, 2026?",1,funding_intensity,normal,,1.0,15,9,6,-1,1.0,0.0,0.0004989374202792108,0.0,0.2222222222222222,0.0,-0.4317137592498159,-0.48983745253008676,nan,False,0.0,5.219828673024693e-05,-5.219828673024693e-05,0.35,REJECTED,insufficient_samples
543,BTC,BTCUSDT,701492,will-bitcoin-reach-140000-by-december-31-2026-131-829-299,71296910957902084356560391757722633648005498400799774895345285101862220728868,"Will Bitcoin reach $140,000 by December 31, 2026?",24,funding_intensity,normal,,1.0,23,13,10,-1,1.0,0.0,0.00046239042435717784,0.0,0.15384615384615385,0.0,-0.2488067185591978,-0.5341524513271836,nan,False,0.0,5.47801755391905e-05,-5.47801755391905e-05,0.43000000000000005,REJECTED,insufficient_samples
544,ETH,ETHUSDT,1373744,megaeth-market-cap-fdv-800m-one-day-after-launch-987-114-655,61268780060811317912125567165718241493378747385698282791855508063291413917546,MegaETH market cap (FDV) >$800M one day after launch?,4,funding_direction,negative,,1.0,295,177,118,-1,0.48,0.5757575757575758,3.604709384497347e-05,8.375514340769232e-05,0.2711864406779661,0.16101694915254236,0.010438047829339485,0.008265617385501581,-0.013447034266129464,True,0.5016531234771003,0.00013857422083855903,-5.481907743086671e-05,2.2016531234771004,REJECTED,no_improvement_over_baseline
545,BTC,BTCUSDT,701494,will-bitcoin-reach-120000-by-december-31-2026-625-425-562,65965214225073605704712365855887384729237451947822407248598722221769498441791,"Will Bitcoin reach $120,000 by December 31, 2026?",1,funding_intensity,normal,,1.0,14,8,6,0,0.0,0.0,0.0,0.0,0.0,0.0,nan,nan,nan,False,0.0,5.8253424637135214e-05,-5.8253424637135214e-05,0.34,REJECTED,insufficient_samples
546,BTC,BTCUSDT,701491,will-bitcoin-reach-150000-by-december-31-2026-557-246-971,9408196828451163378822245032645030045707991112669125056198742225498158094445,"Will Bitcoin reach $150,000 by December 31, 2026?",4,funding_intensity,low,,1.0,368,220,148,-1,0.68,0.5789473684210527,0.00022060735278714083,3.4190427790543665e-06,0.07727272727272727,0.07432432432432433,-0.08045574157666849,-0.1453503047782638,0.004262344716428954,True,0.5008524689432858,6.40457735551152e-05,-6.062673077606083e-05,2.2008524689432862,REJECTED,no_improvement_over_baseline
547,BTC,BTCUSDT,701491,will-bitcoin-reach-150000-by-december-31-2026-557-246-971,9408196828451163378822245032645030045707991112669125056198742225498158094445,"Will Bitcoin reach $150,000 by December 31, 2026?",4,funding_direction,negative,,1.0,372,223,149,-1,0.5925925925925926,0.5789473684210527,0.0001932371541952834,3.3960961832217865e-06,0.07174887892376682,0.0738255033557047,-0.07336754030873656,-0.13827721354609304,0.004117940759774404,True,0.5008235881519549,6.40457735551152e-05,-6.0649677371893414e-05,2.2008235881519553,REJECTED,no_improvement_over_baseline
548,BTC,BTCUSDT,701495,will-bitcoin-reach-110000-by-december-31-2026-658-339-969,74843373582432484858627201602003648342208168490128239235522790524493414154441,"Will Bitcoin reach $110,000 by December 31, 2026?",1,funding_direction,negative,,1.0,535,321,214,-1,0.49504950495049505,0.4897959183673469,0.0001448721693002748,5.843840865105183e-05,0.1557632398753894,0.11214953271028037,-0.07865004800908128,-0.09446410125189858,-0.046935170500249736,True,0.80938703410005,0.00012218956731426816,-6.375115866321632e-05,2.50938703410005,REJECTED,no_improvement_over_baseline
549,BTC,BTCUSDT,948957,bitcoin-all-time-high-by-september-30-2026,50388900663189748675936681554126016850520413670342348778716337126803310768728,"Bitcoin all time high by September 30, 2026?",4,funding_intensity,normal,,1.0,15,9,6,-1,0.5,0.0,0.00022453649001549198,0.0,0.1111111111111111,0.0,-0.22688741188810935,-0.30445737605900186,nan,False,0.0,6.5453313261263e-05,-6.5453313261263e-05,0.35,REJECTED,insufficient_samples
550,BTC,BTCUSDT,701495,will-bitcoin-reach-110000-by-december-31-2026-658-339-969,74843373582432484858627201602003648342208168490128239235522790524493414154441,"Will Bitcoin reach $110,000 by December 31, 2026?",1,funding_intensity,low,,1.0,542,325,217,-1,0.5,0.48,0.00019176701383717484,5.318954555837242e-05,0.1476923076923077,0.11059907834101383,-0.08573508944759164,-0.10574288190151154,-0.04463656655010852,True,0.8089273133100218,0.00012218956731426816,-6.900002175589575e-05,2.508927313310022,REJECTED,no_improvement_over_baseline
551,BTC,BTCUSDT,701494,will-bitcoin-reach-120000-by-december-31-2026-625-425-562,65965214225073605704712365855887384729237451947822407248598722221769498441791,"Will Bitcoin reach $120,000 by December 31, 2026?",4,funding_intensity,normal,,1.0,14,8,6,0,0.0,0.0,0.0,0.0,0.0,0.0,nan,nan,nan,False,0.0,0.00010216415132670507,-0.00010216415132670507,0.34,REJECTED,insufficient_samples
552,BTC,BTCUSDT,701495,will-bitcoin-reach-110000-by-december-31-2026-658-339-969,74843373582432484858627201602003648342208168490128239235522790524493414154441,"Will Bitcoin reach $110,000 by December 31, 2026?",1,funding_intensity,normal,,1.0,25,15,10,1,0.6,0.3333333333333333,0.0002152383371149214,1.6940691905746693e-05,0.2,0.2,0.09525929993650654,0.14163502141835696,-0.03688607458197835,True,0.5073772149163956,0.00012218956731426816,-0.00010524887540852146,1.4573772149163957,REJECTED,no_improvement_over_baseline
553,BTC,BTCUSDT,692258,microstrategy-sells-any-bitcoin-by-june-30-2026,110251828161543119357013227499774714771527179764174739487025581227481937033858,"MicroStrategy sells any Bitcoin by June 30, 2026?",4,funding_intensity,normal,,1.0,23,13,10,-1,1.0,0.4,0.0003243450434599439,-0.00020730048024560375,0.15384615384615385,0.2,0.21570537723279684,-0.3416230454015509,0.3937610279031394,False,0.06832460908031018,-0.00010057004324536141,-0.00010673043700024234,0.49832460908031023,REJECTED,insufficient_samples
554,ETH,ETHUSDT,1683284,ethereum-above-1800-on-march-29,109094156621519541870699273583786238236341299511399201395427426376752624557399,"Will the price of Ethereum be above $1,800 on March 29?",4,funding_intensity,low,,1.0,17,10,7,-1,0.5714285714285714,0.3333333333333333,0.001132964669276907,-5.946143341983187e-06,0.4,0.2857142857142857,-0.32412648376163655,-0.4419680160366462,0.09179744284001717,False,0.018359488568003436,0.00012835079693615967,-0.00013429694027814287,0.38835948856800345,REJECTED,insufficient_samples
555,ETH,ETHUSDT,701552,will-ethereum-dip-to-1500-by-december-31-2026,101639751789549589765350117072740510018809594718571111931328241076831078702528,"Will Ethereum dip to $1,500 by December 31, 2026?",4,funding_direction,positive,,1.0,27,16,11,-1,0.2857142857142857,0.5,0.00043106392262148694,0.00021102124673444574,0.125,0.09090909090909091,-0.03492230333836766,-0.03238732652275998,-0.06316948306174562,True,0.806477465304552,0.0003485259286422286,-0.0001375046819077829,1.7764774653045519,REJECTED,no_improvement_over_baseline
556,ETH,ETHUSDT,1373744,megaeth-market-cap-fdv-800m-one-day-after-launch-987-114-655,61268780060811317912125567165718241493378747385698282791855508063291413917546,MegaETH market cap (FDV) >$800M one day after launch?,4,funding_intensity,high,,1.0,1,0,0,0,0.0,0.0,0.0,0.0,0.0,0.0,nan,nan,nan,False,0.0,0.00013857422083855903,-0.00013857422083855903,0.21000000000000002,REJECTED,insufficient_samples
557,ETH,ETHUSDT,1299187,megaeth-market-cap-fdv-1pt5b-one-day-after-launch-371-844-879-681,59361386662140736273790755583050126642583489495616165418126619457111736694733,MegaETH market cap (FDV) >$1.5B one day after launch?,4,funding_intensity,high,,1.0,2,1,1,0,0.0,0.0,0.0,0.0,0.0,0.0,nan,nan,nan,False,0.0,0.00014028566026638928,-0.00014028566026638928,0.22,REJECTED,insufficient_samples
558,BTC,BTCUSDT,824952,microstrategy-sells-any-bitcoin-by-december-31-2026,111128191581505463501777127559667396812474366956707382672202929745167742497287,"MicroStrategy sells any Bitcoin by December 31, 2026?",1,funding_intensity,normal,,1.0,22,13,9,-1,1.0,0.0,0.0001138575162743185,-0.0001736892960908661,0.07692307692307693,0.0,0.028413505631230136,-0.208304443455156,0.18545524545793313,False,0.03709104909158663,0.0,-0.0001736892960908661,0.45709104909158665,REJECTED,insufficient_samples
559,BTC,BTCUSDT,701491,will-bitcoin-reach-150000-by-december-31-2026-557-246-971,9408196828451163378822245032645030045707991112669125056198742225498158094445,"Will Bitcoin reach $150,000 by December 31, 2026?",1,funding_direction,positive,,1.0,21,12,9,-1,1.0,0.5,5.180198509396679e-05,-0.00022363548567175801,0.08333333333333333,0.1111111111111111,0.07135493262046712,0.07681460738694867,0.09352438904362916,False,0.3153629214773897,-6.72569553354836e-06,-0.00021690979013820966,0.7253629214773898,REJECTED,insufficient_samples
560,ETH,ETHUSDT,1683284,ethereum-above-1800-on-march-29,109094156621519541870699273583786238236341299511399201395427426376752624557399,"Will the price of Ethereum be above $1,800 on March 29?",1,funding_direction,negative,,1.0,33,19,14,-1,0.5555555555555556,0.6666666666666666,0.0005986539645518821,1.415063252798852e-05,0.5263157894736842,0.2857142857142857,-0.21472218182977992,-0.2941658685464975,0.04540622947860197,True,0.5090812458957203,0.00024909239825304433,-0.0002349417657250558,1.5390812458957204,REJECTED,no_improvement_over_baseline
561,ETH,ETHUSDT,1383662,will-megaeth-launch-a-token-by-june-30-2026-676-993-477,29601542826076048097538062468538667893425689293490219370577801090612691914945,"Will MegaETH launch a token by June 30, 2026?",24,funding_intensity,high,,1.0,2,1,1,0,0.0,0.0,0.0,0.0,0.0,0.0,nan,nan,nan,False,0.0,0.0002472601055907715,-0.0002472601055907715,0.22,REJECTED,insufficient_samples
562,ETH,ETHUSDT,701552,will-ethereum-dip-to-1500-by-december-31-2026,101639751789549589765350117072740510018809594718571111931328241076831078702528,"Will Ethereum dip to $1,500 by December 31, 2026?",4,funding_intensity,normal,,1.0,31,18,13,-1,1.0,0.375,0.0002179117839447543,4.4441401978189826e-05,0.16666666666666666,0.23076923076923078,0.03476950104306068,-0.11108540169054629,0.0933130528490777,True,0.5186626105698156,0.0003485259286422286,-0.0003040845266640388,1.5286626105698156,REJECTED,no_improvement_over_baseline
563,ETH,ETHUSDT,1373744,megaeth-market-cap-fdv-800m-one-day-after-launch-987-114-655,61268780060811317912125567165718241493378747385698282791855508063291413917546,MegaETH market cap (FDV) >$800M one day after launch?,24,funding_intensity,normal,,1.0,14,8,6,-1,1.0,0.0,0.0003682110111932976,-0.00042536295262084124,0.25,0.0,-0.0010493897625488203,-0.11514037559510151,0.2020881619825387,False,0.023028075119020303,-0.00011256199532550817,-0.0003128009572953331,0.36302807511902035,REJECTED,insufficient_samples
564,ETH,ETHUSDT,701552,will-ethereum-dip-to-1500-by-december-31-2026,101639751789549589765350117072740510018809594718571111931328241076831078702528,"Will Ethereum dip to $1,500 by December 31, 2026?",4,funding_intensity,high,,1.0,2,1,1,0,0.0,0.0,0.0,0.0,0.0,0.0,nan,nan,nan,False,0.0,0.0003485259286422286,-0.0003485259286422286,0.22,REJECTED,insufficient_samples
565,BTC,BTCUSDT,701492,will-bitcoin-reach-140000-by-december-31-2026-131-829-299,71296910957902084356560391757722633648005498400799774895345285101862220728868,"Will Bitcoin reach $140,000 by December 31, 2026?",1,funding_direction,positive,,1.0,14,8,6,-1,1.0,0.3333333333333333,0.000873243830331052,-0.0004258984530914013,0.125,0.16666666666666666,0.008579197908814926,-0.5666846996679535,0.18904140924671864,False,0.03780828184934373,7.0326485043380026e-06,-0.00043293110159573926,0.3778082818493438,REJECTED,insufficient_samples
566,ETH,ETHUSDT,1683284,ethereum-above-1800-on-march-29,109094156621519541870699273583786238236341299511399201395427426376752624557399,"Will the price of Ethereum be above $1,800 on March 29?",24,funding_intensity,normal,,1.0,15,9,6,1,0.5555555555555556,0.16666666666666666,0.0005520885448195995,-0.0008134992640027179,0.5555555555555556,0.16666666666666666,0.1976131777451555,0.22718624798130777,0.21734048896656372,False,0.3434680977933127,-0.0003001837062871404,-0.0005133155577155775,0.6934680977933128,REJECTED,insufficient_samples
567,ETH,ETHUSDT,556062,megaeth-market-cap-fdv-2b-one-day-after-launch-738-867-649-272-765-733,57301498276970257025109591078431189727442302532145853906375186182281603517458,MegaETH market cap (FDV) >$2B one day after launch?,4,funding_intensity,high,,1.0,2,1,1,-1,1.0,0.0,0.0009405232919558122,-0.0008090473030434293,1.0,0.0,nan,nan,nan,False,0.0,-8.222099532573115e-05,-0.0007268263077176982,0.22,REJECTED,insufficient_samples
568,ETH,ETHUSDT,1373744,megaeth-market-cap-fdv-800m-one-day-after-launch-987-114-655,61268780060811317912125567165718241493378747385698282791855508063291413917546,MegaETH market cap (FDV) >$800M one day after launch?,24,funding_direction,positive,,1.0,8,4,4,-1,0.5,0.0,0.0011601636180634195,-0.0008511864195266253,0.25,0.0,0.2142327091388907,-0.21239856058966117,0.6077256169887744,False,0.042479712117932236,-0.00011256199532550817,-0.0007386244242011172,0.32247971211793225,REJECTED,insufficient_samples
569,BTC,BTCUSDT,824952,microstrategy-sells-any-bitcoin-by-december-31-2026,111128191581505463501777127559667396812474366956707382672202929745167742497287,"MicroStrategy sells any Bitcoin by December 31, 2026?",4,funding_intensity,normal,,1.0,22,13,9,1,1.0,0.0,0.00010103122084176493,-0.000741563105632954,0.07692307692307693,0.0,-0.34612824257289265,0.2774784019076384,-0.62131446885958,False,0.05549568038152768,0.0,-0.000741563105632954,0.4754956803815277,REJECTED,insufficient_samples
570,ETH,ETHUSDT,1683284,ethereum-above-1800-on-march-29,109094156621519541870699273583786238236341299511399201395427426376752624557399,"Will the price of Ethereum be above $1,800 on March 29?",24,funding_direction,negative,,1.0,17,10,7,1,0.7,0.14285714285714285,0.0018265848744177583,-0.0010576869118753642,0.7,0.14285714285714285,0.28473730986649004,0.3690659990823102,0.1936887589522188,False,0.33873775179044374,-0.0003001837062871404,-0.0007575032055882238,0.7087377517904438,REJECTED,insufficient_samples
571,ETH,ETHUSDT,1683284,ethereum-above-1800-on-march-29,109094156621519541870699273583786238236341299511399201395427426376752624557399,"Will the price of Ethereum be above $1,800 on March 29?",4,funding_intensity,high,,1.0,2,1,1,-1,1.0,0.0,0.0009405232919558122,-0.0008090473030434293,1.0,0.0,nan,nan,nan,False,0.0,0.00012835079693615967,-0.000937398099979589,0.22,REJECTED,insufficient_samples
572,BTC,BTCUSDT,692258,microstrategy-sells-any-bitcoin-by-june-30-2026,110251828161543119357013227499774714771527179764174739487025581227481937033858,"MicroStrategy sells any Bitcoin by June 30, 2026?",4,funding_direction,positive,,1.0,14,8,6,-1,1.0,0.5,0.00042366221205904274,-0.0010683487651281798,0.375,0.16666666666666666,-0.040164287087306766,-0.1379344488242954,0.4264891597785952,False,0.027586889764859082,-0.00010057004324536141,-0.0009677787218828184,0.3675868897648591,REJECTED,insufficient_samples
573,ETH,ETHUSDT,556062,megaeth-market-cap-fdv-2b-one-day-after-launch-738-867-649-272-765-733,57301498276970257025109591078431189727442302532145853906375186182281603517458,MegaETH market cap (FDV) >$2B one day after launch?,1,funding_intensity,high,,1.0,2,1,1,1,1.0,0.0,8.029427857398625e-05,-0.0010846042509180507,1.0,0.0,nan,nan,nan,False,0.0,-0.00010635674788589576,-0.000978247503032155,0.22,REJECTED,insufficient_samples
574,ETH,ETHUSDT,1683284,ethereum-above-1800-on-march-29,109094156621519541870699273583786238236341299511399201395427426376752624557399,"Will the price of Ethereum be above $1,800 on March 29?",1,funding_intensity,normal,,1.0,23,13,10,-1,0.6153846153846154,0.0,0.0010209278471333277,-0.0007926871303803338,0.6153846153846154,0.0,-0.27999676001311613,-0.3958054472466085,0.4358097370928895,False,0.07916108944932171,0.00024909239825304433,-0.0010417795286333782,0.5091610894493217,REJECTED,insufficient_samples
575,ETH,ETHUSDT,1683284,ethereum-above-1800-on-march-29,109094156621519541870699273583786238236341299511399201395427426376752624557399,"Will the price of Ethereum be above $1,800 on March 29?",1,funding_intensity,high,,1.0,2,1,1,1,1.0,0.0,8.029427857398625e-05,-0.0010846042509180507,1.0,0.0,nan,nan,nan,False,0.0,0.00024909239825304433,-0.001333696649171095,0.22,REJECTED,insufficient_samples
576,ETH,ETHUSDT,556062,megaeth-market-cap-fdv-2b-one-day-after-launch-738-867-649-272-765-733,57301498276970257025109591078431189727442302532145853906375186182281603517458,MegaETH market cap (FDV) >$2B one day after launch?,24,funding_direction,positive,,1.0,22,13,9,-1,1.0,0.25,0.0006487542374219216,-0.0013913978202696787,0.23076923076923078,0.1111111111111111,0.09262675449228107,-0.4241664841968421,0.13588657077754943,False,0.027177314155509887,0.00010337186588722165,-0.0014947696861569004,0.4471773141555099,REJECTED,insufficient_samples
577,ETH,ETHUSDT,1683284,ethereum-above-1800-on-march-29,109094156621519541870699273583786238236341299511399201395427426376752624557399,"Will the price of Ethereum be above $1,800 on March 29?",4,funding_direction,positive,,1.0,9,5,4,-1,0.8,0.0,0.003380087911388036,-0.0013926982160427778,0.8,0.0,-0.44123881940010057,-0.5856310174509021,0.9895064404830822,False,0.11712620349018042,0.00012835079693615967,-0.0015210490129789374,0.4071262034901804,REJECTED,insufficient_samples
578,BTC,BTCUSDT,948957,bitcoin-all-time-high-by-september-30-2026,50388900663189748675936681554126016850520413670342348778716337126803310768728,"Bitcoin all time high by September 30, 2026?",1,funding_direction,positive,,1.0,5,3,2,-1,1.0,0.0,0.0013308514968414474,-0.002046831180585104,0.3333333333333333,0.0,0.07734567771595552,-0.98018446970926,nan,False,0.0,5.219828673024693e-05,-0.002099029467315351,0.25,REJECTED,insufficient_samples
579,ETH,ETHUSDT,556062,megaeth-market-cap-fdv-2b-one-day-after-launch-738-867-649-272-765-733,57301498276970257025109591078431189727442302532145853906375186182281603517458,MegaETH market cap (FDV) >$2B one day after launch?,4,funding_direction,positive,,1.0,22,13,9,1,0.6666666666666666,0.0,0.001500531150392114,-0.0022896493037050194,0.15384615384615385,0.0,-0.13901198796401573,0.5085762314243326,-0.5260600203944965,False,0.10171524628486653,-8.222099532573115e-05,-0.0022074283083792882,0.5217152462848665,REJECTED,insufficient_samples
580,BTC,BTCUSDT,948957,bitcoin-all-time-high-by-september-30-2026,50388900663189748675936681554126016850520413670342348778716337126803310768728,"Bitcoin all time high by September 30, 2026?",24,funding_direction,positive,,1.0,5,3,2,1,1.0,0.5,7.612860502589085e-05,-0.0030700767122498872,0.3333333333333333,0.5,-0.5513997703332301,0.5083911195331726,nan,False,0.0,-6.034855279055471e-05,-0.0030097281594593326,0.25,REJECTED,insufficient_samples
581,BTC,BTCUSDT,948957,bitcoin-all-time-high-by-september-30-2026,50388900663189748675936681554126016850520413670342348778716337126803310768728,"Bitcoin all time high by September 30, 2026?",4,funding_direction,positive,,1.0,5,3,2,1,1.0,0.5,0.0006858366983577483,-0.0031857731914400186,0.3333333333333333,0.5,-0.2817788274109516,0.8611026060444841,nan,False,0.0,6.5453313261263e-05,-0.0032512265047012815,0.25,REJECTED,insufficient_samples
